	.text
	.syntax unified
	.eabi_attribute	67, "2.09"	@ Tag_conformance
	.cpu	cortex-m55
	.eabi_attribute	6, 21	@ Tag_CPU_arch
	.eabi_attribute	7, 77	@ Tag_CPU_arch_profile
	.eabi_attribute	8, 0	@ Tag_ARM_ISA_use
	.eabi_attribute	9, 3	@ Tag_THUMB_ISA_use
	.fpu	fpv5-d16
	.arch_extension	mve.fp
	.eabi_attribute	36, 1	@ Tag_FP_HP_extension
	.eabi_attribute	48, 2	@ Tag_MVE_arch
	.eabi_attribute	46, 1	@ Tag_DSP_extension
	.eabi_attribute	34, 1	@ Tag_CPU_unaligned_access
	.eabi_attribute	17, 1	@ Tag_ABI_PCS_GOT_use
	.eabi_attribute	20, 2	@ Tag_ABI_FP_denormal
	.eabi_attribute	21, 0	@ Tag_ABI_FP_exceptions
	.eabi_attribute	23, 1	@ Tag_ABI_FP_number_model
	.eabi_attribute	24, 1	@ Tag_ABI_align_needed
	.eabi_attribute	25, 1	@ Tag_ABI_align_preserved
	.eabi_attribute	28, 1	@ Tag_ABI_VFP_args
	.eabi_attribute	38, 1	@ Tag_ABI_FP_16bit_format
	.eabi_attribute	18, 2	@ Tag_ABI_PCS_wchar_t
	.eabi_attribute	26, 1	@ Tag_ABI_enum_size
	.eabi_attribute	14, 0	@ Tag_ABI_PCS_R9_use
	.file	"i2c.c"
	.file	1 "C:\\Users\\antia" "AppData\\Local\\Keil_v5\\ARM\\ARMCLANG\\bin\\..\\include\\stdint.h"
	.file	2 "C:\\Users\\antia\\TING\\114\\chip\\ML_M55M1_SampleCode\\M55M1BSP-3.01.003\\SampleCode\\NuEdgeWise\\ObjectTracker_YOLOv8n_o\\KEIL" "../../../../Library/StdDriver/src/i2c.c"
	.file	3 "C:\\Users\\antia\\TING\\114\\chip\\ML_M55M1_SampleCode\\M55M1BSP-3.01.003\\SampleCode\\NuEdgeWise\\ObjectTracker_YOLOv8n_o\\KEIL" "../../../../Library/Device/Nuvoton/M55M1/Include\\i2c_reg.h"
	.file	4 "C:\\Users\\antia\\TING\\114\\chip\\ML_M55M1_SampleCode\\M55M1BSP-3.01.003\\SampleCode\\NuEdgeWise\\ObjectTracker_YOLOv8n_o\\KEIL" "../../../../Library/Device/Nuvoton/M55M1/Include\\sys_reg.h"
	.file	5 "C:\\Users\\antia\\TING\\114\\chip\\ML_M55M1_SampleCode\\M55M1BSP-3.01.003\\SampleCode\\NuEdgeWise\\ObjectTracker_YOLOv8n_o\\KEIL" "../../../../Library/Device/Nuvoton/M55M1/Include\\ccap_reg.h"
	.section	.text.I2C_Open,"ax",%progbits
	.hidden	I2C_Open                        @ -- Begin function I2C_Open
	.globl	I2C_Open
	.p2align	2
	.type	I2C_Open,%function
	.code	16                              @ @I2C_Open
	.thumb_func
I2C_Open:
.Lfunc_begin0:
	.loc	2 40 0                          @ ../../../../Library/StdDriver/src/i2c.c:40:0
	.fnstart
	.cfi_sections .debug_frame
	.cfi_startproc
@ %bb.0:
	@DEBUG_VALUE: I2C_Open:i2c <- $r0
	@DEBUG_VALUE: I2C_Open:u32BusClock <- $r1
	.save	{r4, r5, r7, lr}
	push	{r4, r5, r7, lr}
	.cfi_def_cfa_offset 16
	.cfi_offset lr, -4
	.cfi_offset r7, -8
	.cfi_offset r5, -12
	.cfi_offset r4, -16
	movw	r2, #36864
	mov	r4, r0
.Ltmp0:
	@DEBUG_VALUE: I2C_Open:i2c <- $r4
	.loc	2 44 23 prologue_end            @ ../../../../Library/StdDriver/src/i2c.c:44:23
	orr	r0, r0, #4096
	mov	r5, r1
.Ltmp1:
	@DEBUG_VALUE: I2C_Open:u32BusClock <- $r5
	@DEBUG_VALUE: I2C_Open:u32BusClock <- $r5
	.loc	2 0 23 is_stmt 0                @ ../../../../Library/StdDriver/src/i2c.c:0:23
	movt	r2, #16424
	.loc	2 44 23                         @ ../../../../Library/StdDriver/src/i2c.c:44:23
	cmp	r0, r2
	bne	.LBB0_2
.Ltmp2:
@ %bb.1:
	@DEBUG_VALUE: I2C_Open:u32BusClock <- $r5
	@DEBUG_VALUE: I2C_Open:i2c <- $r4
	.loc	2 46 19 is_stmt 1               @ ../../../../Library/StdDriver/src/i2c.c:46:19
	bl	CLK_GetPCLK1Freq
.Ltmp3:
	@DEBUG_VALUE: I2C_Open:u32Pclk <- $r0
	.loc	2 0 19 is_stmt 0                @ ../../../../Library/StdDriver/src/i2c.c:0:19
	b	.LBB0_3
.Ltmp4:
.LBB0_2:
	@DEBUG_VALUE: I2C_Open:u32BusClock <- $r5
	@DEBUG_VALUE: I2C_Open:i2c <- $r4
	.loc	2 50 19 is_stmt 1               @ ../../../../Library/StdDriver/src/i2c.c:50:19
	bl	CLK_GetPCLK0Freq
.Ltmp5:
	@DEBUG_VALUE: I2C_Open:u32Pclk <- $r0
.LBB0_3:
	@DEBUG_VALUE: I2C_Open:u32Pclk <- $r0
	@DEBUG_VALUE: I2C_Open:u32BusClock <- $r5
	@DEBUG_VALUE: I2C_Open:i2c <- $r4
	@DEBUG_VALUE: I2C_Open:u32Pclk <- $r0
	.loc	2 53 35                         @ ../../../../Library/StdDriver/src/i2c.c:53:35
	add.w	r1, r0, r0, lsl #2
	.loc	2 53 57 is_stmt 0               @ ../../../../Library/StdDriver/src/i2c.c:53:57
	lsls	r2, r5, #2
	.loc	2 53 35                         @ ../../../../Library/StdDriver/src/i2c.c:53:35
	lsls	r1, r1, #1
	.loc	2 53 42                         @ ../../../../Library/StdDriver/src/i2c.c:53:42
	udiv	r1, r1, r2
	movw	r2, #52429
	.loc	2 53 63                         @ ../../../../Library/StdDriver/src/i2c.c:53:63
	adds	r1, #5
	movt	r2, #52428
	.loc	2 53 69                         @ ../../../../Library/StdDriver/src/i2c.c:53:69
	umull	r1, r2, r1, r2
	mov.w	r1, #-1
	.loc	2 53 75                         @ ../../../../Library/StdDriver/src/i2c.c:53:75
	add.w	r1, r1, r2, lsr #3
.Ltmp6:
	@DEBUG_VALUE: I2C_Open:u32Div <- $r1
	.loc	2 53 69                         @ ../../../../Library/StdDriver/src/i2c.c:53:69
	lsrs	r2, r2, #3
	.loc	2 54 17 is_stmt 1               @ ../../../../Library/StdDriver/src/i2c.c:54:17
	str	r1, [r4, #16]
	.loc	2 57 15                         @ ../../../../Library/StdDriver/src/i2c.c:57:15
	ldr	r1, [r4]
.Ltmp7:
	.loc	2 59 38                         @ ../../../../Library/StdDriver/src/i2c.c:59:38
	lsls	r2, r2, #2
	.loc	2 59 21 is_stmt 0               @ ../../../../Library/StdDriver/src/i2c.c:59:21
	udiv	r0, r0, r2
.Ltmp8:
	.loc	2 57 15 is_stmt 1               @ ../../../../Library/StdDriver/src/i2c.c:57:15
	orr	r1, r1, #64
	str	r1, [r4]
	.loc	2 59 5 epilogue_begin           @ ../../../../Library/StdDriver/src/i2c.c:59:5
	pop	{r4, r5, r7, pc}
.Ltmp9:
.Lfunc_end0:
	.size	I2C_Open, .Lfunc_end0-I2C_Open
	.cfi_endproc
	.cantunwind
	.fnend
                                        @ -- End function
	.section	.text.I2C_Close,"ax",%progbits
	.hidden	I2C_Close                       @ -- Begin function I2C_Close
	.globl	I2C_Close
	.p2align	2
	.type	I2C_Close,%function
	.code	16                              @ @I2C_Close
	.thumb_func
I2C_Close:
.Lfunc_begin1:
	.loc	2 72 0                          @ ../../../../Library/StdDriver/src/i2c.c:72:0
	.fnstart
	.cfi_startproc
@ %bb.0:
	@DEBUG_VALUE: I2C_Close:i2c <- $r0
	.save	{r4, r5, r7, lr}
	push	{r4, r5, r7, lr}
	.cfi_def_cfa_offset 16
	.cfi_offset lr, -4
	.cfi_offset r7, -8
	.cfi_offset r5, -12
	.cfi_offset r4, -16
	movw	r1, #256
	movt	r1, #16384
.Ltmp10:
	.file	6 "C:\\Users\\antia\\TING\\114\\chip\\ML_M55M1_SampleCode\\M55M1BSP-3.01.003\\SampleCode\\NuEdgeWise\\ObjectTracker_YOLOv8n_o\\KEIL" "../../../../Library/StdDriver/inc\\sys.h"
	.loc	6 4332 17 prologue_end          @ ../../../../Library/StdDriver/inc\sys.h:4332:17
	ldr	r2, [r1]
.Ltmp11:
	.loc	2 76 9                          @ ../../../../Library/StdDriver/src/i2c.c:76:9
	lsls.w	r12, r2, #31
	bne	.LBB1_10
.Ltmp12:
@ %bb.1:
	@DEBUG_VALUE: I2C_Close:i2c <- $r0
	.loc	6 4257 32                       @ ../../../../Library/StdDriver/inc\sys.h:4257:32
	movw	r2, :lower16:SystemCoreClock
	mov.w	lr, #89
	movt	r2, :upper16:SystemCoreClock
	movs	r4, #136
	ldr	r3, [r2]
.Ltmp13:
	@DEBUG_VALUE: SYS_UnlockReg:u32TimeOutCount <- $r3
	.loc	6 0 32 is_stmt 0                @ ../../../../Library/StdDriver/inc\sys.h:0:32
	movs	r2, #22
.Ltmp14:
.LBB1_2:                                @ =>This Inner Loop Header: Depth=1
	@DEBUG_VALUE: SYS_UnlockReg:u32TimeOutCount <- $r3
	@DEBUG_VALUE: I2C_Close:i2c <- $r0
	@DEBUG_VALUE: SYS_UnlockReg:u32TimeOutCount <- $r3
	.loc	6 4265 13 is_stmt 1             @ ../../../../Library/StdDriver/inc\sys.h:4265:13
	cmp	r3, #1
	.loc	6 4261 22                       @ ../../../../Library/StdDriver/inc\sys.h:4261:22
	str.w	lr, [r1]
	.loc	6 4262 22                       @ ../../../../Library/StdDriver/inc\sys.h:4262:22
	str	r2, [r1]
	.loc	6 4263 22                       @ ../../../../Library/StdDriver/inc\sys.h:4263:22
	str	r4, [r1]
.Ltmp15:
	@DEBUG_VALUE: SYS_UnlockReg:u32TimeOutCount <- [DW_OP_constu 1, DW_OP_minus, DW_OP_stack_value] $r3
	.loc	6 4265 13                       @ ../../../../Library/StdDriver/inc\sys.h:4265:13
	beq	.LBB1_10
.Ltmp16:
@ %bb.3:                                @   in Loop: Header=BB1_2 Depth=1
	@DEBUG_VALUE: SYS_UnlockReg:u32TimeOutCount <- [DW_OP_constu 1, DW_OP_minus, DW_OP_stack_value] $r3
	@DEBUG_VALUE: I2C_Close:i2c <- $r0
	.loc	6 4266 19                       @ ../../../../Library/StdDriver/inc\sys.h:4266:19
	ldr	r5, [r1]
.Ltmp17:
	.loc	6 4266 5 is_stmt 0              @ ../../../../Library/StdDriver/inc\sys.h:4266:5
	cbnz	r5, .LBB1_10
.Ltmp18:
@ %bb.4:                                @   in Loop: Header=BB1_2 Depth=1
	@DEBUG_VALUE: SYS_UnlockReg:u32TimeOutCount <- [DW_OP_constu 1, DW_OP_minus, DW_OP_stack_value] $r3
	@DEBUG_VALUE: I2C_Close:i2c <- $r0
	@DEBUG_VALUE: SYS_UnlockReg:u32TimeOutCount <- [DW_OP_constu 1, DW_OP_minus, DW_OP_stack_value] $r3
	.loc	6 4265 13 is_stmt 1             @ ../../../../Library/StdDriver/inc\sys.h:4265:13
	cmp	r3, #2
	.loc	6 4261 22                       @ ../../../../Library/StdDriver/inc\sys.h:4261:22
	str.w	lr, [r1]
	.loc	6 4262 22                       @ ../../../../Library/StdDriver/inc\sys.h:4262:22
	str	r2, [r1]
	.loc	6 4263 22                       @ ../../../../Library/StdDriver/inc\sys.h:4263:22
	str	r4, [r1]
.Ltmp19:
	@DEBUG_VALUE: SYS_UnlockReg:u32TimeOutCount <- [DW_OP_constu 2, DW_OP_minus, DW_OP_stack_value] $r3
	.loc	6 4265 13                       @ ../../../../Library/StdDriver/inc\sys.h:4265:13
	beq	.LBB1_10
.Ltmp20:
@ %bb.5:                                @   in Loop: Header=BB1_2 Depth=1
	@DEBUG_VALUE: SYS_UnlockReg:u32TimeOutCount <- [DW_OP_constu 2, DW_OP_minus, DW_OP_stack_value] $r3
	@DEBUG_VALUE: I2C_Close:i2c <- $r0
	.loc	6 4266 19                       @ ../../../../Library/StdDriver/inc\sys.h:4266:19
	ldr	r5, [r1]
.Ltmp21:
	.loc	6 4266 5 is_stmt 0              @ ../../../../Library/StdDriver/inc\sys.h:4266:5
	cbnz	r5, .LBB1_10
.Ltmp22:
@ %bb.6:                                @   in Loop: Header=BB1_2 Depth=1
	@DEBUG_VALUE: SYS_UnlockReg:u32TimeOutCount <- [DW_OP_constu 2, DW_OP_minus, DW_OP_stack_value] $r3
	@DEBUG_VALUE: I2C_Close:i2c <- $r0
	@DEBUG_VALUE: SYS_UnlockReg:u32TimeOutCount <- [DW_OP_constu 2, DW_OP_minus, DW_OP_stack_value] $r3
	.loc	6 4265 13 is_stmt 1             @ ../../../../Library/StdDriver/inc\sys.h:4265:13
	cmp	r3, #3
	.loc	6 4261 22                       @ ../../../../Library/StdDriver/inc\sys.h:4261:22
	str.w	lr, [r1]
	.loc	6 4262 22                       @ ../../../../Library/StdDriver/inc\sys.h:4262:22
	str	r2, [r1]
	.loc	6 4263 22                       @ ../../../../Library/StdDriver/inc\sys.h:4263:22
	str	r4, [r1]
.Ltmp23:
	@DEBUG_VALUE: SYS_UnlockReg:u32TimeOutCount <- [DW_OP_constu 3, DW_OP_minus, DW_OP_stack_value] $r3
	.loc	6 4265 13                       @ ../../../../Library/StdDriver/inc\sys.h:4265:13
	beq	.LBB1_10
.Ltmp24:
@ %bb.7:                                @   in Loop: Header=BB1_2 Depth=1
	@DEBUG_VALUE: SYS_UnlockReg:u32TimeOutCount <- [DW_OP_constu 3, DW_OP_minus, DW_OP_stack_value] $r3
	@DEBUG_VALUE: I2C_Close:i2c <- $r0
	.loc	6 4266 19                       @ ../../../../Library/StdDriver/inc\sys.h:4266:19
	ldr	r5, [r1]
.Ltmp25:
	.loc	6 4266 5 is_stmt 0              @ ../../../../Library/StdDriver/inc\sys.h:4266:5
	cbnz	r5, .LBB1_10
.Ltmp26:
@ %bb.8:                                @   in Loop: Header=BB1_2 Depth=1
	@DEBUG_VALUE: SYS_UnlockReg:u32TimeOutCount <- [DW_OP_constu 3, DW_OP_minus, DW_OP_stack_value] $r3
	@DEBUG_VALUE: I2C_Close:i2c <- $r0
	@DEBUG_VALUE: SYS_UnlockReg:u32TimeOutCount <- [DW_OP_constu 3, DW_OP_minus, DW_OP_stack_value] $r3
	.loc	6 4265 13 is_stmt 1             @ ../../../../Library/StdDriver/inc\sys.h:4265:13
	subs	r3, #4
.Ltmp27:
	@DEBUG_VALUE: SYS_UnlockReg:u32TimeOutCount <- $r3
	.loc	6 4261 22                       @ ../../../../Library/StdDriver/inc\sys.h:4261:22
	str.w	lr, [r1]
	.loc	6 4262 22                       @ ../../../../Library/StdDriver/inc\sys.h:4262:22
	str	r2, [r1]
	.loc	6 4263 22                       @ ../../../../Library/StdDriver/inc\sys.h:4263:22
	str	r4, [r1]
	.loc	6 4265 13                       @ ../../../../Library/StdDriver/inc\sys.h:4265:13
	beq	.LBB1_10
.Ltmp28:
@ %bb.9:                                @   in Loop: Header=BB1_2 Depth=1
	@DEBUG_VALUE: SYS_UnlockReg:u32TimeOutCount <- $r3
	@DEBUG_VALUE: I2C_Close:i2c <- $r0
	.loc	6 4266 19                       @ ../../../../Library/StdDriver/inc\sys.h:4266:19
	ldr	r5, [r1]
.Ltmp29:
	.loc	6 4266 5 is_stmt 0              @ ../../../../Library/StdDriver/inc\sys.h:4266:5
	cbnz	r5, .LBB1_10
	le	.LBB1_2
.Ltmp30:
.LBB1_10:
	@DEBUG_VALUE: I2C_Close:i2c <- $r0
	.loc	6 0 5                           @ ../../../../Library/StdDriver/inc\sys.h:0:5
	movw	r2, #32767
	movt	r2, #16424
	.loc	2 82 9 is_stmt 1                @ ../../../../Library/StdDriver/src/i2c.c:82:9
	cmp	r0, r2
	bgt	.LBB1_14
.Ltmp31:
@ %bb.11:
	@DEBUG_VALUE: I2C_Close:i2c <- $r0
	.loc	2 0 9 is_stmt 0                 @ ../../../../Library/StdDriver/src/i2c.c:0:9
	movw	r2, #32768
	movt	r2, #16420
	.loc	2 82 9                          @ ../../../../Library/StdDriver/src/i2c.c:82:9
	cmp	r0, r2
	beq	.LBB1_17
.Ltmp32:
@ %bb.12:
	@DEBUG_VALUE: I2C_Close:i2c <- $r0
	.loc	2 0 9                           @ ../../../../Library/StdDriver/src/i2c.c:0:9
	movw	r2, #36864
	movt	r2, #16420
	.loc	2 82 9                          @ ../../../../Library/StdDriver/src/i2c.c:82:9
	cmp	r0, r2
	bne	.LBB1_20
.Ltmp33:
@ %bb.13:
	@DEBUG_VALUE: I2C_Close:i2c <- $r0
	.loc	2 0 9                           @ ../../../../Library/StdDriver/src/i2c.c:0:9
	mvn	r2, #4
	movs	r3, #4
.Ltmp34:
	.loc	2 96 5 is_stmt 1                @ ../../../../Library/StdDriver/src/i2c.c:96:5
	b	.LBB1_19
.Ltmp35:
.LBB1_14:
	@DEBUG_VALUE: I2C_Close:i2c <- $r0
	.loc	2 0 5 is_stmt 0                 @ ../../../../Library/StdDriver/src/i2c.c:0:5
	movw	r2, #36864
	movt	r2, #16424
	.loc	2 82 9 is_stmt 1                @ ../../../../Library/StdDriver/src/i2c.c:82:9
	cmp	r0, r2
	beq	.LBB1_18
.Ltmp36:
@ %bb.15:
	@DEBUG_VALUE: I2C_Close:i2c <- $r0
	.loc	2 0 9 is_stmt 0                 @ ../../../../Library/StdDriver/src/i2c.c:0:9
	movw	r2, #32768
	movt	r2, #16424
	.loc	2 82 9                          @ ../../../../Library/StdDriver/src/i2c.c:82:9
	cmp	r0, r2
	bne	.LBB1_20
.Ltmp37:
@ %bb.16:
	@DEBUG_VALUE: I2C_Close:i2c <- $r0
	.loc	2 0 9                           @ ../../../../Library/StdDriver/src/i2c.c:0:9
	mvn	r2, #2
	movs	r3, #2
.Ltmp38:
	.loc	2 91 5 is_stmt 1                @ ../../../../Library/StdDriver/src/i2c.c:91:5
	b	.LBB1_19
.Ltmp39:
.LBB1_17:
	@DEBUG_VALUE: I2C_Close:i2c <- $r0
	.loc	2 0 5 is_stmt 0                 @ ../../../../Library/StdDriver/src/i2c.c:0:5
	mvn	r2, #1
	movs	r3, #1
	.loc	2 82 9 is_stmt 1                @ ../../../../Library/StdDriver/src/i2c.c:82:9
	b	.LBB1_19
.Ltmp40:
.LBB1_18:
	@DEBUG_VALUE: I2C_Close:i2c <- $r0
	.loc	2 0 9 is_stmt 0                 @ ../../../../Library/StdDriver/src/i2c.c:0:9
	mvn	r2, #8
	movs	r3, #8
.Ltmp41:
.LBB1_19:
	@DEBUG_VALUE: I2C_Close:i2c <- $r0
	ldr.w	r5, [r1, #340]
	orrs	r3, r5
	str.w	r3, [r1, #340]
	ldr.w	r3, [r1, #340]
	ands	r2, r3
	str.w	r2, [r1, #340]
.Ltmp42:
.LBB1_20:
	@DEBUG_VALUE: I2C_Close:i2c <- $r0
	.loc	2 104 15 is_stmt 1              @ ../../../../Library/StdDriver/src/i2c.c:104:15
	ldr	r2, [r0]
	.loc	2 106 9                         @ ../../../../Library/StdDriver/src/i2c.c:106:9
	cmp.w	r12, #0
	.loc	2 104 15                        @ ../../../../Library/StdDriver/src/i2c.c:104:15
	bic	r2, r2, #64
	str	r2, [r0]
	itt	eq
	moveq	r0, #0
.Ltmp43:
	@DEBUG_VALUE: I2C_Close:i2c <- [DW_OP_LLVM_entry_value 1] $r0
	.loc	6 4278 18                       @ ../../../../Library/StdDriver/inc\sys.h:4278:18
	streq	r0, [r1]
.Ltmp44:
	.loc	2 110 1 epilogue_begin          @ ../../../../Library/StdDriver/src/i2c.c:110:1
	pop	{r4, r5, r7, pc}
.Ltmp45:
.Lfunc_end1:
	.size	I2C_Close, .Lfunc_end1-I2C_Close
	.cfi_endproc
	.cantunwind
	.fnend
                                        @ -- End function
	.section	.text.I2C_ClearTimeoutFlag,"ax",%progbits
	.hidden	I2C_ClearTimeoutFlag            @ -- Begin function I2C_ClearTimeoutFlag
	.globl	I2C_ClearTimeoutFlag
	.p2align	2
	.type	I2C_ClearTimeoutFlag,%function
	.code	16                              @ @I2C_ClearTimeoutFlag
	.thumb_func
I2C_ClearTimeoutFlag:
.Lfunc_begin2:
	.fnstart
	.cfi_startproc
@ %bb.0:
	@DEBUG_VALUE: I2C_ClearTimeoutFlag:i2c <- $r0
	.loc	2 122 16 prologue_end           @ ../../../../Library/StdDriver/src/i2c.c:122:16
	ldr	r1, [r0, #20]
	orr	r1, r1, #1
	str	r1, [r0, #20]
	.loc	2 123 1                         @ ../../../../Library/StdDriver/src/i2c.c:123:1
	bx	lr
.Ltmp46:
.Lfunc_end2:
	.size	I2C_ClearTimeoutFlag, .Lfunc_end2-I2C_ClearTimeoutFlag
	.cfi_endproc
	.cantunwind
	.fnend
                                        @ -- End function
	.section	.text.I2C_Trigger,"ax",%progbits
	.hidden	I2C_Trigger                     @ -- Begin function I2C_Trigger
	.globl	I2C_Trigger
	.p2align	2
	.type	I2C_Trigger,%function
	.code	16                              @ @I2C_Trigger
	.thumb_func
I2C_Trigger:
.Lfunc_begin3:
	.loc	2 138 0                         @ ../../../../Library/StdDriver/src/i2c.c:138:0
	.fnstart
	.cfi_startproc
@ %bb.0:
	@DEBUG_VALUE: I2C_Trigger:i2c <- $r0
	@DEBUG_VALUE: I2C_Trigger:u8Start <- $r1
	@DEBUG_VALUE: I2C_Trigger:u8Stop <- $r2
	@DEBUG_VALUE: I2C_Trigger:u8Si <- $r3
	.save	{r7, lr}
	push	{r7, lr}
	.cfi_def_cfa_offset 8
	.cfi_offset lr, -4
	.cfi_offset r7, -8
	cmp	r1, #0
	cset	lr, ne
.Ltmp47:
	.loc	2 141 9 prologue_end            @ ../../../../Library/StdDriver/src/i2c.c:141:9
	lsl.w	r1, lr, #5
.Ltmp48:
	@DEBUG_VALUE: I2C_Trigger:u8Start <- [DW_OP_LLVM_entry_value 1] $r1
	@DEBUG_VALUE: I2C_Trigger:u32Reg <- $r1
	.loc	2 146 9                         @ ../../../../Library/StdDriver/src/i2c.c:146:9
	adds	r1, #16
.Ltmp49:
	.loc	2 0 9 is_stmt 0                 @ ../../../../Library/StdDriver/src/i2c.c:0:9
	ldr.w	r12, [sp, #8]
.Ltmp50:
	@DEBUG_VALUE: I2C_Trigger:u32Reg <- 0
	@DEBUG_VALUE: I2C_Trigger:u8Ack <- $r12
	.loc	2 146 9                         @ ../../../../Library/StdDriver/src/i2c.c:146:9
	cmp	r2, #0
	it	eq
	lsleq.w	r1, lr, #5
.Ltmp51:
	@DEBUG_VALUE: I2C_Trigger:u32Reg <- $r1
	.loc	2 161 23 is_stmt 1              @ ../../../../Library/StdDriver/src/i2c.c:161:23
	ldr	r2, [r0]
.Ltmp52:
	@DEBUG_VALUE: I2C_Trigger:u8Stop <- [DW_OP_LLVM_entry_value 1] $r2
	.loc	2 151 9                         @ ../../../../Library/StdDriver/src/i2c.c:151:9
	cmp	r3, #0
	it	ne
	addne	r1, #8
.Ltmp53:
	@DEBUG_VALUE: I2C_Trigger:u32Reg <- $r1
	.loc	2 156 9                         @ ../../../../Library/StdDriver/src/i2c.c:156:9
	cmp.w	r12, #0
	it	ne
	addne	r1, #4
.Ltmp54:
	@DEBUG_VALUE: I2C_Trigger:u32Reg <- $r1
	.loc	2 161 28                        @ ../../../../Library/StdDriver/src/i2c.c:161:28
	bic	r2, r2, #60
	.loc	2 161 38 is_stmt 0              @ ../../../../Library/StdDriver/src/i2c.c:161:38
	orrs	r1, r2
.Ltmp55:
	.loc	2 161 15                        @ ../../../../Library/StdDriver/src/i2c.c:161:15
	str	r1, [r0]
	.loc	2 162 1 epilogue_begin is_stmt 1 @ ../../../../Library/StdDriver/src/i2c.c:162:1
	pop	{r7, pc}
.Ltmp56:
.Lfunc_end3:
	.size	I2C_Trigger, .Lfunc_end3-I2C_Trigger
	.cfi_endproc
	.cantunwind
	.fnend
                                        @ -- End function
	.section	.text.I2C_DisableInt,"ax",%progbits
	.hidden	I2C_DisableInt                  @ -- Begin function I2C_DisableInt
	.globl	I2C_DisableInt
	.p2align	2
	.type	I2C_DisableInt,%function
	.code	16                              @ @I2C_DisableInt
	.thumb_func
I2C_DisableInt:
.Lfunc_begin4:
	.fnstart
	.cfi_startproc
@ %bb.0:
	@DEBUG_VALUE: I2C_DisableInt:i2c <- $r0
	.loc	2 174 15 prologue_end           @ ../../../../Library/StdDriver/src/i2c.c:174:15
	ldr	r1, [r0]
	bic	r1, r1, #128
	str	r1, [r0]
	.loc	2 175 1                         @ ../../../../Library/StdDriver/src/i2c.c:175:1
	bx	lr
.Ltmp57:
.Lfunc_end4:
	.size	I2C_DisableInt, .Lfunc_end4-I2C_DisableInt
	.cfi_endproc
	.cantunwind
	.fnend
                                        @ -- End function
	.section	.text.I2C_EnableInt,"ax",%progbits
	.hidden	I2C_EnableInt                   @ -- Begin function I2C_EnableInt
	.globl	I2C_EnableInt
	.p2align	2
	.type	I2C_EnableInt,%function
	.code	16                              @ @I2C_EnableInt
	.thumb_func
I2C_EnableInt:
.Lfunc_begin5:
	.fnstart
	.cfi_startproc
@ %bb.0:
	@DEBUG_VALUE: I2C_EnableInt:i2c <- $r0
	.loc	2 187 15 prologue_end           @ ../../../../Library/StdDriver/src/i2c.c:187:15
	ldr	r1, [r0]
	orr	r1, r1, #128
	str	r1, [r0]
	.loc	2 188 1                         @ ../../../../Library/StdDriver/src/i2c.c:188:1
	bx	lr
.Ltmp58:
.Lfunc_end5:
	.size	I2C_EnableInt, .Lfunc_end5-I2C_EnableInt
	.cfi_endproc
	.cantunwind
	.fnend
                                        @ -- End function
	.section	.text.I2C_GetBusClockFreq,"ax",%progbits
	.hidden	I2C_GetBusClockFreq             @ -- Begin function I2C_GetBusClockFreq
	.globl	I2C_GetBusClockFreq
	.p2align	2
	.type	I2C_GetBusClockFreq,%function
	.code	16                              @ @I2C_GetBusClockFreq
	.thumb_func
I2C_GetBusClockFreq:
.Lfunc_begin6:
	.loc	2 200 0                         @ ../../../../Library/StdDriver/src/i2c.c:200:0
	.fnstart
	.cfi_startproc
@ %bb.0:
	@DEBUG_VALUE: I2C_GetBusClockFreq:i2c <- $r0
	.save	{r4, lr}
	push	{r4, lr}
	.cfi_def_cfa_offset 8
	.cfi_offset lr, -4
	.cfi_offset r4, -8
	movw	r1, #36864
.Ltmp59:
	.loc	2 201 32 prologue_end           @ ../../../../Library/StdDriver/src/i2c.c:201:32
	ldr	r4, [r0, #16]
.Ltmp60:
	@DEBUG_VALUE: I2C_GetBusClockFreq:u32Divider <- $r4
	.loc	2 204 23                        @ ../../../../Library/StdDriver/src/i2c.c:204:23
	orr	r0, r0, #4096
.Ltmp61:
	@DEBUG_VALUE: I2C_GetBusClockFreq:i2c <- [DW_OP_LLVM_entry_value 1] $r0
	.loc	2 0 23 is_stmt 0                @ ../../../../Library/StdDriver/src/i2c.c:0:23
	movt	r1, #16424
	.loc	2 204 23                        @ ../../../../Library/StdDriver/src/i2c.c:204:23
	cmp	r0, r1
	bne	.LBB6_2
.Ltmp62:
@ %bb.1:
	@DEBUG_VALUE: I2C_GetBusClockFreq:i2c <- [DW_OP_LLVM_entry_value 1] $r0
	@DEBUG_VALUE: I2C_GetBusClockFreq:u32Divider <- $r4
	.loc	2 206 19 is_stmt 1              @ ../../../../Library/StdDriver/src/i2c.c:206:19
	bl	CLK_GetPCLK1Freq
.Ltmp63:
	@DEBUG_VALUE: I2C_GetBusClockFreq:u32Pclk <- $r0
	.loc	2 0 19 is_stmt 0                @ ../../../../Library/StdDriver/src/i2c.c:0:19
	b	.LBB6_3
.Ltmp64:
.LBB6_2:
	@DEBUG_VALUE: I2C_GetBusClockFreq:i2c <- [DW_OP_LLVM_entry_value 1] $r0
	@DEBUG_VALUE: I2C_GetBusClockFreq:u32Divider <- $r4
	.loc	2 210 19 is_stmt 1              @ ../../../../Library/StdDriver/src/i2c.c:210:19
	bl	CLK_GetPCLK0Freq
.Ltmp65:
	@DEBUG_VALUE: I2C_GetBusClockFreq:u32Pclk <- $r0
.LBB6_3:
	@DEBUG_VALUE: I2C_GetBusClockFreq:u32Pclk <- $r0
	@DEBUG_VALUE: I2C_GetBusClockFreq:i2c <- [DW_OP_LLVM_entry_value 1] $r0
	@DEBUG_VALUE: I2C_GetBusClockFreq:u32Divider <- $r4
	@DEBUG_VALUE: I2C_GetBusClockFreq:u32Pclk <- $r0
	.loc	2 0 19 is_stmt 0                @ ../../../../Library/StdDriver/src/i2c.c:0:19
	movs	r1, #4
	.loc	2 213 42 is_stmt 1              @ ../../../../Library/StdDriver/src/i2c.c:213:42
	add.w	r1, r1, r4, lsl #2
	.loc	2 213 21 is_stmt 0              @ ../../../../Library/StdDriver/src/i2c.c:213:21
	udiv	r0, r0, r1
.Ltmp66:
	.loc	2 213 5 epilogue_begin          @ ../../../../Library/StdDriver/src/i2c.c:213:5
	pop	{r4, pc}
.Ltmp67:
.Lfunc_end6:
	.size	I2C_GetBusClockFreq, .Lfunc_end6-I2C_GetBusClockFreq
	.cfi_endproc
	.cantunwind
	.fnend
                                        @ -- End function
	.section	.text.I2C_SetBusClockFreq,"ax",%progbits
	.hidden	I2C_SetBusClockFreq             @ -- Begin function I2C_SetBusClockFreq
	.globl	I2C_SetBusClockFreq
	.p2align	2
	.type	I2C_SetBusClockFreq,%function
	.code	16                              @ @I2C_SetBusClockFreq
	.thumb_func
I2C_SetBusClockFreq:
.Lfunc_begin7:
	.loc	2 227 0 is_stmt 1               @ ../../../../Library/StdDriver/src/i2c.c:227:0
	.fnstart
	.cfi_startproc
@ %bb.0:
	@DEBUG_VALUE: I2C_SetBusClockFreq:i2c <- $r0
	@DEBUG_VALUE: I2C_SetBusClockFreq:u32BusClock <- $r1
	.save	{r4, r5, r7, lr}
	push	{r4, r5, r7, lr}
	.cfi_def_cfa_offset 16
	.cfi_offset lr, -4
	.cfi_offset r7, -8
	.cfi_offset r5, -12
	.cfi_offset r4, -16
	movw	r2, #36864
	mov	r4, r0
.Ltmp68:
	@DEBUG_VALUE: I2C_SetBusClockFreq:i2c <- $r4
	.loc	2 231 23 prologue_end           @ ../../../../Library/StdDriver/src/i2c.c:231:23
	orr	r0, r0, #4096
	mov	r5, r1
.Ltmp69:
	@DEBUG_VALUE: I2C_SetBusClockFreq:u32BusClock <- $r5
	@DEBUG_VALUE: I2C_SetBusClockFreq:u32BusClock <- $r5
	.loc	2 0 23 is_stmt 0                @ ../../../../Library/StdDriver/src/i2c.c:0:23
	movt	r2, #16424
	.loc	2 231 23                        @ ../../../../Library/StdDriver/src/i2c.c:231:23
	cmp	r0, r2
	bne	.LBB7_2
.Ltmp70:
@ %bb.1:
	@DEBUG_VALUE: I2C_SetBusClockFreq:u32BusClock <- $r5
	@DEBUG_VALUE: I2C_SetBusClockFreq:i2c <- $r4
	.loc	2 233 19 is_stmt 1              @ ../../../../Library/StdDriver/src/i2c.c:233:19
	bl	CLK_GetPCLK1Freq
.Ltmp71:
	@DEBUG_VALUE: I2C_SetBusClockFreq:u32Pclk <- $r0
	.loc	2 0 19 is_stmt 0                @ ../../../../Library/StdDriver/src/i2c.c:0:19
	b	.LBB7_3
.Ltmp72:
.LBB7_2:
	@DEBUG_VALUE: I2C_SetBusClockFreq:u32BusClock <- $r5
	@DEBUG_VALUE: I2C_SetBusClockFreq:i2c <- $r4
	.loc	2 237 19 is_stmt 1              @ ../../../../Library/StdDriver/src/i2c.c:237:19
	bl	CLK_GetPCLK0Freq
.Ltmp73:
	@DEBUG_VALUE: I2C_SetBusClockFreq:u32Pclk <- $r0
.LBB7_3:
	@DEBUG_VALUE: I2C_SetBusClockFreq:u32Pclk <- $r0
	@DEBUG_VALUE: I2C_SetBusClockFreq:u32BusClock <- $r5
	@DEBUG_VALUE: I2C_SetBusClockFreq:i2c <- $r4
	@DEBUG_VALUE: I2C_SetBusClockFreq:u32Pclk <- $r0
	.loc	2 240 35                        @ ../../../../Library/StdDriver/src/i2c.c:240:35
	add.w	r1, r0, r0, lsl #2
	.loc	2 240 57 is_stmt 0              @ ../../../../Library/StdDriver/src/i2c.c:240:57
	lsls	r2, r5, #2
	mov.w	r3, #-1
	.loc	2 240 35                        @ ../../../../Library/StdDriver/src/i2c.c:240:35
	lsls	r1, r1, #1
	.loc	2 240 42                        @ ../../../../Library/StdDriver/src/i2c.c:240:42
	udiv	r1, r1, r2
	movw	r2, #52429
	.loc	2 240 63                        @ ../../../../Library/StdDriver/src/i2c.c:240:63
	adds	r1, #5
	movt	r2, #52428
	.loc	2 240 69                        @ ../../../../Library/StdDriver/src/i2c.c:240:69
	umull	r1, r2, r1, r2
	lsrs	r1, r2, #3
	.loc	2 243 38 is_stmt 1              @ ../../../../Library/StdDriver/src/i2c.c:243:38
	lsls	r1, r1, #2
	.loc	2 243 21 is_stmt 0              @ ../../../../Library/StdDriver/src/i2c.c:243:21
	udiv	r0, r0, r1
.Ltmp74:
	.loc	2 240 75 is_stmt 1              @ ../../../../Library/StdDriver/src/i2c.c:240:75
	add.w	r1, r3, r2, lsr #3
.Ltmp75:
	@DEBUG_VALUE: I2C_SetBusClockFreq:u32Div <- $r1
	.loc	2 241 17                        @ ../../../../Library/StdDriver/src/i2c.c:241:17
	str	r1, [r4, #16]
	.loc	2 243 5 epilogue_begin          @ ../../../../Library/StdDriver/src/i2c.c:243:5
	pop	{r4, r5, r7, pc}
.Ltmp76:
.Lfunc_end7:
	.size	I2C_SetBusClockFreq, .Lfunc_end7-I2C_SetBusClockFreq
	.cfi_endproc
	.cantunwind
	.fnend
                                        @ -- End function
	.section	.text.I2C_GetIntFlag,"ax",%progbits
	.hidden	I2C_GetIntFlag                  @ -- Begin function I2C_GetIntFlag
	.globl	I2C_GetIntFlag
	.p2align	2
	.type	I2C_GetIntFlag,%function
	.code	16                              @ @I2C_GetIntFlag
	.thumb_func
I2C_GetIntFlag:
.Lfunc_begin8:
	.fnstart
	.cfi_startproc
@ %bb.0:
	@DEBUG_VALUE: I2C_GetIntFlag:i2c <- $r0
	.loc	2 259 15 prologue_end           @ ../../../../Library/StdDriver/src/i2c.c:259:15
	ldr	r0, [r0]
.Ltmp77:
	@DEBUG_VALUE: I2C_GetIntFlag:i2c <- [DW_OP_LLVM_entry_value 1] $r0
	.loc	2 0 15 is_stmt 0                @ ../../../../Library/StdDriver/src/i2c.c:0:15
	ubfx	r0, r0, #3, #1
.Ltmp78:
	@DEBUG_VALUE: I2C_GetIntFlag:u32Value <- $r0
	.loc	2 268 5 is_stmt 1               @ ../../../../Library/StdDriver/src/i2c.c:268:5
	bx	lr
.Ltmp79:
.Lfunc_end8:
	.size	I2C_GetIntFlag, .Lfunc_end8-I2C_GetIntFlag
	.cfi_endproc
	.cantunwind
	.fnend
                                        @ -- End function
	.section	.text.I2C_GetStatus,"ax",%progbits
	.hidden	I2C_GetStatus                   @ -- Begin function I2C_GetStatus
	.globl	I2C_GetStatus
	.p2align	2
	.type	I2C_GetStatus,%function
	.code	16                              @ @I2C_GetStatus
	.thumb_func
I2C_GetStatus:
.Lfunc_begin9:
	.fnstart
	.cfi_startproc
@ %bb.0:
	@DEBUG_VALUE: I2C_GetStatus:i2c <- $r0
	.loc	2 282 18 prologue_end           @ ../../../../Library/StdDriver/src/i2c.c:282:18
	ldr	r0, [r0, #12]
.Ltmp80:
	@DEBUG_VALUE: I2C_GetStatus:i2c <- [DW_OP_LLVM_entry_value 1] $r0
	.loc	2 282 5 is_stmt 0               @ ../../../../Library/StdDriver/src/i2c.c:282:5
	bx	lr
.Ltmp81:
.Lfunc_end9:
	.size	I2C_GetStatus, .Lfunc_end9-I2C_GetStatus
	.cfi_endproc
	.cantunwind
	.fnend
                                        @ -- End function
	.section	.text.I2C_GetData,"ax",%progbits
	.hidden	I2C_GetData                     @ -- Begin function I2C_GetData
	.globl	I2C_GetData
	.p2align	2
	.type	I2C_GetData,%function
	.code	16                              @ @I2C_GetData
	.thumb_func
I2C_GetData:
.Lfunc_begin10:
	.fnstart
	.cfi_startproc
@ %bb.0:
	@DEBUG_VALUE: I2C_GetData:i2c <- $r0
	.loc	2 296 27 prologue_end is_stmt 1 @ ../../../../Library/StdDriver/src/i2c.c:296:27
	ldr	r0, [r0, #8]
.Ltmp82:
	@DEBUG_VALUE: I2C_GetData:i2c <- [DW_OP_LLVM_entry_value 1] $r0
	.loc	2 296 5 is_stmt 0               @ ../../../../Library/StdDriver/src/i2c.c:296:5
	uxtb	r0, r0
	bx	lr
.Ltmp83:
.Lfunc_end10:
	.size	I2C_GetData, .Lfunc_end10-I2C_GetData
	.cfi_endproc
	.cantunwind
	.fnend
                                        @ -- End function
	.section	.text.I2C_SetData,"ax",%progbits
	.hidden	I2C_SetData                     @ -- Begin function I2C_SetData
	.globl	I2C_SetData
	.p2align	2
	.type	I2C_SetData,%function
	.code	16                              @ @I2C_SetData
	.thumb_func
I2C_SetData:
.Lfunc_begin11:
	.fnstart
	.cfi_startproc
@ %bb.0:
	@DEBUG_VALUE: I2C_SetData:i2c <- $r0
	@DEBUG_VALUE: I2C_SetData:u8Data <- $r1
	.loc	2 309 14 prologue_end is_stmt 1 @ ../../../../Library/StdDriver/src/i2c.c:309:14
	str	r1, [r0, #8]
	.loc	2 310 1                         @ ../../../../Library/StdDriver/src/i2c.c:310:1
	bx	lr
.Ltmp84:
.Lfunc_end11:
	.size	I2C_SetData, .Lfunc_end11-I2C_SetData
	.cfi_endproc
	.cantunwind
	.fnend
                                        @ -- End function
	.section	.text.I2C_SetSlaveAddr,"ax",%progbits
	.hidden	I2C_SetSlaveAddr                @ -- Begin function I2C_SetSlaveAddr
	.globl	I2C_SetSlaveAddr
	.p2align	2
	.type	I2C_SetSlaveAddr,%function
	.code	16                              @ @I2C_SetSlaveAddr
	.thumb_func
I2C_SetSlaveAddr:
.Lfunc_begin12:
	.loc	2 325 0                         @ ../../../../Library/StdDriver/src/i2c.c:325:0
	.fnstart
	.cfi_startproc
@ %bb.0:
	@DEBUG_VALUE: I2C_SetSlaveAddr:i2c <- $r0
	@DEBUG_VALUE: I2C_SetSlaveAddr:u8SlaveNo <- $r1
	@DEBUG_VALUE: I2C_SetSlaveAddr:u16SlaveAddr <- $r2
	@DEBUG_VALUE: I2C_SetSlaveAddr:u8GCMode <- $r3
	.save	{r7, lr}
	push	{r7, lr}
	.cfi_def_cfa_offset 8
	.cfi_offset lr, -4
	.cfi_offset r7, -8
.Ltmp85:
	@DEBUG_VALUE: I2C_SetSlaveAddr:u32AddrRegValue <- [DW_OP_LLVM_arg 0, DW_OP_constu 1, DW_OP_shl, DW_OP_constu 2046, DW_OP_and, DW_OP_LLVM_arg 1, DW_OP_LLVM_convert 32 7, DW_OP_LLVM_convert 8 7, DW_OP_LLVM_convert 8 7, DW_OP_LLVM_convert 16 7, DW_OP_or, DW_OP_LLVM_convert 16 7, DW_OP_LLVM_convert 32 7, DW_OP_stack_value] $r2, $r3
	.loc	2 328 5 prologue_end            @ ../../../../Library/StdDriver/src/i2c.c:328:5
	subs	r1, #1
.Ltmp86:
	@DEBUG_VALUE: I2C_SetSlaveAddr:u8SlaveNo <- [DW_OP_LLVM_entry_value 1] $r1
	.loc	2 0 5 is_stmt 0                 @ ../../../../Library/StdDriver/src/i2c.c:0:5
	mov.w	r12, #24
	.loc	2 328 5                         @ ../../../../Library/StdDriver/src/i2c.c:328:5
	uxtb.w	lr, r1
	movw	r1, #2046
.Ltmp87:
	@DEBUG_VALUE: I2C_SetSlaveAddr:u32AddrRegValue <- undef
	.loc	2 326 66 is_stmt 1              @ ../../../../Library/StdDriver/src/i2c.c:326:66
	and.w	r1, r1, r2, lsl #1
.Ltmp88:
	@DEBUG_VALUE: I2C_SetSlaveAddr:u32AddrRegValue <- [DW_OP_LLVM_arg 0, DW_OP_LLVM_arg 1, DW_OP_or, DW_OP_LLVM_convert 16 7, DW_OP_LLVM_convert 32 7, DW_OP_stack_value] $r1, $r3
	.loc	2 0 66 is_stmt 0                @ ../../../../Library/StdDriver/src/i2c.c:0:66
	movs	r2, #4
.Ltmp89:
	@DEBUG_VALUE: I2C_SetSlaveAddr:u16SlaveAddr <- [DW_OP_LLVM_entry_value 1] $r2
	.loc	2 328 5 is_stmt 1               @ ../../../../Library/StdDriver/src/i2c.c:328:5
	cmp.w	lr, #3
	.loc	2 326 73                        @ ../../../../Library/StdDriver/src/i2c.c:326:73
	orr.w	r1, r1, r3
.Ltmp90:
	@DEBUG_VALUE: I2C_SetSlaveAddr:u32AddrRegValue <- $r1
	.loc	2 328 5                         @ ../../../../Library/StdDriver/src/i2c.c:328:5
	it	lo
	addlo.w	r2, r12, lr, lsl #2
.Ltmp91:
	.loc	2 0 0 is_stmt 0                 @ ../../../../Library/StdDriver/src/i2c.c:0:0
	str	r1, [r0, r2]
.Ltmp92:
	.loc	2 347 1 epilogue_begin is_stmt 1 @ ../../../../Library/StdDriver/src/i2c.c:347:1
	pop	{r7, pc}
.Ltmp93:
.Lfunc_end12:
	.size	I2C_SetSlaveAddr, .Lfunc_end12-I2C_SetSlaveAddr
	.cfi_endproc
	.cantunwind
	.fnend
                                        @ -- End function
	.section	.text.I2C_SetSlaveAddrMask,"ax",%progbits
	.hidden	I2C_SetSlaveAddrMask            @ -- Begin function I2C_SetSlaveAddrMask
	.globl	I2C_SetSlaveAddrMask
	.p2align	2
	.type	I2C_SetSlaveAddrMask,%function
	.code	16                              @ @I2C_SetSlaveAddrMask
	.thumb_func
I2C_SetSlaveAddrMask:
.Lfunc_begin13:
	.fnstart
	.cfi_startproc
@ %bb.0:
	@DEBUG_VALUE: I2C_SetSlaveAddrMask:i2c <- $r0
	@DEBUG_VALUE: I2C_SetSlaveAddrMask:u8SlaveNo <- $r1
	@DEBUG_VALUE: I2C_SetSlaveAddrMask:u16SlaveAddrMask <- $r2
	@DEBUG_VALUE: I2C_SetSlaveAddrMask:u32AddrMskRegValue <- [DW_OP_constu 1, DW_OP_shl, DW_OP_constu 2046, DW_OP_and, DW_OP_LLVM_convert 16 7, DW_OP_LLVM_convert 32 7, DW_OP_stack_value] $r2
	.loc	2 363 5 prologue_end            @ ../../../../Library/StdDriver/src/i2c.c:363:5
	subs	r1, #1
.Ltmp94:
	@DEBUG_VALUE: I2C_SetSlaveAddrMask:u8SlaveNo <- [DW_OP_LLVM_entry_value 1] $r1
	.loc	2 0 5 is_stmt 0                 @ ../../../../Library/StdDriver/src/i2c.c:0:5
	movs	r3, #36
	.loc	2 363 5                         @ ../../../../Library/StdDriver/src/i2c.c:363:5
	uxtb	r1, r1
	mov.w	r12, #40
	cmp	r1, #3
	it	lo
	addlo.w	r3, r12, r1, lsl #2
	movw	r1, #2046
.Ltmp95:
	@DEBUG_VALUE: I2C_SetSlaveAddrMask:u32AddrMskRegValue <- undef
	.loc	2 361 72 is_stmt 1              @ ../../../../Library/StdDriver/src/i2c.c:361:72
	and.w	r1, r1, r2, lsl #1
.Ltmp96:
	@DEBUG_VALUE: I2C_SetSlaveAddrMask:u32AddrMskRegValue <- $r1
	.loc	2 0 0 is_stmt 0                 @ ../../../../Library/StdDriver/src/i2c.c:0:0
	str	r1, [r0, r3]
.Ltmp97:
	.loc	2 382 1 is_stmt 1               @ ../../../../Library/StdDriver/src/i2c.c:382:1
	bx	lr
.Ltmp98:
.Lfunc_end13:
	.size	I2C_SetSlaveAddrMask, .Lfunc_end13-I2C_SetSlaveAddrMask
	.cfi_endproc
	.cantunwind
	.fnend
                                        @ -- End function
	.section	.text.I2C_EnableTimeout,"ax",%progbits
	.hidden	I2C_EnableTimeout               @ -- Begin function I2C_EnableTimeout
	.globl	I2C_EnableTimeout
	.p2align	2
	.type	I2C_EnableTimeout,%function
	.code	16                              @ @I2C_EnableTimeout
	.thumb_func
I2C_EnableTimeout:
.Lfunc_begin14:
	.loc	2 395 0                         @ ../../../../Library/StdDriver/src/i2c.c:395:0
	.fnstart
	.cfi_startproc
@ %bb.0:
	@DEBUG_VALUE: I2C_EnableTimeout:i2c <- $r0
	@DEBUG_VALUE: I2C_EnableTimeout:u8LongTimeout <- $r1
	.loc	2 0 0 is_stmt 0                 @ ../../../../Library/StdDriver/src/i2c.c:0:0
	ldr	r2, [r0, #20]
.Ltmp99:
	.loc	2 396 9 prologue_end is_stmt 1  @ ../../../../Library/StdDriver/src/i2c.c:396:9
	cmp	r1, #0
	bic	r2, r2, #2
	it	ne
	addne	r2, #2
.Ltmp100:
	.loc	2 0 0 is_stmt 0                 @ ../../../../Library/StdDriver/src/i2c.c:0:0
	str	r2, [r0, #20]
.Ltmp101:
	.loc	2 405 16 is_stmt 1              @ ../../../../Library/StdDriver/src/i2c.c:405:16
	ldr	r1, [r0, #20]
.Ltmp102:
	@DEBUG_VALUE: I2C_EnableTimeout:u8LongTimeout <- [DW_OP_LLVM_entry_value 1] $r1
	orr	r1, r1, #4
	str	r1, [r0, #20]
	.loc	2 406 1                         @ ../../../../Library/StdDriver/src/i2c.c:406:1
	bx	lr
.Ltmp103:
.Lfunc_end14:
	.size	I2C_EnableTimeout, .Lfunc_end14-I2C_EnableTimeout
	.cfi_endproc
	.cantunwind
	.fnend
                                        @ -- End function
	.section	.text.I2C_DisableTimeout,"ax",%progbits
	.hidden	I2C_DisableTimeout              @ -- Begin function I2C_DisableTimeout
	.globl	I2C_DisableTimeout
	.p2align	2
	.type	I2C_DisableTimeout,%function
	.code	16                              @ @I2C_DisableTimeout
	.thumb_func
I2C_DisableTimeout:
.Lfunc_begin15:
	.fnstart
	.cfi_startproc
@ %bb.0:
	@DEBUG_VALUE: I2C_DisableTimeout:i2c <- $r0
	.loc	2 418 16 prologue_end           @ ../../../../Library/StdDriver/src/i2c.c:418:16
	ldr	r1, [r0, #20]
	bic	r1, r1, #4
	str	r1, [r0, #20]
	.loc	2 419 1                         @ ../../../../Library/StdDriver/src/i2c.c:419:1
	bx	lr
.Ltmp104:
.Lfunc_end15:
	.size	I2C_DisableTimeout, .Lfunc_end15-I2C_DisableTimeout
	.cfi_endproc
	.cantunwind
	.fnend
                                        @ -- End function
	.section	.text.I2C_EnableWakeup,"ax",%progbits
	.hidden	I2C_EnableWakeup                @ -- Begin function I2C_EnableWakeup
	.globl	I2C_EnableWakeup
	.p2align	2
	.type	I2C_EnableWakeup,%function
	.code	16                              @ @I2C_EnableWakeup
	.thumb_func
I2C_EnableWakeup:
.Lfunc_begin16:
	.fnstart
	.cfi_startproc
@ %bb.0:
	@DEBUG_VALUE: I2C_EnableWakeup:i2c <- $r0
	.loc	2 431 16 prologue_end           @ ../../../../Library/StdDriver/src/i2c.c:431:16
	ldr	r1, [r0, #60]
	orr	r1, r1, #1
	str	r1, [r0, #60]
	.loc	2 432 1                         @ ../../../../Library/StdDriver/src/i2c.c:432:1
	bx	lr
.Ltmp105:
.Lfunc_end16:
	.size	I2C_EnableWakeup, .Lfunc_end16-I2C_EnableWakeup
	.cfi_endproc
	.cantunwind
	.fnend
                                        @ -- End function
	.section	.text.I2C_DisableWakeup,"ax",%progbits
	.hidden	I2C_DisableWakeup               @ -- Begin function I2C_DisableWakeup
	.globl	I2C_DisableWakeup
	.p2align	2
	.type	I2C_DisableWakeup,%function
	.code	16                              @ @I2C_DisableWakeup
	.thumb_func
I2C_DisableWakeup:
.Lfunc_begin17:
	.fnstart
	.cfi_startproc
@ %bb.0:
	@DEBUG_VALUE: I2C_DisableWakeup:i2c <- $r0
	.loc	2 444 16 prologue_end           @ ../../../../Library/StdDriver/src/i2c.c:444:16
	ldr	r1, [r0, #60]
	bic	r1, r1, #1
	str	r1, [r0, #60]
	.loc	2 445 1                         @ ../../../../Library/StdDriver/src/i2c.c:445:1
	bx	lr
.Ltmp106:
.Lfunc_end17:
	.size	I2C_DisableWakeup, .Lfunc_end17-I2C_DisableWakeup
	.cfi_endproc
	.cantunwind
	.fnend
                                        @ -- End function
	.section	.text.I2C_EnableTwoBufferMode,"ax",%progbits
	.hidden	I2C_EnableTwoBufferMode         @ -- Begin function I2C_EnableTwoBufferMode
	.globl	I2C_EnableTwoBufferMode
	.p2align	2
	.type	I2C_EnableTwoBufferMode,%function
	.code	16                              @ @I2C_EnableTwoBufferMode
	.thumb_func
I2C_EnableTwoBufferMode:
.Lfunc_begin18:
	.fnstart
	.cfi_startproc
@ %bb.0:
	@DEBUG_VALUE: I2C_EnableTwoBufferMode:i2c <- $r0
	@DEBUG_VALUE: I2C_EnableTwoBufferMode:u32BitCount <- $r1
	.loc	2 464 23 prologue_end           @ ../../../../Library/StdDriver/src/i2c.c:464:23
	ldr	r2, [r0]
	.loc	2 464 28 is_stmt 0              @ ../../../../Library/StdDriver/src/i2c.c:464:28
	bic	r2, r2, #60
	.loc	2 464 15                        @ ../../../../Library/StdDriver/src/i2c.c:464:15
	str	r2, [r0]
	.loc	2 465 18 is_stmt 1              @ ../../../../Library/StdDriver/src/i2c.c:465:18
	ldr	r2, [r0, #72]
	bic	r2, r2, #3145728
	str	r2, [r0, #72]
	.loc	2 468 15                        @ ../../../../Library/StdDriver/src/i2c.c:468:15
	ldr	r2, [r0, #68]
	orrs	r1, r2
.Ltmp107:
	@DEBUG_VALUE: I2C_EnableTwoBufferMode:u32BitCount <- [DW_OP_LLVM_entry_value 1] $r1
	orr	r1, r1, #3145728
	str	r1, [r0, #68]
	.loc	2 471 15                        @ ../../../../Library/StdDriver/src/i2c.c:471:15
	ldr	r1, [r0, #68]
	orr	r1, r1, #32
	str	r1, [r0, #68]
	.loc	2 472 1                         @ ../../../../Library/StdDriver/src/i2c.c:472:1
	bx	lr
.Ltmp108:
.Lfunc_end18:
	.size	I2C_EnableTwoBufferMode, .Lfunc_end18-I2C_EnableTwoBufferMode
	.cfi_endproc
	.cantunwind
	.fnend
                                        @ -- End function
	.section	.text.I2C_DisableTwoBufferMode,"ax",%progbits
	.hidden	I2C_DisableTwoBufferMode        @ -- Begin function I2C_DisableTwoBufferMode
	.globl	I2C_DisableTwoBufferMode
	.p2align	2
	.type	I2C_DisableTwoBufferMode,%function
	.code	16                              @ @I2C_DisableTwoBufferMode
	.thumb_func
I2C_DisableTwoBufferMode:
.Lfunc_begin19:
	.fnstart
	.cfi_startproc
@ %bb.0:
	@DEBUG_VALUE: I2C_DisableTwoBufferMode:i2c <- $r0
	.loc	2 487 15 prologue_end           @ ../../../../Library/StdDriver/src/i2c.c:487:15
	ldr	r1, [r0, #68]
	bic	r1, r1, #3342336
	str	r1, [r0, #68]
	.loc	2 490 15                        @ ../../../../Library/StdDriver/src/i2c.c:490:15
	ldr	r1, [r0, #68]
	bic	r1, r1, #32
	str	r1, [r0, #68]
	.loc	2 491 1                         @ ../../../../Library/StdDriver/src/i2c.c:491:1
	bx	lr
.Ltmp109:
.Lfunc_end19:
	.size	I2C_DisableTwoBufferMode, .Lfunc_end19-I2C_DisableTwoBufferMode
	.cfi_endproc
	.cantunwind
	.fnend
                                        @ -- End function
	.section	.text.I2C_SMBusGetStatus,"ax",%progbits
	.hidden	I2C_SMBusGetStatus              @ -- Begin function I2C_SMBusGetStatus
	.globl	I2C_SMBusGetStatus
	.p2align	2
	.type	I2C_SMBusGetStatus,%function
	.code	16                              @ @I2C_SMBusGetStatus
	.thumb_func
I2C_SMBusGetStatus:
.Lfunc_begin20:
	.fnstart
	.cfi_startproc
@ %bb.0:
	@DEBUG_VALUE: I2C_SMBusGetStatus:i2c <- $r0
	.loc	2 505 18 prologue_end           @ ../../../../Library/StdDriver/src/i2c.c:505:18
	ldr	r0, [r0, #88]
.Ltmp110:
	@DEBUG_VALUE: I2C_SMBusGetStatus:i2c <- [DW_OP_LLVM_entry_value 1] $r0
	.loc	2 505 5 is_stmt 0               @ ../../../../Library/StdDriver/src/i2c.c:505:5
	bx	lr
.Ltmp111:
.Lfunc_end20:
	.size	I2C_SMBusGetStatus, .Lfunc_end20-I2C_SMBusGetStatus
	.cfi_endproc
	.cantunwind
	.fnend
                                        @ -- End function
	.section	.text.I2C_SMBusClearInterruptFlag,"ax",%progbits
	.hidden	I2C_SMBusClearInterruptFlag     @ -- Begin function I2C_SMBusClearInterruptFlag
	.globl	I2C_SMBusClearInterruptFlag
	.p2align	2
	.type	I2C_SMBusClearInterruptFlag,%function
	.code	16                              @ @I2C_SMBusClearInterruptFlag
	.thumb_func
I2C_SMBusClearInterruptFlag:
.Lfunc_begin21:
	.fnstart
	.cfi_startproc
@ %bb.0:
	@DEBUG_VALUE: I2C_SMBusClearInterruptFlag:i2c <- $r0
	@DEBUG_VALUE: I2C_SMBusClearInterruptFlag:u8SMBusIntFlag <- $r1
	.loc	2 519 17 prologue_end is_stmt 1 @ ../../../../Library/StdDriver/src/i2c.c:519:17
	str	r1, [r0, #88]
	.loc	2 520 1                         @ ../../../../Library/StdDriver/src/i2c.c:520:1
	bx	lr
.Ltmp112:
.Lfunc_end21:
	.size	I2C_SMBusClearInterruptFlag, .Lfunc_end21-I2C_SMBusClearInterruptFlag
	.cfi_endproc
	.cantunwind
	.fnend
                                        @ -- End function
	.section	.text.I2C_SMBusSetPacketByteCount,"ax",%progbits
	.hidden	I2C_SMBusSetPacketByteCount     @ -- Begin function I2C_SMBusSetPacketByteCount
	.globl	I2C_SMBusSetPacketByteCount
	.p2align	2
	.type	I2C_SMBusSetPacketByteCount,%function
	.code	16                              @ @I2C_SMBusSetPacketByteCount
	.thumb_func
I2C_SMBusSetPacketByteCount:
.Lfunc_begin22:
	.fnstart
	.cfi_startproc
@ %bb.0:
	@DEBUG_VALUE: I2C_SMBusSetPacketByteCount:i2c <- $r0
	@DEBUG_VALUE: I2C_SMBusSetPacketByteCount:u32PktSize <- $r1
	.loc	2 533 18 prologue_end           @ ../../../../Library/StdDriver/src/i2c.c:533:18
	str	r1, [r0, #92]
	.loc	2 534 1                         @ ../../../../Library/StdDriver/src/i2c.c:534:1
	bx	lr
.Ltmp113:
.Lfunc_end22:
	.size	I2C_SMBusSetPacketByteCount, .Lfunc_end22-I2C_SMBusSetPacketByteCount
	.cfi_endproc
	.cantunwind
	.fnend
                                        @ -- End function
	.section	.text.I2C_SMBusOpen,"ax",%progbits
	.hidden	I2C_SMBusOpen                   @ -- Begin function I2C_SMBusOpen
	.globl	I2C_SMBusOpen
	.p2align	2
	.type	I2C_SMBusOpen,%function
	.code	16                              @ @I2C_SMBusOpen
	.thumb_func
I2C_SMBusOpen:
.Lfunc_begin23:
	.fnstart
	.cfi_startproc
@ %bb.0:
	@DEBUG_VALUE: I2C_SMBusOpen:i2c <- $r0
	@DEBUG_VALUE: I2C_SMBusOpen:u8HostDevice <- $r1
	.loc	2 548 17 prologue_end           @ ../../../../Library/StdDriver/src/i2c.c:548:17
	ldr	r2, [r0, #80]
	movs	r3, #132
	cmp	r1, #1
	bic	r2, r2, #12
	str	r2, [r0, #80]
.Ltmp114:
	.loc	2 0 0 is_stmt 0                 @ ../../../../Library/StdDriver/src/i2c.c:0:0
	ldr	r2, [r0, #80]
	it	eq
	moveq	r3, #136
	orr.w	r1, r2, r3
.Ltmp115:
	@DEBUG_VALUE: I2C_SMBusOpen:u8HostDevice <- [DW_OP_LLVM_entry_value 1] $r1
	str	r1, [r0, #80]
.Ltmp116:
	.loc	2 559 1 is_stmt 1               @ ../../../../Library/StdDriver/src/i2c.c:559:1
	bx	lr
.Ltmp117:
.Lfunc_end23:
	.size	I2C_SMBusOpen, .Lfunc_end23-I2C_SMBusOpen
	.cfi_endproc
	.cantunwind
	.fnend
                                        @ -- End function
	.section	.text.I2C_SMBusClose,"ax",%progbits
	.hidden	I2C_SMBusClose                  @ -- Begin function I2C_SMBusClose
	.globl	I2C_SMBusClose
	.p2align	2
	.type	I2C_SMBusClose,%function
	.code	16                              @ @I2C_SMBusClose
	.thumb_func
I2C_SMBusClose:
.Lfunc_begin24:
	.loc	2 570 0                         @ ../../../../Library/StdDriver/src/i2c.c:570:0
	.fnstart
	.cfi_startproc
@ %bb.0:
	@DEBUG_VALUE: I2C_SMBusClose:i2c <- $r0
	movs	r1, #0
.Ltmp118:
	.loc	2 572 17 prologue_end           @ ../../../../Library/StdDriver/src/i2c.c:572:17
	str	r1, [r0, #80]
	.loc	2 573 1                         @ ../../../../Library/StdDriver/src/i2c.c:573:1
	bx	lr
.Ltmp119:
.Lfunc_end24:
	.size	I2C_SMBusClose, .Lfunc_end24-I2C_SMBusClose
	.cfi_endproc
	.cantunwind
	.fnend
                                        @ -- End function
	.section	.text.I2C_SMBusPECTxEnable,"ax",%progbits
	.hidden	I2C_SMBusPECTxEnable            @ -- Begin function I2C_SMBusPECTxEnable
	.globl	I2C_SMBusPECTxEnable
	.p2align	2
	.type	I2C_SMBusPECTxEnable,%function
	.code	16                              @ @I2C_SMBusPECTxEnable
	.thumb_func
I2C_SMBusPECTxEnable:
.Lfunc_begin25:
	.fnstart
	.cfi_startproc
@ %bb.0:
	@DEBUG_VALUE: I2C_SMBusPECTxEnable:i2c <- $r0
	@DEBUG_VALUE: I2C_SMBusPECTxEnable:u8PECTxEn <- $r1
	.loc	2 586 17 prologue_end           @ ../../../../Library/StdDriver/src/i2c.c:586:17
	ldr	r2, [r0, #80]
	mov.w	r3, #258
	cmp	r1, #0
	bic	r2, r2, #256
	str	r2, [r0, #80]
.Ltmp120:
	.loc	2 0 0 is_stmt 0                 @ ../../../../Library/StdDriver/src/i2c.c:0:0
	ldr	r2, [r0, #80]
	it	eq
	moveq	r3, #2
	orr.w	r1, r2, r3
.Ltmp121:
	@DEBUG_VALUE: I2C_SMBusPECTxEnable:u8PECTxEn <- [DW_OP_LLVM_entry_value 1] $r1
	str	r1, [r0, #80]
.Ltmp122:
	.loc	2 596 1 is_stmt 1               @ ../../../../Library/StdDriver/src/i2c.c:596:1
	bx	lr
.Ltmp123:
.Lfunc_end25:
	.size	I2C_SMBusPECTxEnable, .Lfunc_end25-I2C_SMBusPECTxEnable
	.cfi_endproc
	.cantunwind
	.fnend
                                        @ -- End function
	.section	.text.I2C_SMBusGetPECValue,"ax",%progbits
	.hidden	I2C_SMBusGetPECValue            @ -- Begin function I2C_SMBusGetPECValue
	.globl	I2C_SMBusGetPECValue
	.p2align	2
	.type	I2C_SMBusGetPECValue,%function
	.code	16                              @ @I2C_SMBusGetPECValue
	.thumb_func
I2C_SMBusGetPECValue:
.Lfunc_begin26:
	.fnstart
	.cfi_startproc
@ %bb.0:
	@DEBUG_VALUE: I2C_SMBusGetPECValue:i2c <- $r0
	.loc	2 610 26 prologue_end           @ ../../../../Library/StdDriver/src/i2c.c:610:26
	ldr	r0, [r0, #96]
.Ltmp124:
	@DEBUG_VALUE: I2C_SMBusGetPECValue:i2c <- [DW_OP_LLVM_entry_value 1] $r0
	.loc	2 610 5 is_stmt 0               @ ../../../../Library/StdDriver/src/i2c.c:610:5
	uxtb	r0, r0
	bx	lr
.Ltmp125:
.Lfunc_end26:
	.size	I2C_SMBusGetPECValue, .Lfunc_end26-I2C_SMBusGetPECValue
	.cfi_endproc
	.cantunwind
	.fnend
                                        @ -- End function
	.section	.text.I2C_SMBusIdleTimeout,"ax",%progbits
	.hidden	I2C_SMBusIdleTimeout            @ -- Begin function I2C_SMBusIdleTimeout
	.globl	I2C_SMBusIdleTimeout
	.p2align	2
	.type	I2C_SMBusIdleTimeout,%function
	.code	16                              @ @I2C_SMBusIdleTimeout
	.thumb_func
I2C_SMBusIdleTimeout:
.Lfunc_begin27:
	.loc	2 625 0 is_stmt 1               @ ../../../../Library/StdDriver/src/i2c.c:625:0
	.fnstart
	.cfi_startproc
@ %bb.0:
	@DEBUG_VALUE: I2C_SMBusIdleTimeout:i2c <- $r0
	@DEBUG_VALUE: I2C_SMBusIdleTimeout:us <- $r1
	@DEBUG_VALUE: I2C_SMBusIdleTimeout:u32Hclk <- $r2
	movw	r12, #19923
	movt	r12, #4194
.Ltmp126:
	.loc	2 629 27 prologue_end           @ ../../../../Library/StdDriver/src/i2c.c:629:27
	umull	r2, r3, r2, r12
.Ltmp127:
	@DEBUG_VALUE: I2C_SMBusIdleTimeout:u32Hclk <- [DW_OP_LLVM_entry_value 1] $r2
	lsrs	r2, r3, #6
.Ltmp128:
	@DEBUG_VALUE: I2C_SMBusIdleTimeout:u32Hclk_kHz <- $r2
	.loc	2 0 27 is_stmt 0                @ ../../../../Library/StdDriver/src/i2c.c:0:27
	mov.w	r3, #-1
	.loc	2 630 20 is_stmt 1              @ ../../../../Library/StdDriver/src/i2c.c:630:20
	muls	r1, r2, r1
.Ltmp129:
	@DEBUG_VALUE: I2C_SMBusIdleTimeout:us <- [DW_OP_LLVM_entry_value 1] $r1
	.loc	2 630 35 is_stmt 0              @ ../../../../Library/StdDriver/src/i2c.c:630:35
	umull	r1, r2, r1, r12
.Ltmp130:
	.loc	2 628 17 is_stmt 1              @ ../../../../Library/StdDriver/src/i2c.c:628:17
	ldr	r1, [r0, #80]
	.loc	2 630 51                        @ ../../../../Library/StdDriver/src/i2c.c:630:51
	add.w	r2, r3, r2, lsr #8
.Ltmp131:
	@DEBUG_VALUE: I2C_SMBusIdleTimeout:u32Div <- $r2
	.loc	2 628 17                        @ ../../../../Library/StdDriver/src/i2c.c:628:17
	orr	r1, r1, #512
	cmp	r2, #255
	str	r1, [r0, #80]
	it	hs
	movhs	r2, #255
.Ltmp132:
	.loc	2 0 0 is_stmt 0                 @ ../../../../Library/StdDriver/src/i2c.c:0:0
	str	r2, [r0, #100]
.Ltmp133:
	.loc	2 641 1 is_stmt 1               @ ../../../../Library/StdDriver/src/i2c.c:641:1
	bx	lr
.Ltmp134:
.Lfunc_end27:
	.size	I2C_SMBusIdleTimeout, .Lfunc_end27-I2C_SMBusIdleTimeout
	.cfi_endproc
	.cantunwind
	.fnend
                                        @ -- End function
	.section	.text.I2C_SMBusTimeout,"ax",%progbits
	.hidden	I2C_SMBusTimeout                @ -- Begin function I2C_SMBusTimeout
	.globl	I2C_SMBusTimeout
	.p2align	2
	.type	I2C_SMBusTimeout,%function
	.code	16                              @ @I2C_SMBusTimeout
	.thumb_func
I2C_SMBusTimeout:
.Lfunc_begin28:
	.fnstart
	.cfi_startproc
@ %bb.0:
	@DEBUG_VALUE: I2C_SMBusTimeout:i2c <- $r0
	@DEBUG_VALUE: I2C_SMBusTimeout:ms <- $r1
	@DEBUG_VALUE: I2C_SMBusTimeout:u32Pclk <- $r2
	.loc	2 659 17 prologue_end           @ ../../../../Library/StdDriver/src/i2c.c:659:17
	ldr	r3, [r0, #80]
	bic	r12, r3, #512
	movw	r3, #19923
	movt	r3, #4194
	.loc	2 663 27                        @ ../../../../Library/StdDriver/src/i2c.c:663:27
	umull	r2, r3, r2, r3
.Ltmp135:
	@DEBUG_VALUE: I2C_SMBusTimeout:u32Pclk <- [DW_OP_LLVM_entry_value 1] $r2
	.loc	2 659 17                        @ ../../../../Library/StdDriver/src/i2c.c:659:17
	str.w	r12, [r0, #80]
	mov.w	r12, #-1
	.loc	2 663 27                        @ ../../../../Library/StdDriver/src/i2c.c:663:27
	lsrs	r2, r3, #6
.Ltmp136:
	@DEBUG_VALUE: I2C_SMBusTimeout:u32Pclk_kHz <- $r2
	.loc	2 664 19                        @ ../../../../Library/StdDriver/src/i2c.c:664:19
	muls	r1, r2, r1
.Ltmp137:
	@DEBUG_VALUE: I2C_SMBusTimeout:ms <- [DW_OP_LLVM_entry_value 1] $r1
	.loc	2 662 16                        @ ../../../../Library/StdDriver/src/i2c.c:662:16
	ldr	r2, [r0, #20]
.Ltmp138:
	.loc	2 664 51                        @ ../../../../Library/StdDriver/src/i2c.c:664:51
	add.w	r3, r12, r1, lsr #14
.Ltmp139:
	@DEBUG_VALUE: I2C_SMBusTimeout:u32Div <- $r3
	.loc	2 662 16                        @ ../../../../Library/StdDriver/src/i2c.c:662:16
	bic	r2, r2, #4
	.loc	2 666 9                         @ ../../../../Library/StdDriver/src/i2c.c:666:9
	cmp.w	r3, #256
	.loc	2 662 16                        @ ../../../../Library/StdDriver/src/i2c.c:662:16
	str	r2, [r0, #20]
	.loc	2 666 9                         @ ../../../../Library/StdDriver/src/i2c.c:666:9
	blo	.LBB28_2
.Ltmp140:
@ %bb.1:
	@DEBUG_VALUE: I2C_SMBusTimeout:u32Div <- $r3
	@DEBUG_VALUE: I2C_SMBusTimeout:ms <- [DW_OP_LLVM_entry_value 1] $r1
	@DEBUG_VALUE: I2C_SMBusTimeout:u32Pclk <- [DW_OP_LLVM_entry_value 1] $r2
	@DEBUG_VALUE: I2C_SMBusTimeout:i2c <- $r0
	.loc	2 673 20                        @ ../../../../Library/StdDriver/src/i2c.c:673:20
	ldr	r2, [r0, #20]
	.loc	2 674 67                        @ ../../../../Library/StdDriver/src/i2c.c:674:67
	add.w	r1, r12, r1, lsr #16
	.loc	2 673 20                        @ ../../../../Library/StdDriver/src/i2c.c:673:20
	orr	r2, r2, #4
	.loc	2 674 73                        @ ../../../../Library/StdDriver/src/i2c.c:674:73
	uxtb	r3, r1
.Ltmp141:
	.loc	2 673 20                        @ ../../../../Library/StdDriver/src/i2c.c:673:20
	str	r2, [r0, #20]
.Ltmp142:
.LBB28_2:
	@DEBUG_VALUE: I2C_SMBusTimeout:ms <- [DW_OP_LLVM_entry_value 1] $r1
	@DEBUG_VALUE: I2C_SMBusTimeout:u32Pclk <- [DW_OP_LLVM_entry_value 1] $r2
	@DEBUG_VALUE: I2C_SMBusTimeout:i2c <- $r0
	.loc	2 0 0 is_stmt 0                 @ ../../../../Library/StdDriver/src/i2c.c:0:0
	str	r3, [r0, #100]
.Ltmp143:
	.loc	2 676 1 is_stmt 1               @ ../../../../Library/StdDriver/src/i2c.c:676:1
	bx	lr
.Ltmp144:
.Lfunc_end28:
	.size	I2C_SMBusTimeout, .Lfunc_end28-I2C_SMBusTimeout
	.cfi_endproc
	.cantunwind
	.fnend
                                        @ -- End function
	.section	.text.I2C_SMBusClockLoTimeout,"ax",%progbits
	.hidden	I2C_SMBusClockLoTimeout         @ -- Begin function I2C_SMBusClockLoTimeout
	.globl	I2C_SMBusClockLoTimeout
	.p2align	2
	.type	I2C_SMBusClockLoTimeout,%function
	.code	16                              @ @I2C_SMBusClockLoTimeout
	.thumb_func
I2C_SMBusClockLoTimeout:
.Lfunc_begin29:
	.fnstart
	.cfi_startproc
@ %bb.0:
	@DEBUG_VALUE: I2C_SMBusClockLoTimeout:i2c <- $r0
	@DEBUG_VALUE: I2C_SMBusClockLoTimeout:ms <- $r1
	@DEBUG_VALUE: I2C_SMBusClockLoTimeout:u32Pclk <- $r2
	.loc	2 694 17 prologue_end           @ ../../../../Library/StdDriver/src/i2c.c:694:17
	ldr	r3, [r0, #80]
	bic	r12, r3, #512
	movw	r3, #19923
	movt	r3, #4194
	.loc	2 698 27                        @ ../../../../Library/StdDriver/src/i2c.c:698:27
	umull	r2, r3, r2, r3
.Ltmp145:
	@DEBUG_VALUE: I2C_SMBusClockLoTimeout:u32Pclk <- [DW_OP_LLVM_entry_value 1] $r2
	.loc	2 694 17                        @ ../../../../Library/StdDriver/src/i2c.c:694:17
	str.w	r12, [r0, #80]
	mov.w	r12, #-1
	.loc	2 698 27                        @ ../../../../Library/StdDriver/src/i2c.c:698:27
	lsrs	r2, r3, #6
.Ltmp146:
	@DEBUG_VALUE: I2C_SMBusClockLoTimeout:u32Pclk_kHz <- $r2
	.loc	2 699 19                        @ ../../../../Library/StdDriver/src/i2c.c:699:19
	muls	r1, r2, r1
.Ltmp147:
	@DEBUG_VALUE: I2C_SMBusClockLoTimeout:ms <- [DW_OP_LLVM_entry_value 1] $r1
	.loc	2 697 16                        @ ../../../../Library/StdDriver/src/i2c.c:697:16
	ldr	r2, [r0, #20]
.Ltmp148:
	.loc	2 699 51                        @ ../../../../Library/StdDriver/src/i2c.c:699:51
	add.w	r3, r12, r1, lsr #14
.Ltmp149:
	@DEBUG_VALUE: I2C_SMBusClockLoTimeout:u32Div <- $r3
	.loc	2 697 16                        @ ../../../../Library/StdDriver/src/i2c.c:697:16
	bic	r2, r2, #4
	.loc	2 701 9                         @ ../../../../Library/StdDriver/src/i2c.c:701:9
	cmp.w	r3, #256
	.loc	2 697 16                        @ ../../../../Library/StdDriver/src/i2c.c:697:16
	str	r2, [r0, #20]
	.loc	2 701 9                         @ ../../../../Library/StdDriver/src/i2c.c:701:9
	blo	.LBB29_2
.Ltmp150:
@ %bb.1:
	@DEBUG_VALUE: I2C_SMBusClockLoTimeout:u32Div <- $r3
	@DEBUG_VALUE: I2C_SMBusClockLoTimeout:ms <- [DW_OP_LLVM_entry_value 1] $r1
	@DEBUG_VALUE: I2C_SMBusClockLoTimeout:u32Pclk <- [DW_OP_LLVM_entry_value 1] $r2
	@DEBUG_VALUE: I2C_SMBusClockLoTimeout:i2c <- $r0
	.loc	2 708 20                        @ ../../../../Library/StdDriver/src/i2c.c:708:20
	ldr	r2, [r0, #20]
	.loc	2 709 67                        @ ../../../../Library/StdDriver/src/i2c.c:709:67
	add.w	r1, r12, r1, lsr #16
	.loc	2 708 20                        @ ../../../../Library/StdDriver/src/i2c.c:708:20
	orr	r2, r2, #4
	.loc	2 709 73                        @ ../../../../Library/StdDriver/src/i2c.c:709:73
	uxtb	r3, r1
.Ltmp151:
	.loc	2 708 20                        @ ../../../../Library/StdDriver/src/i2c.c:708:20
	str	r2, [r0, #20]
.Ltmp152:
.LBB29_2:
	@DEBUG_VALUE: I2C_SMBusClockLoTimeout:ms <- [DW_OP_LLVM_entry_value 1] $r1
	@DEBUG_VALUE: I2C_SMBusClockLoTimeout:u32Pclk <- [DW_OP_LLVM_entry_value 1] $r2
	@DEBUG_VALUE: I2C_SMBusClockLoTimeout:i2c <- $r0
	.loc	2 0 0 is_stmt 0                 @ ../../../../Library/StdDriver/src/i2c.c:0:0
	str	r3, [r0, #104]
.Ltmp153:
	.loc	2 711 1 is_stmt 1               @ ../../../../Library/StdDriver/src/i2c.c:711:1
	bx	lr
.Ltmp154:
.Lfunc_end29:
	.size	I2C_SMBusClockLoTimeout, .Lfunc_end29-I2C_SMBusClockLoTimeout
	.cfi_endproc
	.cantunwind
	.fnend
                                        @ -- End function
	.section	.text.I2C_WriteByte,"ax",%progbits
	.hidden	I2C_WriteByte                   @ -- Begin function I2C_WriteByte
	.globl	I2C_WriteByte
	.p2align	2
	.type	I2C_WriteByte,%function
	.code	16                              @ @I2C_WriteByte
	.thumb_func
I2C_WriteByte:
.Lfunc_begin30:
	.loc	2 731 0                         @ ../../../../Library/StdDriver/src/i2c.c:731:0
	.fnstart
	.cfi_startproc
@ %bb.0:
	@DEBUG_VALUE: I2C_WriteByte:i2c <- $r0
	@DEBUG_VALUE: I2C_WriteByte:u8SlaveAddr <- $r1
	.save	{r7, lr}
	push	{r7, lr}
	.cfi_def_cfa_offset 8
	.cfi_offset lr, -4
	.cfi_offset r7, -8
	.pad	#8
	sub	sp, #8
	.cfi_def_cfa_offset 16
	strb.w	r2, [sp, #7]
	add.w	r2, sp, #7
.Ltmp155:
	.loc	2 732 25 prologue_end           @ ../../../../Library/StdDriver/src/i2c.c:732:25
	movs	r3, #1
	bl	I2C_WriteMultiBytes
.Ltmp156:
	@DEBUG_VALUE: I2C_WriteByte:u8SlaveAddr <- [DW_OP_LLVM_entry_value 1] $r1
	@DEBUG_VALUE: I2C_WriteByte:i2c <- [DW_OP_LLVM_entry_value 1] $r0
	@DEBUG_VALUE: I2C_WriteByte:u32txLen <- $r0
	.loc	2 734 18                        @ ../../../../Library/StdDriver/src/i2c.c:734:18
	cmp	r0, #1
	cset	r0, ne
.Ltmp157:
	.loc	2 742 1 epilogue_begin          @ ../../../../Library/StdDriver/src/i2c.c:742:1
	add	sp, #8
	pop	{r7, pc}
.Ltmp158:
.Lfunc_end30:
	.size	I2C_WriteByte, .Lfunc_end30-I2C_WriteByte
	.cfi_endproc
	.cantunwind
	.fnend
                                        @ -- End function
	.section	.text.I2C_WriteMultiBytes,"ax",%progbits
	.hidden	I2C_WriteMultiBytes             @ -- Begin function I2C_WriteMultiBytes
	.globl	I2C_WriteMultiBytes
	.p2align	2
	.type	I2C_WriteMultiBytes,%function
	.code	16                              @ @I2C_WriteMultiBytes
	.thumb_func
I2C_WriteMultiBytes:
.Lfunc_begin31:
	.loc	2 761 0                         @ ../../../../Library/StdDriver/src/i2c.c:761:0
	.fnstart
	.cfi_startproc
@ %bb.0:
	@DEBUG_VALUE: I2C_WriteMultiBytes:i2c <- $r0
	@DEBUG_VALUE: I2C_WriteMultiBytes:u8SlaveAddr <- $r1
	@DEBUG_VALUE: I2C_WriteMultiBytes:data <- $r2
	@DEBUG_VALUE: I2C_WriteMultiBytes:u32wLen <- $r3
	.save	{r4, r5, r6, r7, r8, r9, r10, r11, lr}
	push.w	{r4, r5, r6, r7, r8, r9, r10, r11, lr}
	.cfi_def_cfa_offset 36
	.cfi_offset lr, -4
	.cfi_offset r11, -8
	.cfi_offset r10, -12
	.cfi_offset r9, -16
	.cfi_offset r8, -20
	.cfi_offset r7, -24
	.cfi_offset r6, -28
	.cfi_offset r5, -32
	.cfi_offset r4, -36
	.pad	#4
	sub	sp, #4
	.cfi_def_cfa_offset 40
.Ltmp159:
	.loc	2 765 22 prologue_end           @ ../../../../Library/StdDriver/src/i2c.c:765:22
	movw	lr, :lower16:g_I2C_i32ErrCode
	mov.w	r12, #0
	movt	lr, :upper16:g_I2C_i32ErrCode
	movw	r11, :lower16:SystemCoreClock
	str	r2, [sp]                        @ 4-byte Spill
.Ltmp160:
	@DEBUG_VALUE: I2C_WriteMultiBytes:data <- [$sp+0]
	@DEBUG_VALUE: I2C_WriteMultiBytes:u32TimeOutCount <- 0
	@DEBUG_VALUE: I2C_WriteMultiBytes:u32txLen <- 0
	@DEBUG_VALUE: I2C_WriteMultiBytes:u8Ctrl <- 0
	@DEBUG_VALUE: I2C_WriteMultiBytes:u8Err <- 0
	@DEBUG_VALUE: I2C_WriteMultiBytes:u8Xfering <- 1
	@DEBUG_VALUE: I2C_WriteMultiBytes:data <- [$sp+0]
	.loc	2 0 22 is_stmt 0                @ ../../../../Library/StdDriver/src/i2c.c:0:22
	movs	r5, #1
	.loc	2 765 22                        @ ../../../../Library/StdDriver/src/i2c.c:765:22
	str.w	r12, [lr]
	movs	r6, #0
	.loc	2 767 5 is_stmt 1               @ ../../../../Library/StdDriver/src/i2c.c:767:5
	ldr	r4, [r0]
	lsls	r1, r1, #1
.Ltmp161:
	@DEBUG_VALUE: I2C_WriteMultiBytes:u8SlaveAddr <- [DW_OP_LLVM_entry_value 1] $r1
	orr	r4, r4, #32
	uxtb	r2, r1
	bic	r4, r4, #8
	movt	r11, :upper16:SystemCoreClock
	mvn	r10, #1
	str	r4, [r0]
.Ltmp162:
	.loc	2 0 5 is_stmt 0                 @ :0:5
.Ltmp163:
	.p2align	2
.LBB31_1:                               @ =>This Loop Header: Depth=1
                                        @     Child Loop BB31_2 Depth 2
	@DEBUG_VALUE: I2C_WriteMultiBytes:u8SlaveAddr <- [DW_OP_LLVM_entry_value 1] $r1
	@DEBUG_VALUE: I2C_WriteMultiBytes:data <- [$sp+0]
	@DEBUG_VALUE: I2C_WriteMultiBytes:u32wLen <- $r3
	@DEBUG_VALUE: I2C_WriteMultiBytes:i2c <- $r0
	@DEBUG_VALUE: I2C_WriteMultiBytes:u8Xfering <- $r5
	@DEBUG_VALUE: I2C_WriteMultiBytes:u8Err <- 0
	@DEBUG_VALUE: I2C_WriteMultiBytes:u8Ctrl <- $r6
	@DEBUG_VALUE: I2C_WriteMultiBytes:u32txLen <- $r12
	.loc	2 771 27 is_stmt 1              @ ../../../../Library/StdDriver/src/i2c.c:771:27
	ldr.w	r1, [r11]
.Ltmp164:
	@DEBUG_VALUE: I2C_WriteMultiBytes:u32TimeOutCount <- $r1
.LBB31_2:                               @   Parent Loop BB31_1 Depth=1
                                        @ =>  This Inner Loop Header: Depth=2
	@DEBUG_VALUE: I2C_WriteMultiBytes:u32TimeOutCount <- $r1
	@DEBUG_VALUE: I2C_WriteMultiBytes:u32txLen <- $r12
	@DEBUG_VALUE: I2C_WriteMultiBytes:u8Ctrl <- $r6
	@DEBUG_VALUE: I2C_WriteMultiBytes:u8Xfering <- $r5
	@DEBUG_VALUE: I2C_WriteMultiBytes:u8SlaveAddr <- [DW_OP_LLVM_entry_value 1] $r1
	@DEBUG_VALUE: I2C_WriteMultiBytes:data <- [$sp+0]
	@DEBUG_VALUE: I2C_WriteMultiBytes:u8Err <- 0
	@DEBUG_VALUE: I2C_WriteMultiBytes:u32wLen <- $r3
	@DEBUG_VALUE: I2C_WriteMultiBytes:i2c <- $r0
	@DEBUG_VALUE: I2C_WriteMultiBytes:u32TimeOutCount <- $r1
	.loc	2 772 9                         @ ../../../../Library/StdDriver/src/i2c.c:772:9
	ldr	r4, [r0]
	lsls	r4, r4, #28
	bmi	.LBB31_11
.Ltmp165:
@ %bb.3:                                @   in Loop: Header=BB31_2 Depth=2
	@DEBUG_VALUE: I2C_WriteMultiBytes:u32TimeOutCount <- $r1
	@DEBUG_VALUE: I2C_WriteMultiBytes:u32txLen <- $r12
	@DEBUG_VALUE: I2C_WriteMultiBytes:u8Ctrl <- $r6
	@DEBUG_VALUE: I2C_WriteMultiBytes:u8Xfering <- $r5
	@DEBUG_VALUE: I2C_WriteMultiBytes:u8SlaveAddr <- [DW_OP_LLVM_entry_value 1] $r1
	@DEBUG_VALUE: I2C_WriteMultiBytes:data <- [$sp+0]
	@DEBUG_VALUE: I2C_WriteMultiBytes:u8Err <- 0
	@DEBUG_VALUE: I2C_WriteMultiBytes:u32wLen <- $r3
	@DEBUG_VALUE: I2C_WriteMultiBytes:i2c <- $r0
	@DEBUG_VALUE: I2C_WriteMultiBytes:u32TimeOutCount <- [DW_OP_constu 1, DW_OP_minus, DW_OP_stack_value] $r1
	.loc	2 774 17                        @ ../../../../Library/StdDriver/src/i2c.c:774:17
	cmp	r1, #1
	beq	.LBB31_10
.Ltmp166:
@ %bb.4:                                @   in Loop: Header=BB31_2 Depth=2
	@DEBUG_VALUE: I2C_WriteMultiBytes:u32TimeOutCount <- [DW_OP_constu 1, DW_OP_minus, DW_OP_stack_value] $r1
	@DEBUG_VALUE: I2C_WriteMultiBytes:u32txLen <- $r12
	@DEBUG_VALUE: I2C_WriteMultiBytes:u8Ctrl <- $r6
	@DEBUG_VALUE: I2C_WriteMultiBytes:u8Xfering <- $r5
	@DEBUG_VALUE: I2C_WriteMultiBytes:u8SlaveAddr <- [DW_OP_LLVM_entry_value 1] $r1
	@DEBUG_VALUE: I2C_WriteMultiBytes:data <- [$sp+0]
	@DEBUG_VALUE: I2C_WriteMultiBytes:u8Err <- 0
	@DEBUG_VALUE: I2C_WriteMultiBytes:u32wLen <- $r3
	@DEBUG_VALUE: I2C_WriteMultiBytes:i2c <- $r0
	@DEBUG_VALUE: I2C_WriteMultiBytes:u32TimeOutCount <- [DW_OP_constu 1, DW_OP_minus, DW_OP_stack_value] $r1
	.loc	2 772 9                         @ ../../../../Library/StdDriver/src/i2c.c:772:9
	ldr	r4, [r0]
	lsls	r4, r4, #28
	bmi	.LBB31_11
.Ltmp167:
@ %bb.5:                                @   in Loop: Header=BB31_2 Depth=2
	@DEBUG_VALUE: I2C_WriteMultiBytes:u32TimeOutCount <- [DW_OP_constu 1, DW_OP_minus, DW_OP_stack_value] $r1
	@DEBUG_VALUE: I2C_WriteMultiBytes:u32txLen <- $r12
	@DEBUG_VALUE: I2C_WriteMultiBytes:u8Ctrl <- $r6
	@DEBUG_VALUE: I2C_WriteMultiBytes:u8Xfering <- $r5
	@DEBUG_VALUE: I2C_WriteMultiBytes:u8SlaveAddr <- [DW_OP_LLVM_entry_value 1] $r1
	@DEBUG_VALUE: I2C_WriteMultiBytes:data <- [$sp+0]
	@DEBUG_VALUE: I2C_WriteMultiBytes:u8Err <- 0
	@DEBUG_VALUE: I2C_WriteMultiBytes:u32wLen <- $r3
	@DEBUG_VALUE: I2C_WriteMultiBytes:i2c <- $r0
	@DEBUG_VALUE: I2C_WriteMultiBytes:u32TimeOutCount <- [DW_OP_constu 2, DW_OP_minus, DW_OP_stack_value] $r1
	.loc	2 774 17                        @ ../../../../Library/StdDriver/src/i2c.c:774:17
	cmp	r1, #2
	beq	.LBB31_10
.Ltmp168:
@ %bb.6:                                @   in Loop: Header=BB31_2 Depth=2
	@DEBUG_VALUE: I2C_WriteMultiBytes:u32TimeOutCount <- [DW_OP_constu 2, DW_OP_minus, DW_OP_stack_value] $r1
	@DEBUG_VALUE: I2C_WriteMultiBytes:u32txLen <- $r12
	@DEBUG_VALUE: I2C_WriteMultiBytes:u8Ctrl <- $r6
	@DEBUG_VALUE: I2C_WriteMultiBytes:u8Xfering <- $r5
	@DEBUG_VALUE: I2C_WriteMultiBytes:u8SlaveAddr <- [DW_OP_LLVM_entry_value 1] $r1
	@DEBUG_VALUE: I2C_WriteMultiBytes:data <- [$sp+0]
	@DEBUG_VALUE: I2C_WriteMultiBytes:u8Err <- 0
	@DEBUG_VALUE: I2C_WriteMultiBytes:u32wLen <- $r3
	@DEBUG_VALUE: I2C_WriteMultiBytes:i2c <- $r0
	@DEBUG_VALUE: I2C_WriteMultiBytes:u32TimeOutCount <- [DW_OP_constu 2, DW_OP_minus, DW_OP_stack_value] $r1
	.loc	2 772 9                         @ ../../../../Library/StdDriver/src/i2c.c:772:9
	ldr	r4, [r0]
	lsls	r4, r4, #28
	bmi	.LBB31_11
.Ltmp169:
@ %bb.7:                                @   in Loop: Header=BB31_2 Depth=2
	@DEBUG_VALUE: I2C_WriteMultiBytes:u32TimeOutCount <- [DW_OP_constu 2, DW_OP_minus, DW_OP_stack_value] $r1
	@DEBUG_VALUE: I2C_WriteMultiBytes:u32txLen <- $r12
	@DEBUG_VALUE: I2C_WriteMultiBytes:u8Ctrl <- $r6
	@DEBUG_VALUE: I2C_WriteMultiBytes:u8Xfering <- $r5
	@DEBUG_VALUE: I2C_WriteMultiBytes:u8SlaveAddr <- [DW_OP_LLVM_entry_value 1] $r1
	@DEBUG_VALUE: I2C_WriteMultiBytes:data <- [$sp+0]
	@DEBUG_VALUE: I2C_WriteMultiBytes:u8Err <- 0
	@DEBUG_VALUE: I2C_WriteMultiBytes:u32wLen <- $r3
	@DEBUG_VALUE: I2C_WriteMultiBytes:i2c <- $r0
	@DEBUG_VALUE: I2C_WriteMultiBytes:u32TimeOutCount <- [DW_OP_constu 3, DW_OP_minus, DW_OP_stack_value] $r1
	.loc	2 774 17                        @ ../../../../Library/StdDriver/src/i2c.c:774:17
	cmp	r1, #3
	beq	.LBB31_10
.Ltmp170:
@ %bb.8:                                @   in Loop: Header=BB31_2 Depth=2
	@DEBUG_VALUE: I2C_WriteMultiBytes:u32TimeOutCount <- [DW_OP_constu 3, DW_OP_minus, DW_OP_stack_value] $r1
	@DEBUG_VALUE: I2C_WriteMultiBytes:u32txLen <- $r12
	@DEBUG_VALUE: I2C_WriteMultiBytes:u8Ctrl <- $r6
	@DEBUG_VALUE: I2C_WriteMultiBytes:u8Xfering <- $r5
	@DEBUG_VALUE: I2C_WriteMultiBytes:u8SlaveAddr <- [DW_OP_LLVM_entry_value 1] $r1
	@DEBUG_VALUE: I2C_WriteMultiBytes:data <- [$sp+0]
	@DEBUG_VALUE: I2C_WriteMultiBytes:u8Err <- 0
	@DEBUG_VALUE: I2C_WriteMultiBytes:u32wLen <- $r3
	@DEBUG_VALUE: I2C_WriteMultiBytes:i2c <- $r0
	@DEBUG_VALUE: I2C_WriteMultiBytes:u32TimeOutCount <- [DW_OP_constu 3, DW_OP_minus, DW_OP_stack_value] $r1
	.loc	2 772 9                         @ ../../../../Library/StdDriver/src/i2c.c:772:9
	ldr	r4, [r0]
	lsls	r4, r4, #28
	bmi	.LBB31_11
.Ltmp171:
@ %bb.9:                                @   in Loop: Header=BB31_2 Depth=2
	@DEBUG_VALUE: I2C_WriteMultiBytes:u32TimeOutCount <- [DW_OP_constu 3, DW_OP_minus, DW_OP_stack_value] $r1
	@DEBUG_VALUE: I2C_WriteMultiBytes:u32txLen <- $r12
	@DEBUG_VALUE: I2C_WriteMultiBytes:u8Ctrl <- $r6
	@DEBUG_VALUE: I2C_WriteMultiBytes:u8Xfering <- $r5
	@DEBUG_VALUE: I2C_WriteMultiBytes:u8SlaveAddr <- [DW_OP_LLVM_entry_value 1] $r1
	@DEBUG_VALUE: I2C_WriteMultiBytes:data <- [$sp+0]
	@DEBUG_VALUE: I2C_WriteMultiBytes:u8Err <- 0
	@DEBUG_VALUE: I2C_WriteMultiBytes:u32wLen <- $r3
	@DEBUG_VALUE: I2C_WriteMultiBytes:i2c <- $r0
	.loc	2 774 17                        @ ../../../../Library/StdDriver/src/i2c.c:774:17
	subs	r1, #4
.Ltmp172:
	@DEBUG_VALUE: I2C_WriteMultiBytes:u32TimeOutCount <- $r1
	.loc	2 774 17 is_stmt 0              @ ../../../../Library/StdDriver/src/i2c.c:774:17
	bne	.LBB31_2
.Ltmp173:
.LBB31_10:                              @   in Loop: Header=BB31_1 Depth=1
	@DEBUG_VALUE: I2C_WriteMultiBytes:u32txLen <- $r12
	@DEBUG_VALUE: I2C_WriteMultiBytes:u8Ctrl <- $r6
	@DEBUG_VALUE: I2C_WriteMultiBytes:u8Xfering <- $r5
	@DEBUG_VALUE: I2C_WriteMultiBytes:u8SlaveAddr <- [DW_OP_LLVM_entry_value 1] $r1
	@DEBUG_VALUE: I2C_WriteMultiBytes:data <- [$sp+0]
	@DEBUG_VALUE: I2C_WriteMultiBytes:u8Err <- 0
	@DEBUG_VALUE: I2C_WriteMultiBytes:u32wLen <- $r3
	@DEBUG_VALUE: I2C_WriteMultiBytes:i2c <- $r0
	.loc	2 0 17                          @ ../../../../Library/StdDriver/src/i2c.c:0:17
	movs	r4, #1
.Ltmp174:
	@DEBUG_VALUE: I2C_WriteMultiBytes:u8Err <- 1
	.loc	2 776 34 is_stmt 1              @ ../../../../Library/StdDriver/src/i2c.c:776:34
	str.w	r10, [lr]
	b	.LBB31_12
.Ltmp175:
	.loc	2 0 34 is_stmt 0                @ :0:34
.Ltmp176:
	.p2align	2
.LBB31_11:                              @   in Loop: Header=BB31_1 Depth=1
	@DEBUG_VALUE: I2C_WriteMultiBytes:u32txLen <- $r12
	@DEBUG_VALUE: I2C_WriteMultiBytes:u8Ctrl <- $r6
	@DEBUG_VALUE: I2C_WriteMultiBytes:u8Xfering <- $r5
	@DEBUG_VALUE: I2C_WriteMultiBytes:u8SlaveAddr <- [DW_OP_LLVM_entry_value 1] $r1
	@DEBUG_VALUE: I2C_WriteMultiBytes:data <- [$sp+0]
	@DEBUG_VALUE: I2C_WriteMultiBytes:u8Err <- 0
	@DEBUG_VALUE: I2C_WriteMultiBytes:u32wLen <- $r3
	@DEBUG_VALUE: I2C_WriteMultiBytes:i2c <- $r0
	movs	r4, #0
.Ltmp177:
.LBB31_12:                              @   in Loop: Header=BB31_1 Depth=1
	@DEBUG_VALUE: I2C_WriteMultiBytes:u32txLen <- $r12
	@DEBUG_VALUE: I2C_WriteMultiBytes:u8Ctrl <- $r6
	@DEBUG_VALUE: I2C_WriteMultiBytes:u8Xfering <- $r5
	@DEBUG_VALUE: I2C_WriteMultiBytes:u8SlaveAddr <- [DW_OP_LLVM_entry_value 1] $r1
	@DEBUG_VALUE: I2C_WriteMultiBytes:data <- [$sp+0]
	@DEBUG_VALUE: I2C_WriteMultiBytes:u32wLen <- $r3
	@DEBUG_VALUE: I2C_WriteMultiBytes:i2c <- $r0
	@DEBUG_VALUE: I2C_WriteMultiBytes:u8Err <- $r4
	.loc	2 782 17 is_stmt 1              @ ../../../../Library/StdDriver/src/i2c.c:782:17
	ldr	r1, [r0, #12]
	.loc	2 782 9 is_stmt 0               @ ../../../../Library/StdDriver/src/i2c.c:782:9
	subs	r1, #8
	ror.w	r8, r1, #3
	cmp.w	r8, #5
	bhi	.LBB31_19
.Ltmp178:
@ %bb.13:                               @   in Loop: Header=BB31_1 Depth=1
	@DEBUG_VALUE: I2C_WriteMultiBytes:u8Err <- $r4
	@DEBUG_VALUE: I2C_WriteMultiBytes:u32txLen <- $r12
	@DEBUG_VALUE: I2C_WriteMultiBytes:u8Ctrl <- $r6
	@DEBUG_VALUE: I2C_WriteMultiBytes:u8Xfering <- $r5
	@DEBUG_VALUE: I2C_WriteMultiBytes:u8SlaveAddr <- [DW_OP_LLVM_entry_value 1] $r1
	@DEBUG_VALUE: I2C_WriteMultiBytes:data <- [$sp+0]
	@DEBUG_VALUE: I2C_WriteMultiBytes:u32wLen <- $r3
	@DEBUG_VALUE: I2C_WriteMultiBytes:i2c <- $r0
	.loc	2 0 9                           @ ../../../../Library/StdDriver/src/i2c.c:0:9
	movs	r7, #24
	movs	r1, #1
	.loc	2 782 9                         @ ../../../../Library/StdDriver/src/i2c.c:782:9
.LCPI31_0:
	tbb	[pc, r8]
.Ltmp179:
@ %bb.14:
	.loc	2 0 9                           @ ../../../../Library/StdDriver/src/i2c.c:0:9
.LJTI31_0:
	.byte	(.LBB31_17-(.LCPI31_0+4))/2
	.byte	(.LBB31_19-(.LCPI31_0+4))/2
	.byte	(.LBB31_15-(.LCPI31_0+4))/2
	.byte	(.LBB31_20-(.LCPI31_0+4))/2
	.byte	(.LBB31_15-(.LCPI31_0+4))/2
	.byte	(.LBB31_20-(.LCPI31_0+4))/2
	.p2align	1
.LBB31_15:                              @   in Loop: Header=BB31_1 Depth=1
.Ltmp180:
	@DEBUG_VALUE: I2C_WriteMultiBytes:u8Err <- $r4
	@DEBUG_VALUE: I2C_WriteMultiBytes:u32txLen <- $r12
	@DEBUG_VALUE: I2C_WriteMultiBytes:u8Ctrl <- $r6
	@DEBUG_VALUE: I2C_WriteMultiBytes:u8Xfering <- $r5
	@DEBUG_VALUE: I2C_WriteMultiBytes:u8SlaveAddr <- [DW_OP_LLVM_entry_value 1] $r1
	@DEBUG_VALUE: I2C_WriteMultiBytes:data <- [$sp+0]
	@DEBUG_VALUE: I2C_WriteMultiBytes:u32wLen <- $r3
	@DEBUG_VALUE: I2C_WriteMultiBytes:i2c <- $r0
	.loc	2 791 21 is_stmt 1              @ ../../../../Library/StdDriver/src/i2c.c:791:21
	cmp	r12, r3
	bhs	.LBB31_18
.Ltmp181:
@ %bb.16:                               @   in Loop: Header=BB31_1 Depth=1
	@DEBUG_VALUE: I2C_WriteMultiBytes:u8Err <- $r4
	@DEBUG_VALUE: I2C_WriteMultiBytes:u32txLen <- $r12
	@DEBUG_VALUE: I2C_WriteMultiBytes:u8Ctrl <- $r6
	@DEBUG_VALUE: I2C_WriteMultiBytes:u8Xfering <- $r5
	@DEBUG_VALUE: I2C_WriteMultiBytes:u8SlaveAddr <- [DW_OP_LLVM_entry_value 1] $r1
	@DEBUG_VALUE: I2C_WriteMultiBytes:data <- [$sp+0]
	@DEBUG_VALUE: I2C_WriteMultiBytes:u32wLen <- $r3
	@DEBUG_VALUE: I2C_WriteMultiBytes:i2c <- $r0
	.loc	2 793 21                        @ ../../../../Library/StdDriver/src/i2c.c:793:21
	ldr	r1, [sp]                        @ 4-byte Reload
	mov	r7, r6
.Ltmp182:
	@DEBUG_VALUE: I2C_WriteMultiBytes:u8Ctrl <- $r7
	ldrb.w	r1, [r1, r12]
	add.w	r12, r12, #1
.Ltmp183:
	@DEBUG_VALUE: I2C_WriteMultiBytes:u32txLen <- $r12
	str	r1, [r0, #8]
	mov	r1, r4
	.loc	2 794 17                        @ ../../../../Library/StdDriver/src/i2c.c:794:17
	b	.LBB31_20
.Ltmp184:
.LBB31_17:                              @   in Loop: Header=BB31_1 Depth=1
	@DEBUG_VALUE: I2C_WriteMultiBytes:u8Err <- $r4
	@DEBUG_VALUE: I2C_WriteMultiBytes:u32txLen <- $r12
	@DEBUG_VALUE: I2C_WriteMultiBytes:u8Ctrl <- $r6
	@DEBUG_VALUE: I2C_WriteMultiBytes:u8Xfering <- $r5
	@DEBUG_VALUE: I2C_WriteMultiBytes:u8SlaveAddr <- [DW_OP_LLVM_entry_value 1] $r1
	@DEBUG_VALUE: I2C_WriteMultiBytes:data <- [$sp+0]
	@DEBUG_VALUE: I2C_WriteMultiBytes:u32wLen <- $r3
	@DEBUG_VALUE: I2C_WriteMultiBytes:i2c <- $r0
	.loc	2 785 17                        @ ../../../../Library/StdDriver/src/i2c.c:785:17
	str	r2, [r0, #8]
	movs	r7, #8
.Ltmp185:
	@DEBUG_VALUE: I2C_WriteMultiBytes:u8Ctrl <- 8
	.loc	2 0 17 is_stmt 0                @ ../../../../Library/StdDriver/src/i2c.c:0:17
	mov	r1, r4
.Ltmp186:
	.loc	2 794 17 is_stmt 1              @ ../../../../Library/StdDriver/src/i2c.c:794:17
	b	.LBB31_20
.Ltmp187:
.LBB31_18:                              @   in Loop: Header=BB31_1 Depth=1
	@DEBUG_VALUE: I2C_WriteMultiBytes:u8Err <- $r4
	@DEBUG_VALUE: I2C_WriteMultiBytes:u32txLen <- $r12
	@DEBUG_VALUE: I2C_WriteMultiBytes:u8Ctrl <- $r6
	@DEBUG_VALUE: I2C_WriteMultiBytes:u8Xfering <- $r5
	@DEBUG_VALUE: I2C_WriteMultiBytes:u8SlaveAddr <- [DW_OP_LLVM_entry_value 1] $r1
	@DEBUG_VALUE: I2C_WriteMultiBytes:data <- [$sp+0]
	@DEBUG_VALUE: I2C_WriteMultiBytes:u32wLen <- $r3
	@DEBUG_VALUE: I2C_WriteMultiBytes:i2c <- $r0
	.loc	2 0 17 is_stmt 0                @ ../../../../Library/StdDriver/src/i2c.c:0:17
	movs	r5, #0
.Ltmp188:
	mov	r1, r4
	.loc	2 794 17                        @ ../../../../Library/StdDriver/src/i2c.c:794:17
	b	.LBB31_20
.Ltmp189:
.LBB31_19:                              @   in Loop: Header=BB31_1 Depth=1
	@DEBUG_VALUE: I2C_WriteMultiBytes:u8Err <- $r4
	@DEBUG_VALUE: I2C_WriteMultiBytes:u32txLen <- $r12
	@DEBUG_VALUE: I2C_WriteMultiBytes:u8Ctrl <- $r6
	@DEBUG_VALUE: I2C_WriteMultiBytes:u8Xfering <- $r5
	@DEBUG_VALUE: I2C_WriteMultiBytes:u8SlaveAddr <- [DW_OP_LLVM_entry_value 1] $r1
	@DEBUG_VALUE: I2C_WriteMultiBytes:data <- [$sp+0]
	@DEBUG_VALUE: I2C_WriteMultiBytes:u32wLen <- $r3
	@DEBUG_VALUE: I2C_WriteMultiBytes:i2c <- $r0
	.loc	2 811 17 is_stmt 1              @ ../../../../Library/StdDriver/src/i2c.c:811:17
	ldr	r1, [r0]
	movs	r4, #6
.Ltmp190:
	.loc	2 0 17 is_stmt 0                @ ../../../../Library/StdDriver/src/i2c.c:0:17
	movs	r7, #8
	.loc	2 811 17                        @ ../../../../Library/StdDriver/src/i2c.c:811:17
	bfi	r1, r4, #2, #4
	str	r1, [r0]
	movs	r1, #1
.Ltmp191:
	@DEBUG_VALUE: I2C_WriteMultiBytes:u8Ctrl <- 8
	@DEBUG_VALUE: I2C_WriteMultiBytes:u8Err <- 1
	.loc	2 0 17                          @ :0:17
.Ltmp192:
	.p2align	2
.LBB31_20:                              @   in Loop: Header=BB31_1 Depth=1
	@DEBUG_VALUE: I2C_WriteMultiBytes:u32txLen <- $r12
	@DEBUG_VALUE: I2C_WriteMultiBytes:u8SlaveAddr <- [DW_OP_LLVM_entry_value 1] $r1
	@DEBUG_VALUE: I2C_WriteMultiBytes:data <- [$sp+0]
	@DEBUG_VALUE: I2C_WriteMultiBytes:u32wLen <- $r3
	@DEBUG_VALUE: I2C_WriteMultiBytes:i2c <- $r0
	@DEBUG_VALUE: I2C_WriteMultiBytes:u8Xfering <- $r5
	@DEBUG_VALUE: I2C_WriteMultiBytes:u8Err <- $r1
	@DEBUG_VALUE: I2C_WriteMultiBytes:u8Ctrl <- $r7
	@DEBUG_VALUE: I2C_WriteMultiBytes:u32txLen <- $r12
	.loc	2 817 9 is_stmt 1               @ ../../../../Library/StdDriver/src/i2c.c:817:9
	ldr	r4, [r0]
	bic	r4, r4, #60
	orr.w	r4, r4, r7
	str	r4, [r0]
.Ltmp193:
	.loc	2 769 5                         @ ../../../../Library/StdDriver/src/i2c.c:769:5
	cbz	r5, .LBB31_22
.Ltmp194:
@ %bb.21:                               @   in Loop: Header=BB31_1 Depth=1
	@DEBUG_VALUE: I2C_WriteMultiBytes:u8Err <- $r1
	@DEBUG_VALUE: I2C_WriteMultiBytes:u8Ctrl <- $r7
	@DEBUG_VALUE: I2C_WriteMultiBytes:u32txLen <- $r12
	@DEBUG_VALUE: I2C_WriteMultiBytes:u8Xfering <- $r5
	@DEBUG_VALUE: I2C_WriteMultiBytes:u8SlaveAddr <- [DW_OP_LLVM_entry_value 1] $r1
	@DEBUG_VALUE: I2C_WriteMultiBytes:data <- [$sp+0]
	@DEBUG_VALUE: I2C_WriteMultiBytes:u32wLen <- $r3
	@DEBUG_VALUE: I2C_WriteMultiBytes:i2c <- $r0
	.loc	2 0 5 is_stmt 0                 @ ../../../../Library/StdDriver/src/i2c.c:0:5
	mov	r6, r7
.Ltmp195:
	@DEBUG_VALUE: I2C_WriteMultiBytes:u8Ctrl <- $r6
	.loc	2 769 5                         @ ../../../../Library/StdDriver/src/i2c.c:769:5
	cbnz	r1, .LBB31_22
	le	.LBB31_1
.Ltmp196:
.LBB31_22:
	@DEBUG_VALUE: I2C_WriteMultiBytes:u8Err <- $r1
	@DEBUG_VALUE: I2C_WriteMultiBytes:u32txLen <- $r12
	@DEBUG_VALUE: I2C_WriteMultiBytes:u8Xfering <- $r5
	@DEBUG_VALUE: I2C_WriteMultiBytes:u8SlaveAddr <- [DW_OP_LLVM_entry_value 1] $r1
	@DEBUG_VALUE: I2C_WriteMultiBytes:data <- [$sp+0]
	@DEBUG_VALUE: I2C_WriteMultiBytes:u32wLen <- $r3
	@DEBUG_VALUE: I2C_WriteMultiBytes:i2c <- $r0
	.loc	2 820 23 is_stmt 1              @ ../../../../Library/StdDriver/src/i2c.c:820:23
	ldr.w	r1, [r11]
.Ltmp197:
	@DEBUG_VALUE: I2C_WriteMultiBytes:u32TimeOutCount <- $r1
.LBB31_23:                              @ =>This Inner Loop Header: Depth=1
	@DEBUG_VALUE: I2C_WriteMultiBytes:u32TimeOutCount <- $r1
	@DEBUG_VALUE: I2C_WriteMultiBytes:u32txLen <- $r12
	@DEBUG_VALUE: I2C_WriteMultiBytes:u8Xfering <- $r5
	@DEBUG_VALUE: I2C_WriteMultiBytes:u8SlaveAddr <- [DW_OP_LLVM_entry_value 1] $r1
	@DEBUG_VALUE: I2C_WriteMultiBytes:data <- [$sp+0]
	@DEBUG_VALUE: I2C_WriteMultiBytes:u32wLen <- $r3
	@DEBUG_VALUE: I2C_WriteMultiBytes:i2c <- $r0
	@DEBUG_VALUE: I2C_WriteMultiBytes:u32TimeOutCount <- $r1
	.loc	2 822 19                        @ ../../../../Library/StdDriver/src/i2c.c:822:19
	ldr	r2, [r0]
	.loc	2 822 5 is_stmt 0               @ ../../../../Library/StdDriver/src/i2c.c:822:5
	lsls	r2, r2, #27
	bpl	.LBB31_32
.Ltmp198:
@ %bb.24:                               @   in Loop: Header=BB31_23 Depth=1
	@DEBUG_VALUE: I2C_WriteMultiBytes:u32TimeOutCount <- $r1
	@DEBUG_VALUE: I2C_WriteMultiBytes:u32txLen <- $r12
	@DEBUG_VALUE: I2C_WriteMultiBytes:u8Xfering <- $r5
	@DEBUG_VALUE: I2C_WriteMultiBytes:u8SlaveAddr <- [DW_OP_LLVM_entry_value 1] $r1
	@DEBUG_VALUE: I2C_WriteMultiBytes:data <- [$sp+0]
	@DEBUG_VALUE: I2C_WriteMultiBytes:u32wLen <- $r3
	@DEBUG_VALUE: I2C_WriteMultiBytes:i2c <- $r0
	@DEBUG_VALUE: I2C_WriteMultiBytes:u32TimeOutCount <- [DW_OP_constu 1, DW_OP_minus, DW_OP_stack_value] $r1
	.loc	2 826 13 is_stmt 1              @ ../../../../Library/StdDriver/src/i2c.c:826:13
	cmp	r1, #1
	beq	.LBB31_31
.Ltmp199:
@ %bb.25:                               @   in Loop: Header=BB31_23 Depth=1
	@DEBUG_VALUE: I2C_WriteMultiBytes:u32TimeOutCount <- [DW_OP_constu 1, DW_OP_minus, DW_OP_stack_value] $r1
	@DEBUG_VALUE: I2C_WriteMultiBytes:u32txLen <- $r12
	@DEBUG_VALUE: I2C_WriteMultiBytes:u8Xfering <- $r5
	@DEBUG_VALUE: I2C_WriteMultiBytes:u8SlaveAddr <- [DW_OP_LLVM_entry_value 1] $r1
	@DEBUG_VALUE: I2C_WriteMultiBytes:data <- [$sp+0]
	@DEBUG_VALUE: I2C_WriteMultiBytes:u32wLen <- $r3
	@DEBUG_VALUE: I2C_WriteMultiBytes:i2c <- $r0
	@DEBUG_VALUE: I2C_WriteMultiBytes:u32TimeOutCount <- [DW_OP_constu 1, DW_OP_minus, DW_OP_stack_value] $r1
	.loc	2 822 19                        @ ../../../../Library/StdDriver/src/i2c.c:822:19
	ldr	r2, [r0]
	.loc	2 822 5 is_stmt 0               @ ../../../../Library/StdDriver/src/i2c.c:822:5
	lsls	r2, r2, #27
	bpl	.LBB31_32
.Ltmp200:
@ %bb.26:                               @   in Loop: Header=BB31_23 Depth=1
	@DEBUG_VALUE: I2C_WriteMultiBytes:u32TimeOutCount <- [DW_OP_constu 1, DW_OP_minus, DW_OP_stack_value] $r1
	@DEBUG_VALUE: I2C_WriteMultiBytes:u32txLen <- $r12
	@DEBUG_VALUE: I2C_WriteMultiBytes:u8Xfering <- $r5
	@DEBUG_VALUE: I2C_WriteMultiBytes:u8SlaveAddr <- [DW_OP_LLVM_entry_value 1] $r1
	@DEBUG_VALUE: I2C_WriteMultiBytes:data <- [$sp+0]
	@DEBUG_VALUE: I2C_WriteMultiBytes:u32wLen <- $r3
	@DEBUG_VALUE: I2C_WriteMultiBytes:i2c <- $r0
	@DEBUG_VALUE: I2C_WriteMultiBytes:u32TimeOutCount <- [DW_OP_constu 2, DW_OP_minus, DW_OP_stack_value] $r1
	.loc	2 826 13 is_stmt 1              @ ../../../../Library/StdDriver/src/i2c.c:826:13
	cmp	r1, #2
	beq	.LBB31_31
.Ltmp201:
@ %bb.27:                               @   in Loop: Header=BB31_23 Depth=1
	@DEBUG_VALUE: I2C_WriteMultiBytes:u32TimeOutCount <- [DW_OP_constu 2, DW_OP_minus, DW_OP_stack_value] $r1
	@DEBUG_VALUE: I2C_WriteMultiBytes:u32txLen <- $r12
	@DEBUG_VALUE: I2C_WriteMultiBytes:u8Xfering <- $r5
	@DEBUG_VALUE: I2C_WriteMultiBytes:u8SlaveAddr <- [DW_OP_LLVM_entry_value 1] $r1
	@DEBUG_VALUE: I2C_WriteMultiBytes:data <- [$sp+0]
	@DEBUG_VALUE: I2C_WriteMultiBytes:u32wLen <- $r3
	@DEBUG_VALUE: I2C_WriteMultiBytes:i2c <- $r0
	@DEBUG_VALUE: I2C_WriteMultiBytes:u32TimeOutCount <- [DW_OP_constu 2, DW_OP_minus, DW_OP_stack_value] $r1
	.loc	2 822 19                        @ ../../../../Library/StdDriver/src/i2c.c:822:19
	ldr	r2, [r0]
	.loc	2 822 5 is_stmt 0               @ ../../../../Library/StdDriver/src/i2c.c:822:5
	lsls	r2, r2, #27
	bpl	.LBB31_32
.Ltmp202:
@ %bb.28:                               @   in Loop: Header=BB31_23 Depth=1
	@DEBUG_VALUE: I2C_WriteMultiBytes:u32TimeOutCount <- [DW_OP_constu 2, DW_OP_minus, DW_OP_stack_value] $r1
	@DEBUG_VALUE: I2C_WriteMultiBytes:u32txLen <- $r12
	@DEBUG_VALUE: I2C_WriteMultiBytes:u8Xfering <- $r5
	@DEBUG_VALUE: I2C_WriteMultiBytes:u8SlaveAddr <- [DW_OP_LLVM_entry_value 1] $r1
	@DEBUG_VALUE: I2C_WriteMultiBytes:data <- [$sp+0]
	@DEBUG_VALUE: I2C_WriteMultiBytes:u32wLen <- $r3
	@DEBUG_VALUE: I2C_WriteMultiBytes:i2c <- $r0
	@DEBUG_VALUE: I2C_WriteMultiBytes:u32TimeOutCount <- [DW_OP_constu 3, DW_OP_minus, DW_OP_stack_value] $r1
	.loc	2 826 13 is_stmt 1              @ ../../../../Library/StdDriver/src/i2c.c:826:13
	cmp	r1, #3
	beq	.LBB31_31
.Ltmp203:
@ %bb.29:                               @   in Loop: Header=BB31_23 Depth=1
	@DEBUG_VALUE: I2C_WriteMultiBytes:u32TimeOutCount <- [DW_OP_constu 3, DW_OP_minus, DW_OP_stack_value] $r1
	@DEBUG_VALUE: I2C_WriteMultiBytes:u32txLen <- $r12
	@DEBUG_VALUE: I2C_WriteMultiBytes:u8Xfering <- $r5
	@DEBUG_VALUE: I2C_WriteMultiBytes:u8SlaveAddr <- [DW_OP_LLVM_entry_value 1] $r1
	@DEBUG_VALUE: I2C_WriteMultiBytes:data <- [$sp+0]
	@DEBUG_VALUE: I2C_WriteMultiBytes:u32wLen <- $r3
	@DEBUG_VALUE: I2C_WriteMultiBytes:i2c <- $r0
	@DEBUG_VALUE: I2C_WriteMultiBytes:u32TimeOutCount <- [DW_OP_constu 3, DW_OP_minus, DW_OP_stack_value] $r1
	.loc	2 822 19                        @ ../../../../Library/StdDriver/src/i2c.c:822:19
	ldr	r2, [r0]
	.loc	2 822 5 is_stmt 0               @ ../../../../Library/StdDriver/src/i2c.c:822:5
	lsls	r2, r2, #27
	bpl	.LBB31_32
.Ltmp204:
@ %bb.30:                               @   in Loop: Header=BB31_23 Depth=1
	@DEBUG_VALUE: I2C_WriteMultiBytes:u32TimeOutCount <- [DW_OP_constu 3, DW_OP_minus, DW_OP_stack_value] $r1
	@DEBUG_VALUE: I2C_WriteMultiBytes:u32txLen <- $r12
	@DEBUG_VALUE: I2C_WriteMultiBytes:u8Xfering <- $r5
	@DEBUG_VALUE: I2C_WriteMultiBytes:u8SlaveAddr <- [DW_OP_LLVM_entry_value 1] $r1
	@DEBUG_VALUE: I2C_WriteMultiBytes:data <- [$sp+0]
	@DEBUG_VALUE: I2C_WriteMultiBytes:u32wLen <- $r3
	@DEBUG_VALUE: I2C_WriteMultiBytes:i2c <- $r0
	.loc	2 824 24 is_stmt 1              @ ../../../../Library/StdDriver/src/i2c.c:824:24
	subs	r1, #4
.Ltmp205:
	@DEBUG_VALUE: I2C_WriteMultiBytes:u32TimeOutCount <- $r1
	.loc	2 826 13                        @ ../../../../Library/StdDriver/src/i2c.c:826:13
	bne	.LBB31_23
.Ltmp206:
.LBB31_31:
	@DEBUG_VALUE: I2C_WriteMultiBytes:u32txLen <- $r12
	@DEBUG_VALUE: I2C_WriteMultiBytes:u8Xfering <- $r5
	@DEBUG_VALUE: I2C_WriteMultiBytes:u8SlaveAddr <- [DW_OP_LLVM_entry_value 1] $r1
	@DEBUG_VALUE: I2C_WriteMultiBytes:data <- [$sp+0]
	@DEBUG_VALUE: I2C_WriteMultiBytes:u32wLen <- $r3
	@DEBUG_VALUE: I2C_WriteMultiBytes:i2c <- $r0
	.loc	2 0 13 is_stmt 0                @ ../../../../Library/StdDriver/src/i2c.c:0:13
	mvn	r0, #1
.Ltmp207:
	@DEBUG_VALUE: I2C_WriteMultiBytes:i2c <- [DW_OP_LLVM_entry_value 1] $r0
	.loc	2 828 30 is_stmt 1              @ ../../../../Library/StdDriver/src/i2c.c:828:30
	str.w	r0, [lr]
.Ltmp208:
	@DEBUG_VALUE: I2C_WriteMultiBytes:u8Err <- 1
.LBB31_32:
	@DEBUG_VALUE: I2C_WriteMultiBytes:u32txLen <- $r12
	@DEBUG_VALUE: I2C_WriteMultiBytes:u8Xfering <- $r5
	@DEBUG_VALUE: I2C_WriteMultiBytes:u8SlaveAddr <- [DW_OP_LLVM_entry_value 1] $r1
	@DEBUG_VALUE: I2C_WriteMultiBytes:data <- [$sp+0]
	@DEBUG_VALUE: I2C_WriteMultiBytes:u32wLen <- $r3
	.loc	2 834 5                         @ ../../../../Library/StdDriver/src/i2c.c:834:5
	mov	r0, r12
	.loc	2 834 5 epilogue_begin is_stmt 0 @ ../../../../Library/StdDriver/src/i2c.c:834:5
	add	sp, #4
	pop.w	{r4, r5, r6, r7, r8, r9, r10, r11, pc}
.Ltmp209:
.Lfunc_end31:
	.size	I2C_WriteMultiBytes, .Lfunc_end31-I2C_WriteMultiBytes
	.cfi_endproc
	.cantunwind
	.fnend
                                        @ -- End function
	.section	.text.I2C_WriteByteOneReg,"ax",%progbits
	.hidden	I2C_WriteByteOneReg             @ -- Begin function I2C_WriteByteOneReg
	.globl	I2C_WriteByteOneReg
	.p2align	2
	.type	I2C_WriteByteOneReg,%function
	.code	16                              @ @I2C_WriteByteOneReg
	.thumb_func
I2C_WriteByteOneReg:
.Lfunc_begin32:
	.loc	2 855 0 is_stmt 1               @ ../../../../Library/StdDriver/src/i2c.c:855:0
	.fnstart
	.cfi_startproc
@ %bb.0:
	@DEBUG_VALUE: I2C_WriteByteOneReg:i2c <- $r0
	@DEBUG_VALUE: I2C_WriteByteOneReg:u8SlaveAddr <- $r1
	@DEBUG_VALUE: I2C_WriteByteOneReg:u8DataAddr <- $r2
	.save	{r7, lr}
	push	{r7, lr}
	.cfi_def_cfa_offset 8
	.cfi_offset lr, -4
	.cfi_offset r7, -8
	.pad	#8
	sub	sp, #8
	.cfi_def_cfa_offset 16
	strb.w	r3, [sp, #7]
	mov.w	r12, #1
	add.w	r3, sp, #7
.Ltmp210:
	.loc	2 856 25 prologue_end           @ ../../../../Library/StdDriver/src/i2c.c:856:25
	str.w	r12, [sp]
	bl	I2C_WriteMultiBytesOneReg
.Ltmp211:
	@DEBUG_VALUE: I2C_WriteByteOneReg:u8DataAddr <- [DW_OP_LLVM_entry_value 1] $r2
	@DEBUG_VALUE: I2C_WriteByteOneReg:u8SlaveAddr <- [DW_OP_LLVM_entry_value 1] $r1
	@DEBUG_VALUE: I2C_WriteByteOneReg:i2c <- [DW_OP_LLVM_entry_value 1] $r0
	@DEBUG_VALUE: I2C_WriteByteOneReg:u32txLen <- $r0
	.loc	2 858 18                        @ ../../../../Library/StdDriver/src/i2c.c:858:18
	cmp	r0, #1
	cset	r0, ne
.Ltmp212:
	.loc	2 866 1 epilogue_begin          @ ../../../../Library/StdDriver/src/i2c.c:866:1
	add	sp, #8
	pop	{r7, pc}
.Ltmp213:
.Lfunc_end32:
	.size	I2C_WriteByteOneReg, .Lfunc_end32-I2C_WriteByteOneReg
	.cfi_endproc
	.cantunwind
	.fnend
                                        @ -- End function
	.section	.text.I2C_WriteMultiBytesOneReg,"ax",%progbits
	.hidden	I2C_WriteMultiBytesOneReg       @ -- Begin function I2C_WriteMultiBytesOneReg
	.globl	I2C_WriteMultiBytesOneReg
	.p2align	2
	.type	I2C_WriteMultiBytesOneReg,%function
	.code	16                              @ @I2C_WriteMultiBytesOneReg
	.thumb_func
I2C_WriteMultiBytesOneReg:
.Lfunc_begin33:
	.loc	2 887 0                         @ ../../../../Library/StdDriver/src/i2c.c:887:0
	.fnstart
	.cfi_startproc
@ %bb.0:
	@DEBUG_VALUE: I2C_WriteMultiBytesOneReg:i2c <- $r0
	@DEBUG_VALUE: I2C_WriteMultiBytesOneReg:u8SlaveAddr <- $r1
	@DEBUG_VALUE: I2C_WriteMultiBytesOneReg:u8DataAddr <- $r2
	@DEBUG_VALUE: I2C_WriteMultiBytesOneReg:data <- $r3
	.save	{r4, r5, r6, r7, r8, r9, r10, r11, lr}
	push.w	{r4, r5, r6, r7, r8, r9, r10, r11, lr}
	.cfi_def_cfa_offset 36
	.cfi_offset lr, -4
	.cfi_offset r11, -8
	.cfi_offset r10, -12
	.cfi_offset r9, -16
	.cfi_offset r8, -20
	.cfi_offset r7, -24
	.cfi_offset r6, -28
	.cfi_offset r5, -32
	.cfi_offset r4, -36
	.pad	#4
	sub	sp, #4
	.cfi_def_cfa_offset 40
.Ltmp214:
	@DEBUG_VALUE: I2C_WriteMultiBytesOneReg:u32wLen <- [DW_OP_plus_uconst 40] [$sp+0]
	.loc	2 891 22 prologue_end           @ ../../../../Library/StdDriver/src/i2c.c:891:22
	movw	lr, :lower16:g_I2C_i32ErrCode
	mov.w	r12, #0
	movt	lr, :upper16:g_I2C_i32ErrCode
	movw	r5, :lower16:SystemCoreClock
	str	r3, [sp]                        @ 4-byte Spill
.Ltmp215:
	@DEBUG_VALUE: I2C_WriteMultiBytesOneReg:data <- [$sp+0]
	@DEBUG_VALUE: I2C_WriteMultiBytesOneReg:data <- [$sp+0]
	.loc	2 0 22 is_stmt 0                @ ../../../../Library/StdDriver/src/i2c.c:0:22
	movs	r6, #1
	.loc	2 891 22                        @ ../../../../Library/StdDriver/src/i2c.c:891:22
	str.w	r12, [lr]
	movs	r7, #0
	.loc	2 893 5 is_stmt 1               @ ../../../../Library/StdDriver/src/i2c.c:893:5
	ldr	r4, [r0]
.Ltmp216:
	@DEBUG_VALUE: I2C_WriteMultiBytesOneReg:u32TimeOutCount <- 0
	@DEBUG_VALUE: I2C_WriteMultiBytesOneReg:u32txLen <- 0
	@DEBUG_VALUE: I2C_WriteMultiBytesOneReg:u8Ctrl <- 0
	@DEBUG_VALUE: I2C_WriteMultiBytesOneReg:u8Err <- 0
	@DEBUG_VALUE: I2C_WriteMultiBytesOneReg:u8Xfering <- 1
	.loc	2 0 5 is_stmt 0                 @ ../../../../Library/StdDriver/src/i2c.c:0:5
	lsls	r1, r1, #1
.Ltmp217:
	@DEBUG_VALUE: I2C_WriteMultiBytesOneReg:u8SlaveAddr <- [DW_OP_LLVM_entry_value 1] $r1
	.loc	2 893 5                         @ ../../../../Library/StdDriver/src/i2c.c:893:5
	orr	r4, r4, #32
	uxtb	r3, r1
	bic	r4, r4, #8
	movt	r5, :upper16:SystemCoreClock
	mvn	r11, #1
	str	r4, [r0]
.Ltmp218:
	.loc	2 0 5                           @ :0:5
.Ltmp219:
	.p2align	2
.LBB33_1:                               @ =>This Loop Header: Depth=1
                                        @     Child Loop BB33_2 Depth 2
	@DEBUG_VALUE: I2C_WriteMultiBytesOneReg:u8SlaveAddr <- [DW_OP_LLVM_entry_value 1] $r1
	@DEBUG_VALUE: I2C_WriteMultiBytesOneReg:data <- [$sp+0]
	@DEBUG_VALUE: I2C_WriteMultiBytesOneReg:u32wLen <- [DW_OP_plus_uconst 40] [$sp+0]
	@DEBUG_VALUE: I2C_WriteMultiBytesOneReg:u8DataAddr <- $r2
	@DEBUG_VALUE: I2C_WriteMultiBytesOneReg:i2c <- $r0
	@DEBUG_VALUE: I2C_WriteMultiBytesOneReg:u8Xfering <- $r6
	@DEBUG_VALUE: I2C_WriteMultiBytesOneReg:u8Err <- 0
	@DEBUG_VALUE: I2C_WriteMultiBytesOneReg:u8Ctrl <- $r7
	@DEBUG_VALUE: I2C_WriteMultiBytesOneReg:u32txLen <- $r12
	.loc	2 897 27 is_stmt 1              @ ../../../../Library/StdDriver/src/i2c.c:897:27
	ldr	r1, [r5]
.Ltmp220:
	@DEBUG_VALUE: I2C_WriteMultiBytesOneReg:u32TimeOutCount <- $r1
.LBB33_2:                               @   Parent Loop BB33_1 Depth=1
                                        @ =>  This Inner Loop Header: Depth=2
	@DEBUG_VALUE: I2C_WriteMultiBytesOneReg:u32TimeOutCount <- $r1
	@DEBUG_VALUE: I2C_WriteMultiBytesOneReg:u32txLen <- $r12
	@DEBUG_VALUE: I2C_WriteMultiBytesOneReg:u8Ctrl <- $r7
	@DEBUG_VALUE: I2C_WriteMultiBytesOneReg:u8Xfering <- $r6
	@DEBUG_VALUE: I2C_WriteMultiBytesOneReg:u8SlaveAddr <- [DW_OP_LLVM_entry_value 1] $r1
	@DEBUG_VALUE: I2C_WriteMultiBytesOneReg:u8Err <- 0
	@DEBUG_VALUE: I2C_WriteMultiBytesOneReg:data <- [$sp+0]
	@DEBUG_VALUE: I2C_WriteMultiBytesOneReg:u32wLen <- [DW_OP_plus_uconst 40] [$sp+0]
	@DEBUG_VALUE: I2C_WriteMultiBytesOneReg:u8DataAddr <- $r2
	@DEBUG_VALUE: I2C_WriteMultiBytesOneReg:i2c <- $r0
	@DEBUG_VALUE: I2C_WriteMultiBytesOneReg:u32TimeOutCount <- $r1
	.loc	2 898 9                         @ ../../../../Library/StdDriver/src/i2c.c:898:9
	ldr	r4, [r0]
	lsls	r4, r4, #28
	bmi	.LBB33_11
.Ltmp221:
@ %bb.3:                                @   in Loop: Header=BB33_2 Depth=2
	@DEBUG_VALUE: I2C_WriteMultiBytesOneReg:u32TimeOutCount <- $r1
	@DEBUG_VALUE: I2C_WriteMultiBytesOneReg:u32txLen <- $r12
	@DEBUG_VALUE: I2C_WriteMultiBytesOneReg:u8Ctrl <- $r7
	@DEBUG_VALUE: I2C_WriteMultiBytesOneReg:u8Xfering <- $r6
	@DEBUG_VALUE: I2C_WriteMultiBytesOneReg:u8SlaveAddr <- [DW_OP_LLVM_entry_value 1] $r1
	@DEBUG_VALUE: I2C_WriteMultiBytesOneReg:u8Err <- 0
	@DEBUG_VALUE: I2C_WriteMultiBytesOneReg:data <- [$sp+0]
	@DEBUG_VALUE: I2C_WriteMultiBytesOneReg:u32wLen <- [DW_OP_plus_uconst 40] [$sp+0]
	@DEBUG_VALUE: I2C_WriteMultiBytesOneReg:u8DataAddr <- $r2
	@DEBUG_VALUE: I2C_WriteMultiBytesOneReg:i2c <- $r0
	@DEBUG_VALUE: I2C_WriteMultiBytesOneReg:u32TimeOutCount <- [DW_OP_constu 1, DW_OP_minus, DW_OP_stack_value] $r1
	.loc	2 900 17                        @ ../../../../Library/StdDriver/src/i2c.c:900:17
	cmp	r1, #1
	beq	.LBB33_10
.Ltmp222:
@ %bb.4:                                @   in Loop: Header=BB33_2 Depth=2
	@DEBUG_VALUE: I2C_WriteMultiBytesOneReg:u32TimeOutCount <- [DW_OP_constu 1, DW_OP_minus, DW_OP_stack_value] $r1
	@DEBUG_VALUE: I2C_WriteMultiBytesOneReg:u32txLen <- $r12
	@DEBUG_VALUE: I2C_WriteMultiBytesOneReg:u8Ctrl <- $r7
	@DEBUG_VALUE: I2C_WriteMultiBytesOneReg:u8Xfering <- $r6
	@DEBUG_VALUE: I2C_WriteMultiBytesOneReg:u8SlaveAddr <- [DW_OP_LLVM_entry_value 1] $r1
	@DEBUG_VALUE: I2C_WriteMultiBytesOneReg:u8Err <- 0
	@DEBUG_VALUE: I2C_WriteMultiBytesOneReg:data <- [$sp+0]
	@DEBUG_VALUE: I2C_WriteMultiBytesOneReg:u32wLen <- [DW_OP_plus_uconst 40] [$sp+0]
	@DEBUG_VALUE: I2C_WriteMultiBytesOneReg:u8DataAddr <- $r2
	@DEBUG_VALUE: I2C_WriteMultiBytesOneReg:i2c <- $r0
	@DEBUG_VALUE: I2C_WriteMultiBytesOneReg:u32TimeOutCount <- [DW_OP_constu 1, DW_OP_minus, DW_OP_stack_value] $r1
	.loc	2 898 9                         @ ../../../../Library/StdDriver/src/i2c.c:898:9
	ldr	r4, [r0]
	lsls	r4, r4, #28
	bmi	.LBB33_11
.Ltmp223:
@ %bb.5:                                @   in Loop: Header=BB33_2 Depth=2
	@DEBUG_VALUE: I2C_WriteMultiBytesOneReg:u32TimeOutCount <- [DW_OP_constu 1, DW_OP_minus, DW_OP_stack_value] $r1
	@DEBUG_VALUE: I2C_WriteMultiBytesOneReg:u32txLen <- $r12
	@DEBUG_VALUE: I2C_WriteMultiBytesOneReg:u8Ctrl <- $r7
	@DEBUG_VALUE: I2C_WriteMultiBytesOneReg:u8Xfering <- $r6
	@DEBUG_VALUE: I2C_WriteMultiBytesOneReg:u8SlaveAddr <- [DW_OP_LLVM_entry_value 1] $r1
	@DEBUG_VALUE: I2C_WriteMultiBytesOneReg:u8Err <- 0
	@DEBUG_VALUE: I2C_WriteMultiBytesOneReg:data <- [$sp+0]
	@DEBUG_VALUE: I2C_WriteMultiBytesOneReg:u32wLen <- [DW_OP_plus_uconst 40] [$sp+0]
	@DEBUG_VALUE: I2C_WriteMultiBytesOneReg:u8DataAddr <- $r2
	@DEBUG_VALUE: I2C_WriteMultiBytesOneReg:i2c <- $r0
	@DEBUG_VALUE: I2C_WriteMultiBytesOneReg:u32TimeOutCount <- [DW_OP_constu 2, DW_OP_minus, DW_OP_stack_value] $r1
	.loc	2 900 17                        @ ../../../../Library/StdDriver/src/i2c.c:900:17
	cmp	r1, #2
	beq	.LBB33_10
.Ltmp224:
@ %bb.6:                                @   in Loop: Header=BB33_2 Depth=2
	@DEBUG_VALUE: I2C_WriteMultiBytesOneReg:u32TimeOutCount <- [DW_OP_constu 2, DW_OP_minus, DW_OP_stack_value] $r1
	@DEBUG_VALUE: I2C_WriteMultiBytesOneReg:u32txLen <- $r12
	@DEBUG_VALUE: I2C_WriteMultiBytesOneReg:u8Ctrl <- $r7
	@DEBUG_VALUE: I2C_WriteMultiBytesOneReg:u8Xfering <- $r6
	@DEBUG_VALUE: I2C_WriteMultiBytesOneReg:u8SlaveAddr <- [DW_OP_LLVM_entry_value 1] $r1
	@DEBUG_VALUE: I2C_WriteMultiBytesOneReg:u8Err <- 0
	@DEBUG_VALUE: I2C_WriteMultiBytesOneReg:data <- [$sp+0]
	@DEBUG_VALUE: I2C_WriteMultiBytesOneReg:u32wLen <- [DW_OP_plus_uconst 40] [$sp+0]
	@DEBUG_VALUE: I2C_WriteMultiBytesOneReg:u8DataAddr <- $r2
	@DEBUG_VALUE: I2C_WriteMultiBytesOneReg:i2c <- $r0
	@DEBUG_VALUE: I2C_WriteMultiBytesOneReg:u32TimeOutCount <- [DW_OP_constu 2, DW_OP_minus, DW_OP_stack_value] $r1
	.loc	2 898 9                         @ ../../../../Library/StdDriver/src/i2c.c:898:9
	ldr	r4, [r0]
	lsls	r4, r4, #28
	bmi	.LBB33_11
.Ltmp225:
@ %bb.7:                                @   in Loop: Header=BB33_2 Depth=2
	@DEBUG_VALUE: I2C_WriteMultiBytesOneReg:u32TimeOutCount <- [DW_OP_constu 2, DW_OP_minus, DW_OP_stack_value] $r1
	@DEBUG_VALUE: I2C_WriteMultiBytesOneReg:u32txLen <- $r12
	@DEBUG_VALUE: I2C_WriteMultiBytesOneReg:u8Ctrl <- $r7
	@DEBUG_VALUE: I2C_WriteMultiBytesOneReg:u8Xfering <- $r6
	@DEBUG_VALUE: I2C_WriteMultiBytesOneReg:u8SlaveAddr <- [DW_OP_LLVM_entry_value 1] $r1
	@DEBUG_VALUE: I2C_WriteMultiBytesOneReg:u8Err <- 0
	@DEBUG_VALUE: I2C_WriteMultiBytesOneReg:data <- [$sp+0]
	@DEBUG_VALUE: I2C_WriteMultiBytesOneReg:u32wLen <- [DW_OP_plus_uconst 40] [$sp+0]
	@DEBUG_VALUE: I2C_WriteMultiBytesOneReg:u8DataAddr <- $r2
	@DEBUG_VALUE: I2C_WriteMultiBytesOneReg:i2c <- $r0
	@DEBUG_VALUE: I2C_WriteMultiBytesOneReg:u32TimeOutCount <- [DW_OP_constu 3, DW_OP_minus, DW_OP_stack_value] $r1
	.loc	2 900 17                        @ ../../../../Library/StdDriver/src/i2c.c:900:17
	cmp	r1, #3
	beq	.LBB33_10
.Ltmp226:
@ %bb.8:                                @   in Loop: Header=BB33_2 Depth=2
	@DEBUG_VALUE: I2C_WriteMultiBytesOneReg:u32TimeOutCount <- [DW_OP_constu 3, DW_OP_minus, DW_OP_stack_value] $r1
	@DEBUG_VALUE: I2C_WriteMultiBytesOneReg:u32txLen <- $r12
	@DEBUG_VALUE: I2C_WriteMultiBytesOneReg:u8Ctrl <- $r7
	@DEBUG_VALUE: I2C_WriteMultiBytesOneReg:u8Xfering <- $r6
	@DEBUG_VALUE: I2C_WriteMultiBytesOneReg:u8SlaveAddr <- [DW_OP_LLVM_entry_value 1] $r1
	@DEBUG_VALUE: I2C_WriteMultiBytesOneReg:u8Err <- 0
	@DEBUG_VALUE: I2C_WriteMultiBytesOneReg:data <- [$sp+0]
	@DEBUG_VALUE: I2C_WriteMultiBytesOneReg:u32wLen <- [DW_OP_plus_uconst 40] [$sp+0]
	@DEBUG_VALUE: I2C_WriteMultiBytesOneReg:u8DataAddr <- $r2
	@DEBUG_VALUE: I2C_WriteMultiBytesOneReg:i2c <- $r0
	@DEBUG_VALUE: I2C_WriteMultiBytesOneReg:u32TimeOutCount <- [DW_OP_constu 3, DW_OP_minus, DW_OP_stack_value] $r1
	.loc	2 898 9                         @ ../../../../Library/StdDriver/src/i2c.c:898:9
	ldr	r4, [r0]
	lsls	r4, r4, #28
	bmi	.LBB33_11
.Ltmp227:
@ %bb.9:                                @   in Loop: Header=BB33_2 Depth=2
	@DEBUG_VALUE: I2C_WriteMultiBytesOneReg:u32TimeOutCount <- [DW_OP_constu 3, DW_OP_minus, DW_OP_stack_value] $r1
	@DEBUG_VALUE: I2C_WriteMultiBytesOneReg:u32txLen <- $r12
	@DEBUG_VALUE: I2C_WriteMultiBytesOneReg:u8Ctrl <- $r7
	@DEBUG_VALUE: I2C_WriteMultiBytesOneReg:u8Xfering <- $r6
	@DEBUG_VALUE: I2C_WriteMultiBytesOneReg:u8SlaveAddr <- [DW_OP_LLVM_entry_value 1] $r1
	@DEBUG_VALUE: I2C_WriteMultiBytesOneReg:u8Err <- 0
	@DEBUG_VALUE: I2C_WriteMultiBytesOneReg:data <- [$sp+0]
	@DEBUG_VALUE: I2C_WriteMultiBytesOneReg:u32wLen <- [DW_OP_plus_uconst 40] [$sp+0]
	@DEBUG_VALUE: I2C_WriteMultiBytesOneReg:u8DataAddr <- $r2
	@DEBUG_VALUE: I2C_WriteMultiBytesOneReg:i2c <- $r0
	.loc	2 900 17                        @ ../../../../Library/StdDriver/src/i2c.c:900:17
	subs	r1, #4
.Ltmp228:
	@DEBUG_VALUE: I2C_WriteMultiBytesOneReg:u32TimeOutCount <- $r1
	.loc	2 900 17 is_stmt 0              @ ../../../../Library/StdDriver/src/i2c.c:900:17
	bne	.LBB33_2
.Ltmp229:
.LBB33_10:                              @   in Loop: Header=BB33_1 Depth=1
	@DEBUG_VALUE: I2C_WriteMultiBytesOneReg:u32txLen <- $r12
	@DEBUG_VALUE: I2C_WriteMultiBytesOneReg:u8Ctrl <- $r7
	@DEBUG_VALUE: I2C_WriteMultiBytesOneReg:u8Xfering <- $r6
	@DEBUG_VALUE: I2C_WriteMultiBytesOneReg:u8SlaveAddr <- [DW_OP_LLVM_entry_value 1] $r1
	@DEBUG_VALUE: I2C_WriteMultiBytesOneReg:u8Err <- 0
	@DEBUG_VALUE: I2C_WriteMultiBytesOneReg:data <- [$sp+0]
	@DEBUG_VALUE: I2C_WriteMultiBytesOneReg:u32wLen <- [DW_OP_plus_uconst 40] [$sp+0]
	@DEBUG_VALUE: I2C_WriteMultiBytesOneReg:u8DataAddr <- $r2
	@DEBUG_VALUE: I2C_WriteMultiBytesOneReg:i2c <- $r0
	.loc	2 0 17                          @ ../../../../Library/StdDriver/src/i2c.c:0:17
	mov.w	r8, #1
.Ltmp230:
	@DEBUG_VALUE: I2C_WriteMultiBytesOneReg:u8Err <- 1
	.loc	2 902 34 is_stmt 1              @ ../../../../Library/StdDriver/src/i2c.c:902:34
	str.w	r11, [lr]
	b	.LBB33_12
.Ltmp231:
	.loc	2 0 34 is_stmt 0                @ :0:34
.Ltmp232:
	.p2align	2
.LBB33_11:                              @   in Loop: Header=BB33_1 Depth=1
	@DEBUG_VALUE: I2C_WriteMultiBytesOneReg:u32txLen <- $r12
	@DEBUG_VALUE: I2C_WriteMultiBytesOneReg:u8Ctrl <- $r7
	@DEBUG_VALUE: I2C_WriteMultiBytesOneReg:u8Xfering <- $r6
	@DEBUG_VALUE: I2C_WriteMultiBytesOneReg:u8SlaveAddr <- [DW_OP_LLVM_entry_value 1] $r1
	@DEBUG_VALUE: I2C_WriteMultiBytesOneReg:u8Err <- 0
	@DEBUG_VALUE: I2C_WriteMultiBytesOneReg:data <- [$sp+0]
	@DEBUG_VALUE: I2C_WriteMultiBytesOneReg:u32wLen <- [DW_OP_plus_uconst 40] [$sp+0]
	@DEBUG_VALUE: I2C_WriteMultiBytesOneReg:u8DataAddr <- $r2
	@DEBUG_VALUE: I2C_WriteMultiBytesOneReg:i2c <- $r0
	mov.w	r8, #0
.Ltmp233:
.LBB33_12:                              @   in Loop: Header=BB33_1 Depth=1
	@DEBUG_VALUE: I2C_WriteMultiBytesOneReg:u32txLen <- $r12
	@DEBUG_VALUE: I2C_WriteMultiBytesOneReg:u8Ctrl <- $r7
	@DEBUG_VALUE: I2C_WriteMultiBytesOneReg:u8Xfering <- $r6
	@DEBUG_VALUE: I2C_WriteMultiBytesOneReg:u8SlaveAddr <- [DW_OP_LLVM_entry_value 1] $r1
	@DEBUG_VALUE: I2C_WriteMultiBytesOneReg:data <- [$sp+0]
	@DEBUG_VALUE: I2C_WriteMultiBytesOneReg:u32wLen <- [DW_OP_plus_uconst 40] [$sp+0]
	@DEBUG_VALUE: I2C_WriteMultiBytesOneReg:u8DataAddr <- $r2
	@DEBUG_VALUE: I2C_WriteMultiBytesOneReg:i2c <- $r0
	@DEBUG_VALUE: I2C_WriteMultiBytesOneReg:u8Err <- $r8
	.loc	2 908 17 is_stmt 1              @ ../../../../Library/StdDriver/src/i2c.c:908:17
	ldr	r1, [r0, #12]
	.loc	2 908 9 is_stmt 0               @ ../../../../Library/StdDriver/src/i2c.c:908:9
	subs	r1, #8
	ror.w	r9, r1, #3
	cmp.w	r9, #5
	bhi	.LBB33_16
.Ltmp234:
@ %bb.13:                               @   in Loop: Header=BB33_1 Depth=1
	@DEBUG_VALUE: I2C_WriteMultiBytesOneReg:u8Err <- $r8
	@DEBUG_VALUE: I2C_WriteMultiBytesOneReg:u32txLen <- $r12
	@DEBUG_VALUE: I2C_WriteMultiBytesOneReg:u8Ctrl <- $r7
	@DEBUG_VALUE: I2C_WriteMultiBytesOneReg:u8Xfering <- $r6
	@DEBUG_VALUE: I2C_WriteMultiBytesOneReg:u8SlaveAddr <- [DW_OP_LLVM_entry_value 1] $r1
	@DEBUG_VALUE: I2C_WriteMultiBytesOneReg:data <- [$sp+0]
	@DEBUG_VALUE: I2C_WriteMultiBytesOneReg:u32wLen <- [DW_OP_plus_uconst 40] [$sp+0]
	@DEBUG_VALUE: I2C_WriteMultiBytesOneReg:u8DataAddr <- $r2
	@DEBUG_VALUE: I2C_WriteMultiBytesOneReg:i2c <- $r0
	.loc	2 0 9                           @ ../../../../Library/StdDriver/src/i2c.c:0:9
	movs	r4, #24
	movs	r1, #1
	.loc	2 908 9                         @ ../../../../Library/StdDriver/src/i2c.c:908:9
.LCPI33_0:
	tbb	[pc, r9]
.Ltmp235:
@ %bb.14:
	.loc	2 0 9                           @ ../../../../Library/StdDriver/src/i2c.c:0:9
.LJTI33_0:
	.byte	(.LBB33_15-(.LCPI33_0+4))/2
	.byte	(.LBB33_16-(.LCPI33_0+4))/2
	.byte	(.LBB33_17-(.LCPI33_0+4))/2
	.byte	(.LBB33_23-(.LCPI33_0+4))/2
	.byte	(.LBB33_18-(.LCPI33_0+4))/2
	.byte	(.LBB33_23-(.LCPI33_0+4))/2
	.p2align	1
.LBB33_15:                              @   in Loop: Header=BB33_1 Depth=1
.Ltmp236:
	@DEBUG_VALUE: I2C_WriteMultiBytesOneReg:u8Err <- $r8
	@DEBUG_VALUE: I2C_WriteMultiBytesOneReg:u32txLen <- $r12
	@DEBUG_VALUE: I2C_WriteMultiBytesOneReg:u8Ctrl <- $r7
	@DEBUG_VALUE: I2C_WriteMultiBytesOneReg:u8Xfering <- $r6
	@DEBUG_VALUE: I2C_WriteMultiBytesOneReg:u8SlaveAddr <- [DW_OP_LLVM_entry_value 1] $r1
	@DEBUG_VALUE: I2C_WriteMultiBytesOneReg:data <- [$sp+0]
	@DEBUG_VALUE: I2C_WriteMultiBytesOneReg:u32wLen <- [DW_OP_plus_uconst 40] [$sp+0]
	@DEBUG_VALUE: I2C_WriteMultiBytesOneReg:u8DataAddr <- $r2
	@DEBUG_VALUE: I2C_WriteMultiBytesOneReg:i2c <- $r0
	.loc	2 911 17 is_stmt 1              @ ../../../../Library/StdDriver/src/i2c.c:911:17
	str	r3, [r0, #8]
	movs	r4, #8
.Ltmp237:
	@DEBUG_VALUE: I2C_WriteMultiBytesOneReg:u8Ctrl <- 8
	.loc	2 0 17 is_stmt 0                @ ../../../../Library/StdDriver/src/i2c.c:0:17
	b	.LBB33_22
.Ltmp238:
.LBB33_16:                              @   in Loop: Header=BB33_1 Depth=1
	@DEBUG_VALUE: I2C_WriteMultiBytesOneReg:u8Err <- $r8
	@DEBUG_VALUE: I2C_WriteMultiBytesOneReg:u32txLen <- $r12
	@DEBUG_VALUE: I2C_WriteMultiBytesOneReg:u8Ctrl <- $r7
	@DEBUG_VALUE: I2C_WriteMultiBytesOneReg:u8Xfering <- $r6
	@DEBUG_VALUE: I2C_WriteMultiBytesOneReg:u8SlaveAddr <- [DW_OP_LLVM_entry_value 1] $r1
	@DEBUG_VALUE: I2C_WriteMultiBytesOneReg:data <- [$sp+0]
	@DEBUG_VALUE: I2C_WriteMultiBytesOneReg:u32wLen <- [DW_OP_plus_uconst 40] [$sp+0]
	@DEBUG_VALUE: I2C_WriteMultiBytesOneReg:u8DataAddr <- $r2
	@DEBUG_VALUE: I2C_WriteMultiBytesOneReg:i2c <- $r0
	.loc	2 940 17 is_stmt 1              @ ../../../../Library/StdDriver/src/i2c.c:940:17
	ldr	r1, [r0]
	movs	r4, #6
	bfi	r1, r4, #2, #4
	str	r1, [r0]
	movs	r4, #8
	movs	r1, #1
.Ltmp239:
	@DEBUG_VALUE: I2C_WriteMultiBytesOneReg:u8Ctrl <- 8
	@DEBUG_VALUE: I2C_WriteMultiBytesOneReg:u8Err <- 1
	.loc	2 0 17 is_stmt 0                @ ../../../../Library/StdDriver/src/i2c.c:0:17
	b	.LBB33_23
.Ltmp240:
.LBB33_17:                              @   in Loop: Header=BB33_1 Depth=1
	@DEBUG_VALUE: I2C_WriteMultiBytesOneReg:u8Err <- $r8
	@DEBUG_VALUE: I2C_WriteMultiBytesOneReg:u32txLen <- $r12
	@DEBUG_VALUE: I2C_WriteMultiBytesOneReg:u8Ctrl <- $r7
	@DEBUG_VALUE: I2C_WriteMultiBytesOneReg:u8Xfering <- $r6
	@DEBUG_VALUE: I2C_WriteMultiBytesOneReg:u8SlaveAddr <- [DW_OP_LLVM_entry_value 1] $r1
	@DEBUG_VALUE: I2C_WriteMultiBytesOneReg:data <- [$sp+0]
	@DEBUG_VALUE: I2C_WriteMultiBytesOneReg:u32wLen <- [DW_OP_plus_uconst 40] [$sp+0]
	@DEBUG_VALUE: I2C_WriteMultiBytesOneReg:u8DataAddr <- $r2
	@DEBUG_VALUE: I2C_WriteMultiBytesOneReg:i2c <- $r0
	.loc	2 916 17 is_stmt 1              @ ../../../../Library/StdDriver/src/i2c.c:916:17
	str	r2, [r0, #8]
	b	.LBB33_20
.Ltmp241:
.LBB33_18:                              @   in Loop: Header=BB33_1 Depth=1
	@DEBUG_VALUE: I2C_WriteMultiBytesOneReg:u8Err <- $r8
	@DEBUG_VALUE: I2C_WriteMultiBytesOneReg:u32txLen <- $r12
	@DEBUG_VALUE: I2C_WriteMultiBytesOneReg:u8Ctrl <- $r7
	@DEBUG_VALUE: I2C_WriteMultiBytesOneReg:u8Xfering <- $r6
	@DEBUG_VALUE: I2C_WriteMultiBytesOneReg:u8SlaveAddr <- [DW_OP_LLVM_entry_value 1] $r1
	@DEBUG_VALUE: I2C_WriteMultiBytesOneReg:data <- [$sp+0]
	@DEBUG_VALUE: I2C_WriteMultiBytesOneReg:u32wLen <- [DW_OP_plus_uconst 40] [$sp+0]
	@DEBUG_VALUE: I2C_WriteMultiBytesOneReg:u8DataAddr <- $r2
	@DEBUG_VALUE: I2C_WriteMultiBytesOneReg:i2c <- $r0
	.loc	2 926 21                        @ ../../../../Library/StdDriver/src/i2c.c:926:21
	ldr	r1, [sp, #40]
	cmp	r12, r1
	bhs	.LBB33_21
.Ltmp242:
@ %bb.19:                               @   in Loop: Header=BB33_1 Depth=1
	@DEBUG_VALUE: I2C_WriteMultiBytesOneReg:u8Err <- $r8
	@DEBUG_VALUE: I2C_WriteMultiBytesOneReg:u32txLen <- $r12
	@DEBUG_VALUE: I2C_WriteMultiBytesOneReg:u8Ctrl <- $r7
	@DEBUG_VALUE: I2C_WriteMultiBytesOneReg:u8Xfering <- $r6
	@DEBUG_VALUE: I2C_WriteMultiBytesOneReg:u8SlaveAddr <- [DW_OP_LLVM_entry_value 1] $r1
	@DEBUG_VALUE: I2C_WriteMultiBytesOneReg:data <- [$sp+0]
	@DEBUG_VALUE: I2C_WriteMultiBytesOneReg:u32wLen <- [DW_OP_plus_uconst 40] [$sp+0]
	@DEBUG_VALUE: I2C_WriteMultiBytesOneReg:u8DataAddr <- $r2
	@DEBUG_VALUE: I2C_WriteMultiBytesOneReg:i2c <- $r0
	.loc	2 928 21                        @ ../../../../Library/StdDriver/src/i2c.c:928:21
	ldr	r1, [sp]                        @ 4-byte Reload
	ldrb.w	r1, [r1, r12]
	add.w	r12, r12, #1
.Ltmp243:
	@DEBUG_VALUE: I2C_WriteMultiBytesOneReg:u32txLen <- $r12
	str	r1, [r0, #8]
.Ltmp244:
.LBB33_20:                              @   in Loop: Header=BB33_1 Depth=1
	@DEBUG_VALUE: I2C_WriteMultiBytesOneReg:u8Err <- $r8
	@DEBUG_VALUE: I2C_WriteMultiBytesOneReg:u32txLen <- $r12
	@DEBUG_VALUE: I2C_WriteMultiBytesOneReg:u8Ctrl <- $r7
	@DEBUG_VALUE: I2C_WriteMultiBytesOneReg:u8Xfering <- $r6
	@DEBUG_VALUE: I2C_WriteMultiBytesOneReg:u8SlaveAddr <- [DW_OP_LLVM_entry_value 1] $r1
	@DEBUG_VALUE: I2C_WriteMultiBytesOneReg:data <- [$sp+0]
	@DEBUG_VALUE: I2C_WriteMultiBytesOneReg:u32wLen <- [DW_OP_plus_uconst 40] [$sp+0]
	@DEBUG_VALUE: I2C_WriteMultiBytesOneReg:u8DataAddr <- $r2
	@DEBUG_VALUE: I2C_WriteMultiBytesOneReg:i2c <- $r0
	.loc	2 0 21 is_stmt 0                @ ../../../../Library/StdDriver/src/i2c.c:0:21
	mov	r1, r8
	mov	r4, r7
.Ltmp245:
	@DEBUG_VALUE: I2C_WriteMultiBytesOneReg:u8Ctrl <- $r4
	.loc	2 917 17 is_stmt 1              @ ../../../../Library/StdDriver/src/i2c.c:917:17
	b	.LBB33_23
.Ltmp246:
.LBB33_21:                              @   in Loop: Header=BB33_1 Depth=1
	@DEBUG_VALUE: I2C_WriteMultiBytesOneReg:u8Err <- $r8
	@DEBUG_VALUE: I2C_WriteMultiBytesOneReg:u32txLen <- $r12
	@DEBUG_VALUE: I2C_WriteMultiBytesOneReg:u8Ctrl <- $r7
	@DEBUG_VALUE: I2C_WriteMultiBytesOneReg:u8Xfering <- $r6
	@DEBUG_VALUE: I2C_WriteMultiBytesOneReg:u8SlaveAddr <- [DW_OP_LLVM_entry_value 1] $r1
	@DEBUG_VALUE: I2C_WriteMultiBytesOneReg:data <- [$sp+0]
	@DEBUG_VALUE: I2C_WriteMultiBytesOneReg:u32wLen <- [DW_OP_plus_uconst 40] [$sp+0]
	@DEBUG_VALUE: I2C_WriteMultiBytesOneReg:u8DataAddr <- $r2
	@DEBUG_VALUE: I2C_WriteMultiBytesOneReg:i2c <- $r0
	.loc	2 0 17 is_stmt 0                @ ../../../../Library/StdDriver/src/i2c.c:0:17
	movs	r6, #0
.Ltmp247:
.LBB33_22:                              @   in Loop: Header=BB33_1 Depth=1
	@DEBUG_VALUE: I2C_WriteMultiBytesOneReg:u8Err <- $r8
	@DEBUG_VALUE: I2C_WriteMultiBytesOneReg:u32txLen <- $r12
	@DEBUG_VALUE: I2C_WriteMultiBytesOneReg:u8SlaveAddr <- [DW_OP_LLVM_entry_value 1] $r1
	@DEBUG_VALUE: I2C_WriteMultiBytesOneReg:data <- [$sp+0]
	@DEBUG_VALUE: I2C_WriteMultiBytesOneReg:u32wLen <- [DW_OP_plus_uconst 40] [$sp+0]
	@DEBUG_VALUE: I2C_WriteMultiBytesOneReg:u8DataAddr <- $r2
	@DEBUG_VALUE: I2C_WriteMultiBytesOneReg:i2c <- $r0
	mov	r1, r8
.Ltmp248:
.LBB33_23:                              @   in Loop: Header=BB33_1 Depth=1
	@DEBUG_VALUE: I2C_WriteMultiBytesOneReg:u32txLen <- $r12
	@DEBUG_VALUE: I2C_WriteMultiBytesOneReg:u8SlaveAddr <- [DW_OP_LLVM_entry_value 1] $r1
	@DEBUG_VALUE: I2C_WriteMultiBytesOneReg:data <- [$sp+0]
	@DEBUG_VALUE: I2C_WriteMultiBytesOneReg:u32wLen <- [DW_OP_plus_uconst 40] [$sp+0]
	@DEBUG_VALUE: I2C_WriteMultiBytesOneReg:u8DataAddr <- $r2
	@DEBUG_VALUE: I2C_WriteMultiBytesOneReg:i2c <- $r0
	@DEBUG_VALUE: I2C_WriteMultiBytesOneReg:u8Xfering <- $r6
	@DEBUG_VALUE: I2C_WriteMultiBytesOneReg:u8Err <- $r1
	@DEBUG_VALUE: I2C_WriteMultiBytesOneReg:u8Ctrl <- $r4
	@DEBUG_VALUE: I2C_WriteMultiBytesOneReg:u32txLen <- $r12
	.loc	2 946 9 is_stmt 1               @ ../../../../Library/StdDriver/src/i2c.c:946:9
	ldr	r7, [r0]
	bic	r7, r7, #60
	orr.w	r7, r7, r4
	str	r7, [r0]
.Ltmp249:
	.loc	2 895 5                         @ ../../../../Library/StdDriver/src/i2c.c:895:5
	cbz	r6, .LBB33_25
.Ltmp250:
@ %bb.24:                               @   in Loop: Header=BB33_1 Depth=1
	@DEBUG_VALUE: I2C_WriteMultiBytesOneReg:u8Err <- $r1
	@DEBUG_VALUE: I2C_WriteMultiBytesOneReg:u8Ctrl <- $r4
	@DEBUG_VALUE: I2C_WriteMultiBytesOneReg:u32txLen <- $r12
	@DEBUG_VALUE: I2C_WriteMultiBytesOneReg:u8Xfering <- $r6
	@DEBUG_VALUE: I2C_WriteMultiBytesOneReg:u8SlaveAddr <- [DW_OP_LLVM_entry_value 1] $r1
	@DEBUG_VALUE: I2C_WriteMultiBytesOneReg:data <- [$sp+0]
	@DEBUG_VALUE: I2C_WriteMultiBytesOneReg:u32wLen <- [DW_OP_plus_uconst 40] [$sp+0]
	@DEBUG_VALUE: I2C_WriteMultiBytesOneReg:u8DataAddr <- $r2
	@DEBUG_VALUE: I2C_WriteMultiBytesOneReg:i2c <- $r0
	.loc	2 0 5 is_stmt 0                 @ ../../../../Library/StdDriver/src/i2c.c:0:5
	mov	r7, r4
.Ltmp251:
	@DEBUG_VALUE: I2C_WriteMultiBytesOneReg:u8Ctrl <- $r7
	.loc	2 895 5                         @ ../../../../Library/StdDriver/src/i2c.c:895:5
	cbnz	r1, .LBB33_25
	le	.LBB33_1
.Ltmp252:
.LBB33_25:
	@DEBUG_VALUE: I2C_WriteMultiBytesOneReg:u8Err <- $r1
	@DEBUG_VALUE: I2C_WriteMultiBytesOneReg:u32txLen <- $r12
	@DEBUG_VALUE: I2C_WriteMultiBytesOneReg:u8Xfering <- $r6
	@DEBUG_VALUE: I2C_WriteMultiBytesOneReg:u8SlaveAddr <- [DW_OP_LLVM_entry_value 1] $r1
	@DEBUG_VALUE: I2C_WriteMultiBytesOneReg:data <- [$sp+0]
	@DEBUG_VALUE: I2C_WriteMultiBytesOneReg:u32wLen <- [DW_OP_plus_uconst 40] [$sp+0]
	@DEBUG_VALUE: I2C_WriteMultiBytesOneReg:u8DataAddr <- $r2
	@DEBUG_VALUE: I2C_WriteMultiBytesOneReg:i2c <- $r0
	.loc	2 949 23 is_stmt 1              @ ../../../../Library/StdDriver/src/i2c.c:949:23
	ldr	r1, [r5]
.Ltmp253:
	@DEBUG_VALUE: I2C_WriteMultiBytesOneReg:u32TimeOutCount <- $r1
.LBB33_26:                              @ =>This Inner Loop Header: Depth=1
	@DEBUG_VALUE: I2C_WriteMultiBytesOneReg:u32TimeOutCount <- $r1
	@DEBUG_VALUE: I2C_WriteMultiBytesOneReg:u32txLen <- $r12
	@DEBUG_VALUE: I2C_WriteMultiBytesOneReg:u8Xfering <- $r6
	@DEBUG_VALUE: I2C_WriteMultiBytesOneReg:u8SlaveAddr <- [DW_OP_LLVM_entry_value 1] $r1
	@DEBUG_VALUE: I2C_WriteMultiBytesOneReg:data <- [$sp+0]
	@DEBUG_VALUE: I2C_WriteMultiBytesOneReg:u32wLen <- [DW_OP_plus_uconst 40] [$sp+0]
	@DEBUG_VALUE: I2C_WriteMultiBytesOneReg:i2c <- $r0
	@DEBUG_VALUE: I2C_WriteMultiBytesOneReg:u32TimeOutCount <- $r1
	.loc	2 951 19                        @ ../../../../Library/StdDriver/src/i2c.c:951:19
	ldr	r2, [r0]
.Ltmp254:
	@DEBUG_VALUE: I2C_WriteMultiBytesOneReg:u8DataAddr <- [DW_OP_LLVM_entry_value 1] $r2
	.loc	2 951 5 is_stmt 0               @ ../../../../Library/StdDriver/src/i2c.c:951:5
	lsls	r2, r2, #27
	bpl	.LBB33_35
.Ltmp255:
@ %bb.27:                               @   in Loop: Header=BB33_26 Depth=1
	@DEBUG_VALUE: I2C_WriteMultiBytesOneReg:u32TimeOutCount <- $r1
	@DEBUG_VALUE: I2C_WriteMultiBytesOneReg:u32txLen <- $r12
	@DEBUG_VALUE: I2C_WriteMultiBytesOneReg:u8Xfering <- $r6
	@DEBUG_VALUE: I2C_WriteMultiBytesOneReg:u8SlaveAddr <- [DW_OP_LLVM_entry_value 1] $r1
	@DEBUG_VALUE: I2C_WriteMultiBytesOneReg:data <- [$sp+0]
	@DEBUG_VALUE: I2C_WriteMultiBytesOneReg:u32wLen <- [DW_OP_plus_uconst 40] [$sp+0]
	@DEBUG_VALUE: I2C_WriteMultiBytesOneReg:i2c <- $r0
	@DEBUG_VALUE: I2C_WriteMultiBytesOneReg:u32TimeOutCount <- [DW_OP_constu 1, DW_OP_minus, DW_OP_stack_value] $r1
	.loc	2 955 13 is_stmt 1              @ ../../../../Library/StdDriver/src/i2c.c:955:13
	cmp	r1, #1
	beq	.LBB33_34
.Ltmp256:
@ %bb.28:                               @   in Loop: Header=BB33_26 Depth=1
	@DEBUG_VALUE: I2C_WriteMultiBytesOneReg:u32TimeOutCount <- [DW_OP_constu 1, DW_OP_minus, DW_OP_stack_value] $r1
	@DEBUG_VALUE: I2C_WriteMultiBytesOneReg:u32txLen <- $r12
	@DEBUG_VALUE: I2C_WriteMultiBytesOneReg:u8Xfering <- $r6
	@DEBUG_VALUE: I2C_WriteMultiBytesOneReg:u8SlaveAddr <- [DW_OP_LLVM_entry_value 1] $r1
	@DEBUG_VALUE: I2C_WriteMultiBytesOneReg:data <- [$sp+0]
	@DEBUG_VALUE: I2C_WriteMultiBytesOneReg:u32wLen <- [DW_OP_plus_uconst 40] [$sp+0]
	@DEBUG_VALUE: I2C_WriteMultiBytesOneReg:i2c <- $r0
	@DEBUG_VALUE: I2C_WriteMultiBytesOneReg:u32TimeOutCount <- [DW_OP_constu 1, DW_OP_minus, DW_OP_stack_value] $r1
	.loc	2 951 19                        @ ../../../../Library/StdDriver/src/i2c.c:951:19
	ldr	r2, [r0]
	.loc	2 951 5 is_stmt 0               @ ../../../../Library/StdDriver/src/i2c.c:951:5
	lsls	r2, r2, #27
	bpl	.LBB33_35
.Ltmp257:
@ %bb.29:                               @   in Loop: Header=BB33_26 Depth=1
	@DEBUG_VALUE: I2C_WriteMultiBytesOneReg:u32TimeOutCount <- [DW_OP_constu 1, DW_OP_minus, DW_OP_stack_value] $r1
	@DEBUG_VALUE: I2C_WriteMultiBytesOneReg:u32txLen <- $r12
	@DEBUG_VALUE: I2C_WriteMultiBytesOneReg:u8Xfering <- $r6
	@DEBUG_VALUE: I2C_WriteMultiBytesOneReg:u8SlaveAddr <- [DW_OP_LLVM_entry_value 1] $r1
	@DEBUG_VALUE: I2C_WriteMultiBytesOneReg:data <- [$sp+0]
	@DEBUG_VALUE: I2C_WriteMultiBytesOneReg:u32wLen <- [DW_OP_plus_uconst 40] [$sp+0]
	@DEBUG_VALUE: I2C_WriteMultiBytesOneReg:i2c <- $r0
	@DEBUG_VALUE: I2C_WriteMultiBytesOneReg:u32TimeOutCount <- [DW_OP_constu 2, DW_OP_minus, DW_OP_stack_value] $r1
	.loc	2 955 13 is_stmt 1              @ ../../../../Library/StdDriver/src/i2c.c:955:13
	cmp	r1, #2
	beq	.LBB33_34
.Ltmp258:
@ %bb.30:                               @   in Loop: Header=BB33_26 Depth=1
	@DEBUG_VALUE: I2C_WriteMultiBytesOneReg:u32TimeOutCount <- [DW_OP_constu 2, DW_OP_minus, DW_OP_stack_value] $r1
	@DEBUG_VALUE: I2C_WriteMultiBytesOneReg:u32txLen <- $r12
	@DEBUG_VALUE: I2C_WriteMultiBytesOneReg:u8Xfering <- $r6
	@DEBUG_VALUE: I2C_WriteMultiBytesOneReg:u8SlaveAddr <- [DW_OP_LLVM_entry_value 1] $r1
	@DEBUG_VALUE: I2C_WriteMultiBytesOneReg:data <- [$sp+0]
	@DEBUG_VALUE: I2C_WriteMultiBytesOneReg:u32wLen <- [DW_OP_plus_uconst 40] [$sp+0]
	@DEBUG_VALUE: I2C_WriteMultiBytesOneReg:i2c <- $r0
	@DEBUG_VALUE: I2C_WriteMultiBytesOneReg:u32TimeOutCount <- [DW_OP_constu 2, DW_OP_minus, DW_OP_stack_value] $r1
	.loc	2 951 19                        @ ../../../../Library/StdDriver/src/i2c.c:951:19
	ldr	r2, [r0]
	.loc	2 951 5 is_stmt 0               @ ../../../../Library/StdDriver/src/i2c.c:951:5
	lsls	r2, r2, #27
	bpl	.LBB33_35
.Ltmp259:
@ %bb.31:                               @   in Loop: Header=BB33_26 Depth=1
	@DEBUG_VALUE: I2C_WriteMultiBytesOneReg:u32TimeOutCount <- [DW_OP_constu 2, DW_OP_minus, DW_OP_stack_value] $r1
	@DEBUG_VALUE: I2C_WriteMultiBytesOneReg:u32txLen <- $r12
	@DEBUG_VALUE: I2C_WriteMultiBytesOneReg:u8Xfering <- $r6
	@DEBUG_VALUE: I2C_WriteMultiBytesOneReg:u8SlaveAddr <- [DW_OP_LLVM_entry_value 1] $r1
	@DEBUG_VALUE: I2C_WriteMultiBytesOneReg:data <- [$sp+0]
	@DEBUG_VALUE: I2C_WriteMultiBytesOneReg:u32wLen <- [DW_OP_plus_uconst 40] [$sp+0]
	@DEBUG_VALUE: I2C_WriteMultiBytesOneReg:i2c <- $r0
	@DEBUG_VALUE: I2C_WriteMultiBytesOneReg:u32TimeOutCount <- [DW_OP_constu 3, DW_OP_minus, DW_OP_stack_value] $r1
	.loc	2 955 13 is_stmt 1              @ ../../../../Library/StdDriver/src/i2c.c:955:13
	cmp	r1, #3
	beq	.LBB33_34
.Ltmp260:
@ %bb.32:                               @   in Loop: Header=BB33_26 Depth=1
	@DEBUG_VALUE: I2C_WriteMultiBytesOneReg:u32TimeOutCount <- [DW_OP_constu 3, DW_OP_minus, DW_OP_stack_value] $r1
	@DEBUG_VALUE: I2C_WriteMultiBytesOneReg:u32txLen <- $r12
	@DEBUG_VALUE: I2C_WriteMultiBytesOneReg:u8Xfering <- $r6
	@DEBUG_VALUE: I2C_WriteMultiBytesOneReg:u8SlaveAddr <- [DW_OP_LLVM_entry_value 1] $r1
	@DEBUG_VALUE: I2C_WriteMultiBytesOneReg:data <- [$sp+0]
	@DEBUG_VALUE: I2C_WriteMultiBytesOneReg:u32wLen <- [DW_OP_plus_uconst 40] [$sp+0]
	@DEBUG_VALUE: I2C_WriteMultiBytesOneReg:i2c <- $r0
	@DEBUG_VALUE: I2C_WriteMultiBytesOneReg:u32TimeOutCount <- [DW_OP_constu 3, DW_OP_minus, DW_OP_stack_value] $r1
	.loc	2 951 19                        @ ../../../../Library/StdDriver/src/i2c.c:951:19
	ldr	r2, [r0]
	.loc	2 951 5 is_stmt 0               @ ../../../../Library/StdDriver/src/i2c.c:951:5
	lsls	r2, r2, #27
	bpl	.LBB33_35
.Ltmp261:
@ %bb.33:                               @   in Loop: Header=BB33_26 Depth=1
	@DEBUG_VALUE: I2C_WriteMultiBytesOneReg:u32TimeOutCount <- [DW_OP_constu 3, DW_OP_minus, DW_OP_stack_value] $r1
	@DEBUG_VALUE: I2C_WriteMultiBytesOneReg:u32txLen <- $r12
	@DEBUG_VALUE: I2C_WriteMultiBytesOneReg:u8Xfering <- $r6
	@DEBUG_VALUE: I2C_WriteMultiBytesOneReg:u8SlaveAddr <- [DW_OP_LLVM_entry_value 1] $r1
	@DEBUG_VALUE: I2C_WriteMultiBytesOneReg:data <- [$sp+0]
	@DEBUG_VALUE: I2C_WriteMultiBytesOneReg:u32wLen <- [DW_OP_plus_uconst 40] [$sp+0]
	@DEBUG_VALUE: I2C_WriteMultiBytesOneReg:i2c <- $r0
	.loc	2 953 24 is_stmt 1              @ ../../../../Library/StdDriver/src/i2c.c:953:24
	subs	r1, #4
.Ltmp262:
	@DEBUG_VALUE: I2C_WriteMultiBytesOneReg:u32TimeOutCount <- $r1
	.loc	2 955 13                        @ ../../../../Library/StdDriver/src/i2c.c:955:13
	bne	.LBB33_26
.Ltmp263:
.LBB33_34:
	@DEBUG_VALUE: I2C_WriteMultiBytesOneReg:u32txLen <- $r12
	@DEBUG_VALUE: I2C_WriteMultiBytesOneReg:u8Xfering <- $r6
	@DEBUG_VALUE: I2C_WriteMultiBytesOneReg:u8SlaveAddr <- [DW_OP_LLVM_entry_value 1] $r1
	@DEBUG_VALUE: I2C_WriteMultiBytesOneReg:data <- [$sp+0]
	@DEBUG_VALUE: I2C_WriteMultiBytesOneReg:u32wLen <- [DW_OP_plus_uconst 40] [$sp+0]
	@DEBUG_VALUE: I2C_WriteMultiBytesOneReg:i2c <- $r0
	.loc	2 0 13 is_stmt 0                @ ../../../../Library/StdDriver/src/i2c.c:0:13
	mvn	r0, #1
.Ltmp264:
	@DEBUG_VALUE: I2C_WriteMultiBytesOneReg:i2c <- [DW_OP_LLVM_entry_value 1] $r0
	@DEBUG_VALUE: I2C_WriteMultiBytesOneReg:i2c <- [DW_OP_LLVM_entry_value 1] $r0
	.loc	2 957 30 is_stmt 1              @ ../../../../Library/StdDriver/src/i2c.c:957:30
	str.w	r0, [lr]
.Ltmp265:
	@DEBUG_VALUE: I2C_WriteMultiBytesOneReg:u8Err <- 1
.LBB33_35:
	@DEBUG_VALUE: I2C_WriteMultiBytesOneReg:u32txLen <- $r12
	@DEBUG_VALUE: I2C_WriteMultiBytesOneReg:u8Xfering <- $r6
	@DEBUG_VALUE: I2C_WriteMultiBytesOneReg:u8SlaveAddr <- [DW_OP_LLVM_entry_value 1] $r1
	@DEBUG_VALUE: I2C_WriteMultiBytesOneReg:data <- [$sp+0]
	@DEBUG_VALUE: I2C_WriteMultiBytesOneReg:u32wLen <- [DW_OP_plus_uconst 40] [$sp+0]
	.loc	2 963 5                         @ ../../../../Library/StdDriver/src/i2c.c:963:5
	mov	r0, r12
	.loc	2 963 5 epilogue_begin is_stmt 0 @ ../../../../Library/StdDriver/src/i2c.c:963:5
	add	sp, #4
	pop.w	{r4, r5, r6, r7, r8, r9, r10, r11, pc}
.Ltmp266:
.Lfunc_end33:
	.size	I2C_WriteMultiBytesOneReg, .Lfunc_end33-I2C_WriteMultiBytesOneReg
	.cfi_endproc
	.cantunwind
	.fnend
                                        @ -- End function
	.section	.text.I2C_WriteByteTwoRegs,"ax",%progbits
	.hidden	I2C_WriteByteTwoRegs            @ -- Begin function I2C_WriteByteTwoRegs
	.globl	I2C_WriteByteTwoRegs
	.p2align	2
	.type	I2C_WriteByteTwoRegs,%function
	.code	16                              @ @I2C_WriteByteTwoRegs
	.thumb_func
I2C_WriteByteTwoRegs:
.Lfunc_begin34:
	.loc	2 984 0 is_stmt 1               @ ../../../../Library/StdDriver/src/i2c.c:984:0
	.fnstart
	.cfi_startproc
@ %bb.0:
	@DEBUG_VALUE: I2C_WriteByteTwoRegs:i2c <- $r0
	@DEBUG_VALUE: I2C_WriteByteTwoRegs:u8SlaveAddr <- $r1
	@DEBUG_VALUE: I2C_WriteByteTwoRegs:u16DataAddr <- $r2
	.save	{r7, lr}
	push	{r7, lr}
	.cfi_def_cfa_offset 8
	.cfi_offset lr, -4
	.cfi_offset r7, -8
	.pad	#8
	sub	sp, #8
	.cfi_def_cfa_offset 16
	strb.w	r3, [sp, #7]
	mov.w	r12, #1
	add.w	r3, sp, #7
.Ltmp267:
	.loc	2 985 25 prologue_end           @ ../../../../Library/StdDriver/src/i2c.c:985:25
	str.w	r12, [sp]
	bl	I2C_WriteMultiBytesTwoRegs
.Ltmp268:
	@DEBUG_VALUE: I2C_WriteByteTwoRegs:u16DataAddr <- [DW_OP_LLVM_entry_value 1] $r2
	@DEBUG_VALUE: I2C_WriteByteTwoRegs:u8SlaveAddr <- [DW_OP_LLVM_entry_value 1] $r1
	@DEBUG_VALUE: I2C_WriteByteTwoRegs:i2c <- [DW_OP_LLVM_entry_value 1] $r0
	@DEBUG_VALUE: I2C_WriteByteTwoRegs:u32txLen <- $r0
	.loc	2 987 18                        @ ../../../../Library/StdDriver/src/i2c.c:987:18
	cmp	r0, #1
	cset	r0, ne
.Ltmp269:
	.loc	2 995 1 epilogue_begin          @ ../../../../Library/StdDriver/src/i2c.c:995:1
	add	sp, #8
	pop	{r7, pc}
.Ltmp270:
.Lfunc_end34:
	.size	I2C_WriteByteTwoRegs, .Lfunc_end34-I2C_WriteByteTwoRegs
	.cfi_endproc
	.cantunwind
	.fnend
                                        @ -- End function
	.section	.text.I2C_WriteMultiBytesTwoRegs,"ax",%progbits
	.hidden	I2C_WriteMultiBytesTwoRegs      @ -- Begin function I2C_WriteMultiBytesTwoRegs
	.globl	I2C_WriteMultiBytesTwoRegs
	.p2align	2
	.type	I2C_WriteMultiBytesTwoRegs,%function
	.code	16                              @ @I2C_WriteMultiBytesTwoRegs
	.thumb_func
I2C_WriteMultiBytesTwoRegs:
.Lfunc_begin35:
	.loc	2 1016 0                        @ ../../../../Library/StdDriver/src/i2c.c:1016:0
	.fnstart
	.cfi_startproc
@ %bb.0:
	@DEBUG_VALUE: I2C_WriteMultiBytesTwoRegs:i2c <- $r0
	@DEBUG_VALUE: I2C_WriteMultiBytesTwoRegs:u8SlaveAddr <- $r1
	@DEBUG_VALUE: I2C_WriteMultiBytesTwoRegs:u16DataAddr <- $r2
	@DEBUG_VALUE: I2C_WriteMultiBytesTwoRegs:data <- $r3
	.save	{r4, r5, r6, r7, r8, r9, r10, r11, lr}
	push.w	{r4, r5, r6, r7, r8, r9, r10, r11, lr}
	.cfi_def_cfa_offset 36
	.cfi_offset lr, -4
	.cfi_offset r11, -8
	.cfi_offset r10, -12
	.cfi_offset r9, -16
	.cfi_offset r8, -20
	.cfi_offset r7, -24
	.cfi_offset r6, -28
	.cfi_offset r5, -32
	.cfi_offset r4, -36
	.pad	#12
	sub	sp, #12
	.cfi_def_cfa_offset 48
.Ltmp271:
	@DEBUG_VALUE: I2C_WriteMultiBytesTwoRegs:u32wLen <- [DW_OP_plus_uconst 48] [$sp+0]
	.loc	2 1020 22 prologue_end          @ ../../../../Library/StdDriver/src/i2c.c:1020:22
	movw	lr, :lower16:g_I2C_i32ErrCode
	mov.w	r12, #0
	movt	lr, :upper16:g_I2C_i32ErrCode
	movw	r6, :lower16:SystemCoreClock
	str	r3, [sp, #4]                    @ 4-byte Spill
.Ltmp272:
	@DEBUG_VALUE: I2C_WriteMultiBytesTwoRegs:data <- [DW_OP_plus_uconst 4] [$sp+0]
	@DEBUG_VALUE: I2C_WriteMultiBytesTwoRegs:data <- [DW_OP_plus_uconst 4] [$sp+0]
	.loc	2 0 22 is_stmt 0                @ ../../../../Library/StdDriver/src/i2c.c:0:22
	movs	r4, #1
	.loc	2 1020 22                       @ ../../../../Library/StdDriver/src/i2c.c:1020:22
	str.w	r12, [lr]
	mov.w	r9, #0
	.loc	2 1022 5 is_stmt 1              @ ../../../../Library/StdDriver/src/i2c.c:1022:5
	ldr	r3, [r0]
.Ltmp273:
	@DEBUG_VALUE: I2C_WriteMultiBytesTwoRegs:u32TimeOutCount <- 0
	@DEBUG_VALUE: I2C_WriteMultiBytesTwoRegs:u32txLen <- 0
	@DEBUG_VALUE: I2C_WriteMultiBytesTwoRegs:u8Ctrl <- 0
	@DEBUG_VALUE: I2C_WriteMultiBytesTwoRegs:u8Addr <- 1
	@DEBUG_VALUE: I2C_WriteMultiBytesTwoRegs:u8Err <- 0
	@DEBUG_VALUE: I2C_WriteMultiBytesTwoRegs:u8Xfering <- 1
	.loc	2 0 5 is_stmt 0                 @ ../../../../Library/StdDriver/src/i2c.c:0:5
	movs	r5, #1
	lsls	r1, r1, #1
.Ltmp274:
	@DEBUG_VALUE: I2C_WriteMultiBytesTwoRegs:u8SlaveAddr <- [DW_OP_LLVM_entry_value 1] $r1
	.loc	2 1022 5                        @ ../../../../Library/StdDriver/src/i2c.c:1022:5
	orr	r3, r3, #32
	bic	r3, r3, #8
	str	r3, [r0]
	uxtb	r3, r2
	lsrs	r2, r2, #8
.Ltmp275:
	@DEBUG_VALUE: I2C_WriteMultiBytesTwoRegs:u16DataAddr <- [DW_OP_LLVM_entry_value 1] $r2
	.loc	2 0 5                           @ ../../../../Library/StdDriver/src/i2c.c:0:5
	str	r2, [sp, #8]                    @ 4-byte Spill
	uxtb	r2, r1
	movt	r6, :upper16:SystemCoreClock
	mvn	r7, #1
	str	r3, [sp]                        @ 4-byte Spill
.Ltmp276:
	.p2align	2
.LBB35_1:                               @ =>This Loop Header: Depth=1
                                        @     Child Loop BB35_2 Depth 2
	@DEBUG_VALUE: I2C_WriteMultiBytesTwoRegs:u16DataAddr <- [DW_OP_LLVM_entry_value 1] $r2
	@DEBUG_VALUE: I2C_WriteMultiBytesTwoRegs:u8SlaveAddr <- [DW_OP_LLVM_entry_value 1] $r1
	@DEBUG_VALUE: I2C_WriteMultiBytesTwoRegs:data <- [DW_OP_plus_uconst 4] [$sp+0]
	@DEBUG_VALUE: I2C_WriteMultiBytesTwoRegs:u32wLen <- [DW_OP_plus_uconst 48] [$sp+0]
	@DEBUG_VALUE: I2C_WriteMultiBytesTwoRegs:i2c <- $r0
	@DEBUG_VALUE: I2C_WriteMultiBytesTwoRegs:u8Xfering <- $r5
	@DEBUG_VALUE: I2C_WriteMultiBytesTwoRegs:u8Err <- 0
	@DEBUG_VALUE: I2C_WriteMultiBytesTwoRegs:u8Addr <- $r4
	@DEBUG_VALUE: I2C_WriteMultiBytesTwoRegs:u8Ctrl <- $r9
	@DEBUG_VALUE: I2C_WriteMultiBytesTwoRegs:u32txLen <- $r12
	.loc	2 1026 27 is_stmt 1             @ ../../../../Library/StdDriver/src/i2c.c:1026:27
	ldr	r1, [r6]
.Ltmp277:
	@DEBUG_VALUE: I2C_WriteMultiBytesTwoRegs:u32TimeOutCount <- $r1
.LBB35_2:                               @   Parent Loop BB35_1 Depth=1
                                        @ =>  This Inner Loop Header: Depth=2
	@DEBUG_VALUE: I2C_WriteMultiBytesTwoRegs:u32TimeOutCount <- $r1
	@DEBUG_VALUE: I2C_WriteMultiBytesTwoRegs:u32txLen <- $r12
	@DEBUG_VALUE: I2C_WriteMultiBytesTwoRegs:u8Ctrl <- $r9
	@DEBUG_VALUE: I2C_WriteMultiBytesTwoRegs:u8Addr <- $r4
	@DEBUG_VALUE: I2C_WriteMultiBytesTwoRegs:u8Xfering <- $r5
	@DEBUG_VALUE: I2C_WriteMultiBytesTwoRegs:u16DataAddr <- [DW_OP_LLVM_entry_value 1] $r2
	@DEBUG_VALUE: I2C_WriteMultiBytesTwoRegs:u8SlaveAddr <- [DW_OP_LLVM_entry_value 1] $r1
	@DEBUG_VALUE: I2C_WriteMultiBytesTwoRegs:u8Err <- 0
	@DEBUG_VALUE: I2C_WriteMultiBytesTwoRegs:data <- [DW_OP_plus_uconst 4] [$sp+0]
	@DEBUG_VALUE: I2C_WriteMultiBytesTwoRegs:u32wLen <- [DW_OP_plus_uconst 48] [$sp+0]
	@DEBUG_VALUE: I2C_WriteMultiBytesTwoRegs:i2c <- $r0
	@DEBUG_VALUE: I2C_WriteMultiBytesTwoRegs:u32TimeOutCount <- $r1
	.loc	2 1027 9                        @ ../../../../Library/StdDriver/src/i2c.c:1027:9
	ldr	r3, [r0]
	lsls	r3, r3, #28
	bmi	.LBB35_11
.Ltmp278:
@ %bb.3:                                @   in Loop: Header=BB35_2 Depth=2
	@DEBUG_VALUE: I2C_WriteMultiBytesTwoRegs:u32TimeOutCount <- $r1
	@DEBUG_VALUE: I2C_WriteMultiBytesTwoRegs:u32txLen <- $r12
	@DEBUG_VALUE: I2C_WriteMultiBytesTwoRegs:u8Ctrl <- $r9
	@DEBUG_VALUE: I2C_WriteMultiBytesTwoRegs:u8Addr <- $r4
	@DEBUG_VALUE: I2C_WriteMultiBytesTwoRegs:u8Xfering <- $r5
	@DEBUG_VALUE: I2C_WriteMultiBytesTwoRegs:u16DataAddr <- [DW_OP_LLVM_entry_value 1] $r2
	@DEBUG_VALUE: I2C_WriteMultiBytesTwoRegs:u8SlaveAddr <- [DW_OP_LLVM_entry_value 1] $r1
	@DEBUG_VALUE: I2C_WriteMultiBytesTwoRegs:u8Err <- 0
	@DEBUG_VALUE: I2C_WriteMultiBytesTwoRegs:data <- [DW_OP_plus_uconst 4] [$sp+0]
	@DEBUG_VALUE: I2C_WriteMultiBytesTwoRegs:u32wLen <- [DW_OP_plus_uconst 48] [$sp+0]
	@DEBUG_VALUE: I2C_WriteMultiBytesTwoRegs:i2c <- $r0
	@DEBUG_VALUE: I2C_WriteMultiBytesTwoRegs:u32TimeOutCount <- [DW_OP_constu 1, DW_OP_minus, DW_OP_stack_value] $r1
	.loc	2 1029 17                       @ ../../../../Library/StdDriver/src/i2c.c:1029:17
	cmp	r1, #1
	beq	.LBB35_10
.Ltmp279:
@ %bb.4:                                @   in Loop: Header=BB35_2 Depth=2
	@DEBUG_VALUE: I2C_WriteMultiBytesTwoRegs:u32TimeOutCount <- [DW_OP_constu 1, DW_OP_minus, DW_OP_stack_value] $r1
	@DEBUG_VALUE: I2C_WriteMultiBytesTwoRegs:u32txLen <- $r12
	@DEBUG_VALUE: I2C_WriteMultiBytesTwoRegs:u8Ctrl <- $r9
	@DEBUG_VALUE: I2C_WriteMultiBytesTwoRegs:u8Addr <- $r4
	@DEBUG_VALUE: I2C_WriteMultiBytesTwoRegs:u8Xfering <- $r5
	@DEBUG_VALUE: I2C_WriteMultiBytesTwoRegs:u16DataAddr <- [DW_OP_LLVM_entry_value 1] $r2
	@DEBUG_VALUE: I2C_WriteMultiBytesTwoRegs:u8SlaveAddr <- [DW_OP_LLVM_entry_value 1] $r1
	@DEBUG_VALUE: I2C_WriteMultiBytesTwoRegs:u8Err <- 0
	@DEBUG_VALUE: I2C_WriteMultiBytesTwoRegs:data <- [DW_OP_plus_uconst 4] [$sp+0]
	@DEBUG_VALUE: I2C_WriteMultiBytesTwoRegs:u32wLen <- [DW_OP_plus_uconst 48] [$sp+0]
	@DEBUG_VALUE: I2C_WriteMultiBytesTwoRegs:i2c <- $r0
	@DEBUG_VALUE: I2C_WriteMultiBytesTwoRegs:u32TimeOutCount <- [DW_OP_constu 1, DW_OP_minus, DW_OP_stack_value] $r1
	.loc	2 1027 9                        @ ../../../../Library/StdDriver/src/i2c.c:1027:9
	ldr	r3, [r0]
	lsls	r3, r3, #28
	bmi	.LBB35_11
.Ltmp280:
@ %bb.5:                                @   in Loop: Header=BB35_2 Depth=2
	@DEBUG_VALUE: I2C_WriteMultiBytesTwoRegs:u32TimeOutCount <- [DW_OP_constu 1, DW_OP_minus, DW_OP_stack_value] $r1
	@DEBUG_VALUE: I2C_WriteMultiBytesTwoRegs:u32txLen <- $r12
	@DEBUG_VALUE: I2C_WriteMultiBytesTwoRegs:u8Ctrl <- $r9
	@DEBUG_VALUE: I2C_WriteMultiBytesTwoRegs:u8Addr <- $r4
	@DEBUG_VALUE: I2C_WriteMultiBytesTwoRegs:u8Xfering <- $r5
	@DEBUG_VALUE: I2C_WriteMultiBytesTwoRegs:u16DataAddr <- [DW_OP_LLVM_entry_value 1] $r2
	@DEBUG_VALUE: I2C_WriteMultiBytesTwoRegs:u8SlaveAddr <- [DW_OP_LLVM_entry_value 1] $r1
	@DEBUG_VALUE: I2C_WriteMultiBytesTwoRegs:u8Err <- 0
	@DEBUG_VALUE: I2C_WriteMultiBytesTwoRegs:data <- [DW_OP_plus_uconst 4] [$sp+0]
	@DEBUG_VALUE: I2C_WriteMultiBytesTwoRegs:u32wLen <- [DW_OP_plus_uconst 48] [$sp+0]
	@DEBUG_VALUE: I2C_WriteMultiBytesTwoRegs:i2c <- $r0
	@DEBUG_VALUE: I2C_WriteMultiBytesTwoRegs:u32TimeOutCount <- [DW_OP_constu 2, DW_OP_minus, DW_OP_stack_value] $r1
	.loc	2 1029 17                       @ ../../../../Library/StdDriver/src/i2c.c:1029:17
	cmp	r1, #2
	beq	.LBB35_10
.Ltmp281:
@ %bb.6:                                @   in Loop: Header=BB35_2 Depth=2
	@DEBUG_VALUE: I2C_WriteMultiBytesTwoRegs:u32TimeOutCount <- [DW_OP_constu 2, DW_OP_minus, DW_OP_stack_value] $r1
	@DEBUG_VALUE: I2C_WriteMultiBytesTwoRegs:u32txLen <- $r12
	@DEBUG_VALUE: I2C_WriteMultiBytesTwoRegs:u8Ctrl <- $r9
	@DEBUG_VALUE: I2C_WriteMultiBytesTwoRegs:u8Addr <- $r4
	@DEBUG_VALUE: I2C_WriteMultiBytesTwoRegs:u8Xfering <- $r5
	@DEBUG_VALUE: I2C_WriteMultiBytesTwoRegs:u16DataAddr <- [DW_OP_LLVM_entry_value 1] $r2
	@DEBUG_VALUE: I2C_WriteMultiBytesTwoRegs:u8SlaveAddr <- [DW_OP_LLVM_entry_value 1] $r1
	@DEBUG_VALUE: I2C_WriteMultiBytesTwoRegs:u8Err <- 0
	@DEBUG_VALUE: I2C_WriteMultiBytesTwoRegs:data <- [DW_OP_plus_uconst 4] [$sp+0]
	@DEBUG_VALUE: I2C_WriteMultiBytesTwoRegs:u32wLen <- [DW_OP_plus_uconst 48] [$sp+0]
	@DEBUG_VALUE: I2C_WriteMultiBytesTwoRegs:i2c <- $r0
	@DEBUG_VALUE: I2C_WriteMultiBytesTwoRegs:u32TimeOutCount <- [DW_OP_constu 2, DW_OP_minus, DW_OP_stack_value] $r1
	.loc	2 1027 9                        @ ../../../../Library/StdDriver/src/i2c.c:1027:9
	ldr	r3, [r0]
	lsls	r3, r3, #28
	bmi	.LBB35_11
.Ltmp282:
@ %bb.7:                                @   in Loop: Header=BB35_2 Depth=2
	@DEBUG_VALUE: I2C_WriteMultiBytesTwoRegs:u32TimeOutCount <- [DW_OP_constu 2, DW_OP_minus, DW_OP_stack_value] $r1
	@DEBUG_VALUE: I2C_WriteMultiBytesTwoRegs:u32txLen <- $r12
	@DEBUG_VALUE: I2C_WriteMultiBytesTwoRegs:u8Ctrl <- $r9
	@DEBUG_VALUE: I2C_WriteMultiBytesTwoRegs:u8Addr <- $r4
	@DEBUG_VALUE: I2C_WriteMultiBytesTwoRegs:u8Xfering <- $r5
	@DEBUG_VALUE: I2C_WriteMultiBytesTwoRegs:u16DataAddr <- [DW_OP_LLVM_entry_value 1] $r2
	@DEBUG_VALUE: I2C_WriteMultiBytesTwoRegs:u8SlaveAddr <- [DW_OP_LLVM_entry_value 1] $r1
	@DEBUG_VALUE: I2C_WriteMultiBytesTwoRegs:u8Err <- 0
	@DEBUG_VALUE: I2C_WriteMultiBytesTwoRegs:data <- [DW_OP_plus_uconst 4] [$sp+0]
	@DEBUG_VALUE: I2C_WriteMultiBytesTwoRegs:u32wLen <- [DW_OP_plus_uconst 48] [$sp+0]
	@DEBUG_VALUE: I2C_WriteMultiBytesTwoRegs:i2c <- $r0
	@DEBUG_VALUE: I2C_WriteMultiBytesTwoRegs:u32TimeOutCount <- [DW_OP_constu 3, DW_OP_minus, DW_OP_stack_value] $r1
	.loc	2 1029 17                       @ ../../../../Library/StdDriver/src/i2c.c:1029:17
	cmp	r1, #3
	beq	.LBB35_10
.Ltmp283:
@ %bb.8:                                @   in Loop: Header=BB35_2 Depth=2
	@DEBUG_VALUE: I2C_WriteMultiBytesTwoRegs:u32TimeOutCount <- [DW_OP_constu 3, DW_OP_minus, DW_OP_stack_value] $r1
	@DEBUG_VALUE: I2C_WriteMultiBytesTwoRegs:u32txLen <- $r12
	@DEBUG_VALUE: I2C_WriteMultiBytesTwoRegs:u8Ctrl <- $r9
	@DEBUG_VALUE: I2C_WriteMultiBytesTwoRegs:u8Addr <- $r4
	@DEBUG_VALUE: I2C_WriteMultiBytesTwoRegs:u8Xfering <- $r5
	@DEBUG_VALUE: I2C_WriteMultiBytesTwoRegs:u16DataAddr <- [DW_OP_LLVM_entry_value 1] $r2
	@DEBUG_VALUE: I2C_WriteMultiBytesTwoRegs:u8SlaveAddr <- [DW_OP_LLVM_entry_value 1] $r1
	@DEBUG_VALUE: I2C_WriteMultiBytesTwoRegs:u8Err <- 0
	@DEBUG_VALUE: I2C_WriteMultiBytesTwoRegs:data <- [DW_OP_plus_uconst 4] [$sp+0]
	@DEBUG_VALUE: I2C_WriteMultiBytesTwoRegs:u32wLen <- [DW_OP_plus_uconst 48] [$sp+0]
	@DEBUG_VALUE: I2C_WriteMultiBytesTwoRegs:i2c <- $r0
	@DEBUG_VALUE: I2C_WriteMultiBytesTwoRegs:u32TimeOutCount <- [DW_OP_constu 3, DW_OP_minus, DW_OP_stack_value] $r1
	.loc	2 1027 9                        @ ../../../../Library/StdDriver/src/i2c.c:1027:9
	ldr	r3, [r0]
	lsls	r3, r3, #28
	bmi	.LBB35_11
.Ltmp284:
@ %bb.9:                                @   in Loop: Header=BB35_2 Depth=2
	@DEBUG_VALUE: I2C_WriteMultiBytesTwoRegs:u32TimeOutCount <- [DW_OP_constu 3, DW_OP_minus, DW_OP_stack_value] $r1
	@DEBUG_VALUE: I2C_WriteMultiBytesTwoRegs:u32txLen <- $r12
	@DEBUG_VALUE: I2C_WriteMultiBytesTwoRegs:u8Ctrl <- $r9
	@DEBUG_VALUE: I2C_WriteMultiBytesTwoRegs:u8Addr <- $r4
	@DEBUG_VALUE: I2C_WriteMultiBytesTwoRegs:u8Xfering <- $r5
	@DEBUG_VALUE: I2C_WriteMultiBytesTwoRegs:u16DataAddr <- [DW_OP_LLVM_entry_value 1] $r2
	@DEBUG_VALUE: I2C_WriteMultiBytesTwoRegs:u8SlaveAddr <- [DW_OP_LLVM_entry_value 1] $r1
	@DEBUG_VALUE: I2C_WriteMultiBytesTwoRegs:u8Err <- 0
	@DEBUG_VALUE: I2C_WriteMultiBytesTwoRegs:data <- [DW_OP_plus_uconst 4] [$sp+0]
	@DEBUG_VALUE: I2C_WriteMultiBytesTwoRegs:u32wLen <- [DW_OP_plus_uconst 48] [$sp+0]
	@DEBUG_VALUE: I2C_WriteMultiBytesTwoRegs:i2c <- $r0
	.loc	2 1029 17                       @ ../../../../Library/StdDriver/src/i2c.c:1029:17
	subs	r1, #4
.Ltmp285:
	@DEBUG_VALUE: I2C_WriteMultiBytesTwoRegs:u32TimeOutCount <- $r1
	.loc	2 1029 17 is_stmt 0             @ ../../../../Library/StdDriver/src/i2c.c:1029:17
	bne	.LBB35_2
.Ltmp286:
.LBB35_10:                              @   in Loop: Header=BB35_1 Depth=1
	@DEBUG_VALUE: I2C_WriteMultiBytesTwoRegs:u32txLen <- $r12
	@DEBUG_VALUE: I2C_WriteMultiBytesTwoRegs:u8Ctrl <- $r9
	@DEBUG_VALUE: I2C_WriteMultiBytesTwoRegs:u8Addr <- $r4
	@DEBUG_VALUE: I2C_WriteMultiBytesTwoRegs:u8Xfering <- $r5
	@DEBUG_VALUE: I2C_WriteMultiBytesTwoRegs:u16DataAddr <- [DW_OP_LLVM_entry_value 1] $r2
	@DEBUG_VALUE: I2C_WriteMultiBytesTwoRegs:u8SlaveAddr <- [DW_OP_LLVM_entry_value 1] $r1
	@DEBUG_VALUE: I2C_WriteMultiBytesTwoRegs:u8Err <- 0
	@DEBUG_VALUE: I2C_WriteMultiBytesTwoRegs:data <- [DW_OP_plus_uconst 4] [$sp+0]
	@DEBUG_VALUE: I2C_WriteMultiBytesTwoRegs:u32wLen <- [DW_OP_plus_uconst 48] [$sp+0]
	@DEBUG_VALUE: I2C_WriteMultiBytesTwoRegs:i2c <- $r0
	.loc	2 0 17                          @ ../../../../Library/StdDriver/src/i2c.c:0:17
	movs	r3, #1
.Ltmp287:
	@DEBUG_VALUE: I2C_WriteMultiBytesTwoRegs:u8Err <- 1
	.loc	2 1031 34 is_stmt 1             @ ../../../../Library/StdDriver/src/i2c.c:1031:34
	str.w	r7, [lr]
	b	.LBB35_12
.Ltmp288:
	.loc	2 0 34 is_stmt 0                @ :0:34
.Ltmp289:
	.p2align	2
.LBB35_11:                              @   in Loop: Header=BB35_1 Depth=1
	@DEBUG_VALUE: I2C_WriteMultiBytesTwoRegs:u32txLen <- $r12
	@DEBUG_VALUE: I2C_WriteMultiBytesTwoRegs:u8Ctrl <- $r9
	@DEBUG_VALUE: I2C_WriteMultiBytesTwoRegs:u8Addr <- $r4
	@DEBUG_VALUE: I2C_WriteMultiBytesTwoRegs:u8Xfering <- $r5
	@DEBUG_VALUE: I2C_WriteMultiBytesTwoRegs:u16DataAddr <- [DW_OP_LLVM_entry_value 1] $r2
	@DEBUG_VALUE: I2C_WriteMultiBytesTwoRegs:u8SlaveAddr <- [DW_OP_LLVM_entry_value 1] $r1
	@DEBUG_VALUE: I2C_WriteMultiBytesTwoRegs:u8Err <- 0
	@DEBUG_VALUE: I2C_WriteMultiBytesTwoRegs:data <- [DW_OP_plus_uconst 4] [$sp+0]
	@DEBUG_VALUE: I2C_WriteMultiBytesTwoRegs:u32wLen <- [DW_OP_plus_uconst 48] [$sp+0]
	@DEBUG_VALUE: I2C_WriteMultiBytesTwoRegs:i2c <- $r0
	movs	r3, #0
.Ltmp290:
.LBB35_12:                              @   in Loop: Header=BB35_1 Depth=1
	@DEBUG_VALUE: I2C_WriteMultiBytesTwoRegs:u32txLen <- $r12
	@DEBUG_VALUE: I2C_WriteMultiBytesTwoRegs:u8Ctrl <- $r9
	@DEBUG_VALUE: I2C_WriteMultiBytesTwoRegs:u8Addr <- $r4
	@DEBUG_VALUE: I2C_WriteMultiBytesTwoRegs:u8Xfering <- $r5
	@DEBUG_VALUE: I2C_WriteMultiBytesTwoRegs:u16DataAddr <- [DW_OP_LLVM_entry_value 1] $r2
	@DEBUG_VALUE: I2C_WriteMultiBytesTwoRegs:u8SlaveAddr <- [DW_OP_LLVM_entry_value 1] $r1
	@DEBUG_VALUE: I2C_WriteMultiBytesTwoRegs:data <- [DW_OP_plus_uconst 4] [$sp+0]
	@DEBUG_VALUE: I2C_WriteMultiBytesTwoRegs:u32wLen <- [DW_OP_plus_uconst 48] [$sp+0]
	@DEBUG_VALUE: I2C_WriteMultiBytesTwoRegs:i2c <- $r0
	@DEBUG_VALUE: I2C_WriteMultiBytesTwoRegs:u8Err <- $r3
	.loc	2 1037 17 is_stmt 1             @ ../../../../Library/StdDriver/src/i2c.c:1037:17
	ldr	r1, [r0, #12]
	.loc	2 1037 9 is_stmt 0              @ ../../../../Library/StdDriver/src/i2c.c:1037:9
	subs	r1, #8
	ror.w	r10, r1, #3
	cmp.w	r10, #5
	bhi	.LBB35_16
.Ltmp291:
@ %bb.13:                               @   in Loop: Header=BB35_1 Depth=1
	@DEBUG_VALUE: I2C_WriteMultiBytesTwoRegs:u8Err <- $r3
	@DEBUG_VALUE: I2C_WriteMultiBytesTwoRegs:u32txLen <- $r12
	@DEBUG_VALUE: I2C_WriteMultiBytesTwoRegs:u8Ctrl <- $r9
	@DEBUG_VALUE: I2C_WriteMultiBytesTwoRegs:u8Addr <- $r4
	@DEBUG_VALUE: I2C_WriteMultiBytesTwoRegs:u8Xfering <- $r5
	@DEBUG_VALUE: I2C_WriteMultiBytesTwoRegs:u16DataAddr <- [DW_OP_LLVM_entry_value 1] $r2
	@DEBUG_VALUE: I2C_WriteMultiBytesTwoRegs:u8SlaveAddr <- [DW_OP_LLVM_entry_value 1] $r1
	@DEBUG_VALUE: I2C_WriteMultiBytesTwoRegs:data <- [DW_OP_plus_uconst 4] [$sp+0]
	@DEBUG_VALUE: I2C_WriteMultiBytesTwoRegs:u32wLen <- [DW_OP_plus_uconst 48] [$sp+0]
	@DEBUG_VALUE: I2C_WriteMultiBytesTwoRegs:i2c <- $r0
	.loc	2 0 9                           @ ../../../../Library/StdDriver/src/i2c.c:0:9
	mov.w	r8, #1
	movs	r1, #24
	.loc	2 1037 9                        @ ../../../../Library/StdDriver/src/i2c.c:1037:9
.LCPI35_0:
	tbb	[pc, r10]
.Ltmp292:
@ %bb.14:
	.loc	2 0 9                           @ ../../../../Library/StdDriver/src/i2c.c:0:9
.LJTI35_0:
	.byte	(.LBB35_15-(.LCPI35_0+4))/2
	.byte	(.LBB35_16-(.LCPI35_0+4))/2
	.byte	(.LBB35_17-(.LCPI35_0+4))/2
	.byte	(.LBB35_25-(.LCPI35_0+4))/2
	.byte	(.LBB35_18-(.LCPI35_0+4))/2
	.byte	(.LBB35_25-(.LCPI35_0+4))/2
	.p2align	1
.LBB35_15:                              @   in Loop: Header=BB35_1 Depth=1
.Ltmp293:
	@DEBUG_VALUE: I2C_WriteMultiBytesTwoRegs:u8Err <- $r3
	@DEBUG_VALUE: I2C_WriteMultiBytesTwoRegs:u32txLen <- $r12
	@DEBUG_VALUE: I2C_WriteMultiBytesTwoRegs:u8Ctrl <- $r9
	@DEBUG_VALUE: I2C_WriteMultiBytesTwoRegs:u8Addr <- $r4
	@DEBUG_VALUE: I2C_WriteMultiBytesTwoRegs:u8Xfering <- $r5
	@DEBUG_VALUE: I2C_WriteMultiBytesTwoRegs:u16DataAddr <- [DW_OP_LLVM_entry_value 1] $r2
	@DEBUG_VALUE: I2C_WriteMultiBytesTwoRegs:u8SlaveAddr <- [DW_OP_LLVM_entry_value 1] $r1
	@DEBUG_VALUE: I2C_WriteMultiBytesTwoRegs:data <- [DW_OP_plus_uconst 4] [$sp+0]
	@DEBUG_VALUE: I2C_WriteMultiBytesTwoRegs:u32wLen <- [DW_OP_plus_uconst 48] [$sp+0]
	@DEBUG_VALUE: I2C_WriteMultiBytesTwoRegs:i2c <- $r0
	.loc	2 1040 17 is_stmt 1             @ ../../../../Library/StdDriver/src/i2c.c:1040:17
	str	r2, [r0, #8]
	movs	r1, #8
.Ltmp294:
	@DEBUG_VALUE: I2C_WriteMultiBytesTwoRegs:u8Ctrl <- 8
	.loc	2 0 17 is_stmt 0                @ ../../../../Library/StdDriver/src/i2c.c:0:17
	mov	r8, r3
.Ltmp295:
	@DEBUG_VALUE: I2C_WriteMultiBytesTwoRegs:u8Err <- $r8
	@DEBUG_VALUE: I2C_WriteMultiBytesTwoRegs:u8Err <- $r8
	.loc	2 1042 17 is_stmt 1             @ ../../../../Library/StdDriver/src/i2c.c:1042:17
	b	.LBB35_25
.Ltmp296:
.LBB35_16:                              @   in Loop: Header=BB35_1 Depth=1
	@DEBUG_VALUE: I2C_WriteMultiBytesTwoRegs:u8Err <- $r3
	@DEBUG_VALUE: I2C_WriteMultiBytesTwoRegs:u32txLen <- $r12
	@DEBUG_VALUE: I2C_WriteMultiBytesTwoRegs:u8Ctrl <- $r9
	@DEBUG_VALUE: I2C_WriteMultiBytesTwoRegs:u8Addr <- $r4
	@DEBUG_VALUE: I2C_WriteMultiBytesTwoRegs:u8Xfering <- $r5
	@DEBUG_VALUE: I2C_WriteMultiBytesTwoRegs:u16DataAddr <- [DW_OP_LLVM_entry_value 1] $r2
	@DEBUG_VALUE: I2C_WriteMultiBytesTwoRegs:u8SlaveAddr <- [DW_OP_LLVM_entry_value 1] $r1
	@DEBUG_VALUE: I2C_WriteMultiBytesTwoRegs:data <- [DW_OP_plus_uconst 4] [$sp+0]
	@DEBUG_VALUE: I2C_WriteMultiBytesTwoRegs:u32wLen <- [DW_OP_plus_uconst 48] [$sp+0]
	@DEBUG_VALUE: I2C_WriteMultiBytesTwoRegs:i2c <- $r0
	.loc	2 1074 17                       @ ../../../../Library/StdDriver/src/i2c.c:1074:17
	ldr	r1, [r0]
	movs	r3, #6
.Ltmp297:
	.loc	2 0 17 is_stmt 0                @ ../../../../Library/StdDriver/src/i2c.c:0:17
	mov.w	r8, #1
.Ltmp298:
	@DEBUG_VALUE: I2C_WriteMultiBytesTwoRegs:u8Ctrl <- 8
	@DEBUG_VALUE: I2C_WriteMultiBytesTwoRegs:u8Err <- 1
	.loc	2 1074 17                       @ ../../../../Library/StdDriver/src/i2c.c:1074:17
	bfi	r1, r3, #2, #4
	str	r1, [r0]
	movs	r1, #8
	b	.LBB35_25
.Ltmp299:
.LBB35_17:                              @   in Loop: Header=BB35_1 Depth=1
	@DEBUG_VALUE: I2C_WriteMultiBytesTwoRegs:u8Err <- $r3
	@DEBUG_VALUE: I2C_WriteMultiBytesTwoRegs:u32txLen <- $r12
	@DEBUG_VALUE: I2C_WriteMultiBytesTwoRegs:u8Ctrl <- $r9
	@DEBUG_VALUE: I2C_WriteMultiBytesTwoRegs:u8Addr <- $r4
	@DEBUG_VALUE: I2C_WriteMultiBytesTwoRegs:u8Xfering <- $r5
	@DEBUG_VALUE: I2C_WriteMultiBytesTwoRegs:u16DataAddr <- [DW_OP_LLVM_entry_value 1] $r2
	@DEBUG_VALUE: I2C_WriteMultiBytesTwoRegs:u8SlaveAddr <- [DW_OP_LLVM_entry_value 1] $r1
	@DEBUG_VALUE: I2C_WriteMultiBytesTwoRegs:data <- [DW_OP_plus_uconst 4] [$sp+0]
	@DEBUG_VALUE: I2C_WriteMultiBytesTwoRegs:u32wLen <- [DW_OP_plus_uconst 48] [$sp+0]
	@DEBUG_VALUE: I2C_WriteMultiBytesTwoRegs:i2c <- $r0
	.loc	2 1045 17 is_stmt 1             @ ../../../../Library/StdDriver/src/i2c.c:1045:17
	ldr	r1, [sp, #8]                    @ 4-byte Reload
	b	.LBB35_24
.Ltmp300:
.LBB35_18:                              @   in Loop: Header=BB35_1 Depth=1
	@DEBUG_VALUE: I2C_WriteMultiBytesTwoRegs:u8Err <- $r3
	@DEBUG_VALUE: I2C_WriteMultiBytesTwoRegs:u32txLen <- $r12
	@DEBUG_VALUE: I2C_WriteMultiBytesTwoRegs:u8Ctrl <- $r9
	@DEBUG_VALUE: I2C_WriteMultiBytesTwoRegs:u8Addr <- $r4
	@DEBUG_VALUE: I2C_WriteMultiBytesTwoRegs:u8Xfering <- $r5
	@DEBUG_VALUE: I2C_WriteMultiBytesTwoRegs:u16DataAddr <- [DW_OP_LLVM_entry_value 1] $r2
	@DEBUG_VALUE: I2C_WriteMultiBytesTwoRegs:u8SlaveAddr <- [DW_OP_LLVM_entry_value 1] $r1
	@DEBUG_VALUE: I2C_WriteMultiBytesTwoRegs:data <- [DW_OP_plus_uconst 4] [$sp+0]
	@DEBUG_VALUE: I2C_WriteMultiBytesTwoRegs:u32wLen <- [DW_OP_plus_uconst 48] [$sp+0]
	@DEBUG_VALUE: I2C_WriteMultiBytesTwoRegs:i2c <- $r0
	.loc	2 1055 21                       @ ../../../../Library/StdDriver/src/i2c.c:1055:21
	cbnz	r4, .LBB35_22
.Ltmp301:
@ %bb.19:                               @   in Loop: Header=BB35_1 Depth=1
	@DEBUG_VALUE: I2C_WriteMultiBytesTwoRegs:u8Err <- $r3
	@DEBUG_VALUE: I2C_WriteMultiBytesTwoRegs:u32txLen <- $r12
	@DEBUG_VALUE: I2C_WriteMultiBytesTwoRegs:u8Ctrl <- $r9
	@DEBUG_VALUE: I2C_WriteMultiBytesTwoRegs:u8Addr <- $r4
	@DEBUG_VALUE: I2C_WriteMultiBytesTwoRegs:u8Xfering <- $r5
	@DEBUG_VALUE: I2C_WriteMultiBytesTwoRegs:u16DataAddr <- [DW_OP_LLVM_entry_value 1] $r2
	@DEBUG_VALUE: I2C_WriteMultiBytesTwoRegs:u8SlaveAddr <- [DW_OP_LLVM_entry_value 1] $r1
	@DEBUG_VALUE: I2C_WriteMultiBytesTwoRegs:data <- [DW_OP_plus_uconst 4] [$sp+0]
	@DEBUG_VALUE: I2C_WriteMultiBytesTwoRegs:u32wLen <- [DW_OP_plus_uconst 48] [$sp+0]
	@DEBUG_VALUE: I2C_WriteMultiBytesTwoRegs:i2c <- $r0
	.loc	2 1060 47                       @ ../../../../Library/StdDriver/src/i2c.c:1060:47
	ldr	r1, [sp, #48]
	cmp	r12, r1
	bhs	.LBB35_21
.Ltmp302:
@ %bb.20:                               @   in Loop: Header=BB35_1 Depth=1
	@DEBUG_VALUE: I2C_WriteMultiBytesTwoRegs:u8Err <- $r3
	@DEBUG_VALUE: I2C_WriteMultiBytesTwoRegs:u32txLen <- $r12
	@DEBUG_VALUE: I2C_WriteMultiBytesTwoRegs:u8Ctrl <- $r9
	@DEBUG_VALUE: I2C_WriteMultiBytesTwoRegs:u8Addr <- $r4
	@DEBUG_VALUE: I2C_WriteMultiBytesTwoRegs:u8Xfering <- $r5
	@DEBUG_VALUE: I2C_WriteMultiBytesTwoRegs:u16DataAddr <- [DW_OP_LLVM_entry_value 1] $r2
	@DEBUG_VALUE: I2C_WriteMultiBytesTwoRegs:u8SlaveAddr <- [DW_OP_LLVM_entry_value 1] $r1
	@DEBUG_VALUE: I2C_WriteMultiBytesTwoRegs:data <- [DW_OP_plus_uconst 4] [$sp+0]
	@DEBUG_VALUE: I2C_WriteMultiBytesTwoRegs:u32wLen <- [DW_OP_plus_uconst 48] [$sp+0]
	@DEBUG_VALUE: I2C_WriteMultiBytesTwoRegs:i2c <- $r0
	.loc	2 1062 21                       @ ../../../../Library/StdDriver/src/i2c.c:1062:21
	ldr	r1, [sp, #4]                    @ 4-byte Reload
	ldrb.w	r1, [r1, r12]
	add.w	r12, r12, #1
.Ltmp303:
	@DEBUG_VALUE: I2C_WriteMultiBytesTwoRegs:u32txLen <- $r12
	b	.LBB35_23
.Ltmp304:
.LBB35_21:                              @   in Loop: Header=BB35_1 Depth=1
	@DEBUG_VALUE: I2C_WriteMultiBytesTwoRegs:u8Err <- $r3
	@DEBUG_VALUE: I2C_WriteMultiBytesTwoRegs:u32txLen <- $r12
	@DEBUG_VALUE: I2C_WriteMultiBytesTwoRegs:u8Ctrl <- $r9
	@DEBUG_VALUE: I2C_WriteMultiBytesTwoRegs:u8Addr <- $r4
	@DEBUG_VALUE: I2C_WriteMultiBytesTwoRegs:u8Xfering <- $r5
	@DEBUG_VALUE: I2C_WriteMultiBytesTwoRegs:u16DataAddr <- [DW_OP_LLVM_entry_value 1] $r2
	@DEBUG_VALUE: I2C_WriteMultiBytesTwoRegs:u8SlaveAddr <- [DW_OP_LLVM_entry_value 1] $r1
	@DEBUG_VALUE: I2C_WriteMultiBytesTwoRegs:data <- [DW_OP_plus_uconst 4] [$sp+0]
	@DEBUG_VALUE: I2C_WriteMultiBytesTwoRegs:u32wLen <- [DW_OP_plus_uconst 48] [$sp+0]
	@DEBUG_VALUE: I2C_WriteMultiBytesTwoRegs:i2c <- $r0
	.loc	2 0 21 is_stmt 0                @ ../../../../Library/StdDriver/src/i2c.c:0:21
	movs	r1, #24
	mov	r8, r3
.Ltmp305:
	@DEBUG_VALUE: I2C_WriteMultiBytesTwoRegs:u8Err <- $r8
	@DEBUG_VALUE: I2C_WriteMultiBytesTwoRegs:u8Err <- $r8
	movs	r5, #0
.Ltmp306:
	movs	r4, #0
.Ltmp307:
	.loc	2 1060 47 is_stmt 1             @ ../../../../Library/StdDriver/src/i2c.c:1060:47
	b	.LBB35_25
.Ltmp308:
.LBB35_22:                              @   in Loop: Header=BB35_1 Depth=1
	@DEBUG_VALUE: I2C_WriteMultiBytesTwoRegs:u8Err <- $r3
	@DEBUG_VALUE: I2C_WriteMultiBytesTwoRegs:u32txLen <- $r12
	@DEBUG_VALUE: I2C_WriteMultiBytesTwoRegs:u8Ctrl <- $r9
	@DEBUG_VALUE: I2C_WriteMultiBytesTwoRegs:u8Addr <- $r4
	@DEBUG_VALUE: I2C_WriteMultiBytesTwoRegs:u8Xfering <- $r5
	@DEBUG_VALUE: I2C_WriteMultiBytesTwoRegs:u16DataAddr <- [DW_OP_LLVM_entry_value 1] $r2
	@DEBUG_VALUE: I2C_WriteMultiBytesTwoRegs:u8SlaveAddr <- [DW_OP_LLVM_entry_value 1] $r1
	@DEBUG_VALUE: I2C_WriteMultiBytesTwoRegs:data <- [DW_OP_plus_uconst 4] [$sp+0]
	@DEBUG_VALUE: I2C_WriteMultiBytesTwoRegs:u32wLen <- [DW_OP_plus_uconst 48] [$sp+0]
	@DEBUG_VALUE: I2C_WriteMultiBytesTwoRegs:i2c <- $r0
	.loc	2 1057 21                       @ ../../../../Library/StdDriver/src/i2c.c:1057:21
	ldr	r1, [sp]                        @ 4-byte Reload
.Ltmp309:
.LBB35_23:                              @   in Loop: Header=BB35_1 Depth=1
	@DEBUG_VALUE: I2C_WriteMultiBytesTwoRegs:u8Err <- $r3
	@DEBUG_VALUE: I2C_WriteMultiBytesTwoRegs:u32txLen <- $r12
	@DEBUG_VALUE: I2C_WriteMultiBytesTwoRegs:u8Ctrl <- $r9
	@DEBUG_VALUE: I2C_WriteMultiBytesTwoRegs:u8Addr <- $r4
	@DEBUG_VALUE: I2C_WriteMultiBytesTwoRegs:u8Xfering <- $r5
	@DEBUG_VALUE: I2C_WriteMultiBytesTwoRegs:u16DataAddr <- [DW_OP_LLVM_entry_value 1] $r2
	@DEBUG_VALUE: I2C_WriteMultiBytesTwoRegs:u8SlaveAddr <- [DW_OP_LLVM_entry_value 1] $r1
	@DEBUG_VALUE: I2C_WriteMultiBytesTwoRegs:data <- [DW_OP_plus_uconst 4] [$sp+0]
	@DEBUG_VALUE: I2C_WriteMultiBytesTwoRegs:u32wLen <- [DW_OP_plus_uconst 48] [$sp+0]
	@DEBUG_VALUE: I2C_WriteMultiBytesTwoRegs:i2c <- $r0
	.loc	2 0 21 is_stmt 0                @ ../../../../Library/StdDriver/src/i2c.c:0:21
	movs	r4, #0
.Ltmp310:
	@DEBUG_VALUE: I2C_WriteMultiBytesTwoRegs:u8Addr <- 0
.LBB35_24:                              @   in Loop: Header=BB35_1 Depth=1
	@DEBUG_VALUE: I2C_WriteMultiBytesTwoRegs:u8Err <- $r3
	@DEBUG_VALUE: I2C_WriteMultiBytesTwoRegs:u32txLen <- $r12
	@DEBUG_VALUE: I2C_WriteMultiBytesTwoRegs:u8Ctrl <- $r9
	@DEBUG_VALUE: I2C_WriteMultiBytesTwoRegs:u8Xfering <- $r5
	@DEBUG_VALUE: I2C_WriteMultiBytesTwoRegs:u16DataAddr <- [DW_OP_LLVM_entry_value 1] $r2
	@DEBUG_VALUE: I2C_WriteMultiBytesTwoRegs:u8SlaveAddr <- [DW_OP_LLVM_entry_value 1] $r1
	@DEBUG_VALUE: I2C_WriteMultiBytesTwoRegs:data <- [DW_OP_plus_uconst 4] [$sp+0]
	@DEBUG_VALUE: I2C_WriteMultiBytesTwoRegs:u32wLen <- [DW_OP_plus_uconst 48] [$sp+0]
	@DEBUG_VALUE: I2C_WriteMultiBytesTwoRegs:i2c <- $r0
	str	r1, [r0, #8]
	mov	r8, r3
.Ltmp311:
	@DEBUG_VALUE: I2C_WriteMultiBytesTwoRegs:u8Err <- $r8
	@DEBUG_VALUE: I2C_WriteMultiBytesTwoRegs:u8Err <- $r8
	mov	r1, r9
.Ltmp312:
.LBB35_25:                              @   in Loop: Header=BB35_1 Depth=1
	@DEBUG_VALUE: I2C_WriteMultiBytesTwoRegs:u32txLen <- $r12
	@DEBUG_VALUE: I2C_WriteMultiBytesTwoRegs:u16DataAddr <- [DW_OP_LLVM_entry_value 1] $r2
	@DEBUG_VALUE: I2C_WriteMultiBytesTwoRegs:u8SlaveAddr <- [DW_OP_LLVM_entry_value 1] $r1
	@DEBUG_VALUE: I2C_WriteMultiBytesTwoRegs:data <- [DW_OP_plus_uconst 4] [$sp+0]
	@DEBUG_VALUE: I2C_WriteMultiBytesTwoRegs:u32wLen <- [DW_OP_plus_uconst 48] [$sp+0]
	@DEBUG_VALUE: I2C_WriteMultiBytesTwoRegs:i2c <- $r0
	@DEBUG_VALUE: I2C_WriteMultiBytesTwoRegs:u8Xfering <- $r5
	@DEBUG_VALUE: I2C_WriteMultiBytesTwoRegs:u8Err <- $r8
	@DEBUG_VALUE: I2C_WriteMultiBytesTwoRegs:u8Addr <- $r4
	@DEBUG_VALUE: I2C_WriteMultiBytesTwoRegs:u8Ctrl <- $r1
	@DEBUG_VALUE: I2C_WriteMultiBytesTwoRegs:u32txLen <- $r12
	.loc	2 1080 9 is_stmt 1              @ ../../../../Library/StdDriver/src/i2c.c:1080:9
	ldr	r3, [r0]
	bic	r3, r3, #60
	orr.w	r3, r3, r1
	str	r3, [r0]
.Ltmp313:
	.loc	2 1024 5                        @ ../../../../Library/StdDriver/src/i2c.c:1024:5
	cbz	r5, .LBB35_27
.Ltmp314:
@ %bb.26:                               @   in Loop: Header=BB35_1 Depth=1
	@DEBUG_VALUE: I2C_WriteMultiBytesTwoRegs:u8Ctrl <- $r1
	@DEBUG_VALUE: I2C_WriteMultiBytesTwoRegs:u8Err <- $r8
	@DEBUG_VALUE: I2C_WriteMultiBytesTwoRegs:u32txLen <- $r12
	@DEBUG_VALUE: I2C_WriteMultiBytesTwoRegs:u8Addr <- $r4
	@DEBUG_VALUE: I2C_WriteMultiBytesTwoRegs:u8Xfering <- $r5
	@DEBUG_VALUE: I2C_WriteMultiBytesTwoRegs:u16DataAddr <- [DW_OP_LLVM_entry_value 1] $r2
	@DEBUG_VALUE: I2C_WriteMultiBytesTwoRegs:u8SlaveAddr <- [DW_OP_LLVM_entry_value 1] $r1
	@DEBUG_VALUE: I2C_WriteMultiBytesTwoRegs:data <- [DW_OP_plus_uconst 4] [$sp+0]
	@DEBUG_VALUE: I2C_WriteMultiBytesTwoRegs:u32wLen <- [DW_OP_plus_uconst 48] [$sp+0]
	@DEBUG_VALUE: I2C_WriteMultiBytesTwoRegs:i2c <- $r0
	cmp.w	r8, #0
	mov	r9, r1
.Ltmp315:
	@DEBUG_VALUE: I2C_WriteMultiBytesTwoRegs:u8Ctrl <- $r9
	@DEBUG_VALUE: I2C_WriteMultiBytesTwoRegs:u8Ctrl <- $r9
	beq	.LBB35_1
.Ltmp316:
.LBB35_27:
	@DEBUG_VALUE: I2C_WriteMultiBytesTwoRegs:u8Err <- $r8
	@DEBUG_VALUE: I2C_WriteMultiBytesTwoRegs:u32txLen <- $r12
	@DEBUG_VALUE: I2C_WriteMultiBytesTwoRegs:u8Addr <- $r4
	@DEBUG_VALUE: I2C_WriteMultiBytesTwoRegs:u8Xfering <- $r5
	@DEBUG_VALUE: I2C_WriteMultiBytesTwoRegs:u16DataAddr <- [DW_OP_LLVM_entry_value 1] $r2
	@DEBUG_VALUE: I2C_WriteMultiBytesTwoRegs:u8SlaveAddr <- [DW_OP_LLVM_entry_value 1] $r1
	@DEBUG_VALUE: I2C_WriteMultiBytesTwoRegs:data <- [DW_OP_plus_uconst 4] [$sp+0]
	@DEBUG_VALUE: I2C_WriteMultiBytesTwoRegs:u32wLen <- [DW_OP_plus_uconst 48] [$sp+0]
	@DEBUG_VALUE: I2C_WriteMultiBytesTwoRegs:i2c <- $r0
	.loc	2 1083 23                       @ ../../../../Library/StdDriver/src/i2c.c:1083:23
	ldr	r1, [r6]
.Ltmp317:
	@DEBUG_VALUE: I2C_WriteMultiBytesTwoRegs:u32TimeOutCount <- $r1
.LBB35_28:                              @ =>This Inner Loop Header: Depth=1
	@DEBUG_VALUE: I2C_WriteMultiBytesTwoRegs:u8Err <- $r8
	@DEBUG_VALUE: I2C_WriteMultiBytesTwoRegs:u32TimeOutCount <- $r1
	@DEBUG_VALUE: I2C_WriteMultiBytesTwoRegs:u32txLen <- $r12
	@DEBUG_VALUE: I2C_WriteMultiBytesTwoRegs:u8Addr <- $r4
	@DEBUG_VALUE: I2C_WriteMultiBytesTwoRegs:u8Xfering <- $r5
	@DEBUG_VALUE: I2C_WriteMultiBytesTwoRegs:u16DataAddr <- [DW_OP_LLVM_entry_value 1] $r2
	@DEBUG_VALUE: I2C_WriteMultiBytesTwoRegs:u8SlaveAddr <- [DW_OP_LLVM_entry_value 1] $r1
	@DEBUG_VALUE: I2C_WriteMultiBytesTwoRegs:data <- [DW_OP_plus_uconst 4] [$sp+0]
	@DEBUG_VALUE: I2C_WriteMultiBytesTwoRegs:u32wLen <- [DW_OP_plus_uconst 48] [$sp+0]
	@DEBUG_VALUE: I2C_WriteMultiBytesTwoRegs:i2c <- $r0
	@DEBUG_VALUE: I2C_WriteMultiBytesTwoRegs:u32TimeOutCount <- $r1
	.loc	2 1085 19                       @ ../../../../Library/StdDriver/src/i2c.c:1085:19
	ldr	r2, [r0]
	.loc	2 1085 5 is_stmt 0              @ ../../../../Library/StdDriver/src/i2c.c:1085:5
	lsls	r2, r2, #27
	bpl	.LBB35_37
.Ltmp318:
@ %bb.29:                               @   in Loop: Header=BB35_28 Depth=1
	@DEBUG_VALUE: I2C_WriteMultiBytesTwoRegs:u8Err <- $r8
	@DEBUG_VALUE: I2C_WriteMultiBytesTwoRegs:u32TimeOutCount <- $r1
	@DEBUG_VALUE: I2C_WriteMultiBytesTwoRegs:u32txLen <- $r12
	@DEBUG_VALUE: I2C_WriteMultiBytesTwoRegs:u8Addr <- $r4
	@DEBUG_VALUE: I2C_WriteMultiBytesTwoRegs:u8Xfering <- $r5
	@DEBUG_VALUE: I2C_WriteMultiBytesTwoRegs:u16DataAddr <- [DW_OP_LLVM_entry_value 1] $r2
	@DEBUG_VALUE: I2C_WriteMultiBytesTwoRegs:u8SlaveAddr <- [DW_OP_LLVM_entry_value 1] $r1
	@DEBUG_VALUE: I2C_WriteMultiBytesTwoRegs:data <- [DW_OP_plus_uconst 4] [$sp+0]
	@DEBUG_VALUE: I2C_WriteMultiBytesTwoRegs:u32wLen <- [DW_OP_plus_uconst 48] [$sp+0]
	@DEBUG_VALUE: I2C_WriteMultiBytesTwoRegs:i2c <- $r0
	@DEBUG_VALUE: I2C_WriteMultiBytesTwoRegs:u32TimeOutCount <- [DW_OP_constu 1, DW_OP_minus, DW_OP_stack_value] $r1
	.loc	2 1089 13 is_stmt 1             @ ../../../../Library/StdDriver/src/i2c.c:1089:13
	cmp	r1, #1
	beq	.LBB35_36
.Ltmp319:
@ %bb.30:                               @   in Loop: Header=BB35_28 Depth=1
	@DEBUG_VALUE: I2C_WriteMultiBytesTwoRegs:u8Err <- $r8
	@DEBUG_VALUE: I2C_WriteMultiBytesTwoRegs:u32TimeOutCount <- [DW_OP_constu 1, DW_OP_minus, DW_OP_stack_value] $r1
	@DEBUG_VALUE: I2C_WriteMultiBytesTwoRegs:u32txLen <- $r12
	@DEBUG_VALUE: I2C_WriteMultiBytesTwoRegs:u8Addr <- $r4
	@DEBUG_VALUE: I2C_WriteMultiBytesTwoRegs:u8Xfering <- $r5
	@DEBUG_VALUE: I2C_WriteMultiBytesTwoRegs:u16DataAddr <- [DW_OP_LLVM_entry_value 1] $r2
	@DEBUG_VALUE: I2C_WriteMultiBytesTwoRegs:u8SlaveAddr <- [DW_OP_LLVM_entry_value 1] $r1
	@DEBUG_VALUE: I2C_WriteMultiBytesTwoRegs:data <- [DW_OP_plus_uconst 4] [$sp+0]
	@DEBUG_VALUE: I2C_WriteMultiBytesTwoRegs:u32wLen <- [DW_OP_plus_uconst 48] [$sp+0]
	@DEBUG_VALUE: I2C_WriteMultiBytesTwoRegs:i2c <- $r0
	@DEBUG_VALUE: I2C_WriteMultiBytesTwoRegs:u32TimeOutCount <- [DW_OP_constu 1, DW_OP_minus, DW_OP_stack_value] $r1
	.loc	2 1085 19                       @ ../../../../Library/StdDriver/src/i2c.c:1085:19
	ldr	r2, [r0]
	.loc	2 1085 5 is_stmt 0              @ ../../../../Library/StdDriver/src/i2c.c:1085:5
	lsls	r2, r2, #27
	bpl	.LBB35_37
.Ltmp320:
@ %bb.31:                               @   in Loop: Header=BB35_28 Depth=1
	@DEBUG_VALUE: I2C_WriteMultiBytesTwoRegs:u8Err <- $r8
	@DEBUG_VALUE: I2C_WriteMultiBytesTwoRegs:u32TimeOutCount <- [DW_OP_constu 1, DW_OP_minus, DW_OP_stack_value] $r1
	@DEBUG_VALUE: I2C_WriteMultiBytesTwoRegs:u32txLen <- $r12
	@DEBUG_VALUE: I2C_WriteMultiBytesTwoRegs:u8Addr <- $r4
	@DEBUG_VALUE: I2C_WriteMultiBytesTwoRegs:u8Xfering <- $r5
	@DEBUG_VALUE: I2C_WriteMultiBytesTwoRegs:u16DataAddr <- [DW_OP_LLVM_entry_value 1] $r2
	@DEBUG_VALUE: I2C_WriteMultiBytesTwoRegs:u8SlaveAddr <- [DW_OP_LLVM_entry_value 1] $r1
	@DEBUG_VALUE: I2C_WriteMultiBytesTwoRegs:data <- [DW_OP_plus_uconst 4] [$sp+0]
	@DEBUG_VALUE: I2C_WriteMultiBytesTwoRegs:u32wLen <- [DW_OP_plus_uconst 48] [$sp+0]
	@DEBUG_VALUE: I2C_WriteMultiBytesTwoRegs:i2c <- $r0
	@DEBUG_VALUE: I2C_WriteMultiBytesTwoRegs:u32TimeOutCount <- [DW_OP_constu 2, DW_OP_minus, DW_OP_stack_value] $r1
	.loc	2 1089 13 is_stmt 1             @ ../../../../Library/StdDriver/src/i2c.c:1089:13
	cmp	r1, #2
	beq	.LBB35_36
.Ltmp321:
@ %bb.32:                               @   in Loop: Header=BB35_28 Depth=1
	@DEBUG_VALUE: I2C_WriteMultiBytesTwoRegs:u8Err <- $r8
	@DEBUG_VALUE: I2C_WriteMultiBytesTwoRegs:u32TimeOutCount <- [DW_OP_constu 2, DW_OP_minus, DW_OP_stack_value] $r1
	@DEBUG_VALUE: I2C_WriteMultiBytesTwoRegs:u32txLen <- $r12
	@DEBUG_VALUE: I2C_WriteMultiBytesTwoRegs:u8Addr <- $r4
	@DEBUG_VALUE: I2C_WriteMultiBytesTwoRegs:u8Xfering <- $r5
	@DEBUG_VALUE: I2C_WriteMultiBytesTwoRegs:u16DataAddr <- [DW_OP_LLVM_entry_value 1] $r2
	@DEBUG_VALUE: I2C_WriteMultiBytesTwoRegs:u8SlaveAddr <- [DW_OP_LLVM_entry_value 1] $r1
	@DEBUG_VALUE: I2C_WriteMultiBytesTwoRegs:data <- [DW_OP_plus_uconst 4] [$sp+0]
	@DEBUG_VALUE: I2C_WriteMultiBytesTwoRegs:u32wLen <- [DW_OP_plus_uconst 48] [$sp+0]
	@DEBUG_VALUE: I2C_WriteMultiBytesTwoRegs:i2c <- $r0
	@DEBUG_VALUE: I2C_WriteMultiBytesTwoRegs:u32TimeOutCount <- [DW_OP_constu 2, DW_OP_minus, DW_OP_stack_value] $r1
	.loc	2 1085 19                       @ ../../../../Library/StdDriver/src/i2c.c:1085:19
	ldr	r2, [r0]
	.loc	2 1085 5 is_stmt 0              @ ../../../../Library/StdDriver/src/i2c.c:1085:5
	lsls	r2, r2, #27
	bpl	.LBB35_37
.Ltmp322:
@ %bb.33:                               @   in Loop: Header=BB35_28 Depth=1
	@DEBUG_VALUE: I2C_WriteMultiBytesTwoRegs:u8Err <- $r8
	@DEBUG_VALUE: I2C_WriteMultiBytesTwoRegs:u32TimeOutCount <- [DW_OP_constu 2, DW_OP_minus, DW_OP_stack_value] $r1
	@DEBUG_VALUE: I2C_WriteMultiBytesTwoRegs:u32txLen <- $r12
	@DEBUG_VALUE: I2C_WriteMultiBytesTwoRegs:u8Addr <- $r4
	@DEBUG_VALUE: I2C_WriteMultiBytesTwoRegs:u8Xfering <- $r5
	@DEBUG_VALUE: I2C_WriteMultiBytesTwoRegs:u16DataAddr <- [DW_OP_LLVM_entry_value 1] $r2
	@DEBUG_VALUE: I2C_WriteMultiBytesTwoRegs:u8SlaveAddr <- [DW_OP_LLVM_entry_value 1] $r1
	@DEBUG_VALUE: I2C_WriteMultiBytesTwoRegs:data <- [DW_OP_plus_uconst 4] [$sp+0]
	@DEBUG_VALUE: I2C_WriteMultiBytesTwoRegs:u32wLen <- [DW_OP_plus_uconst 48] [$sp+0]
	@DEBUG_VALUE: I2C_WriteMultiBytesTwoRegs:i2c <- $r0
	@DEBUG_VALUE: I2C_WriteMultiBytesTwoRegs:u32TimeOutCount <- [DW_OP_constu 3, DW_OP_minus, DW_OP_stack_value] $r1
	.loc	2 1089 13 is_stmt 1             @ ../../../../Library/StdDriver/src/i2c.c:1089:13
	cmp	r1, #3
	beq	.LBB35_36
.Ltmp323:
@ %bb.34:                               @   in Loop: Header=BB35_28 Depth=1
	@DEBUG_VALUE: I2C_WriteMultiBytesTwoRegs:u8Err <- $r8
	@DEBUG_VALUE: I2C_WriteMultiBytesTwoRegs:u32TimeOutCount <- [DW_OP_constu 3, DW_OP_minus, DW_OP_stack_value] $r1
	@DEBUG_VALUE: I2C_WriteMultiBytesTwoRegs:u32txLen <- $r12
	@DEBUG_VALUE: I2C_WriteMultiBytesTwoRegs:u8Addr <- $r4
	@DEBUG_VALUE: I2C_WriteMultiBytesTwoRegs:u8Xfering <- $r5
	@DEBUG_VALUE: I2C_WriteMultiBytesTwoRegs:u16DataAddr <- [DW_OP_LLVM_entry_value 1] $r2
	@DEBUG_VALUE: I2C_WriteMultiBytesTwoRegs:u8SlaveAddr <- [DW_OP_LLVM_entry_value 1] $r1
	@DEBUG_VALUE: I2C_WriteMultiBytesTwoRegs:data <- [DW_OP_plus_uconst 4] [$sp+0]
	@DEBUG_VALUE: I2C_WriteMultiBytesTwoRegs:u32wLen <- [DW_OP_plus_uconst 48] [$sp+0]
	@DEBUG_VALUE: I2C_WriteMultiBytesTwoRegs:i2c <- $r0
	@DEBUG_VALUE: I2C_WriteMultiBytesTwoRegs:u32TimeOutCount <- [DW_OP_constu 3, DW_OP_minus, DW_OP_stack_value] $r1
	.loc	2 1085 19                       @ ../../../../Library/StdDriver/src/i2c.c:1085:19
	ldr	r2, [r0]
	.loc	2 1085 5 is_stmt 0              @ ../../../../Library/StdDriver/src/i2c.c:1085:5
	lsls	r2, r2, #27
	bpl	.LBB35_37
.Ltmp324:
@ %bb.35:                               @   in Loop: Header=BB35_28 Depth=1
	@DEBUG_VALUE: I2C_WriteMultiBytesTwoRegs:u8Err <- $r8
	@DEBUG_VALUE: I2C_WriteMultiBytesTwoRegs:u32TimeOutCount <- [DW_OP_constu 3, DW_OP_minus, DW_OP_stack_value] $r1
	@DEBUG_VALUE: I2C_WriteMultiBytesTwoRegs:u32txLen <- $r12
	@DEBUG_VALUE: I2C_WriteMultiBytesTwoRegs:u8Addr <- $r4
	@DEBUG_VALUE: I2C_WriteMultiBytesTwoRegs:u8Xfering <- $r5
	@DEBUG_VALUE: I2C_WriteMultiBytesTwoRegs:u16DataAddr <- [DW_OP_LLVM_entry_value 1] $r2
	@DEBUG_VALUE: I2C_WriteMultiBytesTwoRegs:u8SlaveAddr <- [DW_OP_LLVM_entry_value 1] $r1
	@DEBUG_VALUE: I2C_WriteMultiBytesTwoRegs:data <- [DW_OP_plus_uconst 4] [$sp+0]
	@DEBUG_VALUE: I2C_WriteMultiBytesTwoRegs:u32wLen <- [DW_OP_plus_uconst 48] [$sp+0]
	@DEBUG_VALUE: I2C_WriteMultiBytesTwoRegs:i2c <- $r0
	.loc	2 1087 24 is_stmt 1             @ ../../../../Library/StdDriver/src/i2c.c:1087:24
	subs	r1, #4
.Ltmp325:
	@DEBUG_VALUE: I2C_WriteMultiBytesTwoRegs:u32TimeOutCount <- $r1
	.loc	2 1089 13                       @ ../../../../Library/StdDriver/src/i2c.c:1089:13
	bne	.LBB35_28
.Ltmp326:
.LBB35_36:
	@DEBUG_VALUE: I2C_WriteMultiBytesTwoRegs:u8Err <- $r8
	@DEBUG_VALUE: I2C_WriteMultiBytesTwoRegs:u32txLen <- $r12
	@DEBUG_VALUE: I2C_WriteMultiBytesTwoRegs:u8Addr <- $r4
	@DEBUG_VALUE: I2C_WriteMultiBytesTwoRegs:u8Xfering <- $r5
	@DEBUG_VALUE: I2C_WriteMultiBytesTwoRegs:u16DataAddr <- [DW_OP_LLVM_entry_value 1] $r2
	@DEBUG_VALUE: I2C_WriteMultiBytesTwoRegs:u8SlaveAddr <- [DW_OP_LLVM_entry_value 1] $r1
	@DEBUG_VALUE: I2C_WriteMultiBytesTwoRegs:data <- [DW_OP_plus_uconst 4] [$sp+0]
	@DEBUG_VALUE: I2C_WriteMultiBytesTwoRegs:u32wLen <- [DW_OP_plus_uconst 48] [$sp+0]
	@DEBUG_VALUE: I2C_WriteMultiBytesTwoRegs:i2c <- $r0
	.loc	2 0 13 is_stmt 0                @ ../../../../Library/StdDriver/src/i2c.c:0:13
	mvn	r0, #1
.Ltmp327:
	@DEBUG_VALUE: I2C_WriteMultiBytesTwoRegs:i2c <- [DW_OP_LLVM_entry_value 1] $r0
	.loc	2 1091 30 is_stmt 1             @ ../../../../Library/StdDriver/src/i2c.c:1091:30
	str.w	r0, [lr]
.Ltmp328:
	@DEBUG_VALUE: I2C_WriteMultiBytesTwoRegs:u8Err <- 1
.LBB35_37:
	@DEBUG_VALUE: I2C_WriteMultiBytesTwoRegs:u32txLen <- $r12
	@DEBUG_VALUE: I2C_WriteMultiBytesTwoRegs:u8Addr <- $r4
	@DEBUG_VALUE: I2C_WriteMultiBytesTwoRegs:u8Xfering <- $r5
	@DEBUG_VALUE: I2C_WriteMultiBytesTwoRegs:u16DataAddr <- [DW_OP_LLVM_entry_value 1] $r2
	@DEBUG_VALUE: I2C_WriteMultiBytesTwoRegs:u8SlaveAddr <- [DW_OP_LLVM_entry_value 1] $r1
	@DEBUG_VALUE: I2C_WriteMultiBytesTwoRegs:data <- [DW_OP_plus_uconst 4] [$sp+0]
	@DEBUG_VALUE: I2C_WriteMultiBytesTwoRegs:u32wLen <- [DW_OP_plus_uconst 48] [$sp+0]
	.loc	2 1097 5                        @ ../../../../Library/StdDriver/src/i2c.c:1097:5
	mov	r0, r12
	.loc	2 1097 5 epilogue_begin is_stmt 0 @ ../../../../Library/StdDriver/src/i2c.c:1097:5
	add	sp, #12
	pop.w	{r4, r5, r6, r7, r8, r9, r10, r11, pc}
.Ltmp329:
.Lfunc_end35:
	.size	I2C_WriteMultiBytesTwoRegs, .Lfunc_end35-I2C_WriteMultiBytesTwoRegs
	.cfi_endproc
	.cantunwind
	.fnend
                                        @ -- End function
	.section	.text.I2C_ReadByte,"ax",%progbits
	.hidden	I2C_ReadByte                    @ -- Begin function I2C_ReadByte
	.globl	I2C_ReadByte
	.p2align	2
	.type	I2C_ReadByte,%function
	.code	16                              @ @I2C_ReadByte
	.thumb_func
I2C_ReadByte:
.Lfunc_begin36:
	.loc	2 1114 0 is_stmt 1              @ ../../../../Library/StdDriver/src/i2c.c:1114:0
	.fnstart
	.cfi_startproc
@ %bb.0:
	@DEBUG_VALUE: I2C_ReadByte:i2c <- $r0
	@DEBUG_VALUE: I2C_ReadByte:u8SlaveAddr <- $r1
	.save	{r7, lr}
	push	{r7, lr}
	.cfi_def_cfa_offset 8
	.cfi_offset lr, -4
	.cfi_offset r7, -8
	.pad	#8
	sub	sp, #8
	.cfi_def_cfa_offset 16
	add.w	r2, sp, #7
.Ltmp330:
	.loc	2 1117 25 prologue_end          @ ../../../../Library/StdDriver/src/i2c.c:1117:25
	movs	r3, #1
	bl	I2C_ReadMultiBytes
.Ltmp331:
	@DEBUG_VALUE: I2C_ReadByte:u8SlaveAddr <- [DW_OP_LLVM_entry_value 1] $r1
	@DEBUG_VALUE: I2C_ReadByte:i2c <- [DW_OP_LLVM_entry_value 1] $r0
	@DEBUG_VALUE: I2C_ReadByte:u32rxLen <- $r0
	.loc	2 1119 9                        @ ../../../../Library/StdDriver/src/i2c.c:1119:9
	ldrb.w	r1, [sp, #7]
	cmp	r0, #1
	it	ne
	movne	r1, #0
	.loc	2 1127 1                        @ ../../../../Library/StdDriver/src/i2c.c:1127:1
	uxtb	r0, r1
.Ltmp332:
	.loc	2 1127 1 epilogue_begin is_stmt 0 @ ../../../../Library/StdDriver/src/i2c.c:1127:1
	add	sp, #8
	pop	{r7, pc}
.Ltmp333:
.Lfunc_end36:
	.size	I2C_ReadByte, .Lfunc_end36-I2C_ReadByte
	.cfi_endproc
	.cantunwind
	.fnend
                                        @ -- End function
	.section	.text.I2C_ReadMultiBytes,"ax",%progbits
	.hidden	I2C_ReadMultiBytes              @ -- Begin function I2C_ReadMultiBytes
	.globl	I2C_ReadMultiBytes
	.p2align	2
	.type	I2C_ReadMultiBytes,%function
	.code	16                              @ @I2C_ReadMultiBytes
	.thumb_func
I2C_ReadMultiBytes:
.Lfunc_begin37:
	.loc	2 1146 0 is_stmt 1              @ ../../../../Library/StdDriver/src/i2c.c:1146:0
	.fnstart
	.cfi_startproc
@ %bb.0:
	@DEBUG_VALUE: I2C_ReadMultiBytes:i2c <- $r0
	@DEBUG_VALUE: I2C_ReadMultiBytes:u8SlaveAddr <- $r1
	@DEBUG_VALUE: I2C_ReadMultiBytes:rdata <- $r2
	@DEBUG_VALUE: I2C_ReadMultiBytes:u32rLen <- $r3
	.save	{r4, r5, r6, r7, r8, r9, r10, r11, lr}
	push.w	{r4, r5, r6, r7, r8, r9, r10, r11, lr}
	.cfi_def_cfa_offset 36
	.cfi_offset lr, -4
	.cfi_offset r11, -8
	.cfi_offset r10, -12
	.cfi_offset r9, -16
	.cfi_offset r8, -20
	.cfi_offset r7, -24
	.cfi_offset r6, -28
	.cfi_offset r5, -32
	.cfi_offset r4, -36
	.pad	#4
	sub	sp, #4
	.cfi_def_cfa_offset 40
.Ltmp334:
	@DEBUG_VALUE: I2C_ReadMultiBytes:u8Xfering <- 1
	@DEBUG_VALUE: I2C_ReadMultiBytes:u8Err <- 0
	@DEBUG_VALUE: I2C_ReadMultiBytes:u8Ctrl <- 0
	@DEBUG_VALUE: I2C_ReadMultiBytes:u32rxLen <- 0
	@DEBUG_VALUE: I2C_ReadMultiBytes:u32TimeOutCount <- 0
	.loc	2 1150 22 prologue_end          @ ../../../../Library/StdDriver/src/i2c.c:1150:22
	movw	lr, :lower16:g_I2C_i32ErrCode
	mov.w	r12, #0
	movt	lr, :upper16:g_I2C_i32ErrCode
	movw	r5, :lower16:SystemCoreClock
	str.w	r12, [lr]
	subs	r3, #1
.Ltmp335:
	@DEBUG_VALUE: I2C_ReadMultiBytes:u32rLen <- [DW_OP_LLVM_entry_value 1] $r3
	.loc	2 1152 5                        @ ../../../../Library/StdDriver/src/i2c.c:1152:5
	ldr	r4, [r0]
	mov.w	r11, #12
	lsl.w	r1, r1, #1
.Ltmp336:
	@DEBUG_VALUE: I2C_ReadMultiBytes:u8SlaveAddr <- [DW_OP_LLVM_entry_value 1] $r1
	.loc	2 0 5 is_stmt 0                 @ ../../../../Library/StdDriver/src/i2c.c:0:5
	mov.w	r7, #1
	.loc	2 1152 5                        @ ../../../../Library/StdDriver/src/i2c.c:1152:5
	orr	r4, r4, #32
	add.w	r1, r1, #1
	bic	r4, r4, #8
	uxtb.w	r10, r1
	movt	r5, :upper16:SystemCoreClock
	mvn	r6, #1
	str	r4, [r0]
	str	r3, [sp]                        @ 4-byte Spill
	it	eq
	moveq.w	r11, #8
.Ltmp337:
	.loc	2 0 5                           @ :0:5
.Ltmp338:
	.p2align	2
.LBB37_1:                               @ =>This Loop Header: Depth=1
                                        @     Child Loop BB37_2 Depth 2
	@DEBUG_VALUE: I2C_ReadMultiBytes:u8SlaveAddr <- [DW_OP_LLVM_entry_value 1] $r1
	@DEBUG_VALUE: I2C_ReadMultiBytes:u32rLen <- [DW_OP_LLVM_entry_value 1] $r3
	@DEBUG_VALUE: I2C_ReadMultiBytes:rdata <- $r2
	@DEBUG_VALUE: I2C_ReadMultiBytes:i2c <- $r0
	@DEBUG_VALUE: I2C_ReadMultiBytes:u8Xfering <- $r7
	@DEBUG_VALUE: I2C_ReadMultiBytes:u8Err <- 0
	@DEBUG_VALUE: I2C_ReadMultiBytes:u32rxLen <- $r12
	.loc	2 1156 27 is_stmt 1             @ ../../../../Library/StdDriver/src/i2c.c:1156:27
	ldr	r1, [r5]
.Ltmp339:
	@DEBUG_VALUE: I2C_ReadMultiBytes:u32TimeOutCount <- $r1
.LBB37_2:                               @   Parent Loop BB37_1 Depth=1
                                        @ =>  This Inner Loop Header: Depth=2
	@DEBUG_VALUE: I2C_ReadMultiBytes:u32TimeOutCount <- $r1
	@DEBUG_VALUE: I2C_ReadMultiBytes:u32rxLen <- $r12
	@DEBUG_VALUE: I2C_ReadMultiBytes:u8Xfering <- $r7
	@DEBUG_VALUE: I2C_ReadMultiBytes:u8SlaveAddr <- [DW_OP_LLVM_entry_value 1] $r1
	@DEBUG_VALUE: I2C_ReadMultiBytes:u32rLen <- [DW_OP_LLVM_entry_value 1] $r3
	@DEBUG_VALUE: I2C_ReadMultiBytes:u8Err <- 0
	@DEBUG_VALUE: I2C_ReadMultiBytes:rdata <- $r2
	@DEBUG_VALUE: I2C_ReadMultiBytes:i2c <- $r0
	@DEBUG_VALUE: I2C_ReadMultiBytes:u32TimeOutCount <- $r1
	.loc	2 1157 9                        @ ../../../../Library/StdDriver/src/i2c.c:1157:9
	ldr	r3, [r0]
	lsls	r3, r3, #28
	bmi	.LBB37_11
.Ltmp340:
@ %bb.3:                                @   in Loop: Header=BB37_2 Depth=2
	@DEBUG_VALUE: I2C_ReadMultiBytes:u32TimeOutCount <- $r1
	@DEBUG_VALUE: I2C_ReadMultiBytes:u32rxLen <- $r12
	@DEBUG_VALUE: I2C_ReadMultiBytes:u8Xfering <- $r7
	@DEBUG_VALUE: I2C_ReadMultiBytes:u8SlaveAddr <- [DW_OP_LLVM_entry_value 1] $r1
	@DEBUG_VALUE: I2C_ReadMultiBytes:u32rLen <- [DW_OP_LLVM_entry_value 1] $r3
	@DEBUG_VALUE: I2C_ReadMultiBytes:u8Err <- 0
	@DEBUG_VALUE: I2C_ReadMultiBytes:rdata <- $r2
	@DEBUG_VALUE: I2C_ReadMultiBytes:i2c <- $r0
	@DEBUG_VALUE: I2C_ReadMultiBytes:u32TimeOutCount <- [DW_OP_constu 1, DW_OP_minus, DW_OP_stack_value] $r1
	.loc	2 1159 17                       @ ../../../../Library/StdDriver/src/i2c.c:1159:17
	cmp	r1, #1
	beq	.LBB37_10
.Ltmp341:
@ %bb.4:                                @   in Loop: Header=BB37_2 Depth=2
	@DEBUG_VALUE: I2C_ReadMultiBytes:u32TimeOutCount <- [DW_OP_constu 1, DW_OP_minus, DW_OP_stack_value] $r1
	@DEBUG_VALUE: I2C_ReadMultiBytes:u32rxLen <- $r12
	@DEBUG_VALUE: I2C_ReadMultiBytes:u8Xfering <- $r7
	@DEBUG_VALUE: I2C_ReadMultiBytes:u8SlaveAddr <- [DW_OP_LLVM_entry_value 1] $r1
	@DEBUG_VALUE: I2C_ReadMultiBytes:u32rLen <- [DW_OP_LLVM_entry_value 1] $r3
	@DEBUG_VALUE: I2C_ReadMultiBytes:u8Err <- 0
	@DEBUG_VALUE: I2C_ReadMultiBytes:rdata <- $r2
	@DEBUG_VALUE: I2C_ReadMultiBytes:i2c <- $r0
	@DEBUG_VALUE: I2C_ReadMultiBytes:u32TimeOutCount <- [DW_OP_constu 1, DW_OP_minus, DW_OP_stack_value] $r1
	.loc	2 1157 9                        @ ../../../../Library/StdDriver/src/i2c.c:1157:9
	ldr	r3, [r0]
	lsls	r3, r3, #28
	bmi	.LBB37_11
.Ltmp342:
@ %bb.5:                                @   in Loop: Header=BB37_2 Depth=2
	@DEBUG_VALUE: I2C_ReadMultiBytes:u32TimeOutCount <- [DW_OP_constu 1, DW_OP_minus, DW_OP_stack_value] $r1
	@DEBUG_VALUE: I2C_ReadMultiBytes:u32rxLen <- $r12
	@DEBUG_VALUE: I2C_ReadMultiBytes:u8Xfering <- $r7
	@DEBUG_VALUE: I2C_ReadMultiBytes:u8SlaveAddr <- [DW_OP_LLVM_entry_value 1] $r1
	@DEBUG_VALUE: I2C_ReadMultiBytes:u32rLen <- [DW_OP_LLVM_entry_value 1] $r3
	@DEBUG_VALUE: I2C_ReadMultiBytes:u8Err <- 0
	@DEBUG_VALUE: I2C_ReadMultiBytes:rdata <- $r2
	@DEBUG_VALUE: I2C_ReadMultiBytes:i2c <- $r0
	@DEBUG_VALUE: I2C_ReadMultiBytes:u32TimeOutCount <- [DW_OP_constu 2, DW_OP_minus, DW_OP_stack_value] $r1
	.loc	2 1159 17                       @ ../../../../Library/StdDriver/src/i2c.c:1159:17
	cmp	r1, #2
	beq	.LBB37_10
.Ltmp343:
@ %bb.6:                                @   in Loop: Header=BB37_2 Depth=2
	@DEBUG_VALUE: I2C_ReadMultiBytes:u32TimeOutCount <- [DW_OP_constu 2, DW_OP_minus, DW_OP_stack_value] $r1
	@DEBUG_VALUE: I2C_ReadMultiBytes:u32rxLen <- $r12
	@DEBUG_VALUE: I2C_ReadMultiBytes:u8Xfering <- $r7
	@DEBUG_VALUE: I2C_ReadMultiBytes:u8SlaveAddr <- [DW_OP_LLVM_entry_value 1] $r1
	@DEBUG_VALUE: I2C_ReadMultiBytes:u32rLen <- [DW_OP_LLVM_entry_value 1] $r3
	@DEBUG_VALUE: I2C_ReadMultiBytes:u8Err <- 0
	@DEBUG_VALUE: I2C_ReadMultiBytes:rdata <- $r2
	@DEBUG_VALUE: I2C_ReadMultiBytes:i2c <- $r0
	@DEBUG_VALUE: I2C_ReadMultiBytes:u32TimeOutCount <- [DW_OP_constu 2, DW_OP_minus, DW_OP_stack_value] $r1
	.loc	2 1157 9                        @ ../../../../Library/StdDriver/src/i2c.c:1157:9
	ldr	r3, [r0]
	lsls	r3, r3, #28
	bmi	.LBB37_11
.Ltmp344:
@ %bb.7:                                @   in Loop: Header=BB37_2 Depth=2
	@DEBUG_VALUE: I2C_ReadMultiBytes:u32TimeOutCount <- [DW_OP_constu 2, DW_OP_minus, DW_OP_stack_value] $r1
	@DEBUG_VALUE: I2C_ReadMultiBytes:u32rxLen <- $r12
	@DEBUG_VALUE: I2C_ReadMultiBytes:u8Xfering <- $r7
	@DEBUG_VALUE: I2C_ReadMultiBytes:u8SlaveAddr <- [DW_OP_LLVM_entry_value 1] $r1
	@DEBUG_VALUE: I2C_ReadMultiBytes:u32rLen <- [DW_OP_LLVM_entry_value 1] $r3
	@DEBUG_VALUE: I2C_ReadMultiBytes:u8Err <- 0
	@DEBUG_VALUE: I2C_ReadMultiBytes:rdata <- $r2
	@DEBUG_VALUE: I2C_ReadMultiBytes:i2c <- $r0
	@DEBUG_VALUE: I2C_ReadMultiBytes:u32TimeOutCount <- [DW_OP_constu 3, DW_OP_minus, DW_OP_stack_value] $r1
	.loc	2 1159 17                       @ ../../../../Library/StdDriver/src/i2c.c:1159:17
	cmp	r1, #3
	beq	.LBB37_10
.Ltmp345:
@ %bb.8:                                @   in Loop: Header=BB37_2 Depth=2
	@DEBUG_VALUE: I2C_ReadMultiBytes:u32TimeOutCount <- [DW_OP_constu 3, DW_OP_minus, DW_OP_stack_value] $r1
	@DEBUG_VALUE: I2C_ReadMultiBytes:u32rxLen <- $r12
	@DEBUG_VALUE: I2C_ReadMultiBytes:u8Xfering <- $r7
	@DEBUG_VALUE: I2C_ReadMultiBytes:u8SlaveAddr <- [DW_OP_LLVM_entry_value 1] $r1
	@DEBUG_VALUE: I2C_ReadMultiBytes:u32rLen <- [DW_OP_LLVM_entry_value 1] $r3
	@DEBUG_VALUE: I2C_ReadMultiBytes:u8Err <- 0
	@DEBUG_VALUE: I2C_ReadMultiBytes:rdata <- $r2
	@DEBUG_VALUE: I2C_ReadMultiBytes:i2c <- $r0
	@DEBUG_VALUE: I2C_ReadMultiBytes:u32TimeOutCount <- [DW_OP_constu 3, DW_OP_minus, DW_OP_stack_value] $r1
	.loc	2 1157 9                        @ ../../../../Library/StdDriver/src/i2c.c:1157:9
	ldr	r3, [r0]
	lsls	r3, r3, #28
	bmi	.LBB37_11
.Ltmp346:
@ %bb.9:                                @   in Loop: Header=BB37_2 Depth=2
	@DEBUG_VALUE: I2C_ReadMultiBytes:u32TimeOutCount <- [DW_OP_constu 3, DW_OP_minus, DW_OP_stack_value] $r1
	@DEBUG_VALUE: I2C_ReadMultiBytes:u32rxLen <- $r12
	@DEBUG_VALUE: I2C_ReadMultiBytes:u8Xfering <- $r7
	@DEBUG_VALUE: I2C_ReadMultiBytes:u8SlaveAddr <- [DW_OP_LLVM_entry_value 1] $r1
	@DEBUG_VALUE: I2C_ReadMultiBytes:u32rLen <- [DW_OP_LLVM_entry_value 1] $r3
	@DEBUG_VALUE: I2C_ReadMultiBytes:u8Err <- 0
	@DEBUG_VALUE: I2C_ReadMultiBytes:rdata <- $r2
	@DEBUG_VALUE: I2C_ReadMultiBytes:i2c <- $r0
	.loc	2 1159 17                       @ ../../../../Library/StdDriver/src/i2c.c:1159:17
	subs	r1, #4
.Ltmp347:
	@DEBUG_VALUE: I2C_ReadMultiBytes:u32TimeOutCount <- $r1
	.loc	2 1159 17 is_stmt 0             @ ../../../../Library/StdDriver/src/i2c.c:1159:17
	bne	.LBB37_2
.Ltmp348:
.LBB37_10:                              @   in Loop: Header=BB37_1 Depth=1
	@DEBUG_VALUE: I2C_ReadMultiBytes:u32rxLen <- $r12
	@DEBUG_VALUE: I2C_ReadMultiBytes:u8Xfering <- $r7
	@DEBUG_VALUE: I2C_ReadMultiBytes:u8SlaveAddr <- [DW_OP_LLVM_entry_value 1] $r1
	@DEBUG_VALUE: I2C_ReadMultiBytes:u32rLen <- [DW_OP_LLVM_entry_value 1] $r3
	@DEBUG_VALUE: I2C_ReadMultiBytes:u8Err <- 0
	@DEBUG_VALUE: I2C_ReadMultiBytes:rdata <- $r2
	@DEBUG_VALUE: I2C_ReadMultiBytes:i2c <- $r0
	.loc	2 0 17                          @ ../../../../Library/StdDriver/src/i2c.c:0:17
	movs	r4, #1
.Ltmp349:
	@DEBUG_VALUE: I2C_ReadMultiBytes:u8Err <- 1
	.loc	2 1161 34 is_stmt 1             @ ../../../../Library/StdDriver/src/i2c.c:1161:34
	str.w	r6, [lr]
	b	.LBB37_12
.Ltmp350:
	.loc	2 0 34 is_stmt 0                @ :0:34
.Ltmp351:
	.p2align	2
.LBB37_11:                              @   in Loop: Header=BB37_1 Depth=1
	@DEBUG_VALUE: I2C_ReadMultiBytes:u32rxLen <- $r12
	@DEBUG_VALUE: I2C_ReadMultiBytes:u8Xfering <- $r7
	@DEBUG_VALUE: I2C_ReadMultiBytes:u8SlaveAddr <- [DW_OP_LLVM_entry_value 1] $r1
	@DEBUG_VALUE: I2C_ReadMultiBytes:u32rLen <- [DW_OP_LLVM_entry_value 1] $r3
	@DEBUG_VALUE: I2C_ReadMultiBytes:u8Err <- 0
	@DEBUG_VALUE: I2C_ReadMultiBytes:rdata <- $r2
	@DEBUG_VALUE: I2C_ReadMultiBytes:i2c <- $r0
	movs	r4, #0
.Ltmp352:
.LBB37_12:                              @   in Loop: Header=BB37_1 Depth=1
	@DEBUG_VALUE: I2C_ReadMultiBytes:u32rxLen <- $r12
	@DEBUG_VALUE: I2C_ReadMultiBytes:u8Xfering <- $r7
	@DEBUG_VALUE: I2C_ReadMultiBytes:u8SlaveAddr <- [DW_OP_LLVM_entry_value 1] $r1
	@DEBUG_VALUE: I2C_ReadMultiBytes:u32rLen <- [DW_OP_LLVM_entry_value 1] $r3
	@DEBUG_VALUE: I2C_ReadMultiBytes:rdata <- $r2
	@DEBUG_VALUE: I2C_ReadMultiBytes:i2c <- $r0
	@DEBUG_VALUE: I2C_ReadMultiBytes:u8Err <- $r4
	.loc	2 1167 17 is_stmt 1             @ ../../../../Library/StdDriver/src/i2c.c:1167:17
	ldr	r1, [r0, #12]
	.loc	2 1167 9 is_stmt 0              @ ../../../../Library/StdDriver/src/i2c.c:1167:9
	subs	r1, #8
	ror.w	r8, r1, #3
	cmp.w	r8, #10
	bhi	.LBB37_16
.Ltmp353:
@ %bb.13:                               @   in Loop: Header=BB37_1 Depth=1
	@DEBUG_VALUE: I2C_ReadMultiBytes:u8Err <- $r4
	@DEBUG_VALUE: I2C_ReadMultiBytes:u32rxLen <- $r12
	@DEBUG_VALUE: I2C_ReadMultiBytes:u8Xfering <- $r7
	@DEBUG_VALUE: I2C_ReadMultiBytes:u8SlaveAddr <- [DW_OP_LLVM_entry_value 1] $r1
	@DEBUG_VALUE: I2C_ReadMultiBytes:u32rLen <- [DW_OP_LLVM_entry_value 1] $r3
	@DEBUG_VALUE: I2C_ReadMultiBytes:rdata <- $r2
	@DEBUG_VALUE: I2C_ReadMultiBytes:i2c <- $r0
	.loc	2 0 9                           @ ../../../../Library/StdDriver/src/i2c.c:0:9
	movs	r3, #1
	movs	r1, #24
	.loc	2 1167 9                        @ ../../../../Library/StdDriver/src/i2c.c:1167:9
.LCPI37_0:
	tbb	[pc, r8]
.Ltmp354:
@ %bb.14:
	.loc	2 0 9                           @ ../../../../Library/StdDriver/src/i2c.c:0:9
.LJTI37_0:
	.byte	(.LBB37_15-(.LCPI37_0+4))/2
	.byte	(.LBB37_16-(.LCPI37_0+4))/2
	.byte	(.LBB37_16-(.LCPI37_0+4))/2
	.byte	(.LBB37_16-(.LCPI37_0+4))/2
	.byte	(.LBB37_16-(.LCPI37_0+4))/2
	.byte	(.LBB37_16-(.LCPI37_0+4))/2
	.byte	(.LBB37_16-(.LCPI37_0+4))/2
	.byte	(.LBB37_17-(.LCPI37_0+4))/2
	.byte	(.LBB37_20-(.LCPI37_0+4))/2
	.byte	(.LBB37_18-(.LCPI37_0+4))/2
	.byte	(.LBB37_19-(.LCPI37_0+4))/2
	.p2align	1
.LBB37_15:                              @   in Loop: Header=BB37_1 Depth=1
.Ltmp355:
	@DEBUG_VALUE: I2C_ReadMultiBytes:u8Err <- $r4
	@DEBUG_VALUE: I2C_ReadMultiBytes:u32rxLen <- $r12
	@DEBUG_VALUE: I2C_ReadMultiBytes:u8Xfering <- $r7
	@DEBUG_VALUE: I2C_ReadMultiBytes:u8SlaveAddr <- [DW_OP_LLVM_entry_value 1] $r1
	@DEBUG_VALUE: I2C_ReadMultiBytes:u32rLen <- [DW_OP_LLVM_entry_value 1] $r3
	@DEBUG_VALUE: I2C_ReadMultiBytes:rdata <- $r2
	@DEBUG_VALUE: I2C_ReadMultiBytes:i2c <- $r0
	.loc	2 1170 17 is_stmt 1             @ ../../../../Library/StdDriver/src/i2c.c:1170:17
	str.w	r10, [r0, #8]
	movs	r1, #8
.Ltmp356:
	@DEBUG_VALUE: I2C_ReadMultiBytes:u8Ctrl <- 8
	.loc	2 0 17 is_stmt 0                @ ../../../../Library/StdDriver/src/i2c.c:0:17
	mov	r3, r4
	.loc	2 1209 17 is_stmt 1             @ ../../../../Library/StdDriver/src/i2c.c:1209:17
	b	.LBB37_20
.Ltmp357:
.LBB37_16:                              @   in Loop: Header=BB37_1 Depth=1
	@DEBUG_VALUE: I2C_ReadMultiBytes:u8Err <- $r4
	@DEBUG_VALUE: I2C_ReadMultiBytes:u32rxLen <- $r12
	@DEBUG_VALUE: I2C_ReadMultiBytes:u8Xfering <- $r7
	@DEBUG_VALUE: I2C_ReadMultiBytes:u8SlaveAddr <- [DW_OP_LLVM_entry_value 1] $r1
	@DEBUG_VALUE: I2C_ReadMultiBytes:u32rLen <- [DW_OP_LLVM_entry_value 1] $r3
	@DEBUG_VALUE: I2C_ReadMultiBytes:rdata <- $r2
	@DEBUG_VALUE: I2C_ReadMultiBytes:i2c <- $r0
	.loc	2 1213 17                       @ ../../../../Library/StdDriver/src/i2c.c:1213:17
	ldr	r1, [r0]
	movs	r3, #6
	bfi	r1, r3, #2, #4
	str	r1, [r0]
	movs	r1, #8
	movs	r3, #1
.Ltmp358:
	@DEBUG_VALUE: I2C_ReadMultiBytes:u8Ctrl <- 8
	@DEBUG_VALUE: I2C_ReadMultiBytes:u8Err <- 1
	.loc	2 0 17 is_stmt 0                @ ../../../../Library/StdDriver/src/i2c.c:0:17
	b	.LBB37_20
.Ltmp359:
.LBB37_17:                              @   in Loop: Header=BB37_1 Depth=1
	@DEBUG_VALUE: I2C_ReadMultiBytes:u8Err <- $r4
	@DEBUG_VALUE: I2C_ReadMultiBytes:u32rxLen <- $r12
	@DEBUG_VALUE: I2C_ReadMultiBytes:u8Xfering <- $r7
	@DEBUG_VALUE: I2C_ReadMultiBytes:u8SlaveAddr <- [DW_OP_LLVM_entry_value 1] $r1
	@DEBUG_VALUE: I2C_ReadMultiBytes:u32rLen <- [DW_OP_LLVM_entry_value 1] $r3
	@DEBUG_VALUE: I2C_ReadMultiBytes:rdata <- $r2
	@DEBUG_VALUE: I2C_ReadMultiBytes:i2c <- $r0
	mov	r3, r4
	mov	r1, r11
	b	.LBB37_20
.Ltmp360:
.LBB37_18:                              @   in Loop: Header=BB37_1 Depth=1
	@DEBUG_VALUE: I2C_ReadMultiBytes:u8Err <- $r4
	@DEBUG_VALUE: I2C_ReadMultiBytes:u32rxLen <- $r12
	@DEBUG_VALUE: I2C_ReadMultiBytes:u8Xfering <- $r7
	@DEBUG_VALUE: I2C_ReadMultiBytes:u8SlaveAddr <- [DW_OP_LLVM_entry_value 1] $r1
	@DEBUG_VALUE: I2C_ReadMultiBytes:u32rLen <- [DW_OP_LLVM_entry_value 1] $r3
	@DEBUG_VALUE: I2C_ReadMultiBytes:rdata <- $r2
	@DEBUG_VALUE: I2C_ReadMultiBytes:i2c <- $r0
	.loc	2 1192 53 is_stmt 1             @ ../../../../Library/StdDriver/src/i2c.c:1192:53
	ldr	r1, [r0, #8]
	mov	r3, r4
	.loc	2 1192 35 is_stmt 0             @ ../../../../Library/StdDriver/src/i2c.c:1192:35
	strb.w	r1, [r2, r12]
	.loc	2 1192 31                       @ ../../../../Library/StdDriver/src/i2c.c:1192:31
	add.w	r12, r12, #1
.Ltmp361:
	@DEBUG_VALUE: I2C_ReadMultiBytes:u32rxLen <- $r12
	.loc	2 0 31                          @ ../../../../Library/StdDriver/src/i2c.c:0:31
	ldr	r1, [sp]                        @ 4-byte Reload
	cmp	r12, r1
	mov.w	r1, #8
	it	lo
	movlo	r1, #12
	.loc	2 1209 17 is_stmt 1             @ ../../../../Library/StdDriver/src/i2c.c:1209:17
	b	.LBB37_20
.Ltmp362:
.LBB37_19:                              @   in Loop: Header=BB37_1 Depth=1
	@DEBUG_VALUE: I2C_ReadMultiBytes:u8Err <- $r4
	@DEBUG_VALUE: I2C_ReadMultiBytes:u32rxLen <- $r12
	@DEBUG_VALUE: I2C_ReadMultiBytes:u8Xfering <- $r7
	@DEBUG_VALUE: I2C_ReadMultiBytes:u8SlaveAddr <- [DW_OP_LLVM_entry_value 1] $r1
	@DEBUG_VALUE: I2C_ReadMultiBytes:u32rLen <- [DW_OP_LLVM_entry_value 1] $r3
	@DEBUG_VALUE: I2C_ReadMultiBytes:rdata <- $r2
	@DEBUG_VALUE: I2C_ReadMultiBytes:i2c <- $r0
	.loc	2 1206 53                       @ ../../../../Library/StdDriver/src/i2c.c:1206:53
	ldr	r1, [r0, #8]
	movs	r7, #0
.Ltmp363:
	@DEBUG_VALUE: I2C_ReadMultiBytes:u8Ctrl <- 24
	@DEBUG_VALUE: I2C_ReadMultiBytes:u8Xfering <- 0
	.loc	2 0 53 is_stmt 0                @ ../../../../Library/StdDriver/src/i2c.c:0:53
	mov	r3, r4
	.loc	2 1206 35                       @ ../../../../Library/StdDriver/src/i2c.c:1206:35
	strb.w	r1, [r2, r12]
	.loc	2 1206 31                       @ ../../../../Library/StdDriver/src/i2c.c:1206:31
	add.w	r12, r12, #1
.Ltmp364:
	@DEBUG_VALUE: I2C_ReadMultiBytes:u32rxLen <- $r12
	.loc	2 0 31                          @ ../../../../Library/StdDriver/src/i2c.c:0:31
	movs	r1, #24
.Ltmp365:
	.p2align	2
.LBB37_20:                              @   in Loop: Header=BB37_1 Depth=1
	@DEBUG_VALUE: I2C_ReadMultiBytes:u32rxLen <- $r12
	@DEBUG_VALUE: I2C_ReadMultiBytes:u8SlaveAddr <- [DW_OP_LLVM_entry_value 1] $r1
	@DEBUG_VALUE: I2C_ReadMultiBytes:u32rLen <- [DW_OP_LLVM_entry_value 1] $r3
	@DEBUG_VALUE: I2C_ReadMultiBytes:rdata <- $r2
	@DEBUG_VALUE: I2C_ReadMultiBytes:i2c <- $r0
	@DEBUG_VALUE: I2C_ReadMultiBytes:u8Xfering <- $r7
	@DEBUG_VALUE: I2C_ReadMultiBytes:u8Err <- $r3
	@DEBUG_VALUE: I2C_ReadMultiBytes:u8Ctrl <- $r1
	@DEBUG_VALUE: I2C_ReadMultiBytes:u32rxLen <- $r12
	.loc	2 1219 9 is_stmt 1              @ ../../../../Library/StdDriver/src/i2c.c:1219:9
	ldr	r4, [r0]
	bic	r4, r4, #60
	orr.w	r1, r1, r4
.Ltmp366:
	str	r1, [r0]
.Ltmp367:
	.loc	2 1154 5                        @ ../../../../Library/StdDriver/src/i2c.c:1154:5
	cbz	r7, .LBB37_22
.Ltmp368:
@ %bb.21:                               @   in Loop: Header=BB37_1 Depth=1
	@DEBUG_VALUE: I2C_ReadMultiBytes:u8Err <- $r3
	@DEBUG_VALUE: I2C_ReadMultiBytes:u32rxLen <- $r12
	@DEBUG_VALUE: I2C_ReadMultiBytes:u8Xfering <- $r7
	@DEBUG_VALUE: I2C_ReadMultiBytes:u8SlaveAddr <- [DW_OP_LLVM_entry_value 1] $r1
	@DEBUG_VALUE: I2C_ReadMultiBytes:u32rLen <- [DW_OP_LLVM_entry_value 1] $r3
	@DEBUG_VALUE: I2C_ReadMultiBytes:rdata <- $r2
	@DEBUG_VALUE: I2C_ReadMultiBytes:i2c <- $r0
	cbnz	r3, .LBB37_22
	le	.LBB37_1
.Ltmp369:
.LBB37_22:
	@DEBUG_VALUE: I2C_ReadMultiBytes:u8Err <- $r3
	@DEBUG_VALUE: I2C_ReadMultiBytes:u32rxLen <- $r12
	@DEBUG_VALUE: I2C_ReadMultiBytes:u8Xfering <- $r7
	@DEBUG_VALUE: I2C_ReadMultiBytes:u8SlaveAddr <- [DW_OP_LLVM_entry_value 1] $r1
	@DEBUG_VALUE: I2C_ReadMultiBytes:u32rLen <- [DW_OP_LLVM_entry_value 1] $r3
	@DEBUG_VALUE: I2C_ReadMultiBytes:rdata <- $r2
	@DEBUG_VALUE: I2C_ReadMultiBytes:i2c <- $r0
	.loc	2 1222 23                       @ ../../../../Library/StdDriver/src/i2c.c:1222:23
	ldr	r1, [r5]
.Ltmp370:
	@DEBUG_VALUE: I2C_ReadMultiBytes:u32TimeOutCount <- $r1
.LBB37_23:                              @ =>This Inner Loop Header: Depth=1
	@DEBUG_VALUE: I2C_ReadMultiBytes:u8Err <- $r3
	@DEBUG_VALUE: I2C_ReadMultiBytes:u32TimeOutCount <- $r1
	@DEBUG_VALUE: I2C_ReadMultiBytes:u32rxLen <- $r12
	@DEBUG_VALUE: I2C_ReadMultiBytes:u8Xfering <- $r7
	@DEBUG_VALUE: I2C_ReadMultiBytes:u8SlaveAddr <- [DW_OP_LLVM_entry_value 1] $r1
	@DEBUG_VALUE: I2C_ReadMultiBytes:u32rLen <- [DW_OP_LLVM_entry_value 1] $r3
	@DEBUG_VALUE: I2C_ReadMultiBytes:i2c <- $r0
	@DEBUG_VALUE: I2C_ReadMultiBytes:u32TimeOutCount <- $r1
	.loc	2 1224 19                       @ ../../../../Library/StdDriver/src/i2c.c:1224:19
	ldr	r2, [r0]
.Ltmp371:
	@DEBUG_VALUE: I2C_ReadMultiBytes:rdata <- [DW_OP_LLVM_entry_value 1] $r2
	.loc	2 1224 5 is_stmt 0              @ ../../../../Library/StdDriver/src/i2c.c:1224:5
	lsls	r2, r2, #27
	bpl	.LBB37_32
.Ltmp372:
@ %bb.24:                               @   in Loop: Header=BB37_23 Depth=1
	@DEBUG_VALUE: I2C_ReadMultiBytes:u8Err <- $r3
	@DEBUG_VALUE: I2C_ReadMultiBytes:u32TimeOutCount <- $r1
	@DEBUG_VALUE: I2C_ReadMultiBytes:u32rxLen <- $r12
	@DEBUG_VALUE: I2C_ReadMultiBytes:u8Xfering <- $r7
	@DEBUG_VALUE: I2C_ReadMultiBytes:u8SlaveAddr <- [DW_OP_LLVM_entry_value 1] $r1
	@DEBUG_VALUE: I2C_ReadMultiBytes:u32rLen <- [DW_OP_LLVM_entry_value 1] $r3
	@DEBUG_VALUE: I2C_ReadMultiBytes:i2c <- $r0
	@DEBUG_VALUE: I2C_ReadMultiBytes:u32TimeOutCount <- [DW_OP_constu 1, DW_OP_minus, DW_OP_stack_value] $r1
	.loc	2 1228 13 is_stmt 1             @ ../../../../Library/StdDriver/src/i2c.c:1228:13
	cmp	r1, #1
	beq	.LBB37_31
.Ltmp373:
@ %bb.25:                               @   in Loop: Header=BB37_23 Depth=1
	@DEBUG_VALUE: I2C_ReadMultiBytes:u8Err <- $r3
	@DEBUG_VALUE: I2C_ReadMultiBytes:u32TimeOutCount <- [DW_OP_constu 1, DW_OP_minus, DW_OP_stack_value] $r1
	@DEBUG_VALUE: I2C_ReadMultiBytes:u32rxLen <- $r12
	@DEBUG_VALUE: I2C_ReadMultiBytes:u8Xfering <- $r7
	@DEBUG_VALUE: I2C_ReadMultiBytes:u8SlaveAddr <- [DW_OP_LLVM_entry_value 1] $r1
	@DEBUG_VALUE: I2C_ReadMultiBytes:u32rLen <- [DW_OP_LLVM_entry_value 1] $r3
	@DEBUG_VALUE: I2C_ReadMultiBytes:i2c <- $r0
	@DEBUG_VALUE: I2C_ReadMultiBytes:u32TimeOutCount <- [DW_OP_constu 1, DW_OP_minus, DW_OP_stack_value] $r1
	.loc	2 1224 19                       @ ../../../../Library/StdDriver/src/i2c.c:1224:19
	ldr	r2, [r0]
	.loc	2 1224 5 is_stmt 0              @ ../../../../Library/StdDriver/src/i2c.c:1224:5
	lsls	r2, r2, #27
	bpl	.LBB37_32
.Ltmp374:
@ %bb.26:                               @   in Loop: Header=BB37_23 Depth=1
	@DEBUG_VALUE: I2C_ReadMultiBytes:u8Err <- $r3
	@DEBUG_VALUE: I2C_ReadMultiBytes:u32TimeOutCount <- [DW_OP_constu 1, DW_OP_minus, DW_OP_stack_value] $r1
	@DEBUG_VALUE: I2C_ReadMultiBytes:u32rxLen <- $r12
	@DEBUG_VALUE: I2C_ReadMultiBytes:u8Xfering <- $r7
	@DEBUG_VALUE: I2C_ReadMultiBytes:u8SlaveAddr <- [DW_OP_LLVM_entry_value 1] $r1
	@DEBUG_VALUE: I2C_ReadMultiBytes:u32rLen <- [DW_OP_LLVM_entry_value 1] $r3
	@DEBUG_VALUE: I2C_ReadMultiBytes:i2c <- $r0
	@DEBUG_VALUE: I2C_ReadMultiBytes:u32TimeOutCount <- [DW_OP_constu 2, DW_OP_minus, DW_OP_stack_value] $r1
	.loc	2 1228 13 is_stmt 1             @ ../../../../Library/StdDriver/src/i2c.c:1228:13
	cmp	r1, #2
	beq	.LBB37_31
.Ltmp375:
@ %bb.27:                               @   in Loop: Header=BB37_23 Depth=1
	@DEBUG_VALUE: I2C_ReadMultiBytes:u8Err <- $r3
	@DEBUG_VALUE: I2C_ReadMultiBytes:u32TimeOutCount <- [DW_OP_constu 2, DW_OP_minus, DW_OP_stack_value] $r1
	@DEBUG_VALUE: I2C_ReadMultiBytes:u32rxLen <- $r12
	@DEBUG_VALUE: I2C_ReadMultiBytes:u8Xfering <- $r7
	@DEBUG_VALUE: I2C_ReadMultiBytes:u8SlaveAddr <- [DW_OP_LLVM_entry_value 1] $r1
	@DEBUG_VALUE: I2C_ReadMultiBytes:u32rLen <- [DW_OP_LLVM_entry_value 1] $r3
	@DEBUG_VALUE: I2C_ReadMultiBytes:i2c <- $r0
	@DEBUG_VALUE: I2C_ReadMultiBytes:u32TimeOutCount <- [DW_OP_constu 2, DW_OP_minus, DW_OP_stack_value] $r1
	.loc	2 1224 19                       @ ../../../../Library/StdDriver/src/i2c.c:1224:19
	ldr	r2, [r0]
	.loc	2 1224 5 is_stmt 0              @ ../../../../Library/StdDriver/src/i2c.c:1224:5
	lsls	r2, r2, #27
	bpl	.LBB37_32
.Ltmp376:
@ %bb.28:                               @   in Loop: Header=BB37_23 Depth=1
	@DEBUG_VALUE: I2C_ReadMultiBytes:u8Err <- $r3
	@DEBUG_VALUE: I2C_ReadMultiBytes:u32TimeOutCount <- [DW_OP_constu 2, DW_OP_minus, DW_OP_stack_value] $r1
	@DEBUG_VALUE: I2C_ReadMultiBytes:u32rxLen <- $r12
	@DEBUG_VALUE: I2C_ReadMultiBytes:u8Xfering <- $r7
	@DEBUG_VALUE: I2C_ReadMultiBytes:u8SlaveAddr <- [DW_OP_LLVM_entry_value 1] $r1
	@DEBUG_VALUE: I2C_ReadMultiBytes:u32rLen <- [DW_OP_LLVM_entry_value 1] $r3
	@DEBUG_VALUE: I2C_ReadMultiBytes:i2c <- $r0
	@DEBUG_VALUE: I2C_ReadMultiBytes:u32TimeOutCount <- [DW_OP_constu 3, DW_OP_minus, DW_OP_stack_value] $r1
	.loc	2 1228 13 is_stmt 1             @ ../../../../Library/StdDriver/src/i2c.c:1228:13
	cmp	r1, #3
	beq	.LBB37_31
.Ltmp377:
@ %bb.29:                               @   in Loop: Header=BB37_23 Depth=1
	@DEBUG_VALUE: I2C_ReadMultiBytes:u8Err <- $r3
	@DEBUG_VALUE: I2C_ReadMultiBytes:u32TimeOutCount <- [DW_OP_constu 3, DW_OP_minus, DW_OP_stack_value] $r1
	@DEBUG_VALUE: I2C_ReadMultiBytes:u32rxLen <- $r12
	@DEBUG_VALUE: I2C_ReadMultiBytes:u8Xfering <- $r7
	@DEBUG_VALUE: I2C_ReadMultiBytes:u8SlaveAddr <- [DW_OP_LLVM_entry_value 1] $r1
	@DEBUG_VALUE: I2C_ReadMultiBytes:u32rLen <- [DW_OP_LLVM_entry_value 1] $r3
	@DEBUG_VALUE: I2C_ReadMultiBytes:i2c <- $r0
	@DEBUG_VALUE: I2C_ReadMultiBytes:u32TimeOutCount <- [DW_OP_constu 3, DW_OP_minus, DW_OP_stack_value] $r1
	.loc	2 1224 19                       @ ../../../../Library/StdDriver/src/i2c.c:1224:19
	ldr	r2, [r0]
	.loc	2 1224 5 is_stmt 0              @ ../../../../Library/StdDriver/src/i2c.c:1224:5
	lsls	r2, r2, #27
	bpl	.LBB37_32
.Ltmp378:
@ %bb.30:                               @   in Loop: Header=BB37_23 Depth=1
	@DEBUG_VALUE: I2C_ReadMultiBytes:u8Err <- $r3
	@DEBUG_VALUE: I2C_ReadMultiBytes:u32TimeOutCount <- [DW_OP_constu 3, DW_OP_minus, DW_OP_stack_value] $r1
	@DEBUG_VALUE: I2C_ReadMultiBytes:u32rxLen <- $r12
	@DEBUG_VALUE: I2C_ReadMultiBytes:u8Xfering <- $r7
	@DEBUG_VALUE: I2C_ReadMultiBytes:u8SlaveAddr <- [DW_OP_LLVM_entry_value 1] $r1
	@DEBUG_VALUE: I2C_ReadMultiBytes:u32rLen <- [DW_OP_LLVM_entry_value 1] $r3
	@DEBUG_VALUE: I2C_ReadMultiBytes:i2c <- $r0
	.loc	2 1226 24 is_stmt 1             @ ../../../../Library/StdDriver/src/i2c.c:1226:24
	subs	r1, #4
.Ltmp379:
	@DEBUG_VALUE: I2C_ReadMultiBytes:u32TimeOutCount <- $r1
	.loc	2 1228 13                       @ ../../../../Library/StdDriver/src/i2c.c:1228:13
	bne	.LBB37_23
.Ltmp380:
.LBB37_31:
	@DEBUG_VALUE: I2C_ReadMultiBytes:u8Err <- $r3
	@DEBUG_VALUE: I2C_ReadMultiBytes:u32rxLen <- $r12
	@DEBUG_VALUE: I2C_ReadMultiBytes:u8Xfering <- $r7
	@DEBUG_VALUE: I2C_ReadMultiBytes:u8SlaveAddr <- [DW_OP_LLVM_entry_value 1] $r1
	@DEBUG_VALUE: I2C_ReadMultiBytes:u32rLen <- [DW_OP_LLVM_entry_value 1] $r3
	@DEBUG_VALUE: I2C_ReadMultiBytes:i2c <- $r0
	.loc	2 0 13 is_stmt 0                @ ../../../../Library/StdDriver/src/i2c.c:0:13
	mvn	r0, #1
.Ltmp381:
	@DEBUG_VALUE: I2C_ReadMultiBytes:i2c <- [DW_OP_LLVM_entry_value 1] $r0
	@DEBUG_VALUE: I2C_ReadMultiBytes:i2c <- [DW_OP_LLVM_entry_value 1] $r0
	.loc	2 1230 30 is_stmt 1             @ ../../../../Library/StdDriver/src/i2c.c:1230:30
	str.w	r0, [lr]
.Ltmp382:
	@DEBUG_VALUE: I2C_ReadMultiBytes:u8Err <- 1
.LBB37_32:
	@DEBUG_VALUE: I2C_ReadMultiBytes:u32rxLen <- $r12
	@DEBUG_VALUE: I2C_ReadMultiBytes:u8Xfering <- $r7
	@DEBUG_VALUE: I2C_ReadMultiBytes:u8SlaveAddr <- [DW_OP_LLVM_entry_value 1] $r1
	@DEBUG_VALUE: I2C_ReadMultiBytes:u32rLen <- [DW_OP_LLVM_entry_value 1] $r3
	.loc	2 1236 5                        @ ../../../../Library/StdDriver/src/i2c.c:1236:5
	mov	r0, r12
	.loc	2 1236 5 epilogue_begin is_stmt 0 @ ../../../../Library/StdDriver/src/i2c.c:1236:5
	add	sp, #4
	pop.w	{r4, r5, r6, r7, r8, r9, r10, r11, pc}
.Ltmp383:
.Lfunc_end37:
	.size	I2C_ReadMultiBytes, .Lfunc_end37-I2C_ReadMultiBytes
	.cfi_endproc
	.cantunwind
	.fnend
                                        @ -- End function
	.section	.text.I2C_ReadByteOneReg,"ax",%progbits
	.hidden	I2C_ReadByteOneReg              @ -- Begin function I2C_ReadByteOneReg
	.globl	I2C_ReadByteOneReg
	.p2align	2
	.type	I2C_ReadByteOneReg,%function
	.code	16                              @ @I2C_ReadByteOneReg
	.thumb_func
I2C_ReadByteOneReg:
.Lfunc_begin38:
	.loc	2 1255 0 is_stmt 1              @ ../../../../Library/StdDriver/src/i2c.c:1255:0
	.fnstart
	.cfi_startproc
@ %bb.0:
	@DEBUG_VALUE: I2C_ReadByteOneReg:i2c <- $r0
	@DEBUG_VALUE: I2C_ReadByteOneReg:u8SlaveAddr <- $r1
	@DEBUG_VALUE: I2C_ReadByteOneReg:u8DataAddr <- $r2
	.save	{r7, lr}
	push	{r7, lr}
	.cfi_def_cfa_offset 8
	.cfi_offset lr, -4
	.cfi_offset r7, -8
	.pad	#8
	sub	sp, #8
	.cfi_def_cfa_offset 16
	mov.w	r12, #1
	add.w	r3, sp, #7
.Ltmp384:
	.loc	2 1258 25 prologue_end          @ ../../../../Library/StdDriver/src/i2c.c:1258:25
	str.w	r12, [sp]
	bl	I2C_ReadMultiBytesOneReg
.Ltmp385:
	@DEBUG_VALUE: I2C_ReadByteOneReg:u8DataAddr <- [DW_OP_LLVM_entry_value 1] $r2
	@DEBUG_VALUE: I2C_ReadByteOneReg:u8SlaveAddr <- [DW_OP_LLVM_entry_value 1] $r1
	@DEBUG_VALUE: I2C_ReadByteOneReg:i2c <- [DW_OP_LLVM_entry_value 1] $r0
	@DEBUG_VALUE: I2C_ReadByteOneReg:u32rxLen <- $r0
	.loc	2 1260 9                        @ ../../../../Library/StdDriver/src/i2c.c:1260:9
	ldrb.w	r1, [sp, #7]
	cmp	r0, #1
	it	ne
	movne	r1, #0
	.loc	2 1268 1                        @ ../../../../Library/StdDriver/src/i2c.c:1268:1
	uxtb	r0, r1
.Ltmp386:
	.loc	2 1268 1 epilogue_begin is_stmt 0 @ ../../../../Library/StdDriver/src/i2c.c:1268:1
	add	sp, #8
	pop	{r7, pc}
.Ltmp387:
.Lfunc_end38:
	.size	I2C_ReadByteOneReg, .Lfunc_end38-I2C_ReadByteOneReg
	.cfi_endproc
	.cantunwind
	.fnend
                                        @ -- End function
	.section	.text.I2C_ReadMultiBytesOneReg,"ax",%progbits
	.hidden	I2C_ReadMultiBytesOneReg        @ -- Begin function I2C_ReadMultiBytesOneReg
	.globl	I2C_ReadMultiBytesOneReg
	.p2align	2
	.type	I2C_ReadMultiBytesOneReg,%function
	.code	16                              @ @I2C_ReadMultiBytesOneReg
	.thumb_func
I2C_ReadMultiBytesOneReg:
.Lfunc_begin39:
	.loc	2 1287 0 is_stmt 1              @ ../../../../Library/StdDriver/src/i2c.c:1287:0
	.fnstart
	.cfi_startproc
@ %bb.0:
	@DEBUG_VALUE: I2C_ReadMultiBytesOneReg:i2c <- $r0
	@DEBUG_VALUE: I2C_ReadMultiBytesOneReg:u8SlaveAddr <- $r1
	@DEBUG_VALUE: I2C_ReadMultiBytesOneReg:u8DataAddr <- $r2
	@DEBUG_VALUE: I2C_ReadMultiBytesOneReg:rdata <- $r3
	.save	{r4, r5, r6, r7, r8, r9, r10, r11, lr}
	push.w	{r4, r5, r6, r7, r8, r9, r10, r11, lr}
	.cfi_def_cfa_offset 36
	.cfi_offset lr, -4
	.cfi_offset r11, -8
	.cfi_offset r10, -12
	.cfi_offset r9, -16
	.cfi_offset r8, -20
	.cfi_offset r7, -24
	.cfi_offset r6, -28
	.cfi_offset r5, -32
	.cfi_offset r4, -36
	.pad	#20
	sub	sp, #20
	.cfi_def_cfa_offset 56
.Ltmp388:
	@DEBUG_VALUE: I2C_ReadMultiBytesOneReg:u32rLen <- [DW_OP_plus_uconst 56] [$sp+0]
	.loc	2 1291 22 prologue_end          @ ../../../../Library/StdDriver/src/i2c.c:1291:22
	movw	lr, :lower16:g_I2C_i32ErrCode
	mov.w	r12, #0
	movt	lr, :upper16:g_I2C_i32ErrCode
	movw	r7, :lower16:SystemCoreClock
	str	r2, [sp, #16]                   @ 4-byte Spill
.Ltmp389:
	@DEBUG_VALUE: I2C_ReadMultiBytesOneReg:u8DataAddr <- [DW_OP_plus_uconst 16] [$sp+0]
	@DEBUG_VALUE: I2C_ReadMultiBytesOneReg:u8DataAddr <- [DW_OP_plus_uconst 16] [$sp+0]
	.loc	2 0 22 is_stmt 0                @ ../../../../Library/StdDriver/src/i2c.c:0:22
	movs	r5, #1
	.loc	2 1291 22                       @ ../../../../Library/StdDriver/src/i2c.c:1291:22
	str.w	r12, [lr]
	mov.w	r8, #0
	.loc	2 1293 5 is_stmt 1              @ ../../../../Library/StdDriver/src/i2c.c:1293:5
	ldr	r2, [r0]
	ldr	r4, [sp, #56]
.Ltmp390:
	@DEBUG_VALUE: I2C_ReadMultiBytesOneReg:u32TimeOutCount <- 0
	@DEBUG_VALUE: I2C_ReadMultiBytesOneReg:u32rxLen <- 0
	@DEBUG_VALUE: I2C_ReadMultiBytesOneReg:u8Ctrl <- 0
	@DEBUG_VALUE: I2C_ReadMultiBytesOneReg:u8Err <- 0
	@DEBUG_VALUE: I2C_ReadMultiBytesOneReg:u8Xfering <- 1
	orr	r2, r2, #32
	bic	r2, r2, #8
	str	r2, [r0]
	subs	r2, r4, #1
	str	r2, [sp, #12]                   @ 4-byte Spill
	lsl.w	r2, r1, #1
	mov.w	r1, #12
.Ltmp391:
	@DEBUG_VALUE: I2C_ReadMultiBytesOneReg:u8SlaveAddr <- [DW_OP_LLVM_entry_value 1] $r1
	.loc	2 0 5 is_stmt 0                 @ ../../../../Library/StdDriver/src/i2c.c:0:5
	add.w	r4, r2, #1
	it	eq
	moveq	r1, #8
	str	r1, [sp, #8]                    @ 4-byte Spill
	uxtb	r1, r4
	str	r1, [sp, #4]                    @ 4-byte Spill
	uxtb	r1, r2
	movt	r7, :upper16:SystemCoreClock
	mvn	r4, #1
	str	r1, [sp]                        @ 4-byte Spill
.Ltmp392:
	.p2align	2
.LBB39_1:                               @ =>This Loop Header: Depth=1
                                        @     Child Loop BB39_2 Depth 2
	@DEBUG_VALUE: I2C_ReadMultiBytesOneReg:u8SlaveAddr <- [DW_OP_LLVM_entry_value 1] $r1
	@DEBUG_VALUE: I2C_ReadMultiBytesOneReg:u8DataAddr <- [DW_OP_plus_uconst 16] [$sp+0]
	@DEBUG_VALUE: I2C_ReadMultiBytesOneReg:u32rLen <- [DW_OP_plus_uconst 56] [$sp+0]
	@DEBUG_VALUE: I2C_ReadMultiBytesOneReg:rdata <- $r3
	@DEBUG_VALUE: I2C_ReadMultiBytesOneReg:i2c <- $r0
	@DEBUG_VALUE: I2C_ReadMultiBytesOneReg:u8Xfering <- $r5
	@DEBUG_VALUE: I2C_ReadMultiBytesOneReg:u8Err <- 0
	@DEBUG_VALUE: I2C_ReadMultiBytesOneReg:u8Ctrl <- $r8
	@DEBUG_VALUE: I2C_ReadMultiBytesOneReg:u32rxLen <- $r12
	.loc	2 1297 27 is_stmt 1             @ ../../../../Library/StdDriver/src/i2c.c:1297:27
	ldr	r2, [r7]
.Ltmp393:
	@DEBUG_VALUE: I2C_ReadMultiBytesOneReg:u32TimeOutCount <- $r2
.LBB39_2:                               @   Parent Loop BB39_1 Depth=1
                                        @ =>  This Inner Loop Header: Depth=2
	@DEBUG_VALUE: I2C_ReadMultiBytesOneReg:u32TimeOutCount <- $r2
	@DEBUG_VALUE: I2C_ReadMultiBytesOneReg:u32rxLen <- $r12
	@DEBUG_VALUE: I2C_ReadMultiBytesOneReg:u8Ctrl <- $r8
	@DEBUG_VALUE: I2C_ReadMultiBytesOneReg:u8Xfering <- $r5
	@DEBUG_VALUE: I2C_ReadMultiBytesOneReg:u8SlaveAddr <- [DW_OP_LLVM_entry_value 1] $r1
	@DEBUG_VALUE: I2C_ReadMultiBytesOneReg:u8Err <- 0
	@DEBUG_VALUE: I2C_ReadMultiBytesOneReg:u8DataAddr <- [DW_OP_plus_uconst 16] [$sp+0]
	@DEBUG_VALUE: I2C_ReadMultiBytesOneReg:u32rLen <- [DW_OP_plus_uconst 56] [$sp+0]
	@DEBUG_VALUE: I2C_ReadMultiBytesOneReg:rdata <- $r3
	@DEBUG_VALUE: I2C_ReadMultiBytesOneReg:i2c <- $r0
	@DEBUG_VALUE: I2C_ReadMultiBytesOneReg:u32TimeOutCount <- $r2
	.loc	2 1298 9                        @ ../../../../Library/StdDriver/src/i2c.c:1298:9
	ldr	r6, [r0]
	lsls	r6, r6, #28
	bmi	.LBB39_11
.Ltmp394:
@ %bb.3:                                @   in Loop: Header=BB39_2 Depth=2
	@DEBUG_VALUE: I2C_ReadMultiBytesOneReg:u32TimeOutCount <- $r2
	@DEBUG_VALUE: I2C_ReadMultiBytesOneReg:u32rxLen <- $r12
	@DEBUG_VALUE: I2C_ReadMultiBytesOneReg:u8Ctrl <- $r8
	@DEBUG_VALUE: I2C_ReadMultiBytesOneReg:u8Xfering <- $r5
	@DEBUG_VALUE: I2C_ReadMultiBytesOneReg:u8SlaveAddr <- [DW_OP_LLVM_entry_value 1] $r1
	@DEBUG_VALUE: I2C_ReadMultiBytesOneReg:u8Err <- 0
	@DEBUG_VALUE: I2C_ReadMultiBytesOneReg:u8DataAddr <- [DW_OP_plus_uconst 16] [$sp+0]
	@DEBUG_VALUE: I2C_ReadMultiBytesOneReg:u32rLen <- [DW_OP_plus_uconst 56] [$sp+0]
	@DEBUG_VALUE: I2C_ReadMultiBytesOneReg:rdata <- $r3
	@DEBUG_VALUE: I2C_ReadMultiBytesOneReg:i2c <- $r0
	@DEBUG_VALUE: I2C_ReadMultiBytesOneReg:u32TimeOutCount <- [DW_OP_constu 1, DW_OP_minus, DW_OP_stack_value] $r2
	.loc	2 1300 17                       @ ../../../../Library/StdDriver/src/i2c.c:1300:17
	cmp	r2, #1
	beq	.LBB39_10
.Ltmp395:
@ %bb.4:                                @   in Loop: Header=BB39_2 Depth=2
	@DEBUG_VALUE: I2C_ReadMultiBytesOneReg:u32TimeOutCount <- [DW_OP_constu 1, DW_OP_minus, DW_OP_stack_value] $r2
	@DEBUG_VALUE: I2C_ReadMultiBytesOneReg:u32rxLen <- $r12
	@DEBUG_VALUE: I2C_ReadMultiBytesOneReg:u8Ctrl <- $r8
	@DEBUG_VALUE: I2C_ReadMultiBytesOneReg:u8Xfering <- $r5
	@DEBUG_VALUE: I2C_ReadMultiBytesOneReg:u8SlaveAddr <- [DW_OP_LLVM_entry_value 1] $r1
	@DEBUG_VALUE: I2C_ReadMultiBytesOneReg:u8Err <- 0
	@DEBUG_VALUE: I2C_ReadMultiBytesOneReg:u8DataAddr <- [DW_OP_plus_uconst 16] [$sp+0]
	@DEBUG_VALUE: I2C_ReadMultiBytesOneReg:u32rLen <- [DW_OP_plus_uconst 56] [$sp+0]
	@DEBUG_VALUE: I2C_ReadMultiBytesOneReg:rdata <- $r3
	@DEBUG_VALUE: I2C_ReadMultiBytesOneReg:i2c <- $r0
	@DEBUG_VALUE: I2C_ReadMultiBytesOneReg:u32TimeOutCount <- [DW_OP_constu 1, DW_OP_minus, DW_OP_stack_value] $r2
	.loc	2 1298 9                        @ ../../../../Library/StdDriver/src/i2c.c:1298:9
	ldr	r6, [r0]
	lsls	r6, r6, #28
	bmi	.LBB39_11
.Ltmp396:
@ %bb.5:                                @   in Loop: Header=BB39_2 Depth=2
	@DEBUG_VALUE: I2C_ReadMultiBytesOneReg:u32TimeOutCount <- [DW_OP_constu 1, DW_OP_minus, DW_OP_stack_value] $r2
	@DEBUG_VALUE: I2C_ReadMultiBytesOneReg:u32rxLen <- $r12
	@DEBUG_VALUE: I2C_ReadMultiBytesOneReg:u8Ctrl <- $r8
	@DEBUG_VALUE: I2C_ReadMultiBytesOneReg:u8Xfering <- $r5
	@DEBUG_VALUE: I2C_ReadMultiBytesOneReg:u8SlaveAddr <- [DW_OP_LLVM_entry_value 1] $r1
	@DEBUG_VALUE: I2C_ReadMultiBytesOneReg:u8Err <- 0
	@DEBUG_VALUE: I2C_ReadMultiBytesOneReg:u8DataAddr <- [DW_OP_plus_uconst 16] [$sp+0]
	@DEBUG_VALUE: I2C_ReadMultiBytesOneReg:u32rLen <- [DW_OP_plus_uconst 56] [$sp+0]
	@DEBUG_VALUE: I2C_ReadMultiBytesOneReg:rdata <- $r3
	@DEBUG_VALUE: I2C_ReadMultiBytesOneReg:i2c <- $r0
	@DEBUG_VALUE: I2C_ReadMultiBytesOneReg:u32TimeOutCount <- [DW_OP_constu 2, DW_OP_minus, DW_OP_stack_value] $r2
	.loc	2 1300 17                       @ ../../../../Library/StdDriver/src/i2c.c:1300:17
	cmp	r2, #2
	beq	.LBB39_10
.Ltmp397:
@ %bb.6:                                @   in Loop: Header=BB39_2 Depth=2
	@DEBUG_VALUE: I2C_ReadMultiBytesOneReg:u32TimeOutCount <- [DW_OP_constu 2, DW_OP_minus, DW_OP_stack_value] $r2
	@DEBUG_VALUE: I2C_ReadMultiBytesOneReg:u32rxLen <- $r12
	@DEBUG_VALUE: I2C_ReadMultiBytesOneReg:u8Ctrl <- $r8
	@DEBUG_VALUE: I2C_ReadMultiBytesOneReg:u8Xfering <- $r5
	@DEBUG_VALUE: I2C_ReadMultiBytesOneReg:u8SlaveAddr <- [DW_OP_LLVM_entry_value 1] $r1
	@DEBUG_VALUE: I2C_ReadMultiBytesOneReg:u8Err <- 0
	@DEBUG_VALUE: I2C_ReadMultiBytesOneReg:u8DataAddr <- [DW_OP_plus_uconst 16] [$sp+0]
	@DEBUG_VALUE: I2C_ReadMultiBytesOneReg:u32rLen <- [DW_OP_plus_uconst 56] [$sp+0]
	@DEBUG_VALUE: I2C_ReadMultiBytesOneReg:rdata <- $r3
	@DEBUG_VALUE: I2C_ReadMultiBytesOneReg:i2c <- $r0
	@DEBUG_VALUE: I2C_ReadMultiBytesOneReg:u32TimeOutCount <- [DW_OP_constu 2, DW_OP_minus, DW_OP_stack_value] $r2
	.loc	2 1298 9                        @ ../../../../Library/StdDriver/src/i2c.c:1298:9
	ldr	r6, [r0]
	lsls	r6, r6, #28
	bmi	.LBB39_11
.Ltmp398:
@ %bb.7:                                @   in Loop: Header=BB39_2 Depth=2
	@DEBUG_VALUE: I2C_ReadMultiBytesOneReg:u32TimeOutCount <- [DW_OP_constu 2, DW_OP_minus, DW_OP_stack_value] $r2
	@DEBUG_VALUE: I2C_ReadMultiBytesOneReg:u32rxLen <- $r12
	@DEBUG_VALUE: I2C_ReadMultiBytesOneReg:u8Ctrl <- $r8
	@DEBUG_VALUE: I2C_ReadMultiBytesOneReg:u8Xfering <- $r5
	@DEBUG_VALUE: I2C_ReadMultiBytesOneReg:u8SlaveAddr <- [DW_OP_LLVM_entry_value 1] $r1
	@DEBUG_VALUE: I2C_ReadMultiBytesOneReg:u8Err <- 0
	@DEBUG_VALUE: I2C_ReadMultiBytesOneReg:u8DataAddr <- [DW_OP_plus_uconst 16] [$sp+0]
	@DEBUG_VALUE: I2C_ReadMultiBytesOneReg:u32rLen <- [DW_OP_plus_uconst 56] [$sp+0]
	@DEBUG_VALUE: I2C_ReadMultiBytesOneReg:rdata <- $r3
	@DEBUG_VALUE: I2C_ReadMultiBytesOneReg:i2c <- $r0
	@DEBUG_VALUE: I2C_ReadMultiBytesOneReg:u32TimeOutCount <- [DW_OP_constu 3, DW_OP_minus, DW_OP_stack_value] $r2
	.loc	2 1300 17                       @ ../../../../Library/StdDriver/src/i2c.c:1300:17
	cmp	r2, #3
	beq	.LBB39_10
.Ltmp399:
@ %bb.8:                                @   in Loop: Header=BB39_2 Depth=2
	@DEBUG_VALUE: I2C_ReadMultiBytesOneReg:u32TimeOutCount <- [DW_OP_constu 3, DW_OP_minus, DW_OP_stack_value] $r2
	@DEBUG_VALUE: I2C_ReadMultiBytesOneReg:u32rxLen <- $r12
	@DEBUG_VALUE: I2C_ReadMultiBytesOneReg:u8Ctrl <- $r8
	@DEBUG_VALUE: I2C_ReadMultiBytesOneReg:u8Xfering <- $r5
	@DEBUG_VALUE: I2C_ReadMultiBytesOneReg:u8SlaveAddr <- [DW_OP_LLVM_entry_value 1] $r1
	@DEBUG_VALUE: I2C_ReadMultiBytesOneReg:u8Err <- 0
	@DEBUG_VALUE: I2C_ReadMultiBytesOneReg:u8DataAddr <- [DW_OP_plus_uconst 16] [$sp+0]
	@DEBUG_VALUE: I2C_ReadMultiBytesOneReg:u32rLen <- [DW_OP_plus_uconst 56] [$sp+0]
	@DEBUG_VALUE: I2C_ReadMultiBytesOneReg:rdata <- $r3
	@DEBUG_VALUE: I2C_ReadMultiBytesOneReg:i2c <- $r0
	@DEBUG_VALUE: I2C_ReadMultiBytesOneReg:u32TimeOutCount <- [DW_OP_constu 3, DW_OP_minus, DW_OP_stack_value] $r2
	.loc	2 1298 9                        @ ../../../../Library/StdDriver/src/i2c.c:1298:9
	ldr	r6, [r0]
	lsls	r6, r6, #28
	bmi	.LBB39_11
.Ltmp400:
@ %bb.9:                                @   in Loop: Header=BB39_2 Depth=2
	@DEBUG_VALUE: I2C_ReadMultiBytesOneReg:u32TimeOutCount <- [DW_OP_constu 3, DW_OP_minus, DW_OP_stack_value] $r2
	@DEBUG_VALUE: I2C_ReadMultiBytesOneReg:u32rxLen <- $r12
	@DEBUG_VALUE: I2C_ReadMultiBytesOneReg:u8Ctrl <- $r8
	@DEBUG_VALUE: I2C_ReadMultiBytesOneReg:u8Xfering <- $r5
	@DEBUG_VALUE: I2C_ReadMultiBytesOneReg:u8SlaveAddr <- [DW_OP_LLVM_entry_value 1] $r1
	@DEBUG_VALUE: I2C_ReadMultiBytesOneReg:u8Err <- 0
	@DEBUG_VALUE: I2C_ReadMultiBytesOneReg:u8DataAddr <- [DW_OP_plus_uconst 16] [$sp+0]
	@DEBUG_VALUE: I2C_ReadMultiBytesOneReg:u32rLen <- [DW_OP_plus_uconst 56] [$sp+0]
	@DEBUG_VALUE: I2C_ReadMultiBytesOneReg:rdata <- $r3
	@DEBUG_VALUE: I2C_ReadMultiBytesOneReg:i2c <- $r0
	.loc	2 1300 17                       @ ../../../../Library/StdDriver/src/i2c.c:1300:17
	subs	r2, #4
.Ltmp401:
	@DEBUG_VALUE: I2C_ReadMultiBytesOneReg:u32TimeOutCount <- $r2
	.loc	2 1300 17 is_stmt 0             @ ../../../../Library/StdDriver/src/i2c.c:1300:17
	bne	.LBB39_2
.Ltmp402:
.LBB39_10:                              @   in Loop: Header=BB39_1 Depth=1
	@DEBUG_VALUE: I2C_ReadMultiBytesOneReg:u32rxLen <- $r12
	@DEBUG_VALUE: I2C_ReadMultiBytesOneReg:u8Ctrl <- $r8
	@DEBUG_VALUE: I2C_ReadMultiBytesOneReg:u8Xfering <- $r5
	@DEBUG_VALUE: I2C_ReadMultiBytesOneReg:u8SlaveAddr <- [DW_OP_LLVM_entry_value 1] $r1
	@DEBUG_VALUE: I2C_ReadMultiBytesOneReg:u8Err <- 0
	@DEBUG_VALUE: I2C_ReadMultiBytesOneReg:u8DataAddr <- [DW_OP_plus_uconst 16] [$sp+0]
	@DEBUG_VALUE: I2C_ReadMultiBytesOneReg:u32rLen <- [DW_OP_plus_uconst 56] [$sp+0]
	@DEBUG_VALUE: I2C_ReadMultiBytesOneReg:rdata <- $r3
	@DEBUG_VALUE: I2C_ReadMultiBytesOneReg:i2c <- $r0
	.loc	2 0 17                          @ ../../../../Library/StdDriver/src/i2c.c:0:17
	movs	r2, #1
.Ltmp403:
	@DEBUG_VALUE: I2C_ReadMultiBytesOneReg:u8Err <- 1
	.loc	2 1302 34 is_stmt 1             @ ../../../../Library/StdDriver/src/i2c.c:1302:34
	str.w	r4, [lr]
	b	.LBB39_12
.Ltmp404:
	.loc	2 0 34 is_stmt 0                @ :0:34
.Ltmp405:
	.p2align	2
.LBB39_11:                              @   in Loop: Header=BB39_1 Depth=1
	@DEBUG_VALUE: I2C_ReadMultiBytesOneReg:u32rxLen <- $r12
	@DEBUG_VALUE: I2C_ReadMultiBytesOneReg:u8Ctrl <- $r8
	@DEBUG_VALUE: I2C_ReadMultiBytesOneReg:u8Xfering <- $r5
	@DEBUG_VALUE: I2C_ReadMultiBytesOneReg:u8SlaveAddr <- [DW_OP_LLVM_entry_value 1] $r1
	@DEBUG_VALUE: I2C_ReadMultiBytesOneReg:u8Err <- 0
	@DEBUG_VALUE: I2C_ReadMultiBytesOneReg:u8DataAddr <- [DW_OP_plus_uconst 16] [$sp+0]
	@DEBUG_VALUE: I2C_ReadMultiBytesOneReg:u32rLen <- [DW_OP_plus_uconst 56] [$sp+0]
	@DEBUG_VALUE: I2C_ReadMultiBytesOneReg:rdata <- $r3
	@DEBUG_VALUE: I2C_ReadMultiBytesOneReg:i2c <- $r0
	movs	r2, #0
.Ltmp406:
.LBB39_12:                              @   in Loop: Header=BB39_1 Depth=1
	@DEBUG_VALUE: I2C_ReadMultiBytesOneReg:u32rxLen <- $r12
	@DEBUG_VALUE: I2C_ReadMultiBytesOneReg:u8Ctrl <- $r8
	@DEBUG_VALUE: I2C_ReadMultiBytesOneReg:u8Xfering <- $r5
	@DEBUG_VALUE: I2C_ReadMultiBytesOneReg:u8SlaveAddr <- [DW_OP_LLVM_entry_value 1] $r1
	@DEBUG_VALUE: I2C_ReadMultiBytesOneReg:u8DataAddr <- [DW_OP_plus_uconst 16] [$sp+0]
	@DEBUG_VALUE: I2C_ReadMultiBytesOneReg:u32rLen <- [DW_OP_plus_uconst 56] [$sp+0]
	@DEBUG_VALUE: I2C_ReadMultiBytesOneReg:rdata <- $r3
	@DEBUG_VALUE: I2C_ReadMultiBytesOneReg:i2c <- $r0
	@DEBUG_VALUE: I2C_ReadMultiBytesOneReg:u8Err <- $r2
	.loc	2 1308 17 is_stmt 1             @ ../../../../Library/StdDriver/src/i2c.c:1308:17
	ldr	r6, [r0, #12]
	.loc	2 1308 9 is_stmt 0              @ ../../../../Library/StdDriver/src/i2c.c:1308:9
	subs	r6, #8
	ror.w	r10, r6, #3
	cmp.w	r10, #10
	bhi	.LBB39_20
.Ltmp407:
@ %bb.13:                               @   in Loop: Header=BB39_1 Depth=1
	@DEBUG_VALUE: I2C_ReadMultiBytesOneReg:u8Err <- $r2
	@DEBUG_VALUE: I2C_ReadMultiBytesOneReg:u32rxLen <- $r12
	@DEBUG_VALUE: I2C_ReadMultiBytesOneReg:u8Ctrl <- $r8
	@DEBUG_VALUE: I2C_ReadMultiBytesOneReg:u8Xfering <- $r5
	@DEBUG_VALUE: I2C_ReadMultiBytesOneReg:u8SlaveAddr <- [DW_OP_LLVM_entry_value 1] $r1
	@DEBUG_VALUE: I2C_ReadMultiBytesOneReg:u8DataAddr <- [DW_OP_plus_uconst 16] [$sp+0]
	@DEBUG_VALUE: I2C_ReadMultiBytesOneReg:u32rLen <- [DW_OP_plus_uconst 56] [$sp+0]
	@DEBUG_VALUE: I2C_ReadMultiBytesOneReg:rdata <- $r3
	@DEBUG_VALUE: I2C_ReadMultiBytesOneReg:i2c <- $r0
	.loc	2 0 9                           @ ../../../../Library/StdDriver/src/i2c.c:0:9
	mov.w	r9, #1
	movs	r6, #24
	.loc	2 1308 9                        @ ../../../../Library/StdDriver/src/i2c.c:1308:9
.LCPI39_0:
	tbb	[pc, r10]
.Ltmp408:
@ %bb.14:
	.loc	2 0 9                           @ ../../../../Library/StdDriver/src/i2c.c:0:9
.LJTI39_0:
	.byte	(.LBB39_15-(.LCPI39_0+4))/2
	.byte	(.LBB39_18-(.LCPI39_0+4))/2
	.byte	(.LBB39_23-(.LCPI39_0+4))/2
	.byte	(.LBB39_24-(.LCPI39_0+4))/2
	.byte	(.LBB39_16-(.LCPI39_0+4))/2
	.byte	(.LBB39_24-(.LCPI39_0+4))/2
	.byte	(.LBB39_20-(.LCPI39_0+4))/2
	.byte	(.LBB39_17-(.LCPI39_0+4))/2
	.byte	(.LBB39_24-(.LCPI39_0+4))/2
	.byte	(.LBB39_22-(.LCPI39_0+4))/2
	.byte	(.LBB39_21-(.LCPI39_0+4))/2
	.p2align	1
.LBB39_15:                              @   in Loop: Header=BB39_1 Depth=1
.Ltmp409:
	@DEBUG_VALUE: I2C_ReadMultiBytesOneReg:u8Err <- $r2
	@DEBUG_VALUE: I2C_ReadMultiBytesOneReg:u32rxLen <- $r12
	@DEBUG_VALUE: I2C_ReadMultiBytesOneReg:u8Ctrl <- $r8
	@DEBUG_VALUE: I2C_ReadMultiBytesOneReg:u8Xfering <- $r5
	@DEBUG_VALUE: I2C_ReadMultiBytesOneReg:u8SlaveAddr <- [DW_OP_LLVM_entry_value 1] $r1
	@DEBUG_VALUE: I2C_ReadMultiBytesOneReg:u8DataAddr <- [DW_OP_plus_uconst 16] [$sp+0]
	@DEBUG_VALUE: I2C_ReadMultiBytesOneReg:u32rLen <- [DW_OP_plus_uconst 56] [$sp+0]
	@DEBUG_VALUE: I2C_ReadMultiBytesOneReg:rdata <- $r3
	@DEBUG_VALUE: I2C_ReadMultiBytesOneReg:i2c <- $r0
	.loc	2 1311 17 is_stmt 1             @ ../../../../Library/StdDriver/src/i2c.c:1311:17
	ldr	r1, [sp]                        @ 4-byte Reload
	b	.LBB39_19
.Ltmp410:
.LBB39_16:                              @   in Loop: Header=BB39_1 Depth=1
	@DEBUG_VALUE: I2C_ReadMultiBytesOneReg:u8Err <- $r2
	@DEBUG_VALUE: I2C_ReadMultiBytesOneReg:u32rxLen <- $r12
	@DEBUG_VALUE: I2C_ReadMultiBytesOneReg:u8Ctrl <- $r8
	@DEBUG_VALUE: I2C_ReadMultiBytesOneReg:u8Xfering <- $r5
	@DEBUG_VALUE: I2C_ReadMultiBytesOneReg:u8SlaveAddr <- [DW_OP_LLVM_entry_value 1] $r1
	@DEBUG_VALUE: I2C_ReadMultiBytesOneReg:u8DataAddr <- [DW_OP_plus_uconst 16] [$sp+0]
	@DEBUG_VALUE: I2C_ReadMultiBytesOneReg:u32rLen <- [DW_OP_plus_uconst 56] [$sp+0]
	@DEBUG_VALUE: I2C_ReadMultiBytesOneReg:rdata <- $r3
	@DEBUG_VALUE: I2C_ReadMultiBytesOneReg:i2c <- $r0
	.loc	2 0 17 is_stmt 0                @ ../../../../Library/StdDriver/src/i2c.c:0:17
	movs	r6, #40
.Ltmp411:
	@DEBUG_VALUE: I2C_ReadMultiBytesOneReg:u8Ctrl <- 40
	mov	r9, r2
.Ltmp412:
	@DEBUG_VALUE: I2C_ReadMultiBytesOneReg:u8Err <- $r9
	b	.LBB39_24
.Ltmp413:
.LBB39_17:                              @   in Loop: Header=BB39_1 Depth=1
	@DEBUG_VALUE: I2C_ReadMultiBytesOneReg:u8Err <- $r2
	@DEBUG_VALUE: I2C_ReadMultiBytesOneReg:u32rxLen <- $r12
	@DEBUG_VALUE: I2C_ReadMultiBytesOneReg:u8Ctrl <- $r8
	@DEBUG_VALUE: I2C_ReadMultiBytesOneReg:u8Xfering <- $r5
	@DEBUG_VALUE: I2C_ReadMultiBytesOneReg:u8SlaveAddr <- [DW_OP_LLVM_entry_value 1] $r1
	@DEBUG_VALUE: I2C_ReadMultiBytesOneReg:u8DataAddr <- [DW_OP_plus_uconst 16] [$sp+0]
	@DEBUG_VALUE: I2C_ReadMultiBytesOneReg:u32rLen <- [DW_OP_plus_uconst 56] [$sp+0]
	@DEBUG_VALUE: I2C_ReadMultiBytesOneReg:rdata <- $r3
	@DEBUG_VALUE: I2C_ReadMultiBytesOneReg:i2c <- $r0
	ldr	r6, [sp, #8]                    @ 4-byte Reload
	mov	r9, r2
.Ltmp414:
	@DEBUG_VALUE: I2C_ReadMultiBytesOneReg:u8Err <- $r9
	b	.LBB39_24
.Ltmp415:
.LBB39_18:                              @   in Loop: Header=BB39_1 Depth=1
	@DEBUG_VALUE: I2C_ReadMultiBytesOneReg:u8Err <- $r2
	@DEBUG_VALUE: I2C_ReadMultiBytesOneReg:u32rxLen <- $r12
	@DEBUG_VALUE: I2C_ReadMultiBytesOneReg:u8Ctrl <- $r8
	@DEBUG_VALUE: I2C_ReadMultiBytesOneReg:u8Xfering <- $r5
	@DEBUG_VALUE: I2C_ReadMultiBytesOneReg:u8SlaveAddr <- [DW_OP_LLVM_entry_value 1] $r1
	@DEBUG_VALUE: I2C_ReadMultiBytesOneReg:u8DataAddr <- [DW_OP_plus_uconst 16] [$sp+0]
	@DEBUG_VALUE: I2C_ReadMultiBytesOneReg:u32rLen <- [DW_OP_plus_uconst 56] [$sp+0]
	@DEBUG_VALUE: I2C_ReadMultiBytesOneReg:rdata <- $r3
	@DEBUG_VALUE: I2C_ReadMultiBytesOneReg:i2c <- $r0
	.loc	2 1330 17 is_stmt 1             @ ../../../../Library/StdDriver/src/i2c.c:1330:17
	ldr	r1, [sp, #4]                    @ 4-byte Reload
.Ltmp416:
.LBB39_19:                              @   in Loop: Header=BB39_1 Depth=1
	@DEBUG_VALUE: I2C_ReadMultiBytesOneReg:u8Err <- $r2
	@DEBUG_VALUE: I2C_ReadMultiBytesOneReg:u32rxLen <- $r12
	@DEBUG_VALUE: I2C_ReadMultiBytesOneReg:u8Ctrl <- $r8
	@DEBUG_VALUE: I2C_ReadMultiBytesOneReg:u8Xfering <- $r5
	@DEBUG_VALUE: I2C_ReadMultiBytesOneReg:u8SlaveAddr <- [DW_OP_LLVM_entry_value 1] $r1
	@DEBUG_VALUE: I2C_ReadMultiBytesOneReg:u8DataAddr <- [DW_OP_plus_uconst 16] [$sp+0]
	@DEBUG_VALUE: I2C_ReadMultiBytesOneReg:u32rLen <- [DW_OP_plus_uconst 56] [$sp+0]
	@DEBUG_VALUE: I2C_ReadMultiBytesOneReg:rdata <- $r3
	@DEBUG_VALUE: I2C_ReadMultiBytesOneReg:i2c <- $r0
	.loc	2 0 0 is_stmt 0                 @ ../../../../Library/StdDriver/src/i2c.c:0:0
	str	r1, [r0, #8]
	movs	r6, #8
.Ltmp417:
	@DEBUG_VALUE: I2C_ReadMultiBytesOneReg:u8Ctrl <- 8
	mov	r9, r2
.Ltmp418:
	@DEBUG_VALUE: I2C_ReadMultiBytesOneReg:u8Err <- $r9
	b	.LBB39_24
.Ltmp419:
.LBB39_20:                              @   in Loop: Header=BB39_1 Depth=1
	@DEBUG_VALUE: I2C_ReadMultiBytesOneReg:u8Err <- $r2
	@DEBUG_VALUE: I2C_ReadMultiBytesOneReg:u32rxLen <- $r12
	@DEBUG_VALUE: I2C_ReadMultiBytesOneReg:u8Ctrl <- $r8
	@DEBUG_VALUE: I2C_ReadMultiBytesOneReg:u8Xfering <- $r5
	@DEBUG_VALUE: I2C_ReadMultiBytesOneReg:u8SlaveAddr <- [DW_OP_LLVM_entry_value 1] $r1
	@DEBUG_VALUE: I2C_ReadMultiBytesOneReg:u8DataAddr <- [DW_OP_plus_uconst 16] [$sp+0]
	@DEBUG_VALUE: I2C_ReadMultiBytesOneReg:u32rLen <- [DW_OP_plus_uconst 56] [$sp+0]
	@DEBUG_VALUE: I2C_ReadMultiBytesOneReg:rdata <- $r3
	@DEBUG_VALUE: I2C_ReadMultiBytesOneReg:i2c <- $r0
	.loc	2 1373 17 is_stmt 1             @ ../../../../Library/StdDriver/src/i2c.c:1373:17
	ldr	r2, [r0]
.Ltmp420:
	movs	r1, #6
	movs	r6, #8
	mov.w	r9, #1
.Ltmp421:
	@DEBUG_VALUE: I2C_ReadMultiBytesOneReg:u8Ctrl <- 8
	@DEBUG_VALUE: I2C_ReadMultiBytesOneReg:u8Err <- 1
	bfi	r2, r1, #2, #4
	str	r2, [r0]
	b	.LBB39_24
.Ltmp422:
.LBB39_21:                              @   in Loop: Header=BB39_1 Depth=1
	@DEBUG_VALUE: I2C_ReadMultiBytesOneReg:u8Err <- $r2
	@DEBUG_VALUE: I2C_ReadMultiBytesOneReg:u32rxLen <- $r12
	@DEBUG_VALUE: I2C_ReadMultiBytesOneReg:u8Ctrl <- $r8
	@DEBUG_VALUE: I2C_ReadMultiBytesOneReg:u8Xfering <- $r5
	@DEBUG_VALUE: I2C_ReadMultiBytesOneReg:u8SlaveAddr <- [DW_OP_LLVM_entry_value 1] $r1
	@DEBUG_VALUE: I2C_ReadMultiBytesOneReg:u8DataAddr <- [DW_OP_plus_uconst 16] [$sp+0]
	@DEBUG_VALUE: I2C_ReadMultiBytesOneReg:u32rLen <- [DW_OP_plus_uconst 56] [$sp+0]
	@DEBUG_VALUE: I2C_ReadMultiBytesOneReg:rdata <- $r3
	@DEBUG_VALUE: I2C_ReadMultiBytesOneReg:i2c <- $r0
	.loc	2 1366 47                       @ ../../../../Library/StdDriver/src/i2c.c:1366:47
	ldr	r5, [r0, #8]
.Ltmp423:
	.loc	2 0 47 is_stmt 0                @ ../../../../Library/StdDriver/src/i2c.c:0:47
	mov	r9, r2
.Ltmp424:
	@DEBUG_VALUE: I2C_ReadMultiBytesOneReg:u8Err <- $r9
	.loc	2 1366 35                       @ ../../../../Library/StdDriver/src/i2c.c:1366:35
	strb.w	r5, [r3, r12]
	.loc	2 1366 31                       @ ../../../../Library/StdDriver/src/i2c.c:1366:31
	add.w	r12, r12, #1
.Ltmp425:
	@DEBUG_VALUE: I2C_ReadMultiBytesOneReg:u32rxLen <- $r12
	.loc	2 0 31                          @ ../../../../Library/StdDriver/src/i2c.c:0:31
	movs	r5, #0
.Ltmp426:
	@DEBUG_VALUE: I2C_ReadMultiBytesOneReg:u8Ctrl <- 24
	@DEBUG_VALUE: I2C_ReadMultiBytesOneReg:u8Xfering <- 0
	.loc	2 1369 17 is_stmt 1             @ ../../../../Library/StdDriver/src/i2c.c:1369:17
	b	.LBB39_24
.Ltmp427:
.LBB39_22:                              @   in Loop: Header=BB39_1 Depth=1
	@DEBUG_VALUE: I2C_ReadMultiBytesOneReg:u8Err <- $r2
	@DEBUG_VALUE: I2C_ReadMultiBytesOneReg:u32rxLen <- $r12
	@DEBUG_VALUE: I2C_ReadMultiBytesOneReg:u8Ctrl <- $r8
	@DEBUG_VALUE: I2C_ReadMultiBytesOneReg:u8Xfering <- $r5
	@DEBUG_VALUE: I2C_ReadMultiBytesOneReg:u8SlaveAddr <- [DW_OP_LLVM_entry_value 1] $r1
	@DEBUG_VALUE: I2C_ReadMultiBytesOneReg:u8DataAddr <- [DW_OP_plus_uconst 16] [$sp+0]
	@DEBUG_VALUE: I2C_ReadMultiBytesOneReg:u32rLen <- [DW_OP_plus_uconst 56] [$sp+0]
	@DEBUG_VALUE: I2C_ReadMultiBytesOneReg:rdata <- $r3
	@DEBUG_VALUE: I2C_ReadMultiBytesOneReg:i2c <- $r0
	.loc	2 1352 47                       @ ../../../../Library/StdDriver/src/i2c.c:1352:47
	ldr	r6, [r0, #8]
	mov	r9, r2
.Ltmp428:
	@DEBUG_VALUE: I2C_ReadMultiBytesOneReg:u8Err <- $r9
	.loc	2 0 47 is_stmt 0                @ ../../../../Library/StdDriver/src/i2c.c:0:47
	ldr	r1, [sp, #12]                   @ 4-byte Reload
	.loc	2 1352 35                       @ ../../../../Library/StdDriver/src/i2c.c:1352:35
	strb.w	r6, [r3, r12]
	.loc	2 1352 31                       @ ../../../../Library/StdDriver/src/i2c.c:1352:31
	add.w	r12, r12, #1
.Ltmp429:
	@DEBUG_VALUE: I2C_ReadMultiBytesOneReg:u32rxLen <- $r12
	.loc	2 0 31                          @ ../../../../Library/StdDriver/src/i2c.c:0:31
	movs	r6, #8
	cmp	r12, r1
	it	lo
	movlo	r6, #12
	.loc	2 1369 17 is_stmt 1             @ ../../../../Library/StdDriver/src/i2c.c:1369:17
	b	.LBB39_24
.Ltmp430:
.LBB39_23:                              @   in Loop: Header=BB39_1 Depth=1
	@DEBUG_VALUE: I2C_ReadMultiBytesOneReg:u8Err <- $r2
	@DEBUG_VALUE: I2C_ReadMultiBytesOneReg:u32rxLen <- $r12
	@DEBUG_VALUE: I2C_ReadMultiBytesOneReg:u8Ctrl <- $r8
	@DEBUG_VALUE: I2C_ReadMultiBytesOneReg:u8Xfering <- $r5
	@DEBUG_VALUE: I2C_ReadMultiBytesOneReg:u8SlaveAddr <- [DW_OP_LLVM_entry_value 1] $r1
	@DEBUG_VALUE: I2C_ReadMultiBytesOneReg:u8DataAddr <- [DW_OP_plus_uconst 16] [$sp+0]
	@DEBUG_VALUE: I2C_ReadMultiBytesOneReg:u32rLen <- [DW_OP_plus_uconst 56] [$sp+0]
	@DEBUG_VALUE: I2C_ReadMultiBytesOneReg:rdata <- $r3
	@DEBUG_VALUE: I2C_ReadMultiBytesOneReg:i2c <- $r0
	.loc	2 1316 17                       @ ../../../../Library/StdDriver/src/i2c.c:1316:17
	ldr	r1, [sp, #16]                   @ 4-byte Reload
	mov	r9, r2
.Ltmp431:
	@DEBUG_VALUE: I2C_ReadMultiBytesOneReg:u8Err <- $r9
	.loc	2 0 17 is_stmt 0                @ ../../../../Library/StdDriver/src/i2c.c:0:17
	mov	r6, r8
.Ltmp432:
	@DEBUG_VALUE: I2C_ReadMultiBytesOneReg:u8Ctrl <- $r6
	.loc	2 1316 17                       @ ../../../../Library/StdDriver/src/i2c.c:1316:17
	str	r1, [r0, #8]
.Ltmp433:
	.loc	2 0 17                          @ :0:17
.Ltmp434:
	.p2align	2
.LBB39_24:                              @   in Loop: Header=BB39_1 Depth=1
	@DEBUG_VALUE: I2C_ReadMultiBytesOneReg:u32rxLen <- $r12
	@DEBUG_VALUE: I2C_ReadMultiBytesOneReg:u8SlaveAddr <- [DW_OP_LLVM_entry_value 1] $r1
	@DEBUG_VALUE: I2C_ReadMultiBytesOneReg:u8DataAddr <- [DW_OP_plus_uconst 16] [$sp+0]
	@DEBUG_VALUE: I2C_ReadMultiBytesOneReg:u32rLen <- [DW_OP_plus_uconst 56] [$sp+0]
	@DEBUG_VALUE: I2C_ReadMultiBytesOneReg:rdata <- $r3
	@DEBUG_VALUE: I2C_ReadMultiBytesOneReg:i2c <- $r0
	@DEBUG_VALUE: I2C_ReadMultiBytesOneReg:u8Xfering <- $r5
	@DEBUG_VALUE: I2C_ReadMultiBytesOneReg:u8Err <- $r9
	@DEBUG_VALUE: I2C_ReadMultiBytesOneReg:u8Ctrl <- $r6
	@DEBUG_VALUE: I2C_ReadMultiBytesOneReg:u32rxLen <- $r12
	.loc	2 1379 9 is_stmt 1              @ ../../../../Library/StdDriver/src/i2c.c:1379:9
	ldr	r2, [r0]
	uxtb	r1, r6
	bic	r2, r2, #60
	orr.w	r1, r1, r2
	str	r1, [r0]
.Ltmp435:
	.loc	2 1295 5                        @ ../../../../Library/StdDriver/src/i2c.c:1295:5
	cbz	r5, .LBB39_26
.Ltmp436:
@ %bb.25:                               @   in Loop: Header=BB39_1 Depth=1
	@DEBUG_VALUE: I2C_ReadMultiBytesOneReg:u8Ctrl <- $r6
	@DEBUG_VALUE: I2C_ReadMultiBytesOneReg:u8Err <- $r9
	@DEBUG_VALUE: I2C_ReadMultiBytesOneReg:u32rxLen <- $r12
	@DEBUG_VALUE: I2C_ReadMultiBytesOneReg:u8Xfering <- $r5
	@DEBUG_VALUE: I2C_ReadMultiBytesOneReg:u8SlaveAddr <- [DW_OP_LLVM_entry_value 1] $r1
	@DEBUG_VALUE: I2C_ReadMultiBytesOneReg:u8DataAddr <- [DW_OP_plus_uconst 16] [$sp+0]
	@DEBUG_VALUE: I2C_ReadMultiBytesOneReg:u32rLen <- [DW_OP_plus_uconst 56] [$sp+0]
	@DEBUG_VALUE: I2C_ReadMultiBytesOneReg:rdata <- $r3
	@DEBUG_VALUE: I2C_ReadMultiBytesOneReg:i2c <- $r0
	cmp.w	r9, #0
	mov	r8, r6
.Ltmp437:
	@DEBUG_VALUE: I2C_ReadMultiBytesOneReg:u8Ctrl <- $r8
	beq.w	.LBB39_1
.Ltmp438:
.LBB39_26:
	@DEBUG_VALUE: I2C_ReadMultiBytesOneReg:u8Err <- $r9
	@DEBUG_VALUE: I2C_ReadMultiBytesOneReg:u32rxLen <- $r12
	@DEBUG_VALUE: I2C_ReadMultiBytesOneReg:u8Xfering <- $r5
	@DEBUG_VALUE: I2C_ReadMultiBytesOneReg:u8SlaveAddr <- [DW_OP_LLVM_entry_value 1] $r1
	@DEBUG_VALUE: I2C_ReadMultiBytesOneReg:u8DataAddr <- [DW_OP_plus_uconst 16] [$sp+0]
	@DEBUG_VALUE: I2C_ReadMultiBytesOneReg:u32rLen <- [DW_OP_plus_uconst 56] [$sp+0]
	@DEBUG_VALUE: I2C_ReadMultiBytesOneReg:rdata <- $r3
	@DEBUG_VALUE: I2C_ReadMultiBytesOneReg:i2c <- $r0
	.loc	2 1382 23                       @ ../../../../Library/StdDriver/src/i2c.c:1382:23
	ldr	r1, [r7]
.Ltmp439:
	@DEBUG_VALUE: I2C_ReadMultiBytesOneReg:u32TimeOutCount <- $r1
.LBB39_27:                              @ =>This Inner Loop Header: Depth=1
	@DEBUG_VALUE: I2C_ReadMultiBytesOneReg:u32TimeOutCount <- $r1
	@DEBUG_VALUE: I2C_ReadMultiBytesOneReg:u8Err <- $r9
	@DEBUG_VALUE: I2C_ReadMultiBytesOneReg:u32rxLen <- $r12
	@DEBUG_VALUE: I2C_ReadMultiBytesOneReg:u8Xfering <- $r5
	@DEBUG_VALUE: I2C_ReadMultiBytesOneReg:u8SlaveAddr <- [DW_OP_LLVM_entry_value 1] $r1
	@DEBUG_VALUE: I2C_ReadMultiBytesOneReg:u8DataAddr <- [DW_OP_plus_uconst 16] [$sp+0]
	@DEBUG_VALUE: I2C_ReadMultiBytesOneReg:u32rLen <- [DW_OP_plus_uconst 56] [$sp+0]
	@DEBUG_VALUE: I2C_ReadMultiBytesOneReg:rdata <- $r3
	@DEBUG_VALUE: I2C_ReadMultiBytesOneReg:i2c <- $r0
	@DEBUG_VALUE: I2C_ReadMultiBytesOneReg:u32TimeOutCount <- $r1
	.loc	2 1384 19                       @ ../../../../Library/StdDriver/src/i2c.c:1384:19
	ldr	r2, [r0]
	.loc	2 1384 5 is_stmt 0              @ ../../../../Library/StdDriver/src/i2c.c:1384:5
	lsls	r2, r2, #27
	bpl	.LBB39_36
.Ltmp440:
@ %bb.28:                               @   in Loop: Header=BB39_27 Depth=1
	@DEBUG_VALUE: I2C_ReadMultiBytesOneReg:u32TimeOutCount <- $r1
	@DEBUG_VALUE: I2C_ReadMultiBytesOneReg:u8Err <- $r9
	@DEBUG_VALUE: I2C_ReadMultiBytesOneReg:u32rxLen <- $r12
	@DEBUG_VALUE: I2C_ReadMultiBytesOneReg:u8Xfering <- $r5
	@DEBUG_VALUE: I2C_ReadMultiBytesOneReg:u8SlaveAddr <- [DW_OP_LLVM_entry_value 1] $r1
	@DEBUG_VALUE: I2C_ReadMultiBytesOneReg:u8DataAddr <- [DW_OP_plus_uconst 16] [$sp+0]
	@DEBUG_VALUE: I2C_ReadMultiBytesOneReg:u32rLen <- [DW_OP_plus_uconst 56] [$sp+0]
	@DEBUG_VALUE: I2C_ReadMultiBytesOneReg:rdata <- $r3
	@DEBUG_VALUE: I2C_ReadMultiBytesOneReg:i2c <- $r0
	@DEBUG_VALUE: I2C_ReadMultiBytesOneReg:u32TimeOutCount <- [DW_OP_constu 1, DW_OP_minus, DW_OP_stack_value] $r1
	.loc	2 1388 13 is_stmt 1             @ ../../../../Library/StdDriver/src/i2c.c:1388:13
	cmp	r1, #1
	beq	.LBB39_35
.Ltmp441:
@ %bb.29:                               @   in Loop: Header=BB39_27 Depth=1
	@DEBUG_VALUE: I2C_ReadMultiBytesOneReg:u32TimeOutCount <- [DW_OP_constu 1, DW_OP_minus, DW_OP_stack_value] $r1
	@DEBUG_VALUE: I2C_ReadMultiBytesOneReg:u8Err <- $r9
	@DEBUG_VALUE: I2C_ReadMultiBytesOneReg:u32rxLen <- $r12
	@DEBUG_VALUE: I2C_ReadMultiBytesOneReg:u8Xfering <- $r5
	@DEBUG_VALUE: I2C_ReadMultiBytesOneReg:u8SlaveAddr <- [DW_OP_LLVM_entry_value 1] $r1
	@DEBUG_VALUE: I2C_ReadMultiBytesOneReg:u8DataAddr <- [DW_OP_plus_uconst 16] [$sp+0]
	@DEBUG_VALUE: I2C_ReadMultiBytesOneReg:u32rLen <- [DW_OP_plus_uconst 56] [$sp+0]
	@DEBUG_VALUE: I2C_ReadMultiBytesOneReg:rdata <- $r3
	@DEBUG_VALUE: I2C_ReadMultiBytesOneReg:i2c <- $r0
	@DEBUG_VALUE: I2C_ReadMultiBytesOneReg:u32TimeOutCount <- [DW_OP_constu 1, DW_OP_minus, DW_OP_stack_value] $r1
	.loc	2 1384 19                       @ ../../../../Library/StdDriver/src/i2c.c:1384:19
	ldr	r2, [r0]
	.loc	2 1384 5 is_stmt 0              @ ../../../../Library/StdDriver/src/i2c.c:1384:5
	lsls	r2, r2, #27
	bpl	.LBB39_36
.Ltmp442:
@ %bb.30:                               @   in Loop: Header=BB39_27 Depth=1
	@DEBUG_VALUE: I2C_ReadMultiBytesOneReg:u32TimeOutCount <- [DW_OP_constu 1, DW_OP_minus, DW_OP_stack_value] $r1
	@DEBUG_VALUE: I2C_ReadMultiBytesOneReg:u8Err <- $r9
	@DEBUG_VALUE: I2C_ReadMultiBytesOneReg:u32rxLen <- $r12
	@DEBUG_VALUE: I2C_ReadMultiBytesOneReg:u8Xfering <- $r5
	@DEBUG_VALUE: I2C_ReadMultiBytesOneReg:u8SlaveAddr <- [DW_OP_LLVM_entry_value 1] $r1
	@DEBUG_VALUE: I2C_ReadMultiBytesOneReg:u8DataAddr <- [DW_OP_plus_uconst 16] [$sp+0]
	@DEBUG_VALUE: I2C_ReadMultiBytesOneReg:u32rLen <- [DW_OP_plus_uconst 56] [$sp+0]
	@DEBUG_VALUE: I2C_ReadMultiBytesOneReg:rdata <- $r3
	@DEBUG_VALUE: I2C_ReadMultiBytesOneReg:i2c <- $r0
	@DEBUG_VALUE: I2C_ReadMultiBytesOneReg:u32TimeOutCount <- [DW_OP_constu 2, DW_OP_minus, DW_OP_stack_value] $r1
	.loc	2 1388 13 is_stmt 1             @ ../../../../Library/StdDriver/src/i2c.c:1388:13
	cmp	r1, #2
	beq	.LBB39_35
.Ltmp443:
@ %bb.31:                               @   in Loop: Header=BB39_27 Depth=1
	@DEBUG_VALUE: I2C_ReadMultiBytesOneReg:u32TimeOutCount <- [DW_OP_constu 2, DW_OP_minus, DW_OP_stack_value] $r1
	@DEBUG_VALUE: I2C_ReadMultiBytesOneReg:u8Err <- $r9
	@DEBUG_VALUE: I2C_ReadMultiBytesOneReg:u32rxLen <- $r12
	@DEBUG_VALUE: I2C_ReadMultiBytesOneReg:u8Xfering <- $r5
	@DEBUG_VALUE: I2C_ReadMultiBytesOneReg:u8SlaveAddr <- [DW_OP_LLVM_entry_value 1] $r1
	@DEBUG_VALUE: I2C_ReadMultiBytesOneReg:u8DataAddr <- [DW_OP_plus_uconst 16] [$sp+0]
	@DEBUG_VALUE: I2C_ReadMultiBytesOneReg:u32rLen <- [DW_OP_plus_uconst 56] [$sp+0]
	@DEBUG_VALUE: I2C_ReadMultiBytesOneReg:rdata <- $r3
	@DEBUG_VALUE: I2C_ReadMultiBytesOneReg:i2c <- $r0
	@DEBUG_VALUE: I2C_ReadMultiBytesOneReg:u32TimeOutCount <- [DW_OP_constu 2, DW_OP_minus, DW_OP_stack_value] $r1
	.loc	2 1384 19                       @ ../../../../Library/StdDriver/src/i2c.c:1384:19
	ldr	r2, [r0]
	.loc	2 1384 5 is_stmt 0              @ ../../../../Library/StdDriver/src/i2c.c:1384:5
	lsls	r2, r2, #27
	bpl	.LBB39_36
.Ltmp444:
@ %bb.32:                               @   in Loop: Header=BB39_27 Depth=1
	@DEBUG_VALUE: I2C_ReadMultiBytesOneReg:u32TimeOutCount <- [DW_OP_constu 2, DW_OP_minus, DW_OP_stack_value] $r1
	@DEBUG_VALUE: I2C_ReadMultiBytesOneReg:u8Err <- $r9
	@DEBUG_VALUE: I2C_ReadMultiBytesOneReg:u32rxLen <- $r12
	@DEBUG_VALUE: I2C_ReadMultiBytesOneReg:u8Xfering <- $r5
	@DEBUG_VALUE: I2C_ReadMultiBytesOneReg:u8SlaveAddr <- [DW_OP_LLVM_entry_value 1] $r1
	@DEBUG_VALUE: I2C_ReadMultiBytesOneReg:u8DataAddr <- [DW_OP_plus_uconst 16] [$sp+0]
	@DEBUG_VALUE: I2C_ReadMultiBytesOneReg:u32rLen <- [DW_OP_plus_uconst 56] [$sp+0]
	@DEBUG_VALUE: I2C_ReadMultiBytesOneReg:rdata <- $r3
	@DEBUG_VALUE: I2C_ReadMultiBytesOneReg:i2c <- $r0
	@DEBUG_VALUE: I2C_ReadMultiBytesOneReg:u32TimeOutCount <- [DW_OP_constu 3, DW_OP_minus, DW_OP_stack_value] $r1
	.loc	2 1388 13 is_stmt 1             @ ../../../../Library/StdDriver/src/i2c.c:1388:13
	cmp	r1, #3
	beq	.LBB39_35
.Ltmp445:
@ %bb.33:                               @   in Loop: Header=BB39_27 Depth=1
	@DEBUG_VALUE: I2C_ReadMultiBytesOneReg:u32TimeOutCount <- [DW_OP_constu 3, DW_OP_minus, DW_OP_stack_value] $r1
	@DEBUG_VALUE: I2C_ReadMultiBytesOneReg:u8Err <- $r9
	@DEBUG_VALUE: I2C_ReadMultiBytesOneReg:u32rxLen <- $r12
	@DEBUG_VALUE: I2C_ReadMultiBytesOneReg:u8Xfering <- $r5
	@DEBUG_VALUE: I2C_ReadMultiBytesOneReg:u8SlaveAddr <- [DW_OP_LLVM_entry_value 1] $r1
	@DEBUG_VALUE: I2C_ReadMultiBytesOneReg:u8DataAddr <- [DW_OP_plus_uconst 16] [$sp+0]
	@DEBUG_VALUE: I2C_ReadMultiBytesOneReg:u32rLen <- [DW_OP_plus_uconst 56] [$sp+0]
	@DEBUG_VALUE: I2C_ReadMultiBytesOneReg:rdata <- $r3
	@DEBUG_VALUE: I2C_ReadMultiBytesOneReg:i2c <- $r0
	@DEBUG_VALUE: I2C_ReadMultiBytesOneReg:u32TimeOutCount <- [DW_OP_constu 3, DW_OP_minus, DW_OP_stack_value] $r1
	.loc	2 1384 19                       @ ../../../../Library/StdDriver/src/i2c.c:1384:19
	ldr	r2, [r0]
	.loc	2 1384 5 is_stmt 0              @ ../../../../Library/StdDriver/src/i2c.c:1384:5
	lsls	r2, r2, #27
	bpl	.LBB39_36
.Ltmp446:
@ %bb.34:                               @   in Loop: Header=BB39_27 Depth=1
	@DEBUG_VALUE: I2C_ReadMultiBytesOneReg:u32TimeOutCount <- [DW_OP_constu 3, DW_OP_minus, DW_OP_stack_value] $r1
	@DEBUG_VALUE: I2C_ReadMultiBytesOneReg:u8Err <- $r9
	@DEBUG_VALUE: I2C_ReadMultiBytesOneReg:u32rxLen <- $r12
	@DEBUG_VALUE: I2C_ReadMultiBytesOneReg:u8Xfering <- $r5
	@DEBUG_VALUE: I2C_ReadMultiBytesOneReg:u8SlaveAddr <- [DW_OP_LLVM_entry_value 1] $r1
	@DEBUG_VALUE: I2C_ReadMultiBytesOneReg:u8DataAddr <- [DW_OP_plus_uconst 16] [$sp+0]
	@DEBUG_VALUE: I2C_ReadMultiBytesOneReg:u32rLen <- [DW_OP_plus_uconst 56] [$sp+0]
	@DEBUG_VALUE: I2C_ReadMultiBytesOneReg:rdata <- $r3
	@DEBUG_VALUE: I2C_ReadMultiBytesOneReg:i2c <- $r0
	.loc	2 1386 24 is_stmt 1             @ ../../../../Library/StdDriver/src/i2c.c:1386:24
	subs	r1, #4
.Ltmp447:
	@DEBUG_VALUE: I2C_ReadMultiBytesOneReg:u32TimeOutCount <- $r1
	.loc	2 1388 13                       @ ../../../../Library/StdDriver/src/i2c.c:1388:13
	bne	.LBB39_27
.Ltmp448:
.LBB39_35:
	@DEBUG_VALUE: I2C_ReadMultiBytesOneReg:u8Err <- $r9
	@DEBUG_VALUE: I2C_ReadMultiBytesOneReg:u32rxLen <- $r12
	@DEBUG_VALUE: I2C_ReadMultiBytesOneReg:u8Xfering <- $r5
	@DEBUG_VALUE: I2C_ReadMultiBytesOneReg:u8SlaveAddr <- [DW_OP_LLVM_entry_value 1] $r1
	@DEBUG_VALUE: I2C_ReadMultiBytesOneReg:u8DataAddr <- [DW_OP_plus_uconst 16] [$sp+0]
	@DEBUG_VALUE: I2C_ReadMultiBytesOneReg:u32rLen <- [DW_OP_plus_uconst 56] [$sp+0]
	@DEBUG_VALUE: I2C_ReadMultiBytesOneReg:rdata <- $r3
	@DEBUG_VALUE: I2C_ReadMultiBytesOneReg:i2c <- $r0
	.loc	2 0 13 is_stmt 0                @ ../../../../Library/StdDriver/src/i2c.c:0:13
	mvn	r0, #1
.Ltmp449:
	@DEBUG_VALUE: I2C_ReadMultiBytesOneReg:i2c <- [DW_OP_LLVM_entry_value 1] $r0
	.loc	2 1390 30 is_stmt 1             @ ../../../../Library/StdDriver/src/i2c.c:1390:30
	str.w	r0, [lr]
.Ltmp450:
	@DEBUG_VALUE: I2C_ReadMultiBytesOneReg:u8Err <- 1
.LBB39_36:
	@DEBUG_VALUE: I2C_ReadMultiBytesOneReg:u32rxLen <- $r12
	@DEBUG_VALUE: I2C_ReadMultiBytesOneReg:u8Xfering <- $r5
	@DEBUG_VALUE: I2C_ReadMultiBytesOneReg:u8SlaveAddr <- [DW_OP_LLVM_entry_value 1] $r1
	@DEBUG_VALUE: I2C_ReadMultiBytesOneReg:u8DataAddr <- [DW_OP_plus_uconst 16] [$sp+0]
	@DEBUG_VALUE: I2C_ReadMultiBytesOneReg:u32rLen <- [DW_OP_plus_uconst 56] [$sp+0]
	@DEBUG_VALUE: I2C_ReadMultiBytesOneReg:rdata <- $r3
	.loc	2 1396 5                        @ ../../../../Library/StdDriver/src/i2c.c:1396:5
	mov	r0, r12
	.loc	2 1396 5 epilogue_begin is_stmt 0 @ ../../../../Library/StdDriver/src/i2c.c:1396:5
	add	sp, #20
	pop.w	{r4, r5, r6, r7, r8, r9, r10, r11, pc}
.Ltmp451:
.Lfunc_end39:
	.size	I2C_ReadMultiBytesOneReg, .Lfunc_end39-I2C_ReadMultiBytesOneReg
	.cfi_endproc
	.cantunwind
	.fnend
                                        @ -- End function
	.section	.text.I2C_ReadByteTwoRegs,"ax",%progbits
	.hidden	I2C_ReadByteTwoRegs             @ -- Begin function I2C_ReadByteTwoRegs
	.globl	I2C_ReadByteTwoRegs
	.p2align	2
	.type	I2C_ReadByteTwoRegs,%function
	.code	16                              @ @I2C_ReadByteTwoRegs
	.thumb_func
I2C_ReadByteTwoRegs:
.Lfunc_begin40:
	.loc	2 1414 0 is_stmt 1              @ ../../../../Library/StdDriver/src/i2c.c:1414:0
	.fnstart
	.cfi_startproc
@ %bb.0:
	@DEBUG_VALUE: I2C_ReadByteTwoRegs:i2c <- $r0
	@DEBUG_VALUE: I2C_ReadByteTwoRegs:u8SlaveAddr <- $r1
	@DEBUG_VALUE: I2C_ReadByteTwoRegs:u16DataAddr <- $r2
	.save	{r7, lr}
	push	{r7, lr}
	.cfi_def_cfa_offset 8
	.cfi_offset lr, -4
	.cfi_offset r7, -8
	.pad	#8
	sub	sp, #8
	.cfi_def_cfa_offset 16
	mov.w	r12, #1
	add.w	r3, sp, #7
.Ltmp452:
	.loc	2 1417 25 prologue_end          @ ../../../../Library/StdDriver/src/i2c.c:1417:25
	str.w	r12, [sp]
	bl	I2C_ReadMultiBytesTwoRegs
.Ltmp453:
	@DEBUG_VALUE: I2C_ReadByteTwoRegs:u16DataAddr <- [DW_OP_LLVM_entry_value 1] $r2
	@DEBUG_VALUE: I2C_ReadByteTwoRegs:u8SlaveAddr <- [DW_OP_LLVM_entry_value 1] $r1
	@DEBUG_VALUE: I2C_ReadByteTwoRegs:i2c <- [DW_OP_LLVM_entry_value 1] $r0
	@DEBUG_VALUE: I2C_ReadByteTwoRegs:u32rxLen <- $r0
	.loc	2 1419 9                        @ ../../../../Library/StdDriver/src/i2c.c:1419:9
	ldrb.w	r1, [sp, #7]
	cmp	r0, #1
	it	ne
	movne	r1, #0
	.loc	2 1427 1                        @ ../../../../Library/StdDriver/src/i2c.c:1427:1
	uxtb	r0, r1
.Ltmp454:
	.loc	2 1427 1 epilogue_begin is_stmt 0 @ ../../../../Library/StdDriver/src/i2c.c:1427:1
	add	sp, #8
	pop	{r7, pc}
.Ltmp455:
.Lfunc_end40:
	.size	I2C_ReadByteTwoRegs, .Lfunc_end40-I2C_ReadByteTwoRegs
	.cfi_endproc
	.cantunwind
	.fnend
                                        @ -- End function
	.section	.text.I2C_ReadMultiBytesTwoRegs,"ax",%progbits
	.hidden	I2C_ReadMultiBytesTwoRegs       @ -- Begin function I2C_ReadMultiBytesTwoRegs
	.globl	I2C_ReadMultiBytesTwoRegs
	.p2align	2
	.type	I2C_ReadMultiBytesTwoRegs,%function
	.code	16                              @ @I2C_ReadMultiBytesTwoRegs
	.thumb_func
I2C_ReadMultiBytesTwoRegs:
.Lfunc_begin41:
	.loc	2 1446 0 is_stmt 1              @ ../../../../Library/StdDriver/src/i2c.c:1446:0
	.fnstart
	.cfi_startproc
@ %bb.0:
	@DEBUG_VALUE: I2C_ReadMultiBytesTwoRegs:i2c <- $r0
	@DEBUG_VALUE: I2C_ReadMultiBytesTwoRegs:u8SlaveAddr <- $r1
	@DEBUG_VALUE: I2C_ReadMultiBytesTwoRegs:u16DataAddr <- $r2
	@DEBUG_VALUE: I2C_ReadMultiBytesTwoRegs:rdata <- $r3
	.save	{r4, r5, r6, r7, r8, r9, r10, r11, lr}
	push.w	{r4, r5, r6, r7, r8, r9, r10, r11, lr}
	.cfi_def_cfa_offset 36
	.cfi_offset lr, -4
	.cfi_offset r11, -8
	.cfi_offset r10, -12
	.cfi_offset r9, -16
	.cfi_offset r8, -20
	.cfi_offset r7, -24
	.cfi_offset r6, -28
	.cfi_offset r5, -32
	.cfi_offset r4, -36
	.pad	#24
	sub	sp, #24
	.cfi_def_cfa_offset 60
.Ltmp456:
	@DEBUG_VALUE: I2C_ReadMultiBytesTwoRegs:u32rLen <- [DW_OP_plus_uconst 60] [$sp+0]
	.loc	2 1450 22 prologue_end          @ ../../../../Library/StdDriver/src/i2c.c:1450:22
	movw	lr, :lower16:g_I2C_i32ErrCode
	mov.w	r12, #0
	movt	lr, :upper16:g_I2C_i32ErrCode
	movw	r6, :lower16:SystemCoreClock
	str.w	r12, [lr]
	mov.w	r11, #0
	.loc	2 1452 5                        @ ../../../../Library/StdDriver/src/i2c.c:1452:5
	ldr	r4, [r0]
	mov.w	r8, #1
	ldr	r5, [sp, #60]
.Ltmp457:
	@DEBUG_VALUE: I2C_ReadMultiBytesTwoRegs:u32TimeOutCount <- 0
	@DEBUG_VALUE: I2C_ReadMultiBytesTwoRegs:u32rxLen <- 0
	@DEBUG_VALUE: I2C_ReadMultiBytesTwoRegs:u8Ctrl <- 0
	@DEBUG_VALUE: I2C_ReadMultiBytesTwoRegs:u8Addr <- 1
	@DEBUG_VALUE: I2C_ReadMultiBytesTwoRegs:u8Err <- 0
	@DEBUG_VALUE: I2C_ReadMultiBytesTwoRegs:u8Xfering <- 1
	orr	r4, r4, #32
	bic	r4, r4, #8
	str	r4, [r0]
	subs	r4, r5, #1
	str	r4, [sp, #20]                   @ 4-byte Spill
	mov.w	r4, #12
	lsl.w	r1, r1, #1
.Ltmp458:
	@DEBUG_VALUE: I2C_ReadMultiBytesTwoRegs:u8SlaveAddr <- [DW_OP_LLVM_entry_value 1] $r1
	.loc	2 0 5 is_stmt 0                 @ ../../../../Library/StdDriver/src/i2c.c:0:5
	it	eq
	moveq	r4, #8
	str	r4, [sp, #16]                   @ 4-byte Spill
	adds	r4, r1, #1
	uxtb	r4, r4
	uxtb	r1, r1
	str	r4, [sp, #12]                   @ 4-byte Spill
	uxtb	r4, r2
	str	r4, [sp]                        @ 4-byte Spill
	lsrs	r2, r2, #8
.Ltmp459:
	@DEBUG_VALUE: I2C_ReadMultiBytesTwoRegs:u16DataAddr <- [DW_OP_LLVM_entry_value 1] $r2
	str	r1, [sp, #4]                    @ 4-byte Spill
	movs	r1, #1
	movt	r6, :upper16:SystemCoreClock
	mvn	r4, #1
	str	r2, [sp, #8]                    @ 4-byte Spill
.Ltmp460:
	.p2align	2
.LBB41_1:                               @ =>This Loop Header: Depth=1
                                        @     Child Loop BB41_2 Depth 2
	@DEBUG_VALUE: I2C_ReadMultiBytesTwoRegs:u16DataAddr <- [DW_OP_LLVM_entry_value 1] $r2
	@DEBUG_VALUE: I2C_ReadMultiBytesTwoRegs:u8SlaveAddr <- [DW_OP_LLVM_entry_value 1] $r1
	@DEBUG_VALUE: I2C_ReadMultiBytesTwoRegs:u32rLen <- [DW_OP_plus_uconst 60] [$sp+0]
	@DEBUG_VALUE: I2C_ReadMultiBytesTwoRegs:rdata <- $r3
	@DEBUG_VALUE: I2C_ReadMultiBytesTwoRegs:i2c <- $r0
	@DEBUG_VALUE: I2C_ReadMultiBytesTwoRegs:u8Xfering <- $r8
	@DEBUG_VALUE: I2C_ReadMultiBytesTwoRegs:u8Err <- 0
	@DEBUG_VALUE: I2C_ReadMultiBytesTwoRegs:u8Addr <- $r1
	@DEBUG_VALUE: I2C_ReadMultiBytesTwoRegs:u8Ctrl <- $r11
	@DEBUG_VALUE: I2C_ReadMultiBytesTwoRegs:u32rxLen <- $r12
	.loc	2 1456 27 is_stmt 1             @ ../../../../Library/StdDriver/src/i2c.c:1456:27
	ldr	r2, [r6]
.Ltmp461:
	@DEBUG_VALUE: I2C_ReadMultiBytesTwoRegs:u32TimeOutCount <- $r2
.LBB41_2:                               @   Parent Loop BB41_1 Depth=1
                                        @ =>  This Inner Loop Header: Depth=2
	@DEBUG_VALUE: I2C_ReadMultiBytesTwoRegs:u32TimeOutCount <- $r2
	@DEBUG_VALUE: I2C_ReadMultiBytesTwoRegs:u32rxLen <- $r12
	@DEBUG_VALUE: I2C_ReadMultiBytesTwoRegs:u8Ctrl <- $r11
	@DEBUG_VALUE: I2C_ReadMultiBytesTwoRegs:u8Addr <- $r1
	@DEBUG_VALUE: I2C_ReadMultiBytesTwoRegs:u8Xfering <- $r8
	@DEBUG_VALUE: I2C_ReadMultiBytesTwoRegs:u16DataAddr <- [DW_OP_LLVM_entry_value 1] $r2
	@DEBUG_VALUE: I2C_ReadMultiBytesTwoRegs:u8SlaveAddr <- [DW_OP_LLVM_entry_value 1] $r1
	@DEBUG_VALUE: I2C_ReadMultiBytesTwoRegs:u8Err <- 0
	@DEBUG_VALUE: I2C_ReadMultiBytesTwoRegs:u32rLen <- [DW_OP_plus_uconst 60] [$sp+0]
	@DEBUG_VALUE: I2C_ReadMultiBytesTwoRegs:rdata <- $r3
	@DEBUG_VALUE: I2C_ReadMultiBytesTwoRegs:i2c <- $r0
	@DEBUG_VALUE: I2C_ReadMultiBytesTwoRegs:u32TimeOutCount <- $r2
	.loc	2 1457 9                        @ ../../../../Library/StdDriver/src/i2c.c:1457:9
	ldr	r7, [r0]
	lsls	r7, r7, #28
	bmi	.LBB41_11
.Ltmp462:
@ %bb.3:                                @   in Loop: Header=BB41_2 Depth=2
	@DEBUG_VALUE: I2C_ReadMultiBytesTwoRegs:u32TimeOutCount <- $r2
	@DEBUG_VALUE: I2C_ReadMultiBytesTwoRegs:u32rxLen <- $r12
	@DEBUG_VALUE: I2C_ReadMultiBytesTwoRegs:u8Ctrl <- $r11
	@DEBUG_VALUE: I2C_ReadMultiBytesTwoRegs:u8Addr <- $r1
	@DEBUG_VALUE: I2C_ReadMultiBytesTwoRegs:u8Xfering <- $r8
	@DEBUG_VALUE: I2C_ReadMultiBytesTwoRegs:u16DataAddr <- [DW_OP_LLVM_entry_value 1] $r2
	@DEBUG_VALUE: I2C_ReadMultiBytesTwoRegs:u8SlaveAddr <- [DW_OP_LLVM_entry_value 1] $r1
	@DEBUG_VALUE: I2C_ReadMultiBytesTwoRegs:u8Err <- 0
	@DEBUG_VALUE: I2C_ReadMultiBytesTwoRegs:u32rLen <- [DW_OP_plus_uconst 60] [$sp+0]
	@DEBUG_VALUE: I2C_ReadMultiBytesTwoRegs:rdata <- $r3
	@DEBUG_VALUE: I2C_ReadMultiBytesTwoRegs:i2c <- $r0
	@DEBUG_VALUE: I2C_ReadMultiBytesTwoRegs:u32TimeOutCount <- [DW_OP_constu 1, DW_OP_minus, DW_OP_stack_value] $r2
	.loc	2 1459 17                       @ ../../../../Library/StdDriver/src/i2c.c:1459:17
	cmp	r2, #1
	beq	.LBB41_10
.Ltmp463:
@ %bb.4:                                @   in Loop: Header=BB41_2 Depth=2
	@DEBUG_VALUE: I2C_ReadMultiBytesTwoRegs:u32TimeOutCount <- [DW_OP_constu 1, DW_OP_minus, DW_OP_stack_value] $r2
	@DEBUG_VALUE: I2C_ReadMultiBytesTwoRegs:u32rxLen <- $r12
	@DEBUG_VALUE: I2C_ReadMultiBytesTwoRegs:u8Ctrl <- $r11
	@DEBUG_VALUE: I2C_ReadMultiBytesTwoRegs:u8Addr <- $r1
	@DEBUG_VALUE: I2C_ReadMultiBytesTwoRegs:u8Xfering <- $r8
	@DEBUG_VALUE: I2C_ReadMultiBytesTwoRegs:u16DataAddr <- [DW_OP_LLVM_entry_value 1] $r2
	@DEBUG_VALUE: I2C_ReadMultiBytesTwoRegs:u8SlaveAddr <- [DW_OP_LLVM_entry_value 1] $r1
	@DEBUG_VALUE: I2C_ReadMultiBytesTwoRegs:u8Err <- 0
	@DEBUG_VALUE: I2C_ReadMultiBytesTwoRegs:u32rLen <- [DW_OP_plus_uconst 60] [$sp+0]
	@DEBUG_VALUE: I2C_ReadMultiBytesTwoRegs:rdata <- $r3
	@DEBUG_VALUE: I2C_ReadMultiBytesTwoRegs:i2c <- $r0
	@DEBUG_VALUE: I2C_ReadMultiBytesTwoRegs:u32TimeOutCount <- [DW_OP_constu 1, DW_OP_minus, DW_OP_stack_value] $r2
	.loc	2 1457 9                        @ ../../../../Library/StdDriver/src/i2c.c:1457:9
	ldr	r7, [r0]
	lsls	r7, r7, #28
	bmi	.LBB41_11
.Ltmp464:
@ %bb.5:                                @   in Loop: Header=BB41_2 Depth=2
	@DEBUG_VALUE: I2C_ReadMultiBytesTwoRegs:u32TimeOutCount <- [DW_OP_constu 1, DW_OP_minus, DW_OP_stack_value] $r2
	@DEBUG_VALUE: I2C_ReadMultiBytesTwoRegs:u32rxLen <- $r12
	@DEBUG_VALUE: I2C_ReadMultiBytesTwoRegs:u8Ctrl <- $r11
	@DEBUG_VALUE: I2C_ReadMultiBytesTwoRegs:u8Addr <- $r1
	@DEBUG_VALUE: I2C_ReadMultiBytesTwoRegs:u8Xfering <- $r8
	@DEBUG_VALUE: I2C_ReadMultiBytesTwoRegs:u16DataAddr <- [DW_OP_LLVM_entry_value 1] $r2
	@DEBUG_VALUE: I2C_ReadMultiBytesTwoRegs:u8SlaveAddr <- [DW_OP_LLVM_entry_value 1] $r1
	@DEBUG_VALUE: I2C_ReadMultiBytesTwoRegs:u8Err <- 0
	@DEBUG_VALUE: I2C_ReadMultiBytesTwoRegs:u32rLen <- [DW_OP_plus_uconst 60] [$sp+0]
	@DEBUG_VALUE: I2C_ReadMultiBytesTwoRegs:rdata <- $r3
	@DEBUG_VALUE: I2C_ReadMultiBytesTwoRegs:i2c <- $r0
	@DEBUG_VALUE: I2C_ReadMultiBytesTwoRegs:u32TimeOutCount <- [DW_OP_constu 2, DW_OP_minus, DW_OP_stack_value] $r2
	.loc	2 1459 17                       @ ../../../../Library/StdDriver/src/i2c.c:1459:17
	cmp	r2, #2
	beq	.LBB41_10
.Ltmp465:
@ %bb.6:                                @   in Loop: Header=BB41_2 Depth=2
	@DEBUG_VALUE: I2C_ReadMultiBytesTwoRegs:u32TimeOutCount <- [DW_OP_constu 2, DW_OP_minus, DW_OP_stack_value] $r2
	@DEBUG_VALUE: I2C_ReadMultiBytesTwoRegs:u32rxLen <- $r12
	@DEBUG_VALUE: I2C_ReadMultiBytesTwoRegs:u8Ctrl <- $r11
	@DEBUG_VALUE: I2C_ReadMultiBytesTwoRegs:u8Addr <- $r1
	@DEBUG_VALUE: I2C_ReadMultiBytesTwoRegs:u8Xfering <- $r8
	@DEBUG_VALUE: I2C_ReadMultiBytesTwoRegs:u16DataAddr <- [DW_OP_LLVM_entry_value 1] $r2
	@DEBUG_VALUE: I2C_ReadMultiBytesTwoRegs:u8SlaveAddr <- [DW_OP_LLVM_entry_value 1] $r1
	@DEBUG_VALUE: I2C_ReadMultiBytesTwoRegs:u8Err <- 0
	@DEBUG_VALUE: I2C_ReadMultiBytesTwoRegs:u32rLen <- [DW_OP_plus_uconst 60] [$sp+0]
	@DEBUG_VALUE: I2C_ReadMultiBytesTwoRegs:rdata <- $r3
	@DEBUG_VALUE: I2C_ReadMultiBytesTwoRegs:i2c <- $r0
	@DEBUG_VALUE: I2C_ReadMultiBytesTwoRegs:u32TimeOutCount <- [DW_OP_constu 2, DW_OP_minus, DW_OP_stack_value] $r2
	.loc	2 1457 9                        @ ../../../../Library/StdDriver/src/i2c.c:1457:9
	ldr	r7, [r0]
	lsls	r7, r7, #28
	bmi	.LBB41_11
.Ltmp466:
@ %bb.7:                                @   in Loop: Header=BB41_2 Depth=2
	@DEBUG_VALUE: I2C_ReadMultiBytesTwoRegs:u32TimeOutCount <- [DW_OP_constu 2, DW_OP_minus, DW_OP_stack_value] $r2
	@DEBUG_VALUE: I2C_ReadMultiBytesTwoRegs:u32rxLen <- $r12
	@DEBUG_VALUE: I2C_ReadMultiBytesTwoRegs:u8Ctrl <- $r11
	@DEBUG_VALUE: I2C_ReadMultiBytesTwoRegs:u8Addr <- $r1
	@DEBUG_VALUE: I2C_ReadMultiBytesTwoRegs:u8Xfering <- $r8
	@DEBUG_VALUE: I2C_ReadMultiBytesTwoRegs:u16DataAddr <- [DW_OP_LLVM_entry_value 1] $r2
	@DEBUG_VALUE: I2C_ReadMultiBytesTwoRegs:u8SlaveAddr <- [DW_OP_LLVM_entry_value 1] $r1
	@DEBUG_VALUE: I2C_ReadMultiBytesTwoRegs:u8Err <- 0
	@DEBUG_VALUE: I2C_ReadMultiBytesTwoRegs:u32rLen <- [DW_OP_plus_uconst 60] [$sp+0]
	@DEBUG_VALUE: I2C_ReadMultiBytesTwoRegs:rdata <- $r3
	@DEBUG_VALUE: I2C_ReadMultiBytesTwoRegs:i2c <- $r0
	@DEBUG_VALUE: I2C_ReadMultiBytesTwoRegs:u32TimeOutCount <- [DW_OP_constu 3, DW_OP_minus, DW_OP_stack_value] $r2
	.loc	2 1459 17                       @ ../../../../Library/StdDriver/src/i2c.c:1459:17
	cmp	r2, #3
	beq	.LBB41_10
.Ltmp467:
@ %bb.8:                                @   in Loop: Header=BB41_2 Depth=2
	@DEBUG_VALUE: I2C_ReadMultiBytesTwoRegs:u32TimeOutCount <- [DW_OP_constu 3, DW_OP_minus, DW_OP_stack_value] $r2
	@DEBUG_VALUE: I2C_ReadMultiBytesTwoRegs:u32rxLen <- $r12
	@DEBUG_VALUE: I2C_ReadMultiBytesTwoRegs:u8Ctrl <- $r11
	@DEBUG_VALUE: I2C_ReadMultiBytesTwoRegs:u8Addr <- $r1
	@DEBUG_VALUE: I2C_ReadMultiBytesTwoRegs:u8Xfering <- $r8
	@DEBUG_VALUE: I2C_ReadMultiBytesTwoRegs:u16DataAddr <- [DW_OP_LLVM_entry_value 1] $r2
	@DEBUG_VALUE: I2C_ReadMultiBytesTwoRegs:u8SlaveAddr <- [DW_OP_LLVM_entry_value 1] $r1
	@DEBUG_VALUE: I2C_ReadMultiBytesTwoRegs:u8Err <- 0
	@DEBUG_VALUE: I2C_ReadMultiBytesTwoRegs:u32rLen <- [DW_OP_plus_uconst 60] [$sp+0]
	@DEBUG_VALUE: I2C_ReadMultiBytesTwoRegs:rdata <- $r3
	@DEBUG_VALUE: I2C_ReadMultiBytesTwoRegs:i2c <- $r0
	@DEBUG_VALUE: I2C_ReadMultiBytesTwoRegs:u32TimeOutCount <- [DW_OP_constu 3, DW_OP_minus, DW_OP_stack_value] $r2
	.loc	2 1457 9                        @ ../../../../Library/StdDriver/src/i2c.c:1457:9
	ldr	r7, [r0]
	lsls	r7, r7, #28
	bmi	.LBB41_11
.Ltmp468:
@ %bb.9:                                @   in Loop: Header=BB41_2 Depth=2
	@DEBUG_VALUE: I2C_ReadMultiBytesTwoRegs:u32TimeOutCount <- [DW_OP_constu 3, DW_OP_minus, DW_OP_stack_value] $r2
	@DEBUG_VALUE: I2C_ReadMultiBytesTwoRegs:u32rxLen <- $r12
	@DEBUG_VALUE: I2C_ReadMultiBytesTwoRegs:u8Ctrl <- $r11
	@DEBUG_VALUE: I2C_ReadMultiBytesTwoRegs:u8Addr <- $r1
	@DEBUG_VALUE: I2C_ReadMultiBytesTwoRegs:u8Xfering <- $r8
	@DEBUG_VALUE: I2C_ReadMultiBytesTwoRegs:u16DataAddr <- [DW_OP_LLVM_entry_value 1] $r2
	@DEBUG_VALUE: I2C_ReadMultiBytesTwoRegs:u8SlaveAddr <- [DW_OP_LLVM_entry_value 1] $r1
	@DEBUG_VALUE: I2C_ReadMultiBytesTwoRegs:u8Err <- 0
	@DEBUG_VALUE: I2C_ReadMultiBytesTwoRegs:u32rLen <- [DW_OP_plus_uconst 60] [$sp+0]
	@DEBUG_VALUE: I2C_ReadMultiBytesTwoRegs:rdata <- $r3
	@DEBUG_VALUE: I2C_ReadMultiBytesTwoRegs:i2c <- $r0
	.loc	2 1459 17                       @ ../../../../Library/StdDriver/src/i2c.c:1459:17
	subs	r2, #4
.Ltmp469:
	@DEBUG_VALUE: I2C_ReadMultiBytesTwoRegs:u32TimeOutCount <- $r2
	.loc	2 1459 17 is_stmt 0             @ ../../../../Library/StdDriver/src/i2c.c:1459:17
	bne	.LBB41_2
.Ltmp470:
.LBB41_10:                              @   in Loop: Header=BB41_1 Depth=1
	@DEBUG_VALUE: I2C_ReadMultiBytesTwoRegs:u32rxLen <- $r12
	@DEBUG_VALUE: I2C_ReadMultiBytesTwoRegs:u8Ctrl <- $r11
	@DEBUG_VALUE: I2C_ReadMultiBytesTwoRegs:u8Addr <- $r1
	@DEBUG_VALUE: I2C_ReadMultiBytesTwoRegs:u8Xfering <- $r8
	@DEBUG_VALUE: I2C_ReadMultiBytesTwoRegs:u16DataAddr <- [DW_OP_LLVM_entry_value 1] $r2
	@DEBUG_VALUE: I2C_ReadMultiBytesTwoRegs:u8SlaveAddr <- [DW_OP_LLVM_entry_value 1] $r1
	@DEBUG_VALUE: I2C_ReadMultiBytesTwoRegs:u8Err <- 0
	@DEBUG_VALUE: I2C_ReadMultiBytesTwoRegs:u32rLen <- [DW_OP_plus_uconst 60] [$sp+0]
	@DEBUG_VALUE: I2C_ReadMultiBytesTwoRegs:rdata <- $r3
	@DEBUG_VALUE: I2C_ReadMultiBytesTwoRegs:i2c <- $r0
	.loc	2 0 17                          @ ../../../../Library/StdDriver/src/i2c.c:0:17
	movs	r2, #1
.Ltmp471:
	@DEBUG_VALUE: I2C_ReadMultiBytesTwoRegs:u8Err <- 1
	.loc	2 1461 34 is_stmt 1             @ ../../../../Library/StdDriver/src/i2c.c:1461:34
	str.w	r4, [lr]
	b	.LBB41_12
.Ltmp472:
	.loc	2 0 34 is_stmt 0                @ :0:34
.Ltmp473:
	.p2align	2
.LBB41_11:                              @   in Loop: Header=BB41_1 Depth=1
	@DEBUG_VALUE: I2C_ReadMultiBytesTwoRegs:u32rxLen <- $r12
	@DEBUG_VALUE: I2C_ReadMultiBytesTwoRegs:u8Ctrl <- $r11
	@DEBUG_VALUE: I2C_ReadMultiBytesTwoRegs:u8Addr <- $r1
	@DEBUG_VALUE: I2C_ReadMultiBytesTwoRegs:u8Xfering <- $r8
	@DEBUG_VALUE: I2C_ReadMultiBytesTwoRegs:u16DataAddr <- [DW_OP_LLVM_entry_value 1] $r2
	@DEBUG_VALUE: I2C_ReadMultiBytesTwoRegs:u8SlaveAddr <- [DW_OP_LLVM_entry_value 1] $r1
	@DEBUG_VALUE: I2C_ReadMultiBytesTwoRegs:u8Err <- 0
	@DEBUG_VALUE: I2C_ReadMultiBytesTwoRegs:u32rLen <- [DW_OP_plus_uconst 60] [$sp+0]
	@DEBUG_VALUE: I2C_ReadMultiBytesTwoRegs:rdata <- $r3
	@DEBUG_VALUE: I2C_ReadMultiBytesTwoRegs:i2c <- $r0
	movs	r2, #0
.Ltmp474:
.LBB41_12:                              @   in Loop: Header=BB41_1 Depth=1
	@DEBUG_VALUE: I2C_ReadMultiBytesTwoRegs:u32rxLen <- $r12
	@DEBUG_VALUE: I2C_ReadMultiBytesTwoRegs:u8Ctrl <- $r11
	@DEBUG_VALUE: I2C_ReadMultiBytesTwoRegs:u8Addr <- $r1
	@DEBUG_VALUE: I2C_ReadMultiBytesTwoRegs:u8Xfering <- $r8
	@DEBUG_VALUE: I2C_ReadMultiBytesTwoRegs:u16DataAddr <- [DW_OP_LLVM_entry_value 1] $r2
	@DEBUG_VALUE: I2C_ReadMultiBytesTwoRegs:u8SlaveAddr <- [DW_OP_LLVM_entry_value 1] $r1
	@DEBUG_VALUE: I2C_ReadMultiBytesTwoRegs:u32rLen <- [DW_OP_plus_uconst 60] [$sp+0]
	@DEBUG_VALUE: I2C_ReadMultiBytesTwoRegs:rdata <- $r3
	@DEBUG_VALUE: I2C_ReadMultiBytesTwoRegs:i2c <- $r0
	@DEBUG_VALUE: I2C_ReadMultiBytesTwoRegs:u8Err <- $r2
	.loc	2 1467 17 is_stmt 1             @ ../../../../Library/StdDriver/src/i2c.c:1467:17
	ldr	r7, [r0, #12]
	.loc	2 1467 9 is_stmt 0              @ ../../../../Library/StdDriver/src/i2c.c:1467:9
	subs	r7, #8
	ror.w	r7, r7, #3
	cmp	r7, #10
	bhi	.LBB41_21
.Ltmp475:
@ %bb.13:                               @   in Loop: Header=BB41_1 Depth=1
	@DEBUG_VALUE: I2C_ReadMultiBytesTwoRegs:u8Err <- $r2
	@DEBUG_VALUE: I2C_ReadMultiBytesTwoRegs:u32rxLen <- $r12
	@DEBUG_VALUE: I2C_ReadMultiBytesTwoRegs:u8Ctrl <- $r11
	@DEBUG_VALUE: I2C_ReadMultiBytesTwoRegs:u8Addr <- $r1
	@DEBUG_VALUE: I2C_ReadMultiBytesTwoRegs:u8Xfering <- $r8
	@DEBUG_VALUE: I2C_ReadMultiBytesTwoRegs:u16DataAddr <- [DW_OP_LLVM_entry_value 1] $r2
	@DEBUG_VALUE: I2C_ReadMultiBytesTwoRegs:u8SlaveAddr <- [DW_OP_LLVM_entry_value 1] $r1
	@DEBUG_VALUE: I2C_ReadMultiBytesTwoRegs:u32rLen <- [DW_OP_plus_uconst 60] [$sp+0]
	@DEBUG_VALUE: I2C_ReadMultiBytesTwoRegs:rdata <- $r3
	@DEBUG_VALUE: I2C_ReadMultiBytesTwoRegs:i2c <- $r0
	.loc	2 0 9                           @ ../../../../Library/StdDriver/src/i2c.c:0:9
	mov.w	r10, #24
	mov.w	r9, #1
	.loc	2 1467 9                        @ ../../../../Library/StdDriver/src/i2c.c:1467:9
.LCPI41_0:
	tbb	[pc, r7]
.Ltmp476:
@ %bb.14:
	.loc	2 0 9                           @ ../../../../Library/StdDriver/src/i2c.c:0:9
.LJTI41_0:
	.byte	(.LBB41_15-(.LCPI41_0+4))/2
	.byte	(.LBB41_19-(.LCPI41_0+4))/2
	.byte	(.LBB41_24-(.LCPI41_0+4))/2
	.byte	(.LBB41_27-(.LCPI41_0+4))/2
	.byte	(.LBB41_16-(.LCPI41_0+4))/2
	.byte	(.LBB41_27-(.LCPI41_0+4))/2
	.byte	(.LBB41_21-(.LCPI41_0+4))/2
	.byte	(.LBB41_18-(.LCPI41_0+4))/2
	.byte	(.LBB41_27-(.LCPI41_0+4))/2
	.byte	(.LBB41_23-(.LCPI41_0+4))/2
	.byte	(.LBB41_22-(.LCPI41_0+4))/2
	.p2align	1
.LBB41_15:                              @   in Loop: Header=BB41_1 Depth=1
.Ltmp477:
	@DEBUG_VALUE: I2C_ReadMultiBytesTwoRegs:u8Err <- $r2
	@DEBUG_VALUE: I2C_ReadMultiBytesTwoRegs:u32rxLen <- $r12
	@DEBUG_VALUE: I2C_ReadMultiBytesTwoRegs:u8Ctrl <- $r11
	@DEBUG_VALUE: I2C_ReadMultiBytesTwoRegs:u8Addr <- $r1
	@DEBUG_VALUE: I2C_ReadMultiBytesTwoRegs:u8Xfering <- $r8
	@DEBUG_VALUE: I2C_ReadMultiBytesTwoRegs:u16DataAddr <- [DW_OP_LLVM_entry_value 1] $r2
	@DEBUG_VALUE: I2C_ReadMultiBytesTwoRegs:u8SlaveAddr <- [DW_OP_LLVM_entry_value 1] $r1
	@DEBUG_VALUE: I2C_ReadMultiBytesTwoRegs:u32rLen <- [DW_OP_plus_uconst 60] [$sp+0]
	@DEBUG_VALUE: I2C_ReadMultiBytesTwoRegs:rdata <- $r3
	@DEBUG_VALUE: I2C_ReadMultiBytesTwoRegs:i2c <- $r0
	.loc	2 1470 17 is_stmt 1             @ ../../../../Library/StdDriver/src/i2c.c:1470:17
	ldr	r5, [sp, #4]                    @ 4-byte Reload
	b	.LBB41_20
.Ltmp478:
.LBB41_16:                              @   in Loop: Header=BB41_1 Depth=1
	@DEBUG_VALUE: I2C_ReadMultiBytesTwoRegs:u8Err <- $r2
	@DEBUG_VALUE: I2C_ReadMultiBytesTwoRegs:u32rxLen <- $r12
	@DEBUG_VALUE: I2C_ReadMultiBytesTwoRegs:u8Ctrl <- $r11
	@DEBUG_VALUE: I2C_ReadMultiBytesTwoRegs:u8Addr <- $r1
	@DEBUG_VALUE: I2C_ReadMultiBytesTwoRegs:u8Xfering <- $r8
	@DEBUG_VALUE: I2C_ReadMultiBytesTwoRegs:u16DataAddr <- [DW_OP_LLVM_entry_value 1] $r2
	@DEBUG_VALUE: I2C_ReadMultiBytesTwoRegs:u8SlaveAddr <- [DW_OP_LLVM_entry_value 1] $r1
	@DEBUG_VALUE: I2C_ReadMultiBytesTwoRegs:u32rLen <- [DW_OP_plus_uconst 60] [$sp+0]
	@DEBUG_VALUE: I2C_ReadMultiBytesTwoRegs:rdata <- $r3
	@DEBUG_VALUE: I2C_ReadMultiBytesTwoRegs:i2c <- $r0
	.loc	2 1485 21                       @ ../../../../Library/StdDriver/src/i2c.c:1485:21
	cbnz	r1, .LBB41_25
.Ltmp479:
@ %bb.17:                               @   in Loop: Header=BB41_1 Depth=1
	@DEBUG_VALUE: I2C_ReadMultiBytesTwoRegs:u8Err <- $r2
	@DEBUG_VALUE: I2C_ReadMultiBytesTwoRegs:u32rxLen <- $r12
	@DEBUG_VALUE: I2C_ReadMultiBytesTwoRegs:u8Ctrl <- $r11
	@DEBUG_VALUE: I2C_ReadMultiBytesTwoRegs:u8Addr <- $r1
	@DEBUG_VALUE: I2C_ReadMultiBytesTwoRegs:u8Xfering <- $r8
	@DEBUG_VALUE: I2C_ReadMultiBytesTwoRegs:u16DataAddr <- [DW_OP_LLVM_entry_value 1] $r2
	@DEBUG_VALUE: I2C_ReadMultiBytesTwoRegs:u8SlaveAddr <- [DW_OP_LLVM_entry_value 1] $r1
	@DEBUG_VALUE: I2C_ReadMultiBytesTwoRegs:u32rLen <- [DW_OP_plus_uconst 60] [$sp+0]
	@DEBUG_VALUE: I2C_ReadMultiBytesTwoRegs:rdata <- $r3
	@DEBUG_VALUE: I2C_ReadMultiBytesTwoRegs:i2c <- $r0
	.loc	2 0 21 is_stmt 0                @ ../../../../Library/StdDriver/src/i2c.c:0:21
	mov.w	r10, #40
	movs	r1, #0
.Ltmp480:
	mov	r9, r2
.Ltmp481:
	@DEBUG_VALUE: I2C_ReadMultiBytesTwoRegs:u8Err <- $r9
	@DEBUG_VALUE: I2C_ReadMultiBytesTwoRegs:u8Err <- $r9
	b	.LBB41_27
.Ltmp482:
.LBB41_18:                              @   in Loop: Header=BB41_1 Depth=1
	@DEBUG_VALUE: I2C_ReadMultiBytesTwoRegs:u8Err <- $r2
	@DEBUG_VALUE: I2C_ReadMultiBytesTwoRegs:u32rxLen <- $r12
	@DEBUG_VALUE: I2C_ReadMultiBytesTwoRegs:u8Ctrl <- $r11
	@DEBUG_VALUE: I2C_ReadMultiBytesTwoRegs:u8Addr <- $r1
	@DEBUG_VALUE: I2C_ReadMultiBytesTwoRegs:u8Xfering <- $r8
	@DEBUG_VALUE: I2C_ReadMultiBytesTwoRegs:u16DataAddr <- [DW_OP_LLVM_entry_value 1] $r2
	@DEBUG_VALUE: I2C_ReadMultiBytesTwoRegs:u8SlaveAddr <- [DW_OP_LLVM_entry_value 1] $r1
	@DEBUG_VALUE: I2C_ReadMultiBytesTwoRegs:u32rLen <- [DW_OP_plus_uconst 60] [$sp+0]
	@DEBUG_VALUE: I2C_ReadMultiBytesTwoRegs:rdata <- $r3
	@DEBUG_VALUE: I2C_ReadMultiBytesTwoRegs:i2c <- $r0
	ldr.w	r10, [sp, #16]                  @ 4-byte Reload
	mov	r9, r2
.Ltmp483:
	@DEBUG_VALUE: I2C_ReadMultiBytesTwoRegs:u8Err <- $r9
	@DEBUG_VALUE: I2C_ReadMultiBytesTwoRegs:u8Err <- $r9
	b	.LBB41_27
.Ltmp484:
.LBB41_19:                              @   in Loop: Header=BB41_1 Depth=1
	@DEBUG_VALUE: I2C_ReadMultiBytesTwoRegs:u8Err <- $r2
	@DEBUG_VALUE: I2C_ReadMultiBytesTwoRegs:u32rxLen <- $r12
	@DEBUG_VALUE: I2C_ReadMultiBytesTwoRegs:u8Ctrl <- $r11
	@DEBUG_VALUE: I2C_ReadMultiBytesTwoRegs:u8Addr <- $r1
	@DEBUG_VALUE: I2C_ReadMultiBytesTwoRegs:u8Xfering <- $r8
	@DEBUG_VALUE: I2C_ReadMultiBytesTwoRegs:u16DataAddr <- [DW_OP_LLVM_entry_value 1] $r2
	@DEBUG_VALUE: I2C_ReadMultiBytesTwoRegs:u8SlaveAddr <- [DW_OP_LLVM_entry_value 1] $r1
	@DEBUG_VALUE: I2C_ReadMultiBytesTwoRegs:u32rLen <- [DW_OP_plus_uconst 60] [$sp+0]
	@DEBUG_VALUE: I2C_ReadMultiBytesTwoRegs:rdata <- $r3
	@DEBUG_VALUE: I2C_ReadMultiBytesTwoRegs:i2c <- $r0
	.loc	2 1498 17 is_stmt 1             @ ../../../../Library/StdDriver/src/i2c.c:1498:17
	ldr	r5, [sp, #12]                   @ 4-byte Reload
.Ltmp485:
.LBB41_20:                              @   in Loop: Header=BB41_1 Depth=1
	@DEBUG_VALUE: I2C_ReadMultiBytesTwoRegs:u8Err <- $r2
	@DEBUG_VALUE: I2C_ReadMultiBytesTwoRegs:u32rxLen <- $r12
	@DEBUG_VALUE: I2C_ReadMultiBytesTwoRegs:u8Ctrl <- $r11
	@DEBUG_VALUE: I2C_ReadMultiBytesTwoRegs:u8Addr <- $r1
	@DEBUG_VALUE: I2C_ReadMultiBytesTwoRegs:u8Xfering <- $r8
	@DEBUG_VALUE: I2C_ReadMultiBytesTwoRegs:u16DataAddr <- [DW_OP_LLVM_entry_value 1] $r2
	@DEBUG_VALUE: I2C_ReadMultiBytesTwoRegs:u8SlaveAddr <- [DW_OP_LLVM_entry_value 1] $r1
	@DEBUG_VALUE: I2C_ReadMultiBytesTwoRegs:u32rLen <- [DW_OP_plus_uconst 60] [$sp+0]
	@DEBUG_VALUE: I2C_ReadMultiBytesTwoRegs:rdata <- $r3
	@DEBUG_VALUE: I2C_ReadMultiBytesTwoRegs:i2c <- $r0
	.loc	2 0 0 is_stmt 0                 @ ../../../../Library/StdDriver/src/i2c.c:0:0
	str	r5, [r0, #8]
	mov.w	r10, #8
.Ltmp486:
	@DEBUG_VALUE: I2C_ReadMultiBytesTwoRegs:u8Ctrl <- 8
	mov	r9, r2
.Ltmp487:
	@DEBUG_VALUE: I2C_ReadMultiBytesTwoRegs:u8Err <- $r9
	@DEBUG_VALUE: I2C_ReadMultiBytesTwoRegs:u8Err <- $r9
	b	.LBB41_27
.Ltmp488:
.LBB41_21:                              @   in Loop: Header=BB41_1 Depth=1
	@DEBUG_VALUE: I2C_ReadMultiBytesTwoRegs:u8Err <- $r2
	@DEBUG_VALUE: I2C_ReadMultiBytesTwoRegs:u32rxLen <- $r12
	@DEBUG_VALUE: I2C_ReadMultiBytesTwoRegs:u8Ctrl <- $r11
	@DEBUG_VALUE: I2C_ReadMultiBytesTwoRegs:u8Addr <- $r1
	@DEBUG_VALUE: I2C_ReadMultiBytesTwoRegs:u8Xfering <- $r8
	@DEBUG_VALUE: I2C_ReadMultiBytesTwoRegs:u16DataAddr <- [DW_OP_LLVM_entry_value 1] $r2
	@DEBUG_VALUE: I2C_ReadMultiBytesTwoRegs:u8SlaveAddr <- [DW_OP_LLVM_entry_value 1] $r1
	@DEBUG_VALUE: I2C_ReadMultiBytesTwoRegs:u32rLen <- [DW_OP_plus_uconst 60] [$sp+0]
	@DEBUG_VALUE: I2C_ReadMultiBytesTwoRegs:rdata <- $r3
	@DEBUG_VALUE: I2C_ReadMultiBytesTwoRegs:i2c <- $r0
	.loc	2 1541 17 is_stmt 1             @ ../../../../Library/StdDriver/src/i2c.c:1541:17
	ldr	r2, [r0]
.Ltmp489:
	movs	r5, #6
	mov.w	r10, #8
	mov.w	r9, #1
.Ltmp490:
	@DEBUG_VALUE: I2C_ReadMultiBytesTwoRegs:u8Ctrl <- 8
	@DEBUG_VALUE: I2C_ReadMultiBytesTwoRegs:u8Err <- 1
	bfi	r2, r5, #2, #4
	str	r2, [r0]
	b	.LBB41_27
.Ltmp491:
.LBB41_22:                              @   in Loop: Header=BB41_1 Depth=1
	@DEBUG_VALUE: I2C_ReadMultiBytesTwoRegs:u8Err <- $r2
	@DEBUG_VALUE: I2C_ReadMultiBytesTwoRegs:u32rxLen <- $r12
	@DEBUG_VALUE: I2C_ReadMultiBytesTwoRegs:u8Ctrl <- $r11
	@DEBUG_VALUE: I2C_ReadMultiBytesTwoRegs:u8Addr <- $r1
	@DEBUG_VALUE: I2C_ReadMultiBytesTwoRegs:u8Xfering <- $r8
	@DEBUG_VALUE: I2C_ReadMultiBytesTwoRegs:u16DataAddr <- [DW_OP_LLVM_entry_value 1] $r2
	@DEBUG_VALUE: I2C_ReadMultiBytesTwoRegs:u8SlaveAddr <- [DW_OP_LLVM_entry_value 1] $r1
	@DEBUG_VALUE: I2C_ReadMultiBytesTwoRegs:u32rLen <- [DW_OP_plus_uconst 60] [$sp+0]
	@DEBUG_VALUE: I2C_ReadMultiBytesTwoRegs:rdata <- $r3
	@DEBUG_VALUE: I2C_ReadMultiBytesTwoRegs:i2c <- $r0
	.loc	2 1534 53                       @ ../../../../Library/StdDriver/src/i2c.c:1534:53
	ldr	r5, [r0, #8]
	mov.w	r8, #0
.Ltmp492:
	@DEBUG_VALUE: I2C_ReadMultiBytesTwoRegs:u8Ctrl <- 24
	@DEBUG_VALUE: I2C_ReadMultiBytesTwoRegs:u8Xfering <- 0
	.loc	2 0 53 is_stmt 0                @ ../../../../Library/StdDriver/src/i2c.c:0:53
	mov	r9, r2
.Ltmp493:
	@DEBUG_VALUE: I2C_ReadMultiBytesTwoRegs:u8Err <- $r9
	@DEBUG_VALUE: I2C_ReadMultiBytesTwoRegs:u8Err <- $r9
	.loc	2 1534 35                       @ ../../../../Library/StdDriver/src/i2c.c:1534:35
	strb.w	r5, [r3, r12]
	.loc	2 1534 31                       @ ../../../../Library/StdDriver/src/i2c.c:1534:31
	add.w	r12, r12, #1
.Ltmp494:
	@DEBUG_VALUE: I2C_ReadMultiBytesTwoRegs:u32rxLen <- $r12
	.loc	2 1537 17 is_stmt 1             @ ../../../../Library/StdDriver/src/i2c.c:1537:17
	b	.LBB41_27
.Ltmp495:
.LBB41_23:                              @   in Loop: Header=BB41_1 Depth=1
	@DEBUG_VALUE: I2C_ReadMultiBytesTwoRegs:u8Err <- $r2
	@DEBUG_VALUE: I2C_ReadMultiBytesTwoRegs:u32rxLen <- $r12
	@DEBUG_VALUE: I2C_ReadMultiBytesTwoRegs:u8Ctrl <- $r11
	@DEBUG_VALUE: I2C_ReadMultiBytesTwoRegs:u8Addr <- $r1
	@DEBUG_VALUE: I2C_ReadMultiBytesTwoRegs:u8Xfering <- $r8
	@DEBUG_VALUE: I2C_ReadMultiBytesTwoRegs:u16DataAddr <- [DW_OP_LLVM_entry_value 1] $r2
	@DEBUG_VALUE: I2C_ReadMultiBytesTwoRegs:u8SlaveAddr <- [DW_OP_LLVM_entry_value 1] $r1
	@DEBUG_VALUE: I2C_ReadMultiBytesTwoRegs:u32rLen <- [DW_OP_plus_uconst 60] [$sp+0]
	@DEBUG_VALUE: I2C_ReadMultiBytesTwoRegs:rdata <- $r3
	@DEBUG_VALUE: I2C_ReadMultiBytesTwoRegs:i2c <- $r0
	.loc	2 1520 53                       @ ../../../../Library/StdDriver/src/i2c.c:1520:53
	ldr	r5, [r0, #8]
	mov.w	r10, #8
	mov	r9, r2
.Ltmp496:
	@DEBUG_VALUE: I2C_ReadMultiBytesTwoRegs:u8Err <- $r9
	@DEBUG_VALUE: I2C_ReadMultiBytesTwoRegs:u8Err <- $r9
	.loc	2 1520 35 is_stmt 0             @ ../../../../Library/StdDriver/src/i2c.c:1520:35
	strb.w	r5, [r3, r12]
	.loc	2 1520 31                       @ ../../../../Library/StdDriver/src/i2c.c:1520:31
	add.w	r12, r12, #1
.Ltmp497:
	@DEBUG_VALUE: I2C_ReadMultiBytesTwoRegs:u32rxLen <- $r12
	.loc	2 0 31                          @ ../../../../Library/StdDriver/src/i2c.c:0:31
	ldr	r5, [sp, #20]                   @ 4-byte Reload
	cmp	r12, r5
	it	lo
	movlo.w	r10, #12
	.loc	2 1537 17 is_stmt 1             @ ../../../../Library/StdDriver/src/i2c.c:1537:17
	b	.LBB41_27
.Ltmp498:
.LBB41_24:                              @   in Loop: Header=BB41_1 Depth=1
	@DEBUG_VALUE: I2C_ReadMultiBytesTwoRegs:u8Err <- $r2
	@DEBUG_VALUE: I2C_ReadMultiBytesTwoRegs:u32rxLen <- $r12
	@DEBUG_VALUE: I2C_ReadMultiBytesTwoRegs:u8Ctrl <- $r11
	@DEBUG_VALUE: I2C_ReadMultiBytesTwoRegs:u8Addr <- $r1
	@DEBUG_VALUE: I2C_ReadMultiBytesTwoRegs:u8Xfering <- $r8
	@DEBUG_VALUE: I2C_ReadMultiBytesTwoRegs:u16DataAddr <- [DW_OP_LLVM_entry_value 1] $r2
	@DEBUG_VALUE: I2C_ReadMultiBytesTwoRegs:u8SlaveAddr <- [DW_OP_LLVM_entry_value 1] $r1
	@DEBUG_VALUE: I2C_ReadMultiBytesTwoRegs:u32rLen <- [DW_OP_plus_uconst 60] [$sp+0]
	@DEBUG_VALUE: I2C_ReadMultiBytesTwoRegs:rdata <- $r3
	@DEBUG_VALUE: I2C_ReadMultiBytesTwoRegs:i2c <- $r0
	.loc	2 1475 17                       @ ../../../../Library/StdDriver/src/i2c.c:1475:17
	ldr	r5, [sp, #8]                    @ 4-byte Reload
	str	r5, [r0, #8]
	b	.LBB41_26
.Ltmp499:
.LBB41_25:                              @   in Loop: Header=BB41_1 Depth=1
	@DEBUG_VALUE: I2C_ReadMultiBytesTwoRegs:u8Err <- $r2
	@DEBUG_VALUE: I2C_ReadMultiBytesTwoRegs:u32rxLen <- $r12
	@DEBUG_VALUE: I2C_ReadMultiBytesTwoRegs:u8Ctrl <- $r11
	@DEBUG_VALUE: I2C_ReadMultiBytesTwoRegs:u8Addr <- $r1
	@DEBUG_VALUE: I2C_ReadMultiBytesTwoRegs:u8Xfering <- $r8
	@DEBUG_VALUE: I2C_ReadMultiBytesTwoRegs:u16DataAddr <- [DW_OP_LLVM_entry_value 1] $r2
	@DEBUG_VALUE: I2C_ReadMultiBytesTwoRegs:u8SlaveAddr <- [DW_OP_LLVM_entry_value 1] $r1
	@DEBUG_VALUE: I2C_ReadMultiBytesTwoRegs:u32rLen <- [DW_OP_plus_uconst 60] [$sp+0]
	@DEBUG_VALUE: I2C_ReadMultiBytesTwoRegs:rdata <- $r3
	@DEBUG_VALUE: I2C_ReadMultiBytesTwoRegs:i2c <- $r0
	.loc	2 1487 21                       @ ../../../../Library/StdDriver/src/i2c.c:1487:21
	ldr	r1, [sp]                        @ 4-byte Reload
.Ltmp500:
	str	r1, [r0, #8]
	movs	r1, #0
.Ltmp501:
	@DEBUG_VALUE: I2C_ReadMultiBytesTwoRegs:u8Addr <- 0
.LBB41_26:                              @   in Loop: Header=BB41_1 Depth=1
	@DEBUG_VALUE: I2C_ReadMultiBytesTwoRegs:u8Err <- $r2
	@DEBUG_VALUE: I2C_ReadMultiBytesTwoRegs:u32rxLen <- $r12
	@DEBUG_VALUE: I2C_ReadMultiBytesTwoRegs:u8Ctrl <- $r11
	@DEBUG_VALUE: I2C_ReadMultiBytesTwoRegs:u8Xfering <- $r8
	@DEBUG_VALUE: I2C_ReadMultiBytesTwoRegs:u16DataAddr <- [DW_OP_LLVM_entry_value 1] $r2
	@DEBUG_VALUE: I2C_ReadMultiBytesTwoRegs:u8SlaveAddr <- [DW_OP_LLVM_entry_value 1] $r1
	@DEBUG_VALUE: I2C_ReadMultiBytesTwoRegs:u32rLen <- [DW_OP_plus_uconst 60] [$sp+0]
	@DEBUG_VALUE: I2C_ReadMultiBytesTwoRegs:rdata <- $r3
	@DEBUG_VALUE: I2C_ReadMultiBytesTwoRegs:i2c <- $r0
	.loc	2 0 21 is_stmt 0                @ ../../../../Library/StdDriver/src/i2c.c:0:21
	mov	r9, r2
.Ltmp502:
	@DEBUG_VALUE: I2C_ReadMultiBytesTwoRegs:u8Err <- $r9
	@DEBUG_VALUE: I2C_ReadMultiBytesTwoRegs:u8Err <- $r9
	mov	r10, r11
.Ltmp503:
	@DEBUG_VALUE: I2C_ReadMultiBytesTwoRegs:u8Ctrl <- $r10
	@DEBUG_VALUE: I2C_ReadMultiBytesTwoRegs:u8Ctrl <- $r10
	.p2align	2
.LBB41_27:                              @   in Loop: Header=BB41_1 Depth=1
	@DEBUG_VALUE: I2C_ReadMultiBytesTwoRegs:u32rxLen <- $r12
	@DEBUG_VALUE: I2C_ReadMultiBytesTwoRegs:u16DataAddr <- [DW_OP_LLVM_entry_value 1] $r2
	@DEBUG_VALUE: I2C_ReadMultiBytesTwoRegs:u8SlaveAddr <- [DW_OP_LLVM_entry_value 1] $r1
	@DEBUG_VALUE: I2C_ReadMultiBytesTwoRegs:u32rLen <- [DW_OP_plus_uconst 60] [$sp+0]
	@DEBUG_VALUE: I2C_ReadMultiBytesTwoRegs:rdata <- $r3
	@DEBUG_VALUE: I2C_ReadMultiBytesTwoRegs:i2c <- $r0
	@DEBUG_VALUE: I2C_ReadMultiBytesTwoRegs:u8Xfering <- $r8
	@DEBUG_VALUE: I2C_ReadMultiBytesTwoRegs:u8Err <- $r9
	@DEBUG_VALUE: I2C_ReadMultiBytesTwoRegs:u8Addr <- $r1
	@DEBUG_VALUE: I2C_ReadMultiBytesTwoRegs:u8Ctrl <- $r10
	@DEBUG_VALUE: I2C_ReadMultiBytesTwoRegs:u32rxLen <- $r12
	.loc	2 1547 9 is_stmt 1              @ ../../../../Library/StdDriver/src/i2c.c:1547:9
	ldr	r2, [r0]
	uxtb.w	r5, r10
.Ltmp504:
	.loc	2 1454 5                        @ ../../../../Library/StdDriver/src/i2c.c:1454:5
	cmp.w	r8, #0
.Ltmp505:
	.loc	2 1547 9                        @ ../../../../Library/StdDriver/src/i2c.c:1547:9
	bic	r2, r2, #60
	orr.w	r2, r2, r5
	str	r2, [r0]
.Ltmp506:
	.loc	2 1454 5                        @ ../../../../Library/StdDriver/src/i2c.c:1454:5
	beq	.LBB41_29
.Ltmp507:
@ %bb.28:                               @   in Loop: Header=BB41_1 Depth=1
	@DEBUG_VALUE: I2C_ReadMultiBytesTwoRegs:u8Ctrl <- $r10
	@DEBUG_VALUE: I2C_ReadMultiBytesTwoRegs:u8Err <- $r9
	@DEBUG_VALUE: I2C_ReadMultiBytesTwoRegs:u32rxLen <- $r12
	@DEBUG_VALUE: I2C_ReadMultiBytesTwoRegs:u8Addr <- $r1
	@DEBUG_VALUE: I2C_ReadMultiBytesTwoRegs:u8Xfering <- $r8
	@DEBUG_VALUE: I2C_ReadMultiBytesTwoRegs:u16DataAddr <- [DW_OP_LLVM_entry_value 1] $r2
	@DEBUG_VALUE: I2C_ReadMultiBytesTwoRegs:u8SlaveAddr <- [DW_OP_LLVM_entry_value 1] $r1
	@DEBUG_VALUE: I2C_ReadMultiBytesTwoRegs:u32rLen <- [DW_OP_plus_uconst 60] [$sp+0]
	@DEBUG_VALUE: I2C_ReadMultiBytesTwoRegs:rdata <- $r3
	@DEBUG_VALUE: I2C_ReadMultiBytesTwoRegs:i2c <- $r0
	cmp.w	r9, #0
	mov	r11, r10
.Ltmp508:
	@DEBUG_VALUE: I2C_ReadMultiBytesTwoRegs:u8Ctrl <- $r11
	beq.w	.LBB41_1
.Ltmp509:
.LBB41_29:
	@DEBUG_VALUE: I2C_ReadMultiBytesTwoRegs:u8Err <- $r9
	@DEBUG_VALUE: I2C_ReadMultiBytesTwoRegs:u32rxLen <- $r12
	@DEBUG_VALUE: I2C_ReadMultiBytesTwoRegs:u8Addr <- $r1
	@DEBUG_VALUE: I2C_ReadMultiBytesTwoRegs:u8Xfering <- $r8
	@DEBUG_VALUE: I2C_ReadMultiBytesTwoRegs:u16DataAddr <- [DW_OP_LLVM_entry_value 1] $r2
	@DEBUG_VALUE: I2C_ReadMultiBytesTwoRegs:u8SlaveAddr <- [DW_OP_LLVM_entry_value 1] $r1
	@DEBUG_VALUE: I2C_ReadMultiBytesTwoRegs:u32rLen <- [DW_OP_plus_uconst 60] [$sp+0]
	@DEBUG_VALUE: I2C_ReadMultiBytesTwoRegs:rdata <- $r3
	@DEBUG_VALUE: I2C_ReadMultiBytesTwoRegs:i2c <- $r0
	.loc	2 1550 23                       @ ../../../../Library/StdDriver/src/i2c.c:1550:23
	ldr	r1, [r6]
.Ltmp510:
	@DEBUG_VALUE: I2C_ReadMultiBytesTwoRegs:u32TimeOutCount <- $r1
.LBB41_30:                              @ =>This Inner Loop Header: Depth=1
	@DEBUG_VALUE: I2C_ReadMultiBytesTwoRegs:u32TimeOutCount <- $r1
	@DEBUG_VALUE: I2C_ReadMultiBytesTwoRegs:u8Err <- $r9
	@DEBUG_VALUE: I2C_ReadMultiBytesTwoRegs:u32rxLen <- $r12
	@DEBUG_VALUE: I2C_ReadMultiBytesTwoRegs:u8Xfering <- $r8
	@DEBUG_VALUE: I2C_ReadMultiBytesTwoRegs:u16DataAddr <- [DW_OP_LLVM_entry_value 1] $r2
	@DEBUG_VALUE: I2C_ReadMultiBytesTwoRegs:u8SlaveAddr <- [DW_OP_LLVM_entry_value 1] $r1
	@DEBUG_VALUE: I2C_ReadMultiBytesTwoRegs:u32rLen <- [DW_OP_plus_uconst 60] [$sp+0]
	@DEBUG_VALUE: I2C_ReadMultiBytesTwoRegs:rdata <- $r3
	@DEBUG_VALUE: I2C_ReadMultiBytesTwoRegs:i2c <- $r0
	@DEBUG_VALUE: I2C_ReadMultiBytesTwoRegs:u32TimeOutCount <- $r1
	.loc	2 1552 19                       @ ../../../../Library/StdDriver/src/i2c.c:1552:19
	ldr	r2, [r0]
	.loc	2 1552 5 is_stmt 0              @ ../../../../Library/StdDriver/src/i2c.c:1552:5
	lsls	r2, r2, #27
	bpl	.LBB41_39
.Ltmp511:
@ %bb.31:                               @   in Loop: Header=BB41_30 Depth=1
	@DEBUG_VALUE: I2C_ReadMultiBytesTwoRegs:u32TimeOutCount <- $r1
	@DEBUG_VALUE: I2C_ReadMultiBytesTwoRegs:u8Err <- $r9
	@DEBUG_VALUE: I2C_ReadMultiBytesTwoRegs:u32rxLen <- $r12
	@DEBUG_VALUE: I2C_ReadMultiBytesTwoRegs:u8Xfering <- $r8
	@DEBUG_VALUE: I2C_ReadMultiBytesTwoRegs:u16DataAddr <- [DW_OP_LLVM_entry_value 1] $r2
	@DEBUG_VALUE: I2C_ReadMultiBytesTwoRegs:u8SlaveAddr <- [DW_OP_LLVM_entry_value 1] $r1
	@DEBUG_VALUE: I2C_ReadMultiBytesTwoRegs:u32rLen <- [DW_OP_plus_uconst 60] [$sp+0]
	@DEBUG_VALUE: I2C_ReadMultiBytesTwoRegs:rdata <- $r3
	@DEBUG_VALUE: I2C_ReadMultiBytesTwoRegs:i2c <- $r0
	@DEBUG_VALUE: I2C_ReadMultiBytesTwoRegs:u32TimeOutCount <- [DW_OP_constu 1, DW_OP_minus, DW_OP_stack_value] $r1
	.loc	2 1556 13 is_stmt 1             @ ../../../../Library/StdDriver/src/i2c.c:1556:13
	cmp	r1, #1
	beq	.LBB41_38
.Ltmp512:
@ %bb.32:                               @   in Loop: Header=BB41_30 Depth=1
	@DEBUG_VALUE: I2C_ReadMultiBytesTwoRegs:u32TimeOutCount <- [DW_OP_constu 1, DW_OP_minus, DW_OP_stack_value] $r1
	@DEBUG_VALUE: I2C_ReadMultiBytesTwoRegs:u8Err <- $r9
	@DEBUG_VALUE: I2C_ReadMultiBytesTwoRegs:u32rxLen <- $r12
	@DEBUG_VALUE: I2C_ReadMultiBytesTwoRegs:u8Xfering <- $r8
	@DEBUG_VALUE: I2C_ReadMultiBytesTwoRegs:u16DataAddr <- [DW_OP_LLVM_entry_value 1] $r2
	@DEBUG_VALUE: I2C_ReadMultiBytesTwoRegs:u8SlaveAddr <- [DW_OP_LLVM_entry_value 1] $r1
	@DEBUG_VALUE: I2C_ReadMultiBytesTwoRegs:u32rLen <- [DW_OP_plus_uconst 60] [$sp+0]
	@DEBUG_VALUE: I2C_ReadMultiBytesTwoRegs:rdata <- $r3
	@DEBUG_VALUE: I2C_ReadMultiBytesTwoRegs:i2c <- $r0
	@DEBUG_VALUE: I2C_ReadMultiBytesTwoRegs:u32TimeOutCount <- [DW_OP_constu 1, DW_OP_minus, DW_OP_stack_value] $r1
	.loc	2 1552 19                       @ ../../../../Library/StdDriver/src/i2c.c:1552:19
	ldr	r2, [r0]
	.loc	2 1552 5 is_stmt 0              @ ../../../../Library/StdDriver/src/i2c.c:1552:5
	lsls	r2, r2, #27
	bpl	.LBB41_39
.Ltmp513:
@ %bb.33:                               @   in Loop: Header=BB41_30 Depth=1
	@DEBUG_VALUE: I2C_ReadMultiBytesTwoRegs:u32TimeOutCount <- [DW_OP_constu 1, DW_OP_minus, DW_OP_stack_value] $r1
	@DEBUG_VALUE: I2C_ReadMultiBytesTwoRegs:u8Err <- $r9
	@DEBUG_VALUE: I2C_ReadMultiBytesTwoRegs:u32rxLen <- $r12
	@DEBUG_VALUE: I2C_ReadMultiBytesTwoRegs:u8Xfering <- $r8
	@DEBUG_VALUE: I2C_ReadMultiBytesTwoRegs:u16DataAddr <- [DW_OP_LLVM_entry_value 1] $r2
	@DEBUG_VALUE: I2C_ReadMultiBytesTwoRegs:u8SlaveAddr <- [DW_OP_LLVM_entry_value 1] $r1
	@DEBUG_VALUE: I2C_ReadMultiBytesTwoRegs:u32rLen <- [DW_OP_plus_uconst 60] [$sp+0]
	@DEBUG_VALUE: I2C_ReadMultiBytesTwoRegs:rdata <- $r3
	@DEBUG_VALUE: I2C_ReadMultiBytesTwoRegs:i2c <- $r0
	@DEBUG_VALUE: I2C_ReadMultiBytesTwoRegs:u32TimeOutCount <- [DW_OP_constu 2, DW_OP_minus, DW_OP_stack_value] $r1
	.loc	2 1556 13 is_stmt 1             @ ../../../../Library/StdDriver/src/i2c.c:1556:13
	cmp	r1, #2
	beq	.LBB41_38
.Ltmp514:
@ %bb.34:                               @   in Loop: Header=BB41_30 Depth=1
	@DEBUG_VALUE: I2C_ReadMultiBytesTwoRegs:u32TimeOutCount <- [DW_OP_constu 2, DW_OP_minus, DW_OP_stack_value] $r1
	@DEBUG_VALUE: I2C_ReadMultiBytesTwoRegs:u8Err <- $r9
	@DEBUG_VALUE: I2C_ReadMultiBytesTwoRegs:u32rxLen <- $r12
	@DEBUG_VALUE: I2C_ReadMultiBytesTwoRegs:u8Xfering <- $r8
	@DEBUG_VALUE: I2C_ReadMultiBytesTwoRegs:u16DataAddr <- [DW_OP_LLVM_entry_value 1] $r2
	@DEBUG_VALUE: I2C_ReadMultiBytesTwoRegs:u8SlaveAddr <- [DW_OP_LLVM_entry_value 1] $r1
	@DEBUG_VALUE: I2C_ReadMultiBytesTwoRegs:u32rLen <- [DW_OP_plus_uconst 60] [$sp+0]
	@DEBUG_VALUE: I2C_ReadMultiBytesTwoRegs:rdata <- $r3
	@DEBUG_VALUE: I2C_ReadMultiBytesTwoRegs:i2c <- $r0
	@DEBUG_VALUE: I2C_ReadMultiBytesTwoRegs:u32TimeOutCount <- [DW_OP_constu 2, DW_OP_minus, DW_OP_stack_value] $r1
	.loc	2 1552 19                       @ ../../../../Library/StdDriver/src/i2c.c:1552:19
	ldr	r2, [r0]
	.loc	2 1552 5 is_stmt 0              @ ../../../../Library/StdDriver/src/i2c.c:1552:5
	lsls	r2, r2, #27
	bpl	.LBB41_39
.Ltmp515:
@ %bb.35:                               @   in Loop: Header=BB41_30 Depth=1
	@DEBUG_VALUE: I2C_ReadMultiBytesTwoRegs:u32TimeOutCount <- [DW_OP_constu 2, DW_OP_minus, DW_OP_stack_value] $r1
	@DEBUG_VALUE: I2C_ReadMultiBytesTwoRegs:u8Err <- $r9
	@DEBUG_VALUE: I2C_ReadMultiBytesTwoRegs:u32rxLen <- $r12
	@DEBUG_VALUE: I2C_ReadMultiBytesTwoRegs:u8Xfering <- $r8
	@DEBUG_VALUE: I2C_ReadMultiBytesTwoRegs:u16DataAddr <- [DW_OP_LLVM_entry_value 1] $r2
	@DEBUG_VALUE: I2C_ReadMultiBytesTwoRegs:u8SlaveAddr <- [DW_OP_LLVM_entry_value 1] $r1
	@DEBUG_VALUE: I2C_ReadMultiBytesTwoRegs:u32rLen <- [DW_OP_plus_uconst 60] [$sp+0]
	@DEBUG_VALUE: I2C_ReadMultiBytesTwoRegs:rdata <- $r3
	@DEBUG_VALUE: I2C_ReadMultiBytesTwoRegs:i2c <- $r0
	@DEBUG_VALUE: I2C_ReadMultiBytesTwoRegs:u32TimeOutCount <- [DW_OP_constu 3, DW_OP_minus, DW_OP_stack_value] $r1
	.loc	2 1556 13 is_stmt 1             @ ../../../../Library/StdDriver/src/i2c.c:1556:13
	cmp	r1, #3
	beq	.LBB41_38
.Ltmp516:
@ %bb.36:                               @   in Loop: Header=BB41_30 Depth=1
	@DEBUG_VALUE: I2C_ReadMultiBytesTwoRegs:u32TimeOutCount <- [DW_OP_constu 3, DW_OP_minus, DW_OP_stack_value] $r1
	@DEBUG_VALUE: I2C_ReadMultiBytesTwoRegs:u8Err <- $r9
	@DEBUG_VALUE: I2C_ReadMultiBytesTwoRegs:u32rxLen <- $r12
	@DEBUG_VALUE: I2C_ReadMultiBytesTwoRegs:u8Xfering <- $r8
	@DEBUG_VALUE: I2C_ReadMultiBytesTwoRegs:u16DataAddr <- [DW_OP_LLVM_entry_value 1] $r2
	@DEBUG_VALUE: I2C_ReadMultiBytesTwoRegs:u8SlaveAddr <- [DW_OP_LLVM_entry_value 1] $r1
	@DEBUG_VALUE: I2C_ReadMultiBytesTwoRegs:u32rLen <- [DW_OP_plus_uconst 60] [$sp+0]
	@DEBUG_VALUE: I2C_ReadMultiBytesTwoRegs:rdata <- $r3
	@DEBUG_VALUE: I2C_ReadMultiBytesTwoRegs:i2c <- $r0
	@DEBUG_VALUE: I2C_ReadMultiBytesTwoRegs:u32TimeOutCount <- [DW_OP_constu 3, DW_OP_minus, DW_OP_stack_value] $r1
	.loc	2 1552 19                       @ ../../../../Library/StdDriver/src/i2c.c:1552:19
	ldr	r2, [r0]
	.loc	2 1552 5 is_stmt 0              @ ../../../../Library/StdDriver/src/i2c.c:1552:5
	lsls	r2, r2, #27
	bpl	.LBB41_39
.Ltmp517:
@ %bb.37:                               @   in Loop: Header=BB41_30 Depth=1
	@DEBUG_VALUE: I2C_ReadMultiBytesTwoRegs:u32TimeOutCount <- [DW_OP_constu 3, DW_OP_minus, DW_OP_stack_value] $r1
	@DEBUG_VALUE: I2C_ReadMultiBytesTwoRegs:u8Err <- $r9
	@DEBUG_VALUE: I2C_ReadMultiBytesTwoRegs:u32rxLen <- $r12
	@DEBUG_VALUE: I2C_ReadMultiBytesTwoRegs:u8Xfering <- $r8
	@DEBUG_VALUE: I2C_ReadMultiBytesTwoRegs:u16DataAddr <- [DW_OP_LLVM_entry_value 1] $r2
	@DEBUG_VALUE: I2C_ReadMultiBytesTwoRegs:u8SlaveAddr <- [DW_OP_LLVM_entry_value 1] $r1
	@DEBUG_VALUE: I2C_ReadMultiBytesTwoRegs:u32rLen <- [DW_OP_plus_uconst 60] [$sp+0]
	@DEBUG_VALUE: I2C_ReadMultiBytesTwoRegs:rdata <- $r3
	@DEBUG_VALUE: I2C_ReadMultiBytesTwoRegs:i2c <- $r0
	.loc	2 1554 24 is_stmt 1             @ ../../../../Library/StdDriver/src/i2c.c:1554:24
	subs	r1, #4
.Ltmp518:
	@DEBUG_VALUE: I2C_ReadMultiBytesTwoRegs:u32TimeOutCount <- $r1
	.loc	2 1556 13                       @ ../../../../Library/StdDriver/src/i2c.c:1556:13
	bne	.LBB41_30
.Ltmp519:
.LBB41_38:
	@DEBUG_VALUE: I2C_ReadMultiBytesTwoRegs:u8Err <- $r9
	@DEBUG_VALUE: I2C_ReadMultiBytesTwoRegs:u32rxLen <- $r12
	@DEBUG_VALUE: I2C_ReadMultiBytesTwoRegs:u8Xfering <- $r8
	@DEBUG_VALUE: I2C_ReadMultiBytesTwoRegs:u16DataAddr <- [DW_OP_LLVM_entry_value 1] $r2
	@DEBUG_VALUE: I2C_ReadMultiBytesTwoRegs:u8SlaveAddr <- [DW_OP_LLVM_entry_value 1] $r1
	@DEBUG_VALUE: I2C_ReadMultiBytesTwoRegs:u32rLen <- [DW_OP_plus_uconst 60] [$sp+0]
	@DEBUG_VALUE: I2C_ReadMultiBytesTwoRegs:rdata <- $r3
	@DEBUG_VALUE: I2C_ReadMultiBytesTwoRegs:i2c <- $r0
	.loc	2 0 13 is_stmt 0                @ ../../../../Library/StdDriver/src/i2c.c:0:13
	mvn	r0, #1
.Ltmp520:
	@DEBUG_VALUE: I2C_ReadMultiBytesTwoRegs:i2c <- [DW_OP_LLVM_entry_value 1] $r0
	.loc	2 1558 30 is_stmt 1             @ ../../../../Library/StdDriver/src/i2c.c:1558:30
	str.w	r0, [lr]
.Ltmp521:
	@DEBUG_VALUE: I2C_ReadMultiBytesTwoRegs:u8Err <- 1
.LBB41_39:
	@DEBUG_VALUE: I2C_ReadMultiBytesTwoRegs:u32rxLen <- $r12
	@DEBUG_VALUE: I2C_ReadMultiBytesTwoRegs:u8Xfering <- $r8
	@DEBUG_VALUE: I2C_ReadMultiBytesTwoRegs:u16DataAddr <- [DW_OP_LLVM_entry_value 1] $r2
	@DEBUG_VALUE: I2C_ReadMultiBytesTwoRegs:u8SlaveAddr <- [DW_OP_LLVM_entry_value 1] $r1
	@DEBUG_VALUE: I2C_ReadMultiBytesTwoRegs:u32rLen <- [DW_OP_plus_uconst 60] [$sp+0]
	@DEBUG_VALUE: I2C_ReadMultiBytesTwoRegs:rdata <- $r3
	.loc	2 1564 5                        @ ../../../../Library/StdDriver/src/i2c.c:1564:5
	mov	r0, r12
	.loc	2 1564 5 epilogue_begin is_stmt 0 @ ../../../../Library/StdDriver/src/i2c.c:1564:5
	add	sp, #24
	pop.w	{r4, r5, r6, r7, r8, r9, r10, r11, pc}
.Ltmp522:
.Lfunc_end41:
	.size	I2C_ReadMultiBytesTwoRegs, .Lfunc_end41-I2C_ReadMultiBytesTwoRegs
	.cfi_endproc
	.cantunwind
	.fnend
                                        @ -- End function
	.hidden	g_I2C_i32ErrCode                @ @g_I2C_i32ErrCode
	.type	g_I2C_i32ErrCode,%object
	.section	.bss.g_I2C_i32ErrCode,"aw",%nobits
	.globl	g_I2C_i32ErrCode
	.p2align	2, 0x0
g_I2C_i32ErrCode:
	.long	0                               @ 0x0
	.size	g_I2C_i32ErrCode, 4

	.section	.debug_loc,"",%progbits
.Ldebug_loc0:
	.long	-1
	.long	.Lfunc_begin0                   @   base address
	.long	.Lfunc_begin0-.Lfunc_begin0
	.long	.Ltmp0-.Lfunc_begin0
	.short	1                               @ Loc expr size
	.byte	80                              @ DW_OP_reg0
	.long	.Ltmp0-.Lfunc_begin0
	.long	.Ltmp9-.Lfunc_begin0
	.short	1                               @ Loc expr size
	.byte	84                              @ DW_OP_reg4
	.long	0
	.long	0
.Ldebug_loc1:
	.long	-1
	.long	.Lfunc_begin0                   @   base address
	.long	.Lfunc_begin0-.Lfunc_begin0
	.long	.Ltmp1-.Lfunc_begin0
	.short	1                               @ Loc expr size
	.byte	81                              @ DW_OP_reg1
	.long	.Ltmp1-.Lfunc_begin0
	.long	.Ltmp9-.Lfunc_begin0
	.short	1                               @ Loc expr size
	.byte	85                              @ DW_OP_reg5
	.long	0
	.long	0
.Ldebug_loc2:
	.long	-1
	.long	.Lfunc_begin0                   @   base address
	.long	.Ltmp3-.Lfunc_begin0
	.long	.Ltmp4-.Lfunc_begin0
	.short	1                               @ Loc expr size
	.byte	80                              @ DW_OP_reg0
	.long	.Ltmp5-.Lfunc_begin0
	.long	.Ltmp8-.Lfunc_begin0
	.short	1                               @ Loc expr size
	.byte	80                              @ DW_OP_reg0
	.long	0
	.long	0
.Ldebug_loc3:
	.long	-1
	.long	.Lfunc_begin0                   @   base address
	.long	.Ltmp6-.Lfunc_begin0
	.long	.Ltmp7-.Lfunc_begin0
	.short	1                               @ Loc expr size
	.byte	81                              @ DW_OP_reg1
	.long	0
	.long	0
.Ldebug_loc4:
	.long	-1
	.long	.Lfunc_begin1                   @   base address
	.long	.Lfunc_begin1-.Lfunc_begin1
	.long	.Ltmp43-.Lfunc_begin1
	.short	1                               @ Loc expr size
	.byte	80                              @ DW_OP_reg0
	.long	.Ltmp43-.Lfunc_begin1
	.long	.Lfunc_end1-.Lfunc_begin1
	.short	4                               @ Loc expr size
	.byte	243                             @ DW_OP_GNU_entry_value
	.byte	1                               @ 1
	.byte	80                              @ DW_OP_reg0
	.byte	159                             @ DW_OP_stack_value
	.long	0
	.long	0
.Ldebug_loc5:
	.long	-1
	.long	.Lfunc_begin1                   @   base address
	.long	.Ltmp13-.Lfunc_begin1
	.long	.Ltmp15-.Lfunc_begin1
	.short	1                               @ Loc expr size
	.byte	83                              @ DW_OP_reg3
	.long	.Ltmp15-.Lfunc_begin1
	.long	.Ltmp19-.Lfunc_begin1
	.short	3                               @ Loc expr size
	.byte	115                             @ DW_OP_breg3
	.byte	127                             @ -1
	.byte	159                             @ DW_OP_stack_value
	.long	.Ltmp19-.Lfunc_begin1
	.long	.Ltmp23-.Lfunc_begin1
	.short	3                               @ Loc expr size
	.byte	115                             @ DW_OP_breg3
	.byte	126                             @ -2
	.byte	159                             @ DW_OP_stack_value
	.long	.Ltmp23-.Lfunc_begin1
	.long	.Ltmp27-.Lfunc_begin1
	.short	3                               @ Loc expr size
	.byte	115                             @ DW_OP_breg3
	.byte	125                             @ -3
	.byte	159                             @ DW_OP_stack_value
	.long	.Ltmp27-.Lfunc_begin1
	.long	.Ltmp30-.Lfunc_begin1
	.short	1                               @ Loc expr size
	.byte	83                              @ DW_OP_reg3
	.long	0
	.long	0
.Ldebug_loc6:
	.long	-1
	.long	.Lfunc_begin3                   @   base address
	.long	.Lfunc_begin3-.Lfunc_begin3
	.long	.Ltmp48-.Lfunc_begin3
	.short	1                               @ Loc expr size
	.byte	81                              @ DW_OP_reg1
	.long	.Ltmp48-.Lfunc_begin3
	.long	.Lfunc_end3-.Lfunc_begin3
	.short	4                               @ Loc expr size
	.byte	243                             @ DW_OP_GNU_entry_value
	.byte	1                               @ 1
	.byte	81                              @ DW_OP_reg1
	.byte	159                             @ DW_OP_stack_value
	.long	0
	.long	0
.Ldebug_loc7:
	.long	-1
	.long	.Lfunc_begin3                   @   base address
	.long	.Lfunc_begin3-.Lfunc_begin3
	.long	.Ltmp52-.Lfunc_begin3
	.short	1                               @ Loc expr size
	.byte	82                              @ DW_OP_reg2
	.long	.Ltmp52-.Lfunc_begin3
	.long	.Lfunc_end3-.Lfunc_begin3
	.short	4                               @ Loc expr size
	.byte	243                             @ DW_OP_GNU_entry_value
	.byte	1                               @ 1
	.byte	82                              @ DW_OP_reg2
	.byte	159                             @ DW_OP_stack_value
	.long	0
	.long	0
.Ldebug_loc8:
	.long	-1
	.long	.Lfunc_begin3                   @   base address
	.long	.Ltmp48-.Lfunc_begin3
	.long	.Ltmp49-.Lfunc_begin3
	.short	1                               @ Loc expr size
	.byte	81                              @ DW_OP_reg1
	.long	.Ltmp50-.Lfunc_begin3
	.long	.Ltmp51-.Lfunc_begin3
	.short	2                               @ Loc expr size
	.byte	48                              @ DW_OP_lit0
	.byte	159                             @ DW_OP_stack_value
	.long	.Ltmp51-.Lfunc_begin3
	.long	.Ltmp55-.Lfunc_begin3
	.short	1                               @ Loc expr size
	.byte	81                              @ DW_OP_reg1
	.long	0
	.long	0
.Ldebug_loc9:
	.long	-1
	.long	.Lfunc_begin3                   @   base address
	.long	.Ltmp50-.Lfunc_begin3
	.long	.Lfunc_end3-.Lfunc_begin3
	.short	1                               @ Loc expr size
	.byte	92                              @ DW_OP_reg12
	.long	0
	.long	0
.Ldebug_loc10:
	.long	-1
	.long	.Lfunc_begin6                   @   base address
	.long	.Lfunc_begin6-.Lfunc_begin6
	.long	.Ltmp61-.Lfunc_begin6
	.short	1                               @ Loc expr size
	.byte	80                              @ DW_OP_reg0
	.long	.Ltmp61-.Lfunc_begin6
	.long	.Lfunc_end6-.Lfunc_begin6
	.short	4                               @ Loc expr size
	.byte	243                             @ DW_OP_GNU_entry_value
	.byte	1                               @ 1
	.byte	80                              @ DW_OP_reg0
	.byte	159                             @ DW_OP_stack_value
	.long	0
	.long	0
.Ldebug_loc11:
	.long	-1
	.long	.Lfunc_begin6                   @   base address
	.long	.Ltmp60-.Lfunc_begin6
	.long	.Ltmp67-.Lfunc_begin6
	.short	1                               @ Loc expr size
	.byte	84                              @ DW_OP_reg4
	.long	0
	.long	0
.Ldebug_loc12:
	.long	-1
	.long	.Lfunc_begin6                   @   base address
	.long	.Ltmp63-.Lfunc_begin6
	.long	.Ltmp64-.Lfunc_begin6
	.short	1                               @ Loc expr size
	.byte	80                              @ DW_OP_reg0
	.long	.Ltmp65-.Lfunc_begin6
	.long	.Ltmp66-.Lfunc_begin6
	.short	1                               @ Loc expr size
	.byte	80                              @ DW_OP_reg0
	.long	0
	.long	0
.Ldebug_loc13:
	.long	-1
	.long	.Lfunc_begin7                   @   base address
	.long	.Lfunc_begin7-.Lfunc_begin7
	.long	.Ltmp68-.Lfunc_begin7
	.short	1                               @ Loc expr size
	.byte	80                              @ DW_OP_reg0
	.long	.Ltmp68-.Lfunc_begin7
	.long	.Ltmp76-.Lfunc_begin7
	.short	1                               @ Loc expr size
	.byte	84                              @ DW_OP_reg4
	.long	0
	.long	0
.Ldebug_loc14:
	.long	-1
	.long	.Lfunc_begin7                   @   base address
	.long	.Lfunc_begin7-.Lfunc_begin7
	.long	.Ltmp69-.Lfunc_begin7
	.short	1                               @ Loc expr size
	.byte	81                              @ DW_OP_reg1
	.long	.Ltmp69-.Lfunc_begin7
	.long	.Ltmp76-.Lfunc_begin7
	.short	1                               @ Loc expr size
	.byte	85                              @ DW_OP_reg5
	.long	0
	.long	0
.Ldebug_loc15:
	.long	-1
	.long	.Lfunc_begin7                   @   base address
	.long	.Ltmp71-.Lfunc_begin7
	.long	.Ltmp72-.Lfunc_begin7
	.short	1                               @ Loc expr size
	.byte	80                              @ DW_OP_reg0
	.long	.Ltmp73-.Lfunc_begin7
	.long	.Ltmp74-.Lfunc_begin7
	.short	1                               @ Loc expr size
	.byte	80                              @ DW_OP_reg0
	.long	0
	.long	0
.Ldebug_loc16:
	.long	-1
	.long	.Lfunc_begin7                   @   base address
	.long	.Ltmp75-.Lfunc_begin7
	.long	.Lfunc_end7-.Lfunc_begin7
	.short	1                               @ Loc expr size
	.byte	81                              @ DW_OP_reg1
	.long	0
	.long	0
.Ldebug_loc17:
	.long	-1
	.long	.Lfunc_begin8                   @   base address
	.long	.Lfunc_begin8-.Lfunc_begin8
	.long	.Ltmp77-.Lfunc_begin8
	.short	1                               @ Loc expr size
	.byte	80                              @ DW_OP_reg0
	.long	.Ltmp77-.Lfunc_begin8
	.long	.Lfunc_end8-.Lfunc_begin8
	.short	4                               @ Loc expr size
	.byte	243                             @ DW_OP_GNU_entry_value
	.byte	1                               @ 1
	.byte	80                              @ DW_OP_reg0
	.byte	159                             @ DW_OP_stack_value
	.long	0
	.long	0
.Ldebug_loc18:
	.long	-1
	.long	.Lfunc_begin8                   @   base address
	.long	.Ltmp78-.Lfunc_begin8
	.long	.Lfunc_end8-.Lfunc_begin8
	.short	1                               @ Loc expr size
	.byte	80                              @ DW_OP_reg0
	.long	0
	.long	0
.Ldebug_loc19:
	.long	-1
	.long	.Lfunc_begin9                   @   base address
	.long	.Lfunc_begin9-.Lfunc_begin9
	.long	.Ltmp80-.Lfunc_begin9
	.short	1                               @ Loc expr size
	.byte	80                              @ DW_OP_reg0
	.long	.Ltmp80-.Lfunc_begin9
	.long	.Lfunc_end9-.Lfunc_begin9
	.short	4                               @ Loc expr size
	.byte	243                             @ DW_OP_GNU_entry_value
	.byte	1                               @ 1
	.byte	80                              @ DW_OP_reg0
	.byte	159                             @ DW_OP_stack_value
	.long	0
	.long	0
.Ldebug_loc20:
	.long	-1
	.long	.Lfunc_begin10                  @   base address
	.long	.Lfunc_begin10-.Lfunc_begin10
	.long	.Ltmp82-.Lfunc_begin10
	.short	1                               @ Loc expr size
	.byte	80                              @ DW_OP_reg0
	.long	.Ltmp82-.Lfunc_begin10
	.long	.Lfunc_end10-.Lfunc_begin10
	.short	4                               @ Loc expr size
	.byte	243                             @ DW_OP_GNU_entry_value
	.byte	1                               @ 1
	.byte	80                              @ DW_OP_reg0
	.byte	159                             @ DW_OP_stack_value
	.long	0
	.long	0
.Ldebug_loc21:
	.long	-1
	.long	.Lfunc_begin12                  @   base address
	.long	.Lfunc_begin12-.Lfunc_begin12
	.long	.Ltmp86-.Lfunc_begin12
	.short	1                               @ Loc expr size
	.byte	81                              @ DW_OP_reg1
	.long	.Ltmp86-.Lfunc_begin12
	.long	.Lfunc_end12-.Lfunc_begin12
	.short	4                               @ Loc expr size
	.byte	243                             @ DW_OP_GNU_entry_value
	.byte	1                               @ 1
	.byte	81                              @ DW_OP_reg1
	.byte	159                             @ DW_OP_stack_value
	.long	0
	.long	0
.Ldebug_loc22:
	.long	-1
	.long	.Lfunc_begin12                  @   base address
	.long	.Lfunc_begin12-.Lfunc_begin12
	.long	.Ltmp89-.Lfunc_begin12
	.short	1                               @ Loc expr size
	.byte	82                              @ DW_OP_reg2
	.long	.Ltmp89-.Lfunc_begin12
	.long	.Lfunc_end12-.Lfunc_begin12
	.short	4                               @ Loc expr size
	.byte	243                             @ DW_OP_GNU_entry_value
	.byte	1                               @ 1
	.byte	82                              @ DW_OP_reg2
	.byte	159                             @ DW_OP_stack_value
	.long	0
	.long	0
.Ldebug_loc23:
	.long	-1
	.long	.Lfunc_begin12                  @   base address
	.long	.Ltmp85-.Lfunc_begin12
	.long	.Ltmp87-.Lfunc_begin12
	.short	21                              @ Loc expr size
	.byte	114                             @ DW_OP_breg2
	.byte	0                               @ 0
	.byte	49                              @ DW_OP_lit1
	.byte	36                              @ DW_OP_shl
	.byte	16                              @ DW_OP_constu
	.byte	254                             @ 2046
	.byte	15                              @ 
	.byte	26                              @ DW_OP_and
	.byte	115                             @ DW_OP_breg3
	.byte	0                               @ 0
	.byte	16                              @ DW_OP_constu
	.byte	255                             @ 255
	.byte	1                               @ 
	.byte	26                              @ DW_OP_and
	.byte	33                              @ DW_OP_or
	.byte	16                              @ DW_OP_constu
	.byte	255                             @ 65535
	.byte	255                             @ 
	.byte	3                               @ 
	.byte	26                              @ DW_OP_and
	.byte	159                             @ DW_OP_stack_value
	.long	.Ltmp88-.Lfunc_begin12
	.long	.Ltmp90-.Lfunc_begin12
	.short	11                              @ Loc expr size
	.byte	113                             @ DW_OP_breg1
	.byte	0                               @ 0
	.byte	115                             @ DW_OP_breg3
	.byte	0                               @ 0
	.byte	33                              @ DW_OP_or
	.byte	16                              @ DW_OP_constu
	.byte	255                             @ 65535
	.byte	255                             @ 
	.byte	3                               @ 
	.byte	26                              @ DW_OP_and
	.byte	159                             @ DW_OP_stack_value
	.long	.Ltmp90-.Lfunc_begin12
	.long	.Lfunc_end12-.Lfunc_begin12
	.short	1                               @ Loc expr size
	.byte	81                              @ DW_OP_reg1
	.long	0
	.long	0
.Ldebug_loc24:
	.long	-1
	.long	.Lfunc_begin13                  @   base address
	.long	.Lfunc_begin13-.Lfunc_begin13
	.long	.Ltmp94-.Lfunc_begin13
	.short	1                               @ Loc expr size
	.byte	81                              @ DW_OP_reg1
	.long	.Ltmp94-.Lfunc_begin13
	.long	.Lfunc_end13-.Lfunc_begin13
	.short	4                               @ Loc expr size
	.byte	243                             @ DW_OP_GNU_entry_value
	.byte	1                               @ 1
	.byte	81                              @ DW_OP_reg1
	.byte	159                             @ DW_OP_stack_value
	.long	0
	.long	0
.Ldebug_loc25:
	.long	-1
	.long	.Lfunc_begin13                  @   base address
	.long	.Lfunc_begin13-.Lfunc_begin13
	.long	.Ltmp95-.Lfunc_begin13
	.short	14                              @ Loc expr size
	.byte	114                             @ DW_OP_breg2
	.byte	0                               @ 0
	.byte	49                              @ DW_OP_lit1
	.byte	36                              @ DW_OP_shl
	.byte	16                              @ DW_OP_constu
	.byte	254                             @ 2046
	.byte	15                              @ 
	.byte	26                              @ DW_OP_and
	.byte	16                              @ DW_OP_constu
	.byte	255                             @ 65535
	.byte	255                             @ 
	.byte	3                               @ 
	.byte	26                              @ DW_OP_and
	.byte	159                             @ DW_OP_stack_value
	.long	.Ltmp96-.Lfunc_begin13
	.long	.Lfunc_end13-.Lfunc_begin13
	.short	1                               @ Loc expr size
	.byte	81                              @ DW_OP_reg1
	.long	0
	.long	0
.Ldebug_loc26:
	.long	-1
	.long	.Lfunc_begin14                  @   base address
	.long	.Lfunc_begin14-.Lfunc_begin14
	.long	.Ltmp102-.Lfunc_begin14
	.short	1                               @ Loc expr size
	.byte	81                              @ DW_OP_reg1
	.long	.Ltmp102-.Lfunc_begin14
	.long	.Lfunc_end14-.Lfunc_begin14
	.short	4                               @ Loc expr size
	.byte	243                             @ DW_OP_GNU_entry_value
	.byte	1                               @ 1
	.byte	81                              @ DW_OP_reg1
	.byte	159                             @ DW_OP_stack_value
	.long	0
	.long	0
.Ldebug_loc27:
	.long	-1
	.long	.Lfunc_begin18                  @   base address
	.long	.Lfunc_begin18-.Lfunc_begin18
	.long	.Ltmp107-.Lfunc_begin18
	.short	1                               @ Loc expr size
	.byte	81                              @ DW_OP_reg1
	.long	.Ltmp107-.Lfunc_begin18
	.long	.Lfunc_end18-.Lfunc_begin18
	.short	4                               @ Loc expr size
	.byte	243                             @ DW_OP_GNU_entry_value
	.byte	1                               @ 1
	.byte	81                              @ DW_OP_reg1
	.byte	159                             @ DW_OP_stack_value
	.long	0
	.long	0
.Ldebug_loc28:
	.long	-1
	.long	.Lfunc_begin20                  @   base address
	.long	.Lfunc_begin20-.Lfunc_begin20
	.long	.Ltmp110-.Lfunc_begin20
	.short	1                               @ Loc expr size
	.byte	80                              @ DW_OP_reg0
	.long	.Ltmp110-.Lfunc_begin20
	.long	.Lfunc_end20-.Lfunc_begin20
	.short	4                               @ Loc expr size
	.byte	243                             @ DW_OP_GNU_entry_value
	.byte	1                               @ 1
	.byte	80                              @ DW_OP_reg0
	.byte	159                             @ DW_OP_stack_value
	.long	0
	.long	0
.Ldebug_loc29:
	.long	-1
	.long	.Lfunc_begin23                  @   base address
	.long	.Lfunc_begin23-.Lfunc_begin23
	.long	.Ltmp115-.Lfunc_begin23
	.short	1                               @ Loc expr size
	.byte	81                              @ DW_OP_reg1
	.long	.Ltmp115-.Lfunc_begin23
	.long	.Lfunc_end23-.Lfunc_begin23
	.short	4                               @ Loc expr size
	.byte	243                             @ DW_OP_GNU_entry_value
	.byte	1                               @ 1
	.byte	81                              @ DW_OP_reg1
	.byte	159                             @ DW_OP_stack_value
	.long	0
	.long	0
.Ldebug_loc30:
	.long	-1
	.long	.Lfunc_begin25                  @   base address
	.long	.Lfunc_begin25-.Lfunc_begin25
	.long	.Ltmp121-.Lfunc_begin25
	.short	1                               @ Loc expr size
	.byte	81                              @ DW_OP_reg1
	.long	.Ltmp121-.Lfunc_begin25
	.long	.Lfunc_end25-.Lfunc_begin25
	.short	4                               @ Loc expr size
	.byte	243                             @ DW_OP_GNU_entry_value
	.byte	1                               @ 1
	.byte	81                              @ DW_OP_reg1
	.byte	159                             @ DW_OP_stack_value
	.long	0
	.long	0
.Ldebug_loc31:
	.long	-1
	.long	.Lfunc_begin26                  @   base address
	.long	.Lfunc_begin26-.Lfunc_begin26
	.long	.Ltmp124-.Lfunc_begin26
	.short	1                               @ Loc expr size
	.byte	80                              @ DW_OP_reg0
	.long	.Ltmp124-.Lfunc_begin26
	.long	.Lfunc_end26-.Lfunc_begin26
	.short	4                               @ Loc expr size
	.byte	243                             @ DW_OP_GNU_entry_value
	.byte	1                               @ 1
	.byte	80                              @ DW_OP_reg0
	.byte	159                             @ DW_OP_stack_value
	.long	0
	.long	0
.Ldebug_loc32:
	.long	-1
	.long	.Lfunc_begin27                  @   base address
	.long	.Lfunc_begin27-.Lfunc_begin27
	.long	.Ltmp129-.Lfunc_begin27
	.short	1                               @ Loc expr size
	.byte	81                              @ DW_OP_reg1
	.long	.Ltmp129-.Lfunc_begin27
	.long	.Lfunc_end27-.Lfunc_begin27
	.short	4                               @ Loc expr size
	.byte	243                             @ DW_OP_GNU_entry_value
	.byte	1                               @ 1
	.byte	81                              @ DW_OP_reg1
	.byte	159                             @ DW_OP_stack_value
	.long	0
	.long	0
.Ldebug_loc33:
	.long	-1
	.long	.Lfunc_begin27                  @   base address
	.long	.Lfunc_begin27-.Lfunc_begin27
	.long	.Ltmp127-.Lfunc_begin27
	.short	1                               @ Loc expr size
	.byte	82                              @ DW_OP_reg2
	.long	.Ltmp127-.Lfunc_begin27
	.long	.Lfunc_end27-.Lfunc_begin27
	.short	4                               @ Loc expr size
	.byte	243                             @ DW_OP_GNU_entry_value
	.byte	1                               @ 1
	.byte	82                              @ DW_OP_reg2
	.byte	159                             @ DW_OP_stack_value
	.long	0
	.long	0
.Ldebug_loc34:
	.long	-1
	.long	.Lfunc_begin27                  @   base address
	.long	.Ltmp128-.Lfunc_begin27
	.long	.Ltmp130-.Lfunc_begin27
	.short	1                               @ Loc expr size
	.byte	82                              @ DW_OP_reg2
	.long	0
	.long	0
.Ldebug_loc35:
	.long	-1
	.long	.Lfunc_begin27                  @   base address
	.long	.Ltmp131-.Lfunc_begin27
	.long	.Ltmp132-.Lfunc_begin27
	.short	1                               @ Loc expr size
	.byte	82                              @ DW_OP_reg2
	.long	0
	.long	0
.Ldebug_loc36:
	.long	-1
	.long	.Lfunc_begin28                  @   base address
	.long	.Lfunc_begin28-.Lfunc_begin28
	.long	.Ltmp137-.Lfunc_begin28
	.short	1                               @ Loc expr size
	.byte	81                              @ DW_OP_reg1
	.long	.Ltmp137-.Lfunc_begin28
	.long	.Lfunc_end28-.Lfunc_begin28
	.short	4                               @ Loc expr size
	.byte	243                             @ DW_OP_GNU_entry_value
	.byte	1                               @ 1
	.byte	81                              @ DW_OP_reg1
	.byte	159                             @ DW_OP_stack_value
	.long	0
	.long	0
.Ldebug_loc37:
	.long	-1
	.long	.Lfunc_begin28                  @   base address
	.long	.Lfunc_begin28-.Lfunc_begin28
	.long	.Ltmp135-.Lfunc_begin28
	.short	1                               @ Loc expr size
	.byte	82                              @ DW_OP_reg2
	.long	.Ltmp135-.Lfunc_begin28
	.long	.Lfunc_end28-.Lfunc_begin28
	.short	4                               @ Loc expr size
	.byte	243                             @ DW_OP_GNU_entry_value
	.byte	1                               @ 1
	.byte	82                              @ DW_OP_reg2
	.byte	159                             @ DW_OP_stack_value
	.long	0
	.long	0
.Ldebug_loc38:
	.long	-1
	.long	.Lfunc_begin28                  @   base address
	.long	.Ltmp136-.Lfunc_begin28
	.long	.Ltmp138-.Lfunc_begin28
	.short	1                               @ Loc expr size
	.byte	82                              @ DW_OP_reg2
	.long	0
	.long	0
.Ldebug_loc39:
	.long	-1
	.long	.Lfunc_begin28                  @   base address
	.long	.Ltmp139-.Lfunc_begin28
	.long	.Ltmp141-.Lfunc_begin28
	.short	1                               @ Loc expr size
	.byte	83                              @ DW_OP_reg3
	.long	0
	.long	0
.Ldebug_loc40:
	.long	-1
	.long	.Lfunc_begin29                  @   base address
	.long	.Lfunc_begin29-.Lfunc_begin29
	.long	.Ltmp147-.Lfunc_begin29
	.short	1                               @ Loc expr size
	.byte	81                              @ DW_OP_reg1
	.long	.Ltmp147-.Lfunc_begin29
	.long	.Lfunc_end29-.Lfunc_begin29
	.short	4                               @ Loc expr size
	.byte	243                             @ DW_OP_GNU_entry_value
	.byte	1                               @ 1
	.byte	81                              @ DW_OP_reg1
	.byte	159                             @ DW_OP_stack_value
	.long	0
	.long	0
.Ldebug_loc41:
	.long	-1
	.long	.Lfunc_begin29                  @   base address
	.long	.Lfunc_begin29-.Lfunc_begin29
	.long	.Ltmp145-.Lfunc_begin29
	.short	1                               @ Loc expr size
	.byte	82                              @ DW_OP_reg2
	.long	.Ltmp145-.Lfunc_begin29
	.long	.Lfunc_end29-.Lfunc_begin29
	.short	4                               @ Loc expr size
	.byte	243                             @ DW_OP_GNU_entry_value
	.byte	1                               @ 1
	.byte	82                              @ DW_OP_reg2
	.byte	159                             @ DW_OP_stack_value
	.long	0
	.long	0
.Ldebug_loc42:
	.long	-1
	.long	.Lfunc_begin29                  @   base address
	.long	.Ltmp146-.Lfunc_begin29
	.long	.Ltmp148-.Lfunc_begin29
	.short	1                               @ Loc expr size
	.byte	82                              @ DW_OP_reg2
	.long	0
	.long	0
.Ldebug_loc43:
	.long	-1
	.long	.Lfunc_begin29                  @   base address
	.long	.Ltmp149-.Lfunc_begin29
	.long	.Ltmp151-.Lfunc_begin29
	.short	1                               @ Loc expr size
	.byte	83                              @ DW_OP_reg3
	.long	0
	.long	0
.Ldebug_loc44:
	.long	-1
	.long	.Lfunc_begin30                  @   base address
	.long	.Lfunc_begin30-.Lfunc_begin30
	.long	.Ltmp156-.Lfunc_begin30
	.short	1                               @ Loc expr size
	.byte	80                              @ DW_OP_reg0
	.long	.Ltmp156-.Lfunc_begin30
	.long	.Lfunc_end30-.Lfunc_begin30
	.short	4                               @ Loc expr size
	.byte	243                             @ DW_OP_GNU_entry_value
	.byte	1                               @ 1
	.byte	80                              @ DW_OP_reg0
	.byte	159                             @ DW_OP_stack_value
	.long	0
	.long	0
.Ldebug_loc45:
	.long	-1
	.long	.Lfunc_begin30                  @   base address
	.long	.Lfunc_begin30-.Lfunc_begin30
	.long	.Ltmp156-.Lfunc_begin30
	.short	1                               @ Loc expr size
	.byte	81                              @ DW_OP_reg1
	.long	.Ltmp156-.Lfunc_begin30
	.long	.Lfunc_end30-.Lfunc_begin30
	.short	4                               @ Loc expr size
	.byte	243                             @ DW_OP_GNU_entry_value
	.byte	1                               @ 1
	.byte	81                              @ DW_OP_reg1
	.byte	159                             @ DW_OP_stack_value
	.long	0
	.long	0
.Ldebug_loc46:
	.long	-1
	.long	.Lfunc_begin30                  @   base address
	.long	.Ltmp156-.Lfunc_begin30
	.long	.Ltmp157-.Lfunc_begin30
	.short	1                               @ Loc expr size
	.byte	80                              @ DW_OP_reg0
	.long	0
	.long	0
.Ldebug_loc47:
	.long	-1
	.long	.Lfunc_begin31                  @   base address
	.long	.Lfunc_begin31-.Lfunc_begin31
	.long	.Ltmp179-.Lfunc_begin31
	.short	1                               @ Loc expr size
	.byte	80                              @ DW_OP_reg0
	.long	.Ltmp180-.Lfunc_begin31
	.long	.Ltmp207-.Lfunc_begin31
	.short	1                               @ Loc expr size
	.byte	80                              @ DW_OP_reg0
	.long	.Ltmp207-.Lfunc_begin31
	.long	.Ltmp208-.Lfunc_begin31
	.short	4                               @ Loc expr size
	.byte	243                             @ DW_OP_GNU_entry_value
	.byte	1                               @ 1
	.byte	80                              @ DW_OP_reg0
	.byte	159                             @ DW_OP_stack_value
	.long	0
	.long	0
.Ldebug_loc48:
	.long	-1
	.long	.Lfunc_begin31                  @   base address
	.long	.Lfunc_begin31-.Lfunc_begin31
	.long	.Ltmp161-.Lfunc_begin31
	.short	1                               @ Loc expr size
	.byte	81                              @ DW_OP_reg1
	.long	.Ltmp161-.Lfunc_begin31
	.long	.Ltmp179-.Lfunc_begin31
	.short	4                               @ Loc expr size
	.byte	243                             @ DW_OP_GNU_entry_value
	.byte	1                               @ 1
	.byte	81                              @ DW_OP_reg1
	.byte	159                             @ DW_OP_stack_value
	.long	.Ltmp180-.Lfunc_begin31
	.long	.Lfunc_end31-.Lfunc_begin31
	.short	4                               @ Loc expr size
	.byte	243                             @ DW_OP_GNU_entry_value
	.byte	1                               @ 1
	.byte	81                              @ DW_OP_reg1
	.byte	159                             @ DW_OP_stack_value
	.long	0
	.long	0
.Ldebug_loc49:
	.long	-1
	.long	.Lfunc_begin31                  @   base address
	.long	.Lfunc_begin31-.Lfunc_begin31
	.long	.Ltmp160-.Lfunc_begin31
	.short	1                               @ Loc expr size
	.byte	82                              @ DW_OP_reg2
	.long	.Ltmp160-.Lfunc_begin31
	.long	.Ltmp179-.Lfunc_begin31
	.short	2                               @ Loc expr size
	.byte	125                             @ DW_OP_breg13
	.byte	0                               @ 0
	.long	.Ltmp180-.Lfunc_begin31
	.long	.Lfunc_end31-.Lfunc_begin31
	.short	2                               @ Loc expr size
	.byte	125                             @ DW_OP_breg13
	.byte	0                               @ 0
	.long	0
	.long	0
.Ldebug_loc50:
	.long	-1
	.long	.Lfunc_begin31                  @   base address
	.long	.Lfunc_begin31-.Lfunc_begin31
	.long	.Ltmp179-.Lfunc_begin31
	.short	1                               @ Loc expr size
	.byte	83                              @ DW_OP_reg3
	.long	.Ltmp180-.Lfunc_begin31
	.long	.Lfunc_end31-.Lfunc_begin31
	.short	1                               @ Loc expr size
	.byte	83                              @ DW_OP_reg3
	.long	0
	.long	0
.Ldebug_loc51:
	.long	-1
	.long	.Lfunc_begin31                  @   base address
	.long	.Ltmp160-.Lfunc_begin31
	.long	.Ltmp162-.Lfunc_begin31
	.short	2                               @ Loc expr size
	.byte	48                              @ DW_OP_lit0
	.byte	159                             @ DW_OP_stack_value
	.long	.Ltmp164-.Lfunc_begin31
	.long	.Ltmp165-.Lfunc_begin31
	.short	1                               @ Loc expr size
	.byte	81                              @ DW_OP_reg1
	.long	.Ltmp165-.Lfunc_begin31
	.long	.Ltmp167-.Lfunc_begin31
	.short	3                               @ Loc expr size
	.byte	113                             @ DW_OP_breg1
	.byte	127                             @ -1
	.byte	159                             @ DW_OP_stack_value
	.long	.Ltmp167-.Lfunc_begin31
	.long	.Ltmp169-.Lfunc_begin31
	.short	3                               @ Loc expr size
	.byte	113                             @ DW_OP_breg1
	.byte	126                             @ -2
	.byte	159                             @ DW_OP_stack_value
	.long	.Ltmp169-.Lfunc_begin31
	.long	.Ltmp172-.Lfunc_begin31
	.short	3                               @ Loc expr size
	.byte	113                             @ DW_OP_breg1
	.byte	125                             @ -3
	.byte	159                             @ DW_OP_stack_value
	.long	.Ltmp172-.Lfunc_begin31
	.long	.Ltmp173-.Lfunc_begin31
	.short	1                               @ Loc expr size
	.byte	81                              @ DW_OP_reg1
	.long	.Ltmp197-.Lfunc_begin31
	.long	.Ltmp198-.Lfunc_begin31
	.short	1                               @ Loc expr size
	.byte	81                              @ DW_OP_reg1
	.long	.Ltmp198-.Lfunc_begin31
	.long	.Ltmp200-.Lfunc_begin31
	.short	3                               @ Loc expr size
	.byte	113                             @ DW_OP_breg1
	.byte	127                             @ -1
	.byte	159                             @ DW_OP_stack_value
	.long	.Ltmp200-.Lfunc_begin31
	.long	.Ltmp202-.Lfunc_begin31
	.short	3                               @ Loc expr size
	.byte	113                             @ DW_OP_breg1
	.byte	126                             @ -2
	.byte	159                             @ DW_OP_stack_value
	.long	.Ltmp202-.Lfunc_begin31
	.long	.Ltmp205-.Lfunc_begin31
	.short	3                               @ Loc expr size
	.byte	113                             @ DW_OP_breg1
	.byte	125                             @ -3
	.byte	159                             @ DW_OP_stack_value
	.long	.Ltmp205-.Lfunc_begin31
	.long	.Ltmp206-.Lfunc_begin31
	.short	1                               @ Loc expr size
	.byte	81                              @ DW_OP_reg1
	.long	0
	.long	0
.Ldebug_loc52:
	.long	-1
	.long	.Lfunc_begin31                  @   base address
	.long	.Ltmp160-.Lfunc_begin31
	.long	.Ltmp162-.Lfunc_begin31
	.short	2                               @ Loc expr size
	.byte	48                              @ DW_OP_lit0
	.byte	159                             @ DW_OP_stack_value
	.long	.Ltmp162-.Lfunc_begin31
	.long	.Ltmp179-.Lfunc_begin31
	.short	1                               @ Loc expr size
	.byte	92                              @ DW_OP_reg12
	.long	.Ltmp180-.Lfunc_begin31
	.long	.Lfunc_end31-.Lfunc_begin31
	.short	1                               @ Loc expr size
	.byte	92                              @ DW_OP_reg12
	.long	0
	.long	0
.Ldebug_loc53:
	.long	-1
	.long	.Lfunc_begin31                  @   base address
	.long	.Ltmp160-.Lfunc_begin31
	.long	.Ltmp162-.Lfunc_begin31
	.short	2                               @ Loc expr size
	.byte	48                              @ DW_OP_lit0
	.byte	159                             @ DW_OP_stack_value
	.long	.Ltmp162-.Lfunc_begin31
	.long	.Ltmp179-.Lfunc_begin31
	.short	1                               @ Loc expr size
	.byte	86                              @ DW_OP_reg6
	.long	.Ltmp180-.Lfunc_begin31
	.long	.Ltmp182-.Lfunc_begin31
	.short	1                               @ Loc expr size
	.byte	86                              @ DW_OP_reg6
	.long	.Ltmp182-.Lfunc_begin31
	.long	.Ltmp184-.Lfunc_begin31
	.short	1                               @ Loc expr size
	.byte	87                              @ DW_OP_reg7
	.long	.Ltmp184-.Lfunc_begin31
	.long	.Ltmp185-.Lfunc_begin31
	.short	1                               @ Loc expr size
	.byte	86                              @ DW_OP_reg6
	.long	.Ltmp185-.Lfunc_begin31
	.long	.Ltmp187-.Lfunc_begin31
	.short	2                               @ Loc expr size
	.byte	56                              @ DW_OP_lit8
	.byte	159                             @ DW_OP_stack_value
	.long	.Ltmp187-.Lfunc_begin31
	.long	.Ltmp191-.Lfunc_begin31
	.short	1                               @ Loc expr size
	.byte	86                              @ DW_OP_reg6
	.long	.Ltmp191-.Lfunc_begin31
	.long	.Ltmp195-.Lfunc_begin31
	.short	1                               @ Loc expr size
	.byte	87                              @ DW_OP_reg7
	.long	.Ltmp195-.Lfunc_begin31
	.long	.Ltmp196-.Lfunc_begin31
	.short	1                               @ Loc expr size
	.byte	86                              @ DW_OP_reg6
	.long	0
	.long	0
.Ldebug_loc54:
	.long	-1
	.long	.Lfunc_begin31                  @   base address
	.long	.Ltmp160-.Lfunc_begin31
	.long	.Ltmp174-.Lfunc_begin31
	.short	2                               @ Loc expr size
	.byte	48                              @ DW_OP_lit0
	.byte	159                             @ DW_OP_stack_value
	.long	.Ltmp174-.Lfunc_begin31
	.long	.Ltmp175-.Lfunc_begin31
	.short	2                               @ Loc expr size
	.byte	49                              @ DW_OP_lit1
	.byte	159                             @ DW_OP_stack_value
	.long	.Ltmp175-.Lfunc_begin31
	.long	.Ltmp177-.Lfunc_begin31
	.short	2                               @ Loc expr size
	.byte	48                              @ DW_OP_lit0
	.byte	159                             @ DW_OP_stack_value
	.long	.Ltmp177-.Lfunc_begin31
	.long	.Ltmp179-.Lfunc_begin31
	.short	1                               @ Loc expr size
	.byte	84                              @ DW_OP_reg4
	.long	.Ltmp180-.Lfunc_begin31
	.long	.Ltmp190-.Lfunc_begin31
	.short	1                               @ Loc expr size
	.byte	84                              @ DW_OP_reg4
	.long	.Ltmp191-.Lfunc_begin31
	.long	.Ltmp197-.Lfunc_begin31
	.short	1                               @ Loc expr size
	.byte	81                              @ DW_OP_reg1
	.long	0
	.long	0
.Ldebug_loc55:
	.long	-1
	.long	.Lfunc_begin31                  @   base address
	.long	.Ltmp160-.Lfunc_begin31
	.long	.Ltmp162-.Lfunc_begin31
	.short	2                               @ Loc expr size
	.byte	49                              @ DW_OP_lit1
	.byte	159                             @ DW_OP_stack_value
	.long	.Ltmp162-.Lfunc_begin31
	.long	.Ltmp179-.Lfunc_begin31
	.short	1                               @ Loc expr size
	.byte	85                              @ DW_OP_reg5
	.long	.Ltmp180-.Lfunc_begin31
	.long	.Ltmp188-.Lfunc_begin31
	.short	1                               @ Loc expr size
	.byte	85                              @ DW_OP_reg5
	.long	.Ltmp189-.Lfunc_begin31
	.long	.Ltmp209-.Lfunc_begin31
	.short	1                               @ Loc expr size
	.byte	85                              @ DW_OP_reg5
	.long	0
	.long	0
.Ldebug_loc56:
	.long	-1
	.long	.Lfunc_begin32                  @   base address
	.long	.Lfunc_begin32-.Lfunc_begin32
	.long	.Ltmp211-.Lfunc_begin32
	.short	1                               @ Loc expr size
	.byte	80                              @ DW_OP_reg0
	.long	.Ltmp211-.Lfunc_begin32
	.long	.Lfunc_end32-.Lfunc_begin32
	.short	4                               @ Loc expr size
	.byte	243                             @ DW_OP_GNU_entry_value
	.byte	1                               @ 1
	.byte	80                              @ DW_OP_reg0
	.byte	159                             @ DW_OP_stack_value
	.long	0
	.long	0
.Ldebug_loc57:
	.long	-1
	.long	.Lfunc_begin32                  @   base address
	.long	.Lfunc_begin32-.Lfunc_begin32
	.long	.Ltmp211-.Lfunc_begin32
	.short	1                               @ Loc expr size
	.byte	81                              @ DW_OP_reg1
	.long	.Ltmp211-.Lfunc_begin32
	.long	.Lfunc_end32-.Lfunc_begin32
	.short	4                               @ Loc expr size
	.byte	243                             @ DW_OP_GNU_entry_value
	.byte	1                               @ 1
	.byte	81                              @ DW_OP_reg1
	.byte	159                             @ DW_OP_stack_value
	.long	0
	.long	0
.Ldebug_loc58:
	.long	-1
	.long	.Lfunc_begin32                  @   base address
	.long	.Lfunc_begin32-.Lfunc_begin32
	.long	.Ltmp211-.Lfunc_begin32
	.short	1                               @ Loc expr size
	.byte	82                              @ DW_OP_reg2
	.long	.Ltmp211-.Lfunc_begin32
	.long	.Lfunc_end32-.Lfunc_begin32
	.short	4                               @ Loc expr size
	.byte	243                             @ DW_OP_GNU_entry_value
	.byte	1                               @ 1
	.byte	82                              @ DW_OP_reg2
	.byte	159                             @ DW_OP_stack_value
	.long	0
	.long	0
.Ldebug_loc59:
	.long	-1
	.long	.Lfunc_begin32                  @   base address
	.long	.Ltmp211-.Lfunc_begin32
	.long	.Ltmp212-.Lfunc_begin32
	.short	1                               @ Loc expr size
	.byte	80                              @ DW_OP_reg0
	.long	0
	.long	0
.Ldebug_loc60:
	.long	-1
	.long	.Lfunc_begin33                  @   base address
	.long	.Lfunc_begin33-.Lfunc_begin33
	.long	.Ltmp235-.Lfunc_begin33
	.short	1                               @ Loc expr size
	.byte	80                              @ DW_OP_reg0
	.long	.Ltmp236-.Lfunc_begin33
	.long	.Ltmp264-.Lfunc_begin33
	.short	1                               @ Loc expr size
	.byte	80                              @ DW_OP_reg0
	.long	.Ltmp264-.Lfunc_begin33
	.long	.Ltmp265-.Lfunc_begin33
	.short	4                               @ Loc expr size
	.byte	243                             @ DW_OP_GNU_entry_value
	.byte	1                               @ 1
	.byte	80                              @ DW_OP_reg0
	.byte	159                             @ DW_OP_stack_value
	.long	0
	.long	0
.Ldebug_loc61:
	.long	-1
	.long	.Lfunc_begin33                  @   base address
	.long	.Lfunc_begin33-.Lfunc_begin33
	.long	.Ltmp217-.Lfunc_begin33
	.short	1                               @ Loc expr size
	.byte	81                              @ DW_OP_reg1
	.long	.Ltmp217-.Lfunc_begin33
	.long	.Ltmp235-.Lfunc_begin33
	.short	4                               @ Loc expr size
	.byte	243                             @ DW_OP_GNU_entry_value
	.byte	1                               @ 1
	.byte	81                              @ DW_OP_reg1
	.byte	159                             @ DW_OP_stack_value
	.long	.Ltmp236-.Lfunc_begin33
	.long	.Lfunc_end33-.Lfunc_begin33
	.short	4                               @ Loc expr size
	.byte	243                             @ DW_OP_GNU_entry_value
	.byte	1                               @ 1
	.byte	81                              @ DW_OP_reg1
	.byte	159                             @ DW_OP_stack_value
	.long	0
	.long	0
.Ldebug_loc62:
	.long	-1
	.long	.Lfunc_begin33                  @   base address
	.long	.Lfunc_begin33-.Lfunc_begin33
	.long	.Ltmp235-.Lfunc_begin33
	.short	1                               @ Loc expr size
	.byte	82                              @ DW_OP_reg2
	.long	.Ltmp236-.Lfunc_begin33
	.long	.Ltmp253-.Lfunc_begin33
	.short	1                               @ Loc expr size
	.byte	82                              @ DW_OP_reg2
	.long	.Ltmp254-.Lfunc_begin33
	.long	.Ltmp255-.Lfunc_begin33
	.short	4                               @ Loc expr size
	.byte	243                             @ DW_OP_GNU_entry_value
	.byte	1                               @ 1
	.byte	82                              @ DW_OP_reg2
	.byte	159                             @ DW_OP_stack_value
	.long	0
	.long	0
.Ldebug_loc63:
	.long	-1
	.long	.Lfunc_begin33                  @   base address
	.long	.Lfunc_begin33-.Lfunc_begin33
	.long	.Ltmp215-.Lfunc_begin33
	.short	1                               @ Loc expr size
	.byte	83                              @ DW_OP_reg3
	.long	.Ltmp215-.Lfunc_begin33
	.long	.Ltmp235-.Lfunc_begin33
	.short	2                               @ Loc expr size
	.byte	125                             @ DW_OP_breg13
	.byte	0                               @ 0
	.long	.Ltmp236-.Lfunc_begin33
	.long	.Lfunc_end33-.Lfunc_begin33
	.short	2                               @ Loc expr size
	.byte	125                             @ DW_OP_breg13
	.byte	0                               @ 0
	.long	0
	.long	0
.Ldebug_loc64:
	.long	-1
	.long	.Lfunc_begin33                  @   base address
	.long	.Ltmp214-.Lfunc_begin33
	.long	.Ltmp235-.Lfunc_begin33
	.short	2                               @ Loc expr size
	.byte	125                             @ DW_OP_breg13
	.byte	40                              @ 40
	.long	.Ltmp236-.Lfunc_begin33
	.long	.Lfunc_end33-.Lfunc_begin33
	.short	2                               @ Loc expr size
	.byte	125                             @ DW_OP_breg13
	.byte	40                              @ 40
	.long	0
	.long	0
.Ldebug_loc65:
	.long	-1
	.long	.Lfunc_begin33                  @   base address
	.long	.Ltmp216-.Lfunc_begin33
	.long	.Ltmp218-.Lfunc_begin33
	.short	2                               @ Loc expr size
	.byte	48                              @ DW_OP_lit0
	.byte	159                             @ DW_OP_stack_value
	.long	.Ltmp220-.Lfunc_begin33
	.long	.Ltmp221-.Lfunc_begin33
	.short	1                               @ Loc expr size
	.byte	81                              @ DW_OP_reg1
	.long	.Ltmp221-.Lfunc_begin33
	.long	.Ltmp223-.Lfunc_begin33
	.short	3                               @ Loc expr size
	.byte	113                             @ DW_OP_breg1
	.byte	127                             @ -1
	.byte	159                             @ DW_OP_stack_value
	.long	.Ltmp223-.Lfunc_begin33
	.long	.Ltmp225-.Lfunc_begin33
	.short	3                               @ Loc expr size
	.byte	113                             @ DW_OP_breg1
	.byte	126                             @ -2
	.byte	159                             @ DW_OP_stack_value
	.long	.Ltmp225-.Lfunc_begin33
	.long	.Ltmp228-.Lfunc_begin33
	.short	3                               @ Loc expr size
	.byte	113                             @ DW_OP_breg1
	.byte	125                             @ -3
	.byte	159                             @ DW_OP_stack_value
	.long	.Ltmp228-.Lfunc_begin33
	.long	.Ltmp229-.Lfunc_begin33
	.short	1                               @ Loc expr size
	.byte	81                              @ DW_OP_reg1
	.long	.Ltmp253-.Lfunc_begin33
	.long	.Ltmp255-.Lfunc_begin33
	.short	1                               @ Loc expr size
	.byte	81                              @ DW_OP_reg1
	.long	.Ltmp255-.Lfunc_begin33
	.long	.Ltmp257-.Lfunc_begin33
	.short	3                               @ Loc expr size
	.byte	113                             @ DW_OP_breg1
	.byte	127                             @ -1
	.byte	159                             @ DW_OP_stack_value
	.long	.Ltmp257-.Lfunc_begin33
	.long	.Ltmp259-.Lfunc_begin33
	.short	3                               @ Loc expr size
	.byte	113                             @ DW_OP_breg1
	.byte	126                             @ -2
	.byte	159                             @ DW_OP_stack_value
	.long	.Ltmp259-.Lfunc_begin33
	.long	.Ltmp262-.Lfunc_begin33
	.short	3                               @ Loc expr size
	.byte	113                             @ DW_OP_breg1
	.byte	125                             @ -3
	.byte	159                             @ DW_OP_stack_value
	.long	.Ltmp262-.Lfunc_begin33
	.long	.Ltmp263-.Lfunc_begin33
	.short	1                               @ Loc expr size
	.byte	81                              @ DW_OP_reg1
	.long	0
	.long	0
.Ldebug_loc66:
	.long	-1
	.long	.Lfunc_begin33                  @   base address
	.long	.Ltmp216-.Lfunc_begin33
	.long	.Ltmp218-.Lfunc_begin33
	.short	2                               @ Loc expr size
	.byte	48                              @ DW_OP_lit0
	.byte	159                             @ DW_OP_stack_value
	.long	.Ltmp218-.Lfunc_begin33
	.long	.Ltmp235-.Lfunc_begin33
	.short	1                               @ Loc expr size
	.byte	92                              @ DW_OP_reg12
	.long	.Ltmp236-.Lfunc_begin33
	.long	.Lfunc_end33-.Lfunc_begin33
	.short	1                               @ Loc expr size
	.byte	92                              @ DW_OP_reg12
	.long	0
	.long	0
.Ldebug_loc67:
	.long	-1
	.long	.Lfunc_begin33                  @   base address
	.long	.Ltmp216-.Lfunc_begin33
	.long	.Ltmp218-.Lfunc_begin33
	.short	2                               @ Loc expr size
	.byte	48                              @ DW_OP_lit0
	.byte	159                             @ DW_OP_stack_value
	.long	.Ltmp218-.Lfunc_begin33
	.long	.Ltmp235-.Lfunc_begin33
	.short	1                               @ Loc expr size
	.byte	87                              @ DW_OP_reg7
	.long	.Ltmp236-.Lfunc_begin33
	.long	.Ltmp237-.Lfunc_begin33
	.short	1                               @ Loc expr size
	.byte	87                              @ DW_OP_reg7
	.long	.Ltmp237-.Lfunc_begin33
	.long	.Ltmp238-.Lfunc_begin33
	.short	2                               @ Loc expr size
	.byte	56                              @ DW_OP_lit8
	.byte	159                             @ DW_OP_stack_value
	.long	.Ltmp238-.Lfunc_begin33
	.long	.Ltmp239-.Lfunc_begin33
	.short	1                               @ Loc expr size
	.byte	87                              @ DW_OP_reg7
	.long	.Ltmp239-.Lfunc_begin33
	.long	.Ltmp240-.Lfunc_begin33
	.short	2                               @ Loc expr size
	.byte	56                              @ DW_OP_lit8
	.byte	159                             @ DW_OP_stack_value
	.long	.Ltmp240-.Lfunc_begin33
	.long	.Ltmp245-.Lfunc_begin33
	.short	1                               @ Loc expr size
	.byte	87                              @ DW_OP_reg7
	.long	.Ltmp245-.Lfunc_begin33
	.long	.Ltmp246-.Lfunc_begin33
	.short	1                               @ Loc expr size
	.byte	84                              @ DW_OP_reg4
	.long	.Ltmp246-.Lfunc_begin33
	.long	.Ltmp247-.Lfunc_begin33
	.short	1                               @ Loc expr size
	.byte	87                              @ DW_OP_reg7
	.long	.Ltmp248-.Lfunc_begin33
	.long	.Ltmp251-.Lfunc_begin33
	.short	1                               @ Loc expr size
	.byte	84                              @ DW_OP_reg4
	.long	.Ltmp251-.Lfunc_begin33
	.long	.Ltmp252-.Lfunc_begin33
	.short	1                               @ Loc expr size
	.byte	87                              @ DW_OP_reg7
	.long	0
	.long	0
.Ldebug_loc68:
	.long	-1
	.long	.Lfunc_begin33                  @   base address
	.long	.Ltmp216-.Lfunc_begin33
	.long	.Ltmp230-.Lfunc_begin33
	.short	2                               @ Loc expr size
	.byte	48                              @ DW_OP_lit0
	.byte	159                             @ DW_OP_stack_value
	.long	.Ltmp230-.Lfunc_begin33
	.long	.Ltmp231-.Lfunc_begin33
	.short	2                               @ Loc expr size
	.byte	49                              @ DW_OP_lit1
	.byte	159                             @ DW_OP_stack_value
	.long	.Ltmp231-.Lfunc_begin33
	.long	.Ltmp233-.Lfunc_begin33
	.short	2                               @ Loc expr size
	.byte	48                              @ DW_OP_lit0
	.byte	159                             @ DW_OP_stack_value
	.long	.Ltmp233-.Lfunc_begin33
	.long	.Ltmp235-.Lfunc_begin33
	.short	1                               @ Loc expr size
	.byte	88                              @ DW_OP_reg8
	.long	.Ltmp236-.Lfunc_begin33
	.long	.Ltmp239-.Lfunc_begin33
	.short	1                               @ Loc expr size
	.byte	88                              @ DW_OP_reg8
	.long	.Ltmp239-.Lfunc_begin33
	.long	.Ltmp240-.Lfunc_begin33
	.short	2                               @ Loc expr size
	.byte	49                              @ DW_OP_lit1
	.byte	159                             @ DW_OP_stack_value
	.long	.Ltmp240-.Lfunc_begin33
	.long	.Ltmp248-.Lfunc_begin33
	.short	1                               @ Loc expr size
	.byte	88                              @ DW_OP_reg8
	.long	.Ltmp248-.Lfunc_begin33
	.long	.Ltmp253-.Lfunc_begin33
	.short	1                               @ Loc expr size
	.byte	81                              @ DW_OP_reg1
	.long	0
	.long	0
.Ldebug_loc69:
	.long	-1
	.long	.Lfunc_begin33                  @   base address
	.long	.Ltmp216-.Lfunc_begin33
	.long	.Ltmp218-.Lfunc_begin33
	.short	2                               @ Loc expr size
	.byte	49                              @ DW_OP_lit1
	.byte	159                             @ DW_OP_stack_value
	.long	.Ltmp218-.Lfunc_begin33
	.long	.Ltmp235-.Lfunc_begin33
	.short	1                               @ Loc expr size
	.byte	86                              @ DW_OP_reg6
	.long	.Ltmp236-.Lfunc_begin33
	.long	.Ltmp247-.Lfunc_begin33
	.short	1                               @ Loc expr size
	.byte	86                              @ DW_OP_reg6
	.long	.Ltmp248-.Lfunc_begin33
	.long	.Ltmp266-.Lfunc_begin33
	.short	1                               @ Loc expr size
	.byte	86                              @ DW_OP_reg6
	.long	0
	.long	0
.Ldebug_loc70:
	.long	-1
	.long	.Lfunc_begin34                  @   base address
	.long	.Lfunc_begin34-.Lfunc_begin34
	.long	.Ltmp268-.Lfunc_begin34
	.short	1                               @ Loc expr size
	.byte	80                              @ DW_OP_reg0
	.long	.Ltmp268-.Lfunc_begin34
	.long	.Lfunc_end34-.Lfunc_begin34
	.short	4                               @ Loc expr size
	.byte	243                             @ DW_OP_GNU_entry_value
	.byte	1                               @ 1
	.byte	80                              @ DW_OP_reg0
	.byte	159                             @ DW_OP_stack_value
	.long	0
	.long	0
.Ldebug_loc71:
	.long	-1
	.long	.Lfunc_begin34                  @   base address
	.long	.Lfunc_begin34-.Lfunc_begin34
	.long	.Ltmp268-.Lfunc_begin34
	.short	1                               @ Loc expr size
	.byte	81                              @ DW_OP_reg1
	.long	.Ltmp268-.Lfunc_begin34
	.long	.Lfunc_end34-.Lfunc_begin34
	.short	4                               @ Loc expr size
	.byte	243                             @ DW_OP_GNU_entry_value
	.byte	1                               @ 1
	.byte	81                              @ DW_OP_reg1
	.byte	159                             @ DW_OP_stack_value
	.long	0
	.long	0
.Ldebug_loc72:
	.long	-1
	.long	.Lfunc_begin34                  @   base address
	.long	.Lfunc_begin34-.Lfunc_begin34
	.long	.Ltmp268-.Lfunc_begin34
	.short	1                               @ Loc expr size
	.byte	82                              @ DW_OP_reg2
	.long	.Ltmp268-.Lfunc_begin34
	.long	.Lfunc_end34-.Lfunc_begin34
	.short	4                               @ Loc expr size
	.byte	243                             @ DW_OP_GNU_entry_value
	.byte	1                               @ 1
	.byte	82                              @ DW_OP_reg2
	.byte	159                             @ DW_OP_stack_value
	.long	0
	.long	0
.Ldebug_loc73:
	.long	-1
	.long	.Lfunc_begin34                  @   base address
	.long	.Ltmp268-.Lfunc_begin34
	.long	.Ltmp269-.Lfunc_begin34
	.short	1                               @ Loc expr size
	.byte	80                              @ DW_OP_reg0
	.long	0
	.long	0
.Ldebug_loc74:
	.long	-1
	.long	.Lfunc_begin35                  @   base address
	.long	.Lfunc_begin35-.Lfunc_begin35
	.long	.Ltmp292-.Lfunc_begin35
	.short	1                               @ Loc expr size
	.byte	80                              @ DW_OP_reg0
	.long	.Ltmp293-.Lfunc_begin35
	.long	.Ltmp327-.Lfunc_begin35
	.short	1                               @ Loc expr size
	.byte	80                              @ DW_OP_reg0
	.long	.Ltmp327-.Lfunc_begin35
	.long	.Ltmp328-.Lfunc_begin35
	.short	4                               @ Loc expr size
	.byte	243                             @ DW_OP_GNU_entry_value
	.byte	1                               @ 1
	.byte	80                              @ DW_OP_reg0
	.byte	159                             @ DW_OP_stack_value
	.long	0
	.long	0
.Ldebug_loc75:
	.long	-1
	.long	.Lfunc_begin35                  @   base address
	.long	.Lfunc_begin35-.Lfunc_begin35
	.long	.Ltmp274-.Lfunc_begin35
	.short	1                               @ Loc expr size
	.byte	81                              @ DW_OP_reg1
	.long	.Ltmp274-.Lfunc_begin35
	.long	.Ltmp292-.Lfunc_begin35
	.short	4                               @ Loc expr size
	.byte	243                             @ DW_OP_GNU_entry_value
	.byte	1                               @ 1
	.byte	81                              @ DW_OP_reg1
	.byte	159                             @ DW_OP_stack_value
	.long	.Ltmp293-.Lfunc_begin35
	.long	.Lfunc_end35-.Lfunc_begin35
	.short	4                               @ Loc expr size
	.byte	243                             @ DW_OP_GNU_entry_value
	.byte	1                               @ 1
	.byte	81                              @ DW_OP_reg1
	.byte	159                             @ DW_OP_stack_value
	.long	0
	.long	0
.Ldebug_loc76:
	.long	-1
	.long	.Lfunc_begin35                  @   base address
	.long	.Lfunc_begin35-.Lfunc_begin35
	.long	.Ltmp275-.Lfunc_begin35
	.short	1                               @ Loc expr size
	.byte	82                              @ DW_OP_reg2
	.long	.Ltmp275-.Lfunc_begin35
	.long	.Ltmp292-.Lfunc_begin35
	.short	4                               @ Loc expr size
	.byte	243                             @ DW_OP_GNU_entry_value
	.byte	1                               @ 1
	.byte	82                              @ DW_OP_reg2
	.byte	159                             @ DW_OP_stack_value
	.long	.Ltmp293-.Lfunc_begin35
	.long	.Lfunc_end35-.Lfunc_begin35
	.short	4                               @ Loc expr size
	.byte	243                             @ DW_OP_GNU_entry_value
	.byte	1                               @ 1
	.byte	82                              @ DW_OP_reg2
	.byte	159                             @ DW_OP_stack_value
	.long	0
	.long	0
.Ldebug_loc77:
	.long	-1
	.long	.Lfunc_begin35                  @   base address
	.long	.Lfunc_begin35-.Lfunc_begin35
	.long	.Ltmp272-.Lfunc_begin35
	.short	1                               @ Loc expr size
	.byte	83                              @ DW_OP_reg3
	.long	.Ltmp272-.Lfunc_begin35
	.long	.Ltmp292-.Lfunc_begin35
	.short	2                               @ Loc expr size
	.byte	125                             @ DW_OP_breg13
	.byte	4                               @ 4
	.long	.Ltmp293-.Lfunc_begin35
	.long	.Lfunc_end35-.Lfunc_begin35
	.short	2                               @ Loc expr size
	.byte	125                             @ DW_OP_breg13
	.byte	4                               @ 4
	.long	0
	.long	0
.Ldebug_loc78:
	.long	-1
	.long	.Lfunc_begin35                  @   base address
	.long	.Ltmp271-.Lfunc_begin35
	.long	.Ltmp292-.Lfunc_begin35
	.short	2                               @ Loc expr size
	.byte	125                             @ DW_OP_breg13
	.byte	48                              @ 48
	.long	.Ltmp293-.Lfunc_begin35
	.long	.Lfunc_end35-.Lfunc_begin35
	.short	2                               @ Loc expr size
	.byte	125                             @ DW_OP_breg13
	.byte	48                              @ 48
	.long	0
	.long	0
.Ldebug_loc79:
	.long	-1
	.long	.Lfunc_begin35                  @   base address
	.long	.Ltmp273-.Lfunc_begin35
	.long	.Ltmp276-.Lfunc_begin35
	.short	2                               @ Loc expr size
	.byte	48                              @ DW_OP_lit0
	.byte	159                             @ DW_OP_stack_value
	.long	.Ltmp277-.Lfunc_begin35
	.long	.Ltmp278-.Lfunc_begin35
	.short	1                               @ Loc expr size
	.byte	81                              @ DW_OP_reg1
	.long	.Ltmp278-.Lfunc_begin35
	.long	.Ltmp280-.Lfunc_begin35
	.short	3                               @ Loc expr size
	.byte	113                             @ DW_OP_breg1
	.byte	127                             @ -1
	.byte	159                             @ DW_OP_stack_value
	.long	.Ltmp280-.Lfunc_begin35
	.long	.Ltmp282-.Lfunc_begin35
	.short	3                               @ Loc expr size
	.byte	113                             @ DW_OP_breg1
	.byte	126                             @ -2
	.byte	159                             @ DW_OP_stack_value
	.long	.Ltmp282-.Lfunc_begin35
	.long	.Ltmp285-.Lfunc_begin35
	.short	3                               @ Loc expr size
	.byte	113                             @ DW_OP_breg1
	.byte	125                             @ -3
	.byte	159                             @ DW_OP_stack_value
	.long	.Ltmp285-.Lfunc_begin35
	.long	.Ltmp286-.Lfunc_begin35
	.short	1                               @ Loc expr size
	.byte	81                              @ DW_OP_reg1
	.long	.Ltmp317-.Lfunc_begin35
	.long	.Ltmp318-.Lfunc_begin35
	.short	1                               @ Loc expr size
	.byte	81                              @ DW_OP_reg1
	.long	.Ltmp318-.Lfunc_begin35
	.long	.Ltmp320-.Lfunc_begin35
	.short	3                               @ Loc expr size
	.byte	113                             @ DW_OP_breg1
	.byte	127                             @ -1
	.byte	159                             @ DW_OP_stack_value
	.long	.Ltmp320-.Lfunc_begin35
	.long	.Ltmp322-.Lfunc_begin35
	.short	3                               @ Loc expr size
	.byte	113                             @ DW_OP_breg1
	.byte	126                             @ -2
	.byte	159                             @ DW_OP_stack_value
	.long	.Ltmp322-.Lfunc_begin35
	.long	.Ltmp325-.Lfunc_begin35
	.short	3                               @ Loc expr size
	.byte	113                             @ DW_OP_breg1
	.byte	125                             @ -3
	.byte	159                             @ DW_OP_stack_value
	.long	.Ltmp325-.Lfunc_begin35
	.long	.Ltmp326-.Lfunc_begin35
	.short	1                               @ Loc expr size
	.byte	81                              @ DW_OP_reg1
	.long	0
	.long	0
.Ldebug_loc80:
	.long	-1
	.long	.Lfunc_begin35                  @   base address
	.long	.Ltmp273-.Lfunc_begin35
	.long	.Ltmp276-.Lfunc_begin35
	.short	2                               @ Loc expr size
	.byte	48                              @ DW_OP_lit0
	.byte	159                             @ DW_OP_stack_value
	.long	.Ltmp276-.Lfunc_begin35
	.long	.Ltmp292-.Lfunc_begin35
	.short	1                               @ Loc expr size
	.byte	92                              @ DW_OP_reg12
	.long	.Ltmp293-.Lfunc_begin35
	.long	.Lfunc_end35-.Lfunc_begin35
	.short	1                               @ Loc expr size
	.byte	92                              @ DW_OP_reg12
	.long	0
	.long	0
.Ldebug_loc81:
	.long	-1
	.long	.Lfunc_begin35                  @   base address
	.long	.Ltmp273-.Lfunc_begin35
	.long	.Ltmp276-.Lfunc_begin35
	.short	2                               @ Loc expr size
	.byte	48                              @ DW_OP_lit0
	.byte	159                             @ DW_OP_stack_value
	.long	.Ltmp276-.Lfunc_begin35
	.long	.Ltmp292-.Lfunc_begin35
	.short	1                               @ Loc expr size
	.byte	89                              @ DW_OP_reg9
	.long	.Ltmp293-.Lfunc_begin35
	.long	.Ltmp294-.Lfunc_begin35
	.short	1                               @ Loc expr size
	.byte	89                              @ DW_OP_reg9
	.long	.Ltmp294-.Lfunc_begin35
	.long	.Ltmp296-.Lfunc_begin35
	.short	2                               @ Loc expr size
	.byte	56                              @ DW_OP_lit8
	.byte	159                             @ DW_OP_stack_value
	.long	.Ltmp296-.Lfunc_begin35
	.long	.Ltmp298-.Lfunc_begin35
	.short	1                               @ Loc expr size
	.byte	89                              @ DW_OP_reg9
	.long	.Ltmp298-.Lfunc_begin35
	.long	.Ltmp299-.Lfunc_begin35
	.short	2                               @ Loc expr size
	.byte	56                              @ DW_OP_lit8
	.byte	159                             @ DW_OP_stack_value
	.long	.Ltmp299-.Lfunc_begin35
	.long	.Ltmp312-.Lfunc_begin35
	.short	1                               @ Loc expr size
	.byte	89                              @ DW_OP_reg9
	.long	.Ltmp312-.Lfunc_begin35
	.long	.Ltmp315-.Lfunc_begin35
	.short	1                               @ Loc expr size
	.byte	81                              @ DW_OP_reg1
	.long	.Ltmp315-.Lfunc_begin35
	.long	.Ltmp316-.Lfunc_begin35
	.short	1                               @ Loc expr size
	.byte	89                              @ DW_OP_reg9
	.long	0
	.long	0
.Ldebug_loc82:
	.long	-1
	.long	.Lfunc_begin35                  @   base address
	.long	.Ltmp273-.Lfunc_begin35
	.long	.Ltmp276-.Lfunc_begin35
	.short	2                               @ Loc expr size
	.byte	49                              @ DW_OP_lit1
	.byte	159                             @ DW_OP_stack_value
	.long	.Ltmp276-.Lfunc_begin35
	.long	.Ltmp292-.Lfunc_begin35
	.short	1                               @ Loc expr size
	.byte	84                              @ DW_OP_reg4
	.long	.Ltmp293-.Lfunc_begin35
	.long	.Ltmp307-.Lfunc_begin35
	.short	1                               @ Loc expr size
	.byte	84                              @ DW_OP_reg4
	.long	.Ltmp308-.Lfunc_begin35
	.long	.Ltmp310-.Lfunc_begin35
	.short	1                               @ Loc expr size
	.byte	84                              @ DW_OP_reg4
	.long	.Ltmp312-.Lfunc_begin35
	.long	.Ltmp329-.Lfunc_begin35
	.short	1                               @ Loc expr size
	.byte	84                              @ DW_OP_reg4
	.long	0
	.long	0
.Ldebug_loc83:
	.long	-1
	.long	.Lfunc_begin35                  @   base address
	.long	.Ltmp273-.Lfunc_begin35
	.long	.Ltmp287-.Lfunc_begin35
	.short	2                               @ Loc expr size
	.byte	48                              @ DW_OP_lit0
	.byte	159                             @ DW_OP_stack_value
	.long	.Ltmp287-.Lfunc_begin35
	.long	.Ltmp288-.Lfunc_begin35
	.short	2                               @ Loc expr size
	.byte	49                              @ DW_OP_lit1
	.byte	159                             @ DW_OP_stack_value
	.long	.Ltmp288-.Lfunc_begin35
	.long	.Ltmp290-.Lfunc_begin35
	.short	2                               @ Loc expr size
	.byte	48                              @ DW_OP_lit0
	.byte	159                             @ DW_OP_stack_value
	.long	.Ltmp290-.Lfunc_begin35
	.long	.Ltmp292-.Lfunc_begin35
	.short	1                               @ Loc expr size
	.byte	83                              @ DW_OP_reg3
	.long	.Ltmp293-.Lfunc_begin35
	.long	.Ltmp295-.Lfunc_begin35
	.short	1                               @ Loc expr size
	.byte	83                              @ DW_OP_reg3
	.long	.Ltmp295-.Lfunc_begin35
	.long	.Ltmp296-.Lfunc_begin35
	.short	1                               @ Loc expr size
	.byte	88                              @ DW_OP_reg8
	.long	.Ltmp296-.Lfunc_begin35
	.long	.Ltmp297-.Lfunc_begin35
	.short	1                               @ Loc expr size
	.byte	83                              @ DW_OP_reg3
	.long	.Ltmp298-.Lfunc_begin35
	.long	.Ltmp299-.Lfunc_begin35
	.short	2                               @ Loc expr size
	.byte	49                              @ DW_OP_lit1
	.byte	159                             @ DW_OP_stack_value
	.long	.Ltmp299-.Lfunc_begin35
	.long	.Ltmp305-.Lfunc_begin35
	.short	1                               @ Loc expr size
	.byte	83                              @ DW_OP_reg3
	.long	.Ltmp305-.Lfunc_begin35
	.long	.Ltmp308-.Lfunc_begin35
	.short	1                               @ Loc expr size
	.byte	88                              @ DW_OP_reg8
	.long	.Ltmp308-.Lfunc_begin35
	.long	.Ltmp311-.Lfunc_begin35
	.short	1                               @ Loc expr size
	.byte	83                              @ DW_OP_reg3
	.long	.Ltmp311-.Lfunc_begin35
	.long	.Ltmp328-.Lfunc_begin35
	.short	1                               @ Loc expr size
	.byte	88                              @ DW_OP_reg8
	.long	0
	.long	0
.Ldebug_loc84:
	.long	-1
	.long	.Lfunc_begin35                  @   base address
	.long	.Ltmp273-.Lfunc_begin35
	.long	.Ltmp276-.Lfunc_begin35
	.short	2                               @ Loc expr size
	.byte	49                              @ DW_OP_lit1
	.byte	159                             @ DW_OP_stack_value
	.long	.Ltmp276-.Lfunc_begin35
	.long	.Ltmp292-.Lfunc_begin35
	.short	1                               @ Loc expr size
	.byte	85                              @ DW_OP_reg5
	.long	.Ltmp293-.Lfunc_begin35
	.long	.Ltmp306-.Lfunc_begin35
	.short	1                               @ Loc expr size
	.byte	85                              @ DW_OP_reg5
	.long	.Ltmp308-.Lfunc_begin35
	.long	.Ltmp329-.Lfunc_begin35
	.short	1                               @ Loc expr size
	.byte	85                              @ DW_OP_reg5
	.long	0
	.long	0
.Ldebug_loc85:
	.long	-1
	.long	.Lfunc_begin36                  @   base address
	.long	.Lfunc_begin36-.Lfunc_begin36
	.long	.Ltmp331-.Lfunc_begin36
	.short	1                               @ Loc expr size
	.byte	80                              @ DW_OP_reg0
	.long	.Ltmp331-.Lfunc_begin36
	.long	.Lfunc_end36-.Lfunc_begin36
	.short	4                               @ Loc expr size
	.byte	243                             @ DW_OP_GNU_entry_value
	.byte	1                               @ 1
	.byte	80                              @ DW_OP_reg0
	.byte	159                             @ DW_OP_stack_value
	.long	0
	.long	0
.Ldebug_loc86:
	.long	-1
	.long	.Lfunc_begin36                  @   base address
	.long	.Lfunc_begin36-.Lfunc_begin36
	.long	.Ltmp331-.Lfunc_begin36
	.short	1                               @ Loc expr size
	.byte	81                              @ DW_OP_reg1
	.long	.Ltmp331-.Lfunc_begin36
	.long	.Lfunc_end36-.Lfunc_begin36
	.short	4                               @ Loc expr size
	.byte	243                             @ DW_OP_GNU_entry_value
	.byte	1                               @ 1
	.byte	81                              @ DW_OP_reg1
	.byte	159                             @ DW_OP_stack_value
	.long	0
	.long	0
.Ldebug_loc87:
	.long	-1
	.long	.Lfunc_begin36                  @   base address
	.long	.Ltmp331-.Lfunc_begin36
	.long	.Ltmp332-.Lfunc_begin36
	.short	1                               @ Loc expr size
	.byte	80                              @ DW_OP_reg0
	.long	0
	.long	0
.Ldebug_loc88:
	.long	-1
	.long	.Lfunc_begin37                  @   base address
	.long	.Lfunc_begin37-.Lfunc_begin37
	.long	.Ltmp354-.Lfunc_begin37
	.short	1                               @ Loc expr size
	.byte	80                              @ DW_OP_reg0
	.long	.Ltmp355-.Lfunc_begin37
	.long	.Ltmp381-.Lfunc_begin37
	.short	1                               @ Loc expr size
	.byte	80                              @ DW_OP_reg0
	.long	.Ltmp381-.Lfunc_begin37
	.long	.Ltmp382-.Lfunc_begin37
	.short	4                               @ Loc expr size
	.byte	243                             @ DW_OP_GNU_entry_value
	.byte	1                               @ 1
	.byte	80                              @ DW_OP_reg0
	.byte	159                             @ DW_OP_stack_value
	.long	0
	.long	0
.Ldebug_loc89:
	.long	-1
	.long	.Lfunc_begin37                  @   base address
	.long	.Lfunc_begin37-.Lfunc_begin37
	.long	.Ltmp336-.Lfunc_begin37
	.short	1                               @ Loc expr size
	.byte	81                              @ DW_OP_reg1
	.long	.Ltmp336-.Lfunc_begin37
	.long	.Ltmp354-.Lfunc_begin37
	.short	4                               @ Loc expr size
	.byte	243                             @ DW_OP_GNU_entry_value
	.byte	1                               @ 1
	.byte	81                              @ DW_OP_reg1
	.byte	159                             @ DW_OP_stack_value
	.long	.Ltmp355-.Lfunc_begin37
	.long	.Lfunc_end37-.Lfunc_begin37
	.short	4                               @ Loc expr size
	.byte	243                             @ DW_OP_GNU_entry_value
	.byte	1                               @ 1
	.byte	81                              @ DW_OP_reg1
	.byte	159                             @ DW_OP_stack_value
	.long	0
	.long	0
.Ldebug_loc90:
	.long	-1
	.long	.Lfunc_begin37                  @   base address
	.long	.Lfunc_begin37-.Lfunc_begin37
	.long	.Ltmp354-.Lfunc_begin37
	.short	1                               @ Loc expr size
	.byte	82                              @ DW_OP_reg2
	.long	.Ltmp355-.Lfunc_begin37
	.long	.Ltmp370-.Lfunc_begin37
	.short	1                               @ Loc expr size
	.byte	82                              @ DW_OP_reg2
	.long	.Ltmp371-.Lfunc_begin37
	.long	.Ltmp372-.Lfunc_begin37
	.short	4                               @ Loc expr size
	.byte	243                             @ DW_OP_GNU_entry_value
	.byte	1                               @ 1
	.byte	82                              @ DW_OP_reg2
	.byte	159                             @ DW_OP_stack_value
	.long	0
	.long	0
.Ldebug_loc91:
	.long	-1
	.long	.Lfunc_begin37                  @   base address
	.long	.Lfunc_begin37-.Lfunc_begin37
	.long	.Ltmp335-.Lfunc_begin37
	.short	1                               @ Loc expr size
	.byte	83                              @ DW_OP_reg3
	.long	.Ltmp335-.Lfunc_begin37
	.long	.Ltmp354-.Lfunc_begin37
	.short	4                               @ Loc expr size
	.byte	243                             @ DW_OP_GNU_entry_value
	.byte	1                               @ 1
	.byte	83                              @ DW_OP_reg3
	.byte	159                             @ DW_OP_stack_value
	.long	.Ltmp355-.Lfunc_begin37
	.long	.Lfunc_end37-.Lfunc_begin37
	.short	4                               @ Loc expr size
	.byte	243                             @ DW_OP_GNU_entry_value
	.byte	1                               @ 1
	.byte	83                              @ DW_OP_reg3
	.byte	159                             @ DW_OP_stack_value
	.long	0
	.long	0
.Ldebug_loc92:
	.long	-1
	.long	.Lfunc_begin37                  @   base address
	.long	.Ltmp334-.Lfunc_begin37
	.long	.Ltmp337-.Lfunc_begin37
	.short	2                               @ Loc expr size
	.byte	49                              @ DW_OP_lit1
	.byte	159                             @ DW_OP_stack_value
	.long	.Ltmp337-.Lfunc_begin37
	.long	.Ltmp354-.Lfunc_begin37
	.short	1                               @ Loc expr size
	.byte	87                              @ DW_OP_reg7
	.long	.Ltmp355-.Lfunc_begin37
	.long	.Ltmp363-.Lfunc_begin37
	.short	1                               @ Loc expr size
	.byte	87                              @ DW_OP_reg7
	.long	.Ltmp363-.Lfunc_begin37
	.long	.Ltmp365-.Lfunc_begin37
	.short	2                               @ Loc expr size
	.byte	48                              @ DW_OP_lit0
	.byte	159                             @ DW_OP_stack_value
	.long	.Ltmp365-.Lfunc_begin37
	.long	.Ltmp383-.Lfunc_begin37
	.short	1                               @ Loc expr size
	.byte	87                              @ DW_OP_reg7
	.long	0
	.long	0
.Ldebug_loc93:
	.long	-1
	.long	.Lfunc_begin37                  @   base address
	.long	.Ltmp334-.Lfunc_begin37
	.long	.Ltmp349-.Lfunc_begin37
	.short	2                               @ Loc expr size
	.byte	48                              @ DW_OP_lit0
	.byte	159                             @ DW_OP_stack_value
	.long	.Ltmp349-.Lfunc_begin37
	.long	.Ltmp350-.Lfunc_begin37
	.short	2                               @ Loc expr size
	.byte	49                              @ DW_OP_lit1
	.byte	159                             @ DW_OP_stack_value
	.long	.Ltmp350-.Lfunc_begin37
	.long	.Ltmp352-.Lfunc_begin37
	.short	2                               @ Loc expr size
	.byte	48                              @ DW_OP_lit0
	.byte	159                             @ DW_OP_stack_value
	.long	.Ltmp352-.Lfunc_begin37
	.long	.Ltmp354-.Lfunc_begin37
	.short	1                               @ Loc expr size
	.byte	84                              @ DW_OP_reg4
	.long	.Ltmp355-.Lfunc_begin37
	.long	.Ltmp358-.Lfunc_begin37
	.short	1                               @ Loc expr size
	.byte	84                              @ DW_OP_reg4
	.long	.Ltmp358-.Lfunc_begin37
	.long	.Ltmp359-.Lfunc_begin37
	.short	2                               @ Loc expr size
	.byte	49                              @ DW_OP_lit1
	.byte	159                             @ DW_OP_stack_value
	.long	.Ltmp359-.Lfunc_begin37
	.long	.Ltmp365-.Lfunc_begin37
	.short	1                               @ Loc expr size
	.byte	84                              @ DW_OP_reg4
	.long	.Ltmp365-.Lfunc_begin37
	.long	.Ltmp382-.Lfunc_begin37
	.short	1                               @ Loc expr size
	.byte	83                              @ DW_OP_reg3
	.long	0
	.long	0
.Ldebug_loc94:
	.long	-1
	.long	.Lfunc_begin37                  @   base address
	.long	.Ltmp334-.Lfunc_begin37
	.long	.Ltmp337-.Lfunc_begin37
	.short	2                               @ Loc expr size
	.byte	48                              @ DW_OP_lit0
	.byte	159                             @ DW_OP_stack_value
	.long	.Ltmp356-.Lfunc_begin37
	.long	.Ltmp357-.Lfunc_begin37
	.short	2                               @ Loc expr size
	.byte	56                              @ DW_OP_lit8
	.byte	159                             @ DW_OP_stack_value
	.long	.Ltmp358-.Lfunc_begin37
	.long	.Ltmp359-.Lfunc_begin37
	.short	2                               @ Loc expr size
	.byte	56                              @ DW_OP_lit8
	.byte	159                             @ DW_OP_stack_value
	.long	.Ltmp363-.Lfunc_begin37
	.long	.Ltmp365-.Lfunc_begin37
	.short	2                               @ Loc expr size
	.byte	72                              @ DW_OP_lit24
	.byte	159                             @ DW_OP_stack_value
	.long	.Ltmp365-.Lfunc_begin37
	.long	.Ltmp366-.Lfunc_begin37
	.short	1                               @ Loc expr size
	.byte	81                              @ DW_OP_reg1
	.long	0
	.long	0
.Ldebug_loc95:
	.long	-1
	.long	.Lfunc_begin37                  @   base address
	.long	.Ltmp334-.Lfunc_begin37
	.long	.Ltmp337-.Lfunc_begin37
	.short	2                               @ Loc expr size
	.byte	48                              @ DW_OP_lit0
	.byte	159                             @ DW_OP_stack_value
	.long	.Ltmp337-.Lfunc_begin37
	.long	.Ltmp354-.Lfunc_begin37
	.short	1                               @ Loc expr size
	.byte	92                              @ DW_OP_reg12
	.long	.Ltmp355-.Lfunc_begin37
	.long	.Lfunc_end37-.Lfunc_begin37
	.short	1                               @ Loc expr size
	.byte	92                              @ DW_OP_reg12
	.long	0
	.long	0
.Ldebug_loc96:
	.long	-1
	.long	.Lfunc_begin37                  @   base address
	.long	.Ltmp334-.Lfunc_begin37
	.long	.Ltmp337-.Lfunc_begin37
	.short	2                               @ Loc expr size
	.byte	48                              @ DW_OP_lit0
	.byte	159                             @ DW_OP_stack_value
	.long	.Ltmp339-.Lfunc_begin37
	.long	.Ltmp340-.Lfunc_begin37
	.short	1                               @ Loc expr size
	.byte	81                              @ DW_OP_reg1
	.long	.Ltmp340-.Lfunc_begin37
	.long	.Ltmp342-.Lfunc_begin37
	.short	3                               @ Loc expr size
	.byte	113                             @ DW_OP_breg1
	.byte	127                             @ -1
	.byte	159                             @ DW_OP_stack_value
	.long	.Ltmp342-.Lfunc_begin37
	.long	.Ltmp344-.Lfunc_begin37
	.short	3                               @ Loc expr size
	.byte	113                             @ DW_OP_breg1
	.byte	126                             @ -2
	.byte	159                             @ DW_OP_stack_value
	.long	.Ltmp344-.Lfunc_begin37
	.long	.Ltmp347-.Lfunc_begin37
	.short	3                               @ Loc expr size
	.byte	113                             @ DW_OP_breg1
	.byte	125                             @ -3
	.byte	159                             @ DW_OP_stack_value
	.long	.Ltmp347-.Lfunc_begin37
	.long	.Ltmp348-.Lfunc_begin37
	.short	1                               @ Loc expr size
	.byte	81                              @ DW_OP_reg1
	.long	.Ltmp370-.Lfunc_begin37
	.long	.Ltmp372-.Lfunc_begin37
	.short	1                               @ Loc expr size
	.byte	81                              @ DW_OP_reg1
	.long	.Ltmp372-.Lfunc_begin37
	.long	.Ltmp374-.Lfunc_begin37
	.short	3                               @ Loc expr size
	.byte	113                             @ DW_OP_breg1
	.byte	127                             @ -1
	.byte	159                             @ DW_OP_stack_value
	.long	.Ltmp374-.Lfunc_begin37
	.long	.Ltmp376-.Lfunc_begin37
	.short	3                               @ Loc expr size
	.byte	113                             @ DW_OP_breg1
	.byte	126                             @ -2
	.byte	159                             @ DW_OP_stack_value
	.long	.Ltmp376-.Lfunc_begin37
	.long	.Ltmp379-.Lfunc_begin37
	.short	3                               @ Loc expr size
	.byte	113                             @ DW_OP_breg1
	.byte	125                             @ -3
	.byte	159                             @ DW_OP_stack_value
	.long	.Ltmp379-.Lfunc_begin37
	.long	.Ltmp380-.Lfunc_begin37
	.short	1                               @ Loc expr size
	.byte	81                              @ DW_OP_reg1
	.long	0
	.long	0
.Ldebug_loc97:
	.long	-1
	.long	.Lfunc_begin38                  @   base address
	.long	.Lfunc_begin38-.Lfunc_begin38
	.long	.Ltmp385-.Lfunc_begin38
	.short	1                               @ Loc expr size
	.byte	80                              @ DW_OP_reg0
	.long	.Ltmp385-.Lfunc_begin38
	.long	.Lfunc_end38-.Lfunc_begin38
	.short	4                               @ Loc expr size
	.byte	243                             @ DW_OP_GNU_entry_value
	.byte	1                               @ 1
	.byte	80                              @ DW_OP_reg0
	.byte	159                             @ DW_OP_stack_value
	.long	0
	.long	0
.Ldebug_loc98:
	.long	-1
	.long	.Lfunc_begin38                  @   base address
	.long	.Lfunc_begin38-.Lfunc_begin38
	.long	.Ltmp385-.Lfunc_begin38
	.short	1                               @ Loc expr size
	.byte	81                              @ DW_OP_reg1
	.long	.Ltmp385-.Lfunc_begin38
	.long	.Lfunc_end38-.Lfunc_begin38
	.short	4                               @ Loc expr size
	.byte	243                             @ DW_OP_GNU_entry_value
	.byte	1                               @ 1
	.byte	81                              @ DW_OP_reg1
	.byte	159                             @ DW_OP_stack_value
	.long	0
	.long	0
.Ldebug_loc99:
	.long	-1
	.long	.Lfunc_begin38                  @   base address
	.long	.Lfunc_begin38-.Lfunc_begin38
	.long	.Ltmp385-.Lfunc_begin38
	.short	1                               @ Loc expr size
	.byte	82                              @ DW_OP_reg2
	.long	.Ltmp385-.Lfunc_begin38
	.long	.Lfunc_end38-.Lfunc_begin38
	.short	4                               @ Loc expr size
	.byte	243                             @ DW_OP_GNU_entry_value
	.byte	1                               @ 1
	.byte	82                              @ DW_OP_reg2
	.byte	159                             @ DW_OP_stack_value
	.long	0
	.long	0
.Ldebug_loc100:
	.long	-1
	.long	.Lfunc_begin38                  @   base address
	.long	.Ltmp385-.Lfunc_begin38
	.long	.Ltmp386-.Lfunc_begin38
	.short	1                               @ Loc expr size
	.byte	80                              @ DW_OP_reg0
	.long	0
	.long	0
.Ldebug_loc101:
	.long	-1
	.long	.Lfunc_begin39                  @   base address
	.long	.Lfunc_begin39-.Lfunc_begin39
	.long	.Ltmp408-.Lfunc_begin39
	.short	1                               @ Loc expr size
	.byte	80                              @ DW_OP_reg0
	.long	.Ltmp409-.Lfunc_begin39
	.long	.Ltmp449-.Lfunc_begin39
	.short	1                               @ Loc expr size
	.byte	80                              @ DW_OP_reg0
	.long	.Ltmp449-.Lfunc_begin39
	.long	.Ltmp450-.Lfunc_begin39
	.short	4                               @ Loc expr size
	.byte	243                             @ DW_OP_GNU_entry_value
	.byte	1                               @ 1
	.byte	80                              @ DW_OP_reg0
	.byte	159                             @ DW_OP_stack_value
	.long	0
	.long	0
.Ldebug_loc102:
	.long	-1
	.long	.Lfunc_begin39                  @   base address
	.long	.Lfunc_begin39-.Lfunc_begin39
	.long	.Ltmp391-.Lfunc_begin39
	.short	1                               @ Loc expr size
	.byte	81                              @ DW_OP_reg1
	.long	.Ltmp391-.Lfunc_begin39
	.long	.Ltmp408-.Lfunc_begin39
	.short	4                               @ Loc expr size
	.byte	243                             @ DW_OP_GNU_entry_value
	.byte	1                               @ 1
	.byte	81                              @ DW_OP_reg1
	.byte	159                             @ DW_OP_stack_value
	.long	.Ltmp409-.Lfunc_begin39
	.long	.Lfunc_end39-.Lfunc_begin39
	.short	4                               @ Loc expr size
	.byte	243                             @ DW_OP_GNU_entry_value
	.byte	1                               @ 1
	.byte	81                              @ DW_OP_reg1
	.byte	159                             @ DW_OP_stack_value
	.long	0
	.long	0
.Ldebug_loc103:
	.long	-1
	.long	.Lfunc_begin39                  @   base address
	.long	.Lfunc_begin39-.Lfunc_begin39
	.long	.Ltmp389-.Lfunc_begin39
	.short	1                               @ Loc expr size
	.byte	82                              @ DW_OP_reg2
	.long	.Ltmp389-.Lfunc_begin39
	.long	.Ltmp408-.Lfunc_begin39
	.short	2                               @ Loc expr size
	.byte	125                             @ DW_OP_breg13
	.byte	16                              @ 16
	.long	.Ltmp409-.Lfunc_begin39
	.long	.Lfunc_end39-.Lfunc_begin39
	.short	2                               @ Loc expr size
	.byte	125                             @ DW_OP_breg13
	.byte	16                              @ 16
	.long	0
	.long	0
.Ldebug_loc104:
	.long	-1
	.long	.Lfunc_begin39                  @   base address
	.long	.Lfunc_begin39-.Lfunc_begin39
	.long	.Ltmp408-.Lfunc_begin39
	.short	1                               @ Loc expr size
	.byte	83                              @ DW_OP_reg3
	.long	.Ltmp409-.Lfunc_begin39
	.long	.Lfunc_end39-.Lfunc_begin39
	.short	1                               @ Loc expr size
	.byte	83                              @ DW_OP_reg3
	.long	0
	.long	0
.Ldebug_loc105:
	.long	-1
	.long	.Lfunc_begin39                  @   base address
	.long	.Ltmp388-.Lfunc_begin39
	.long	.Ltmp408-.Lfunc_begin39
	.short	2                               @ Loc expr size
	.byte	125                             @ DW_OP_breg13
	.byte	56                              @ 56
	.long	.Ltmp409-.Lfunc_begin39
	.long	.Lfunc_end39-.Lfunc_begin39
	.short	2                               @ Loc expr size
	.byte	125                             @ DW_OP_breg13
	.byte	56                              @ 56
	.long	0
	.long	0
.Ldebug_loc106:
	.long	-1
	.long	.Lfunc_begin39                  @   base address
	.long	.Ltmp390-.Lfunc_begin39
	.long	.Ltmp392-.Lfunc_begin39
	.short	2                               @ Loc expr size
	.byte	48                              @ DW_OP_lit0
	.byte	159                             @ DW_OP_stack_value
	.long	.Ltmp393-.Lfunc_begin39
	.long	.Ltmp394-.Lfunc_begin39
	.short	1                               @ Loc expr size
	.byte	82                              @ DW_OP_reg2
	.long	.Ltmp394-.Lfunc_begin39
	.long	.Ltmp396-.Lfunc_begin39
	.short	3                               @ Loc expr size
	.byte	114                             @ DW_OP_breg2
	.byte	127                             @ -1
	.byte	159                             @ DW_OP_stack_value
	.long	.Ltmp396-.Lfunc_begin39
	.long	.Ltmp398-.Lfunc_begin39
	.short	3                               @ Loc expr size
	.byte	114                             @ DW_OP_breg2
	.byte	126                             @ -2
	.byte	159                             @ DW_OP_stack_value
	.long	.Ltmp398-.Lfunc_begin39
	.long	.Ltmp401-.Lfunc_begin39
	.short	3                               @ Loc expr size
	.byte	114                             @ DW_OP_breg2
	.byte	125                             @ -3
	.byte	159                             @ DW_OP_stack_value
	.long	.Ltmp401-.Lfunc_begin39
	.long	.Ltmp402-.Lfunc_begin39
	.short	1                               @ Loc expr size
	.byte	82                              @ DW_OP_reg2
	.long	.Ltmp439-.Lfunc_begin39
	.long	.Ltmp440-.Lfunc_begin39
	.short	1                               @ Loc expr size
	.byte	81                              @ DW_OP_reg1
	.long	.Ltmp440-.Lfunc_begin39
	.long	.Ltmp442-.Lfunc_begin39
	.short	3                               @ Loc expr size
	.byte	113                             @ DW_OP_breg1
	.byte	127                             @ -1
	.byte	159                             @ DW_OP_stack_value
	.long	.Ltmp442-.Lfunc_begin39
	.long	.Ltmp444-.Lfunc_begin39
	.short	3                               @ Loc expr size
	.byte	113                             @ DW_OP_breg1
	.byte	126                             @ -2
	.byte	159                             @ DW_OP_stack_value
	.long	.Ltmp444-.Lfunc_begin39
	.long	.Ltmp447-.Lfunc_begin39
	.short	3                               @ Loc expr size
	.byte	113                             @ DW_OP_breg1
	.byte	125                             @ -3
	.byte	159                             @ DW_OP_stack_value
	.long	.Ltmp447-.Lfunc_begin39
	.long	.Ltmp448-.Lfunc_begin39
	.short	1                               @ Loc expr size
	.byte	81                              @ DW_OP_reg1
	.long	0
	.long	0
.Ldebug_loc107:
	.long	-1
	.long	.Lfunc_begin39                  @   base address
	.long	.Ltmp390-.Lfunc_begin39
	.long	.Ltmp392-.Lfunc_begin39
	.short	2                               @ Loc expr size
	.byte	48                              @ DW_OP_lit0
	.byte	159                             @ DW_OP_stack_value
	.long	.Ltmp392-.Lfunc_begin39
	.long	.Ltmp408-.Lfunc_begin39
	.short	1                               @ Loc expr size
	.byte	92                              @ DW_OP_reg12
	.long	.Ltmp409-.Lfunc_begin39
	.long	.Lfunc_end39-.Lfunc_begin39
	.short	1                               @ Loc expr size
	.byte	92                              @ DW_OP_reg12
	.long	0
	.long	0
.Ldebug_loc108:
	.long	-1
	.long	.Lfunc_begin39                  @   base address
	.long	.Ltmp390-.Lfunc_begin39
	.long	.Ltmp392-.Lfunc_begin39
	.short	2                               @ Loc expr size
	.byte	48                              @ DW_OP_lit0
	.byte	159                             @ DW_OP_stack_value
	.long	.Ltmp392-.Lfunc_begin39
	.long	.Ltmp408-.Lfunc_begin39
	.short	1                               @ Loc expr size
	.byte	88                              @ DW_OP_reg8
	.long	.Ltmp409-.Lfunc_begin39
	.long	.Ltmp411-.Lfunc_begin39
	.short	1                               @ Loc expr size
	.byte	88                              @ DW_OP_reg8
	.long	.Ltmp411-.Lfunc_begin39
	.long	.Ltmp413-.Lfunc_begin39
	.short	3                               @ Loc expr size
	.byte	16                              @ DW_OP_constu
	.byte	40                              @ 40
	.byte	159                             @ DW_OP_stack_value
	.long	.Ltmp413-.Lfunc_begin39
	.long	.Ltmp417-.Lfunc_begin39
	.short	1                               @ Loc expr size
	.byte	88                              @ DW_OP_reg8
	.long	.Ltmp417-.Lfunc_begin39
	.long	.Ltmp419-.Lfunc_begin39
	.short	2                               @ Loc expr size
	.byte	56                              @ DW_OP_lit8
	.byte	159                             @ DW_OP_stack_value
	.long	.Ltmp419-.Lfunc_begin39
	.long	.Ltmp421-.Lfunc_begin39
	.short	1                               @ Loc expr size
	.byte	88                              @ DW_OP_reg8
	.long	.Ltmp421-.Lfunc_begin39
	.long	.Ltmp422-.Lfunc_begin39
	.short	2                               @ Loc expr size
	.byte	56                              @ DW_OP_lit8
	.byte	159                             @ DW_OP_stack_value
	.long	.Ltmp422-.Lfunc_begin39
	.long	.Ltmp426-.Lfunc_begin39
	.short	1                               @ Loc expr size
	.byte	88                              @ DW_OP_reg8
	.long	.Ltmp426-.Lfunc_begin39
	.long	.Ltmp427-.Lfunc_begin39
	.short	2                               @ Loc expr size
	.byte	72                              @ DW_OP_lit24
	.byte	159                             @ DW_OP_stack_value
	.long	.Ltmp427-.Lfunc_begin39
	.long	.Ltmp432-.Lfunc_begin39
	.short	1                               @ Loc expr size
	.byte	88                              @ DW_OP_reg8
	.long	.Ltmp432-.Lfunc_begin39
	.long	.Ltmp437-.Lfunc_begin39
	.short	1                               @ Loc expr size
	.byte	86                              @ DW_OP_reg6
	.long	.Ltmp437-.Lfunc_begin39
	.long	.Ltmp438-.Lfunc_begin39
	.short	1                               @ Loc expr size
	.byte	88                              @ DW_OP_reg8
	.long	0
	.long	0
.Ldebug_loc109:
	.long	-1
	.long	.Lfunc_begin39                  @   base address
	.long	.Ltmp390-.Lfunc_begin39
	.long	.Ltmp403-.Lfunc_begin39
	.short	2                               @ Loc expr size
	.byte	48                              @ DW_OP_lit0
	.byte	159                             @ DW_OP_stack_value
	.long	.Ltmp403-.Lfunc_begin39
	.long	.Ltmp404-.Lfunc_begin39
	.short	2                               @ Loc expr size
	.byte	49                              @ DW_OP_lit1
	.byte	159                             @ DW_OP_stack_value
	.long	.Ltmp404-.Lfunc_begin39
	.long	.Ltmp406-.Lfunc_begin39
	.short	2                               @ Loc expr size
	.byte	48                              @ DW_OP_lit0
	.byte	159                             @ DW_OP_stack_value
	.long	.Ltmp406-.Lfunc_begin39
	.long	.Ltmp408-.Lfunc_begin39
	.short	1                               @ Loc expr size
	.byte	82                              @ DW_OP_reg2
	.long	.Ltmp409-.Lfunc_begin39
	.long	.Ltmp412-.Lfunc_begin39
	.short	1                               @ Loc expr size
	.byte	82                              @ DW_OP_reg2
	.long	.Ltmp412-.Lfunc_begin39
	.long	.Ltmp413-.Lfunc_begin39
	.short	1                               @ Loc expr size
	.byte	89                              @ DW_OP_reg9
	.long	.Ltmp413-.Lfunc_begin39
	.long	.Ltmp414-.Lfunc_begin39
	.short	1                               @ Loc expr size
	.byte	82                              @ DW_OP_reg2
	.long	.Ltmp414-.Lfunc_begin39
	.long	.Ltmp415-.Lfunc_begin39
	.short	1                               @ Loc expr size
	.byte	89                              @ DW_OP_reg9
	.long	.Ltmp415-.Lfunc_begin39
	.long	.Ltmp418-.Lfunc_begin39
	.short	1                               @ Loc expr size
	.byte	82                              @ DW_OP_reg2
	.long	.Ltmp418-.Lfunc_begin39
	.long	.Ltmp419-.Lfunc_begin39
	.short	1                               @ Loc expr size
	.byte	89                              @ DW_OP_reg9
	.long	.Ltmp419-.Lfunc_begin39
	.long	.Ltmp420-.Lfunc_begin39
	.short	1                               @ Loc expr size
	.byte	82                              @ DW_OP_reg2
	.long	.Ltmp421-.Lfunc_begin39
	.long	.Ltmp422-.Lfunc_begin39
	.short	2                               @ Loc expr size
	.byte	49                              @ DW_OP_lit1
	.byte	159                             @ DW_OP_stack_value
	.long	.Ltmp422-.Lfunc_begin39
	.long	.Ltmp424-.Lfunc_begin39
	.short	1                               @ Loc expr size
	.byte	82                              @ DW_OP_reg2
	.long	.Ltmp424-.Lfunc_begin39
	.long	.Ltmp427-.Lfunc_begin39
	.short	1                               @ Loc expr size
	.byte	89                              @ DW_OP_reg9
	.long	.Ltmp427-.Lfunc_begin39
	.long	.Ltmp428-.Lfunc_begin39
	.short	1                               @ Loc expr size
	.byte	82                              @ DW_OP_reg2
	.long	.Ltmp428-.Lfunc_begin39
	.long	.Ltmp430-.Lfunc_begin39
	.short	1                               @ Loc expr size
	.byte	89                              @ DW_OP_reg9
	.long	.Ltmp430-.Lfunc_begin39
	.long	.Ltmp431-.Lfunc_begin39
	.short	1                               @ Loc expr size
	.byte	82                              @ DW_OP_reg2
	.long	.Ltmp431-.Lfunc_begin39
	.long	.Ltmp450-.Lfunc_begin39
	.short	1                               @ Loc expr size
	.byte	89                              @ DW_OP_reg9
	.long	0
	.long	0
.Ldebug_loc110:
	.long	-1
	.long	.Lfunc_begin39                  @   base address
	.long	.Ltmp390-.Lfunc_begin39
	.long	.Ltmp392-.Lfunc_begin39
	.short	2                               @ Loc expr size
	.byte	49                              @ DW_OP_lit1
	.byte	159                             @ DW_OP_stack_value
	.long	.Ltmp392-.Lfunc_begin39
	.long	.Ltmp408-.Lfunc_begin39
	.short	1                               @ Loc expr size
	.byte	85                              @ DW_OP_reg5
	.long	.Ltmp409-.Lfunc_begin39
	.long	.Ltmp423-.Lfunc_begin39
	.short	1                               @ Loc expr size
	.byte	85                              @ DW_OP_reg5
	.long	.Ltmp426-.Lfunc_begin39
	.long	.Ltmp427-.Lfunc_begin39
	.short	2                               @ Loc expr size
	.byte	48                              @ DW_OP_lit0
	.byte	159                             @ DW_OP_stack_value
	.long	.Ltmp427-.Lfunc_begin39
	.long	.Ltmp451-.Lfunc_begin39
	.short	1                               @ Loc expr size
	.byte	85                              @ DW_OP_reg5
	.long	0
	.long	0
.Ldebug_loc111:
	.long	-1
	.long	.Lfunc_begin40                  @   base address
	.long	.Lfunc_begin40-.Lfunc_begin40
	.long	.Ltmp453-.Lfunc_begin40
	.short	1                               @ Loc expr size
	.byte	80                              @ DW_OP_reg0
	.long	.Ltmp453-.Lfunc_begin40
	.long	.Lfunc_end40-.Lfunc_begin40
	.short	4                               @ Loc expr size
	.byte	243                             @ DW_OP_GNU_entry_value
	.byte	1                               @ 1
	.byte	80                              @ DW_OP_reg0
	.byte	159                             @ DW_OP_stack_value
	.long	0
	.long	0
.Ldebug_loc112:
	.long	-1
	.long	.Lfunc_begin40                  @   base address
	.long	.Lfunc_begin40-.Lfunc_begin40
	.long	.Ltmp453-.Lfunc_begin40
	.short	1                               @ Loc expr size
	.byte	81                              @ DW_OP_reg1
	.long	.Ltmp453-.Lfunc_begin40
	.long	.Lfunc_end40-.Lfunc_begin40
	.short	4                               @ Loc expr size
	.byte	243                             @ DW_OP_GNU_entry_value
	.byte	1                               @ 1
	.byte	81                              @ DW_OP_reg1
	.byte	159                             @ DW_OP_stack_value
	.long	0
	.long	0
.Ldebug_loc113:
	.long	-1
	.long	.Lfunc_begin40                  @   base address
	.long	.Lfunc_begin40-.Lfunc_begin40
	.long	.Ltmp453-.Lfunc_begin40
	.short	1                               @ Loc expr size
	.byte	82                              @ DW_OP_reg2
	.long	.Ltmp453-.Lfunc_begin40
	.long	.Lfunc_end40-.Lfunc_begin40
	.short	4                               @ Loc expr size
	.byte	243                             @ DW_OP_GNU_entry_value
	.byte	1                               @ 1
	.byte	82                              @ DW_OP_reg2
	.byte	159                             @ DW_OP_stack_value
	.long	0
	.long	0
.Ldebug_loc114:
	.long	-1
	.long	.Lfunc_begin40                  @   base address
	.long	.Ltmp453-.Lfunc_begin40
	.long	.Ltmp454-.Lfunc_begin40
	.short	1                               @ Loc expr size
	.byte	80                              @ DW_OP_reg0
	.long	0
	.long	0
.Ldebug_loc115:
	.long	-1
	.long	.Lfunc_begin41                  @   base address
	.long	.Lfunc_begin41-.Lfunc_begin41
	.long	.Ltmp476-.Lfunc_begin41
	.short	1                               @ Loc expr size
	.byte	80                              @ DW_OP_reg0
	.long	.Ltmp477-.Lfunc_begin41
	.long	.Ltmp520-.Lfunc_begin41
	.short	1                               @ Loc expr size
	.byte	80                              @ DW_OP_reg0
	.long	.Ltmp520-.Lfunc_begin41
	.long	.Ltmp521-.Lfunc_begin41
	.short	4                               @ Loc expr size
	.byte	243                             @ DW_OP_GNU_entry_value
	.byte	1                               @ 1
	.byte	80                              @ DW_OP_reg0
	.byte	159                             @ DW_OP_stack_value
	.long	0
	.long	0
.Ldebug_loc116:
	.long	-1
	.long	.Lfunc_begin41                  @   base address
	.long	.Lfunc_begin41-.Lfunc_begin41
	.long	.Ltmp458-.Lfunc_begin41
	.short	1                               @ Loc expr size
	.byte	81                              @ DW_OP_reg1
	.long	.Ltmp458-.Lfunc_begin41
	.long	.Ltmp476-.Lfunc_begin41
	.short	4                               @ Loc expr size
	.byte	243                             @ DW_OP_GNU_entry_value
	.byte	1                               @ 1
	.byte	81                              @ DW_OP_reg1
	.byte	159                             @ DW_OP_stack_value
	.long	.Ltmp477-.Lfunc_begin41
	.long	.Lfunc_end41-.Lfunc_begin41
	.short	4                               @ Loc expr size
	.byte	243                             @ DW_OP_GNU_entry_value
	.byte	1                               @ 1
	.byte	81                              @ DW_OP_reg1
	.byte	159                             @ DW_OP_stack_value
	.long	0
	.long	0
.Ldebug_loc117:
	.long	-1
	.long	.Lfunc_begin41                  @   base address
	.long	.Lfunc_begin41-.Lfunc_begin41
	.long	.Ltmp459-.Lfunc_begin41
	.short	1                               @ Loc expr size
	.byte	82                              @ DW_OP_reg2
	.long	.Ltmp459-.Lfunc_begin41
	.long	.Ltmp476-.Lfunc_begin41
	.short	4                               @ Loc expr size
	.byte	243                             @ DW_OP_GNU_entry_value
	.byte	1                               @ 1
	.byte	82                              @ DW_OP_reg2
	.byte	159                             @ DW_OP_stack_value
	.long	.Ltmp477-.Lfunc_begin41
	.long	.Lfunc_end41-.Lfunc_begin41
	.short	4                               @ Loc expr size
	.byte	243                             @ DW_OP_GNU_entry_value
	.byte	1                               @ 1
	.byte	82                              @ DW_OP_reg2
	.byte	159                             @ DW_OP_stack_value
	.long	0
	.long	0
.Ldebug_loc118:
	.long	-1
	.long	.Lfunc_begin41                  @   base address
	.long	.Lfunc_begin41-.Lfunc_begin41
	.long	.Ltmp476-.Lfunc_begin41
	.short	1                               @ Loc expr size
	.byte	83                              @ DW_OP_reg3
	.long	.Ltmp477-.Lfunc_begin41
	.long	.Lfunc_end41-.Lfunc_begin41
	.short	1                               @ Loc expr size
	.byte	83                              @ DW_OP_reg3
	.long	0
	.long	0
.Ldebug_loc119:
	.long	-1
	.long	.Lfunc_begin41                  @   base address
	.long	.Ltmp456-.Lfunc_begin41
	.long	.Ltmp476-.Lfunc_begin41
	.short	2                               @ Loc expr size
	.byte	125                             @ DW_OP_breg13
	.byte	60                              @ 60
	.long	.Ltmp477-.Lfunc_begin41
	.long	.Lfunc_end41-.Lfunc_begin41
	.short	2                               @ Loc expr size
	.byte	125                             @ DW_OP_breg13
	.byte	60                              @ 60
	.long	0
	.long	0
.Ldebug_loc120:
	.long	-1
	.long	.Lfunc_begin41                  @   base address
	.long	.Ltmp457-.Lfunc_begin41
	.long	.Ltmp460-.Lfunc_begin41
	.short	2                               @ Loc expr size
	.byte	48                              @ DW_OP_lit0
	.byte	159                             @ DW_OP_stack_value
	.long	.Ltmp461-.Lfunc_begin41
	.long	.Ltmp462-.Lfunc_begin41
	.short	1                               @ Loc expr size
	.byte	82                              @ DW_OP_reg2
	.long	.Ltmp462-.Lfunc_begin41
	.long	.Ltmp464-.Lfunc_begin41
	.short	3                               @ Loc expr size
	.byte	114                             @ DW_OP_breg2
	.byte	127                             @ -1
	.byte	159                             @ DW_OP_stack_value
	.long	.Ltmp464-.Lfunc_begin41
	.long	.Ltmp466-.Lfunc_begin41
	.short	3                               @ Loc expr size
	.byte	114                             @ DW_OP_breg2
	.byte	126                             @ -2
	.byte	159                             @ DW_OP_stack_value
	.long	.Ltmp466-.Lfunc_begin41
	.long	.Ltmp469-.Lfunc_begin41
	.short	3                               @ Loc expr size
	.byte	114                             @ DW_OP_breg2
	.byte	125                             @ -3
	.byte	159                             @ DW_OP_stack_value
	.long	.Ltmp469-.Lfunc_begin41
	.long	.Ltmp470-.Lfunc_begin41
	.short	1                               @ Loc expr size
	.byte	82                              @ DW_OP_reg2
	.long	.Ltmp510-.Lfunc_begin41
	.long	.Ltmp511-.Lfunc_begin41
	.short	1                               @ Loc expr size
	.byte	81                              @ DW_OP_reg1
	.long	.Ltmp511-.Lfunc_begin41
	.long	.Ltmp513-.Lfunc_begin41
	.short	3                               @ Loc expr size
	.byte	113                             @ DW_OP_breg1
	.byte	127                             @ -1
	.byte	159                             @ DW_OP_stack_value
	.long	.Ltmp513-.Lfunc_begin41
	.long	.Ltmp515-.Lfunc_begin41
	.short	3                               @ Loc expr size
	.byte	113                             @ DW_OP_breg1
	.byte	126                             @ -2
	.byte	159                             @ DW_OP_stack_value
	.long	.Ltmp515-.Lfunc_begin41
	.long	.Ltmp518-.Lfunc_begin41
	.short	3                               @ Loc expr size
	.byte	113                             @ DW_OP_breg1
	.byte	125                             @ -3
	.byte	159                             @ DW_OP_stack_value
	.long	.Ltmp518-.Lfunc_begin41
	.long	.Ltmp519-.Lfunc_begin41
	.short	1                               @ Loc expr size
	.byte	81                              @ DW_OP_reg1
	.long	0
	.long	0
.Ldebug_loc121:
	.long	-1
	.long	.Lfunc_begin41                  @   base address
	.long	.Ltmp457-.Lfunc_begin41
	.long	.Ltmp460-.Lfunc_begin41
	.short	2                               @ Loc expr size
	.byte	48                              @ DW_OP_lit0
	.byte	159                             @ DW_OP_stack_value
	.long	.Ltmp460-.Lfunc_begin41
	.long	.Ltmp476-.Lfunc_begin41
	.short	1                               @ Loc expr size
	.byte	92                              @ DW_OP_reg12
	.long	.Ltmp477-.Lfunc_begin41
	.long	.Lfunc_end41-.Lfunc_begin41
	.short	1                               @ Loc expr size
	.byte	92                              @ DW_OP_reg12
	.long	0
	.long	0
.Ldebug_loc122:
	.long	-1
	.long	.Lfunc_begin41                  @   base address
	.long	.Ltmp457-.Lfunc_begin41
	.long	.Ltmp460-.Lfunc_begin41
	.short	2                               @ Loc expr size
	.byte	48                              @ DW_OP_lit0
	.byte	159                             @ DW_OP_stack_value
	.long	.Ltmp460-.Lfunc_begin41
	.long	.Ltmp476-.Lfunc_begin41
	.short	1                               @ Loc expr size
	.byte	91                              @ DW_OP_reg11
	.long	.Ltmp477-.Lfunc_begin41
	.long	.Ltmp486-.Lfunc_begin41
	.short	1                               @ Loc expr size
	.byte	91                              @ DW_OP_reg11
	.long	.Ltmp486-.Lfunc_begin41
	.long	.Ltmp488-.Lfunc_begin41
	.short	2                               @ Loc expr size
	.byte	56                              @ DW_OP_lit8
	.byte	159                             @ DW_OP_stack_value
	.long	.Ltmp488-.Lfunc_begin41
	.long	.Ltmp490-.Lfunc_begin41
	.short	1                               @ Loc expr size
	.byte	91                              @ DW_OP_reg11
	.long	.Ltmp490-.Lfunc_begin41
	.long	.Ltmp491-.Lfunc_begin41
	.short	2                               @ Loc expr size
	.byte	56                              @ DW_OP_lit8
	.byte	159                             @ DW_OP_stack_value
	.long	.Ltmp491-.Lfunc_begin41
	.long	.Ltmp492-.Lfunc_begin41
	.short	1                               @ Loc expr size
	.byte	91                              @ DW_OP_reg11
	.long	.Ltmp492-.Lfunc_begin41
	.long	.Ltmp495-.Lfunc_begin41
	.short	2                               @ Loc expr size
	.byte	72                              @ DW_OP_lit24
	.byte	159                             @ DW_OP_stack_value
	.long	.Ltmp495-.Lfunc_begin41
	.long	.Ltmp503-.Lfunc_begin41
	.short	1                               @ Loc expr size
	.byte	91                              @ DW_OP_reg11
	.long	.Ltmp503-.Lfunc_begin41
	.long	.Ltmp508-.Lfunc_begin41
	.short	1                               @ Loc expr size
	.byte	90                              @ DW_OP_reg10
	.long	.Ltmp508-.Lfunc_begin41
	.long	.Ltmp509-.Lfunc_begin41
	.short	1                               @ Loc expr size
	.byte	91                              @ DW_OP_reg11
	.long	0
	.long	0
.Ldebug_loc123:
	.long	-1
	.long	.Lfunc_begin41                  @   base address
	.long	.Ltmp457-.Lfunc_begin41
	.long	.Ltmp460-.Lfunc_begin41
	.short	2                               @ Loc expr size
	.byte	49                              @ DW_OP_lit1
	.byte	159                             @ DW_OP_stack_value
	.long	.Ltmp460-.Lfunc_begin41
	.long	.Ltmp476-.Lfunc_begin41
	.short	1                               @ Loc expr size
	.byte	81                              @ DW_OP_reg1
	.long	.Ltmp477-.Lfunc_begin41
	.long	.Ltmp480-.Lfunc_begin41
	.short	1                               @ Loc expr size
	.byte	81                              @ DW_OP_reg1
	.long	.Ltmp482-.Lfunc_begin41
	.long	.Ltmp500-.Lfunc_begin41
	.short	1                               @ Loc expr size
	.byte	81                              @ DW_OP_reg1
	.long	.Ltmp503-.Lfunc_begin41
	.long	.Ltmp510-.Lfunc_begin41
	.short	1                               @ Loc expr size
	.byte	81                              @ DW_OP_reg1
	.long	0
	.long	0
.Ldebug_loc124:
	.long	-1
	.long	.Lfunc_begin41                  @   base address
	.long	.Ltmp457-.Lfunc_begin41
	.long	.Ltmp471-.Lfunc_begin41
	.short	2                               @ Loc expr size
	.byte	48                              @ DW_OP_lit0
	.byte	159                             @ DW_OP_stack_value
	.long	.Ltmp471-.Lfunc_begin41
	.long	.Ltmp472-.Lfunc_begin41
	.short	2                               @ Loc expr size
	.byte	49                              @ DW_OP_lit1
	.byte	159                             @ DW_OP_stack_value
	.long	.Ltmp472-.Lfunc_begin41
	.long	.Ltmp474-.Lfunc_begin41
	.short	2                               @ Loc expr size
	.byte	48                              @ DW_OP_lit0
	.byte	159                             @ DW_OP_stack_value
	.long	.Ltmp474-.Lfunc_begin41
	.long	.Ltmp476-.Lfunc_begin41
	.short	1                               @ Loc expr size
	.byte	82                              @ DW_OP_reg2
	.long	.Ltmp477-.Lfunc_begin41
	.long	.Ltmp481-.Lfunc_begin41
	.short	1                               @ Loc expr size
	.byte	82                              @ DW_OP_reg2
	.long	.Ltmp481-.Lfunc_begin41
	.long	.Ltmp482-.Lfunc_begin41
	.short	1                               @ Loc expr size
	.byte	89                              @ DW_OP_reg9
	.long	.Ltmp482-.Lfunc_begin41
	.long	.Ltmp483-.Lfunc_begin41
	.short	1                               @ Loc expr size
	.byte	82                              @ DW_OP_reg2
	.long	.Ltmp483-.Lfunc_begin41
	.long	.Ltmp484-.Lfunc_begin41
	.short	1                               @ Loc expr size
	.byte	89                              @ DW_OP_reg9
	.long	.Ltmp484-.Lfunc_begin41
	.long	.Ltmp487-.Lfunc_begin41
	.short	1                               @ Loc expr size
	.byte	82                              @ DW_OP_reg2
	.long	.Ltmp487-.Lfunc_begin41
	.long	.Ltmp488-.Lfunc_begin41
	.short	1                               @ Loc expr size
	.byte	89                              @ DW_OP_reg9
	.long	.Ltmp488-.Lfunc_begin41
	.long	.Ltmp489-.Lfunc_begin41
	.short	1                               @ Loc expr size
	.byte	82                              @ DW_OP_reg2
	.long	.Ltmp490-.Lfunc_begin41
	.long	.Ltmp491-.Lfunc_begin41
	.short	2                               @ Loc expr size
	.byte	49                              @ DW_OP_lit1
	.byte	159                             @ DW_OP_stack_value
	.long	.Ltmp491-.Lfunc_begin41
	.long	.Ltmp493-.Lfunc_begin41
	.short	1                               @ Loc expr size
	.byte	82                              @ DW_OP_reg2
	.long	.Ltmp493-.Lfunc_begin41
	.long	.Ltmp495-.Lfunc_begin41
	.short	1                               @ Loc expr size
	.byte	89                              @ DW_OP_reg9
	.long	.Ltmp495-.Lfunc_begin41
	.long	.Ltmp496-.Lfunc_begin41
	.short	1                               @ Loc expr size
	.byte	82                              @ DW_OP_reg2
	.long	.Ltmp496-.Lfunc_begin41
	.long	.Ltmp498-.Lfunc_begin41
	.short	1                               @ Loc expr size
	.byte	89                              @ DW_OP_reg9
	.long	.Ltmp498-.Lfunc_begin41
	.long	.Ltmp502-.Lfunc_begin41
	.short	1                               @ Loc expr size
	.byte	82                              @ DW_OP_reg2
	.long	.Ltmp502-.Lfunc_begin41
	.long	.Ltmp521-.Lfunc_begin41
	.short	1                               @ Loc expr size
	.byte	89                              @ DW_OP_reg9
	.long	0
	.long	0
.Ldebug_loc125:
	.long	-1
	.long	.Lfunc_begin41                  @   base address
	.long	.Ltmp457-.Lfunc_begin41
	.long	.Ltmp460-.Lfunc_begin41
	.short	2                               @ Loc expr size
	.byte	49                              @ DW_OP_lit1
	.byte	159                             @ DW_OP_stack_value
	.long	.Ltmp460-.Lfunc_begin41
	.long	.Ltmp476-.Lfunc_begin41
	.short	1                               @ Loc expr size
	.byte	88                              @ DW_OP_reg8
	.long	.Ltmp477-.Lfunc_begin41
	.long	.Ltmp492-.Lfunc_begin41
	.short	1                               @ Loc expr size
	.byte	88                              @ DW_OP_reg8
	.long	.Ltmp492-.Lfunc_begin41
	.long	.Ltmp495-.Lfunc_begin41
	.short	2                               @ Loc expr size
	.byte	48                              @ DW_OP_lit0
	.byte	159                             @ DW_OP_stack_value
	.long	.Ltmp495-.Lfunc_begin41
	.long	.Ltmp522-.Lfunc_begin41
	.short	1                               @ Loc expr size
	.byte	88                              @ DW_OP_reg8
	.long	0
	.long	0
	.section	.debug_abbrev,"",%progbits
	.byte	1                               @ Abbreviation Code
	.byte	17                              @ DW_TAG_compile_unit
	.byte	1                               @ DW_CHILDREN_yes
	.byte	37                              @ DW_AT_producer
	.byte	14                              @ DW_FORM_strp
	.byte	19                              @ DW_AT_language
	.byte	5                               @ DW_FORM_data2
	.byte	3                               @ DW_AT_name
	.byte	14                              @ DW_FORM_strp
	.byte	16                              @ DW_AT_stmt_list
	.byte	23                              @ DW_FORM_sec_offset
	.byte	27                              @ DW_AT_comp_dir
	.byte	14                              @ DW_FORM_strp
	.byte	17                              @ DW_AT_low_pc
	.byte	1                               @ DW_FORM_addr
	.byte	85                              @ DW_AT_ranges
	.byte	23                              @ DW_FORM_sec_offset
	.byte	0                               @ EOM(1)
	.byte	0                               @ EOM(2)
	.byte	2                               @ Abbreviation Code
	.byte	52                              @ DW_TAG_variable
	.byte	0                               @ DW_CHILDREN_no
	.byte	3                               @ DW_AT_name
	.byte	14                              @ DW_FORM_strp
	.byte	73                              @ DW_AT_type
	.byte	19                              @ DW_FORM_ref4
	.byte	63                              @ DW_AT_external
	.byte	25                              @ DW_FORM_flag_present
	.byte	58                              @ DW_AT_decl_file
	.byte	11                              @ DW_FORM_data1
	.byte	59                              @ DW_AT_decl_line
	.byte	11                              @ DW_FORM_data1
	.byte	2                               @ DW_AT_location
	.byte	24                              @ DW_FORM_exprloc
	.byte	0                               @ EOM(1)
	.byte	0                               @ EOM(2)
	.byte	3                               @ Abbreviation Code
	.byte	22                              @ DW_TAG_typedef
	.byte	0                               @ DW_CHILDREN_no
	.byte	73                              @ DW_AT_type
	.byte	19                              @ DW_FORM_ref4
	.byte	3                               @ DW_AT_name
	.byte	14                              @ DW_FORM_strp
	.byte	58                              @ DW_AT_decl_file
	.byte	11                              @ DW_FORM_data1
	.byte	59                              @ DW_AT_decl_line
	.byte	11                              @ DW_FORM_data1
	.byte	0                               @ EOM(1)
	.byte	0                               @ EOM(2)
	.byte	4                               @ Abbreviation Code
	.byte	36                              @ DW_TAG_base_type
	.byte	0                               @ DW_CHILDREN_no
	.byte	3                               @ DW_AT_name
	.byte	14                              @ DW_FORM_strp
	.byte	62                              @ DW_AT_encoding
	.byte	11                              @ DW_FORM_data1
	.byte	11                              @ DW_AT_byte_size
	.byte	11                              @ DW_FORM_data1
	.byte	0                               @ EOM(1)
	.byte	0                               @ EOM(2)
	.byte	5                               @ Abbreviation Code
	.byte	15                              @ DW_TAG_pointer_type
	.byte	0                               @ DW_CHILDREN_no
	.byte	73                              @ DW_AT_type
	.byte	19                              @ DW_FORM_ref4
	.byte	0                               @ EOM(1)
	.byte	0                               @ EOM(2)
	.byte	6                               @ Abbreviation Code
	.byte	22                              @ DW_TAG_typedef
	.byte	0                               @ DW_CHILDREN_no
	.byte	73                              @ DW_AT_type
	.byte	19                              @ DW_FORM_ref4
	.byte	3                               @ DW_AT_name
	.byte	14                              @ DW_FORM_strp
	.byte	58                              @ DW_AT_decl_file
	.byte	11                              @ DW_FORM_data1
	.byte	59                              @ DW_AT_decl_line
	.byte	5                               @ DW_FORM_data2
	.byte	0                               @ EOM(1)
	.byte	0                               @ EOM(2)
	.byte	7                               @ Abbreviation Code
	.byte	19                              @ DW_TAG_structure_type
	.byte	1                               @ DW_CHILDREN_yes
	.byte	11                              @ DW_AT_byte_size
	.byte	11                              @ DW_FORM_data1
	.byte	58                              @ DW_AT_decl_file
	.byte	11                              @ DW_FORM_data1
	.byte	59                              @ DW_AT_decl_line
	.byte	11                              @ DW_FORM_data1
	.byte	0                               @ EOM(1)
	.byte	0                               @ EOM(2)
	.byte	8                               @ Abbreviation Code
	.byte	13                              @ DW_TAG_member
	.byte	0                               @ DW_CHILDREN_no
	.byte	3                               @ DW_AT_name
	.byte	14                              @ DW_FORM_strp
	.byte	73                              @ DW_AT_type
	.byte	19                              @ DW_FORM_ref4
	.byte	58                              @ DW_AT_decl_file
	.byte	11                              @ DW_FORM_data1
	.byte	59                              @ DW_AT_decl_line
	.byte	5                               @ DW_FORM_data2
	.byte	56                              @ DW_AT_data_member_location
	.byte	11                              @ DW_FORM_data1
	.byte	0                               @ EOM(1)
	.byte	0                               @ EOM(2)
	.byte	9                               @ Abbreviation Code
	.byte	53                              @ DW_TAG_volatile_type
	.byte	0                               @ DW_CHILDREN_no
	.byte	73                              @ DW_AT_type
	.byte	19                              @ DW_FORM_ref4
	.byte	0                               @ EOM(1)
	.byte	0                               @ EOM(2)
	.byte	10                              @ Abbreviation Code
	.byte	38                              @ DW_TAG_const_type
	.byte	0                               @ DW_CHILDREN_no
	.byte	73                              @ DW_AT_type
	.byte	19                              @ DW_FORM_ref4
	.byte	0                               @ EOM(1)
	.byte	0                               @ EOM(2)
	.byte	11                              @ Abbreviation Code
	.byte	1                               @ DW_TAG_array_type
	.byte	1                               @ DW_CHILDREN_yes
	.byte	73                              @ DW_AT_type
	.byte	19                              @ DW_FORM_ref4
	.byte	0                               @ EOM(1)
	.byte	0                               @ EOM(2)
	.byte	12                              @ Abbreviation Code
	.byte	33                              @ DW_TAG_subrange_type
	.byte	0                               @ DW_CHILDREN_no
	.byte	73                              @ DW_AT_type
	.byte	19                              @ DW_FORM_ref4
	.byte	55                              @ DW_AT_count
	.byte	11                              @ DW_FORM_data1
	.byte	0                               @ EOM(1)
	.byte	0                               @ EOM(2)
	.byte	13                              @ Abbreviation Code
	.byte	36                              @ DW_TAG_base_type
	.byte	0                               @ DW_CHILDREN_no
	.byte	3                               @ DW_AT_name
	.byte	14                              @ DW_FORM_strp
	.byte	11                              @ DW_AT_byte_size
	.byte	11                              @ DW_FORM_data1
	.byte	62                              @ DW_AT_encoding
	.byte	11                              @ DW_FORM_data1
	.byte	0                               @ EOM(1)
	.byte	0                               @ EOM(2)
	.byte	14                              @ Abbreviation Code
	.byte	19                              @ DW_TAG_structure_type
	.byte	1                               @ DW_CHILDREN_yes
	.byte	11                              @ DW_AT_byte_size
	.byte	5                               @ DW_FORM_data2
	.byte	58                              @ DW_AT_decl_file
	.byte	11                              @ DW_FORM_data1
	.byte	59                              @ DW_AT_decl_line
	.byte	11                              @ DW_FORM_data1
	.byte	0                               @ EOM(1)
	.byte	0                               @ EOM(2)
	.byte	15                              @ Abbreviation Code
	.byte	13                              @ DW_TAG_member
	.byte	0                               @ DW_CHILDREN_no
	.byte	3                               @ DW_AT_name
	.byte	14                              @ DW_FORM_strp
	.byte	73                              @ DW_AT_type
	.byte	19                              @ DW_FORM_ref4
	.byte	58                              @ DW_AT_decl_file
	.byte	11                              @ DW_FORM_data1
	.byte	59                              @ DW_AT_decl_line
	.byte	5                               @ DW_FORM_data2
	.byte	56                              @ DW_AT_data_member_location
	.byte	5                               @ DW_FORM_data2
	.byte	0                               @ EOM(1)
	.byte	0                               @ EOM(2)
	.byte	16                              @ Abbreviation Code
	.byte	33                              @ DW_TAG_subrange_type
	.byte	0                               @ DW_CHILDREN_no
	.byte	73                              @ DW_AT_type
	.byte	19                              @ DW_FORM_ref4
	.byte	55                              @ DW_AT_count
	.byte	5                               @ DW_FORM_data2
	.byte	0                               @ EOM(1)
	.byte	0                               @ EOM(2)
	.byte	17                              @ Abbreviation Code
	.byte	46                              @ DW_TAG_subprogram
	.byte	1                               @ DW_CHILDREN_yes
	.byte	17                              @ DW_AT_low_pc
	.byte	1                               @ DW_FORM_addr
	.byte	18                              @ DW_AT_high_pc
	.byte	6                               @ DW_FORM_data4
	.byte	64                              @ DW_AT_frame_base
	.byte	24                              @ DW_FORM_exprloc
	.ascii	"\227B"                         @ DW_AT_GNU_all_call_sites
	.byte	25                              @ DW_FORM_flag_present
	.byte	3                               @ DW_AT_name
	.byte	14                              @ DW_FORM_strp
	.byte	58                              @ DW_AT_decl_file
	.byte	11                              @ DW_FORM_data1
	.byte	59                              @ DW_AT_decl_line
	.byte	11                              @ DW_FORM_data1
	.byte	39                              @ DW_AT_prototyped
	.byte	25                              @ DW_FORM_flag_present
	.byte	73                              @ DW_AT_type
	.byte	19                              @ DW_FORM_ref4
	.byte	63                              @ DW_AT_external
	.byte	25                              @ DW_FORM_flag_present
	.byte	0                               @ EOM(1)
	.byte	0                               @ EOM(2)
	.byte	18                              @ Abbreviation Code
	.byte	5                               @ DW_TAG_formal_parameter
	.byte	0                               @ DW_CHILDREN_no
	.byte	2                               @ DW_AT_location
	.byte	23                              @ DW_FORM_sec_offset
	.byte	3                               @ DW_AT_name
	.byte	14                              @ DW_FORM_strp
	.byte	58                              @ DW_AT_decl_file
	.byte	11                              @ DW_FORM_data1
	.byte	59                              @ DW_AT_decl_line
	.byte	11                              @ DW_FORM_data1
	.byte	73                              @ DW_AT_type
	.byte	19                              @ DW_FORM_ref4
	.byte	0                               @ EOM(1)
	.byte	0                               @ EOM(2)
	.byte	19                              @ Abbreviation Code
	.byte	52                              @ DW_TAG_variable
	.byte	0                               @ DW_CHILDREN_no
	.byte	2                               @ DW_AT_location
	.byte	23                              @ DW_FORM_sec_offset
	.byte	3                               @ DW_AT_name
	.byte	14                              @ DW_FORM_strp
	.byte	58                              @ DW_AT_decl_file
	.byte	11                              @ DW_FORM_data1
	.byte	59                              @ DW_AT_decl_line
	.byte	11                              @ DW_FORM_data1
	.byte	73                              @ DW_AT_type
	.byte	19                              @ DW_FORM_ref4
	.byte	0                               @ EOM(1)
	.byte	0                               @ EOM(2)
	.byte	20                              @ Abbreviation Code
	.byte	46                              @ DW_TAG_subprogram
	.byte	0                               @ DW_CHILDREN_no
	.byte	3                               @ DW_AT_name
	.byte	14                              @ DW_FORM_strp
	.byte	58                              @ DW_AT_decl_file
	.byte	11                              @ DW_FORM_data1
	.byte	59                              @ DW_AT_decl_line
	.byte	5                               @ DW_FORM_data2
	.byte	39                              @ DW_AT_prototyped
	.byte	25                              @ DW_FORM_flag_present
	.byte	73                              @ DW_AT_type
	.byte	19                              @ DW_FORM_ref4
	.byte	32                              @ DW_AT_inline
	.byte	11                              @ DW_FORM_data1
	.byte	0                               @ EOM(1)
	.byte	0                               @ EOM(2)
	.byte	21                              @ Abbreviation Code
	.byte	46                              @ DW_TAG_subprogram
	.byte	1                               @ DW_CHILDREN_yes
	.byte	3                               @ DW_AT_name
	.byte	14                              @ DW_FORM_strp
	.byte	58                              @ DW_AT_decl_file
	.byte	11                              @ DW_FORM_data1
	.byte	59                              @ DW_AT_decl_line
	.byte	5                               @ DW_FORM_data2
	.byte	39                              @ DW_AT_prototyped
	.byte	25                              @ DW_FORM_flag_present
	.byte	32                              @ DW_AT_inline
	.byte	11                              @ DW_FORM_data1
	.byte	0                               @ EOM(1)
	.byte	0                               @ EOM(2)
	.byte	22                              @ Abbreviation Code
	.byte	52                              @ DW_TAG_variable
	.byte	0                               @ DW_CHILDREN_no
	.byte	3                               @ DW_AT_name
	.byte	14                              @ DW_FORM_strp
	.byte	58                              @ DW_AT_decl_file
	.byte	11                              @ DW_FORM_data1
	.byte	59                              @ DW_AT_decl_line
	.byte	5                               @ DW_FORM_data2
	.byte	73                              @ DW_AT_type
	.byte	19                              @ DW_FORM_ref4
	.byte	0                               @ EOM(1)
	.byte	0                               @ EOM(2)
	.byte	23                              @ Abbreviation Code
	.byte	46                              @ DW_TAG_subprogram
	.byte	0                               @ DW_CHILDREN_no
	.byte	3                               @ DW_AT_name
	.byte	14                              @ DW_FORM_strp
	.byte	58                              @ DW_AT_decl_file
	.byte	11                              @ DW_FORM_data1
	.byte	59                              @ DW_AT_decl_line
	.byte	5                               @ DW_FORM_data2
	.byte	39                              @ DW_AT_prototyped
	.byte	25                              @ DW_FORM_flag_present
	.byte	32                              @ DW_AT_inline
	.byte	11                              @ DW_FORM_data1
	.byte	0                               @ EOM(1)
	.byte	0                               @ EOM(2)
	.byte	24                              @ Abbreviation Code
	.byte	46                              @ DW_TAG_subprogram
	.byte	1                               @ DW_CHILDREN_yes
	.byte	17                              @ DW_AT_low_pc
	.byte	1                               @ DW_FORM_addr
	.byte	18                              @ DW_AT_high_pc
	.byte	6                               @ DW_FORM_data4
	.byte	64                              @ DW_AT_frame_base
	.byte	24                              @ DW_FORM_exprloc
	.ascii	"\227B"                         @ DW_AT_GNU_all_call_sites
	.byte	25                              @ DW_FORM_flag_present
	.byte	3                               @ DW_AT_name
	.byte	14                              @ DW_FORM_strp
	.byte	58                              @ DW_AT_decl_file
	.byte	11                              @ DW_FORM_data1
	.byte	59                              @ DW_AT_decl_line
	.byte	11                              @ DW_FORM_data1
	.byte	39                              @ DW_AT_prototyped
	.byte	25                              @ DW_FORM_flag_present
	.byte	63                              @ DW_AT_external
	.byte	25                              @ DW_FORM_flag_present
	.byte	0                               @ EOM(1)
	.byte	0                               @ EOM(2)
	.byte	25                              @ Abbreviation Code
	.byte	52                              @ DW_TAG_variable
	.byte	0                               @ DW_CHILDREN_no
	.byte	3                               @ DW_AT_name
	.byte	14                              @ DW_FORM_strp
	.byte	58                              @ DW_AT_decl_file
	.byte	11                              @ DW_FORM_data1
	.byte	59                              @ DW_AT_decl_line
	.byte	11                              @ DW_FORM_data1
	.byte	73                              @ DW_AT_type
	.byte	19                              @ DW_FORM_ref4
	.byte	0                               @ EOM(1)
	.byte	0                               @ EOM(2)
	.byte	26                              @ Abbreviation Code
	.byte	29                              @ DW_TAG_inlined_subroutine
	.byte	0                               @ DW_CHILDREN_no
	.byte	49                              @ DW_AT_abstract_origin
	.byte	19                              @ DW_FORM_ref4
	.byte	17                              @ DW_AT_low_pc
	.byte	1                               @ DW_FORM_addr
	.byte	18                              @ DW_AT_high_pc
	.byte	6                               @ DW_FORM_data4
	.byte	88                              @ DW_AT_call_file
	.byte	11                              @ DW_FORM_data1
	.byte	89                              @ DW_AT_call_line
	.byte	11                              @ DW_FORM_data1
	.byte	87                              @ DW_AT_call_column
	.byte	11                              @ DW_FORM_data1
	.byte	0                               @ EOM(1)
	.byte	0                               @ EOM(2)
	.byte	27                              @ Abbreviation Code
	.byte	29                              @ DW_TAG_inlined_subroutine
	.byte	1                               @ DW_CHILDREN_yes
	.byte	49                              @ DW_AT_abstract_origin
	.byte	19                              @ DW_FORM_ref4
	.byte	17                              @ DW_AT_low_pc
	.byte	1                               @ DW_FORM_addr
	.byte	18                              @ DW_AT_high_pc
	.byte	6                               @ DW_FORM_data4
	.byte	88                              @ DW_AT_call_file
	.byte	11                              @ DW_FORM_data1
	.byte	89                              @ DW_AT_call_line
	.byte	11                              @ DW_FORM_data1
	.byte	87                              @ DW_AT_call_column
	.byte	11                              @ DW_FORM_data1
	.byte	0                               @ EOM(1)
	.byte	0                               @ EOM(2)
	.byte	28                              @ Abbreviation Code
	.byte	52                              @ DW_TAG_variable
	.byte	0                               @ DW_CHILDREN_no
	.byte	2                               @ DW_AT_location
	.byte	23                              @ DW_FORM_sec_offset
	.byte	49                              @ DW_AT_abstract_origin
	.byte	19                              @ DW_FORM_ref4
	.byte	0                               @ EOM(1)
	.byte	0                               @ EOM(2)
	.byte	29                              @ Abbreviation Code
	.byte	5                               @ DW_TAG_formal_parameter
	.byte	0                               @ DW_CHILDREN_no
	.byte	2                               @ DW_AT_location
	.byte	24                              @ DW_FORM_exprloc
	.byte	3                               @ DW_AT_name
	.byte	14                              @ DW_FORM_strp
	.byte	58                              @ DW_AT_decl_file
	.byte	11                              @ DW_FORM_data1
	.byte	59                              @ DW_AT_decl_line
	.byte	11                              @ DW_FORM_data1
	.byte	73                              @ DW_AT_type
	.byte	19                              @ DW_FORM_ref4
	.byte	0                               @ EOM(1)
	.byte	0                               @ EOM(2)
	.byte	30                              @ Abbreviation Code
	.byte	52                              @ DW_TAG_variable
	.byte	0                               @ DW_CHILDREN_no
	.byte	2                               @ DW_AT_location
	.byte	23                              @ DW_FORM_sec_offset
	.byte	3                               @ DW_AT_name
	.byte	14                              @ DW_FORM_strp
	.byte	58                              @ DW_AT_decl_file
	.byte	11                              @ DW_FORM_data1
	.byte	59                              @ DW_AT_decl_line
	.byte	5                               @ DW_FORM_data2
	.byte	73                              @ DW_AT_type
	.byte	19                              @ DW_FORM_ref4
	.byte	0                               @ EOM(1)
	.byte	0                               @ EOM(2)
	.byte	31                              @ Abbreviation Code
	.byte	46                              @ DW_TAG_subprogram
	.byte	1                               @ DW_CHILDREN_yes
	.byte	17                              @ DW_AT_low_pc
	.byte	1                               @ DW_FORM_addr
	.byte	18                              @ DW_AT_high_pc
	.byte	6                               @ DW_FORM_data4
	.byte	64                              @ DW_AT_frame_base
	.byte	24                              @ DW_FORM_exprloc
	.ascii	"\227B"                         @ DW_AT_GNU_all_call_sites
	.byte	25                              @ DW_FORM_flag_present
	.byte	3                               @ DW_AT_name
	.byte	14                              @ DW_FORM_strp
	.byte	58                              @ DW_AT_decl_file
	.byte	11                              @ DW_FORM_data1
	.byte	59                              @ DW_AT_decl_line
	.byte	5                               @ DW_FORM_data2
	.byte	39                              @ DW_AT_prototyped
	.byte	25                              @ DW_FORM_flag_present
	.byte	73                              @ DW_AT_type
	.byte	19                              @ DW_FORM_ref4
	.byte	63                              @ DW_AT_external
	.byte	25                              @ DW_FORM_flag_present
	.byte	0                               @ EOM(1)
	.byte	0                               @ EOM(2)
	.byte	32                              @ Abbreviation Code
	.byte	5                               @ DW_TAG_formal_parameter
	.byte	0                               @ DW_CHILDREN_no
	.byte	2                               @ DW_AT_location
	.byte	23                              @ DW_FORM_sec_offset
	.byte	3                               @ DW_AT_name
	.byte	14                              @ DW_FORM_strp
	.byte	58                              @ DW_AT_decl_file
	.byte	11                              @ DW_FORM_data1
	.byte	59                              @ DW_AT_decl_line
	.byte	5                               @ DW_FORM_data2
	.byte	73                              @ DW_AT_type
	.byte	19                              @ DW_FORM_ref4
	.byte	0                               @ EOM(1)
	.byte	0                               @ EOM(2)
	.byte	33                              @ Abbreviation Code
	.byte	46                              @ DW_TAG_subprogram
	.byte	1                               @ DW_CHILDREN_yes
	.byte	17                              @ DW_AT_low_pc
	.byte	1                               @ DW_FORM_addr
	.byte	18                              @ DW_AT_high_pc
	.byte	6                               @ DW_FORM_data4
	.byte	64                              @ DW_AT_frame_base
	.byte	24                              @ DW_FORM_exprloc
	.ascii	"\227B"                         @ DW_AT_GNU_all_call_sites
	.byte	25                              @ DW_FORM_flag_present
	.byte	3                               @ DW_AT_name
	.byte	14                              @ DW_FORM_strp
	.byte	58                              @ DW_AT_decl_file
	.byte	11                              @ DW_FORM_data1
	.byte	59                              @ DW_AT_decl_line
	.byte	5                               @ DW_FORM_data2
	.byte	39                              @ DW_AT_prototyped
	.byte	25                              @ DW_FORM_flag_present
	.byte	63                              @ DW_AT_external
	.byte	25                              @ DW_FORM_flag_present
	.byte	0                               @ EOM(1)
	.byte	0                               @ EOM(2)
	.byte	34                              @ Abbreviation Code
	.byte	5                               @ DW_TAG_formal_parameter
	.byte	0                               @ DW_CHILDREN_no
	.byte	2                               @ DW_AT_location
	.byte	24                              @ DW_FORM_exprloc
	.byte	3                               @ DW_AT_name
	.byte	14                              @ DW_FORM_strp
	.byte	58                              @ DW_AT_decl_file
	.byte	11                              @ DW_FORM_data1
	.byte	59                              @ DW_AT_decl_line
	.byte	5                               @ DW_FORM_data2
	.byte	73                              @ DW_AT_type
	.byte	19                              @ DW_FORM_ref4
	.byte	0                               @ EOM(1)
	.byte	0                               @ EOM(2)
	.byte	35                              @ Abbreviation Code
	.byte	52                              @ DW_TAG_variable
	.byte	0                               @ DW_CHILDREN_no
	.byte	2                               @ DW_AT_location
	.byte	24                              @ DW_FORM_exprloc
	.byte	3                               @ DW_AT_name
	.byte	14                              @ DW_FORM_strp
	.byte	58                              @ DW_AT_decl_file
	.byte	11                              @ DW_FORM_data1
	.byte	59                              @ DW_AT_decl_line
	.byte	5                               @ DW_FORM_data2
	.byte	73                              @ DW_AT_type
	.byte	19                              @ DW_FORM_ref4
	.byte	0                               @ EOM(1)
	.byte	0                               @ EOM(2)
	.byte	0                               @ EOM(3)
	.section	.debug_info,"",%progbits
.Lcu_begin0:
	.long	.Ldebug_info_end0-.Ldebug_info_start0 @ Length of Unit
.Ldebug_info_start0:
	.short	4                               @ DWARF version number
	.long	.debug_abbrev                   @ Offset Into Abbrev. Section
	.byte	4                               @ Address Size (in bytes)
	.byte	1                               @ Abbrev [1] 0xb:0x1a07 DW_TAG_compile_unit
	.long	.Linfo_string0                  @ DW_AT_producer
	.short	29                              @ DW_AT_language
	.long	.Linfo_string1                  @ DW_AT_name
	.long	.Lline_table_start0             @ DW_AT_stmt_list
	.long	.Linfo_string2                  @ DW_AT_comp_dir
	.long	0                               @ DW_AT_low_pc
	.long	.Ldebug_ranges0                 @ DW_AT_ranges
	.byte	2                               @ Abbrev [2] 0x26:0x11 DW_TAG_variable
	.long	.Linfo_string3                  @ DW_AT_name
	.long	55                              @ DW_AT_type
                                        @ DW_AT_external
	.byte	2                               @ DW_AT_decl_file
	.byte	20                              @ DW_AT_decl_line
	.byte	5                               @ DW_AT_location
	.byte	3
	.long	g_I2C_i32ErrCode
	.byte	3                               @ Abbrev [3] 0x37:0xb DW_TAG_typedef
	.long	66                              @ DW_AT_type
	.long	.Linfo_string5                  @ DW_AT_name
	.byte	1                               @ DW_AT_decl_file
	.byte	58                              @ DW_AT_decl_line
	.byte	4                               @ Abbrev [4] 0x42:0x7 DW_TAG_base_type
	.long	.Linfo_string4                  @ DW_AT_name
	.byte	5                               @ DW_AT_encoding
	.byte	4                               @ DW_AT_byte_size
	.byte	5                               @ Abbrev [5] 0x49:0x5 DW_TAG_pointer_type
	.long	78                              @ DW_AT_type
	.byte	6                               @ Abbrev [6] 0x4e:0xc DW_TAG_typedef
	.long	90                              @ DW_AT_type
	.long	.Linfo_string35                 @ DW_AT_name
	.byte	3                               @ DW_AT_decl_file
	.short	544                             @ DW_AT_decl_line
	.byte	7                               @ Abbrev [7] 0x5a:0x157 DW_TAG_structure_type
	.byte	108                             @ DW_AT_byte_size
	.byte	3                               @ DW_AT_decl_file
	.byte	28                              @ DW_AT_decl_line
	.byte	8                               @ Abbrev [8] 0x5e:0xd DW_TAG_member
	.long	.Linfo_string6                  @ DW_AT_name
	.long	433                             @ DW_AT_type
	.byte	3                               @ DW_AT_decl_file
	.short	515                             @ DW_AT_decl_line
	.byte	0                               @ DW_AT_data_member_location
	.byte	8                               @ Abbrev [8] 0x6b:0xd DW_TAG_member
	.long	.Linfo_string9                  @ DW_AT_name
	.long	433                             @ DW_AT_type
	.byte	3                               @ DW_AT_decl_file
	.short	516                             @ DW_AT_decl_line
	.byte	4                               @ DW_AT_data_member_location
	.byte	8                               @ Abbrev [8] 0x78:0xd DW_TAG_member
	.long	.Linfo_string10                 @ DW_AT_name
	.long	433                             @ DW_AT_type
	.byte	3                               @ DW_AT_decl_file
	.short	517                             @ DW_AT_decl_line
	.byte	8                               @ DW_AT_data_member_location
	.byte	8                               @ Abbrev [8] 0x85:0xd DW_TAG_member
	.long	.Linfo_string11                 @ DW_AT_name
	.long	456                             @ DW_AT_type
	.byte	3                               @ DW_AT_decl_file
	.short	518                             @ DW_AT_decl_line
	.byte	12                              @ DW_AT_data_member_location
	.byte	8                               @ Abbrev [8] 0x92:0xd DW_TAG_member
	.long	.Linfo_string12                 @ DW_AT_name
	.long	433                             @ DW_AT_type
	.byte	3                               @ DW_AT_decl_file
	.short	519                             @ DW_AT_decl_line
	.byte	16                              @ DW_AT_data_member_location
	.byte	8                               @ Abbrev [8] 0x9f:0xd DW_TAG_member
	.long	.Linfo_string13                 @ DW_AT_name
	.long	433                             @ DW_AT_type
	.byte	3                               @ DW_AT_decl_file
	.short	520                             @ DW_AT_decl_line
	.byte	20                              @ DW_AT_data_member_location
	.byte	8                               @ Abbrev [8] 0xac:0xd DW_TAG_member
	.long	.Linfo_string14                 @ DW_AT_name
	.long	433                             @ DW_AT_type
	.byte	3                               @ DW_AT_decl_file
	.short	521                             @ DW_AT_decl_line
	.byte	24                              @ DW_AT_data_member_location
	.byte	8                               @ Abbrev [8] 0xb9:0xd DW_TAG_member
	.long	.Linfo_string15                 @ DW_AT_name
	.long	433                             @ DW_AT_type
	.byte	3                               @ DW_AT_decl_file
	.short	522                             @ DW_AT_decl_line
	.byte	28                              @ DW_AT_data_member_location
	.byte	8                               @ Abbrev [8] 0xc6:0xd DW_TAG_member
	.long	.Linfo_string16                 @ DW_AT_name
	.long	433                             @ DW_AT_type
	.byte	3                               @ DW_AT_decl_file
	.short	523                             @ DW_AT_decl_line
	.byte	32                              @ DW_AT_data_member_location
	.byte	8                               @ Abbrev [8] 0xd3:0xd DW_TAG_member
	.long	.Linfo_string17                 @ DW_AT_name
	.long	433                             @ DW_AT_type
	.byte	3                               @ DW_AT_decl_file
	.short	524                             @ DW_AT_decl_line
	.byte	36                              @ DW_AT_data_member_location
	.byte	8                               @ Abbrev [8] 0xe0:0xd DW_TAG_member
	.long	.Linfo_string18                 @ DW_AT_name
	.long	433                             @ DW_AT_type
	.byte	3                               @ DW_AT_decl_file
	.short	525                             @ DW_AT_decl_line
	.byte	40                              @ DW_AT_data_member_location
	.byte	8                               @ Abbrev [8] 0xed:0xd DW_TAG_member
	.long	.Linfo_string19                 @ DW_AT_name
	.long	433                             @ DW_AT_type
	.byte	3                               @ DW_AT_decl_file
	.short	526                             @ DW_AT_decl_line
	.byte	44                              @ DW_AT_data_member_location
	.byte	8                               @ Abbrev [8] 0xfa:0xd DW_TAG_member
	.long	.Linfo_string20                 @ DW_AT_name
	.long	433                             @ DW_AT_type
	.byte	3                               @ DW_AT_decl_file
	.short	527                             @ DW_AT_decl_line
	.byte	48                              @ DW_AT_data_member_location
	.byte	8                               @ Abbrev [8] 0x107:0xd DW_TAG_member
	.long	.Linfo_string21                 @ DW_AT_name
	.long	461                             @ DW_AT_type
	.byte	3                               @ DW_AT_decl_file
	.short	529                             @ DW_AT_decl_line
	.byte	52                              @ DW_AT_data_member_location
	.byte	8                               @ Abbrev [8] 0x114:0xd DW_TAG_member
	.long	.Linfo_string23                 @ DW_AT_name
	.long	433                             @ DW_AT_type
	.byte	3                               @ DW_AT_decl_file
	.short	531                             @ DW_AT_decl_line
	.byte	60                              @ DW_AT_data_member_location
	.byte	8                               @ Abbrev [8] 0x121:0xd DW_TAG_member
	.long	.Linfo_string24                 @ DW_AT_name
	.long	433                             @ DW_AT_type
	.byte	3                               @ DW_AT_decl_file
	.short	532                             @ DW_AT_decl_line
	.byte	64                              @ DW_AT_data_member_location
	.byte	8                               @ Abbrev [8] 0x12e:0xd DW_TAG_member
	.long	.Linfo_string25                 @ DW_AT_name
	.long	433                             @ DW_AT_type
	.byte	3                               @ DW_AT_decl_file
	.short	533                             @ DW_AT_decl_line
	.byte	68                              @ DW_AT_data_member_location
	.byte	8                               @ Abbrev [8] 0x13b:0xd DW_TAG_member
	.long	.Linfo_string26                 @ DW_AT_name
	.long	433                             @ DW_AT_type
	.byte	3                               @ DW_AT_decl_file
	.short	534                             @ DW_AT_decl_line
	.byte	72                              @ DW_AT_data_member_location
	.byte	8                               @ Abbrev [8] 0x148:0xd DW_TAG_member
	.long	.Linfo_string27                 @ DW_AT_name
	.long	433                             @ DW_AT_type
	.byte	3                               @ DW_AT_decl_file
	.short	535                             @ DW_AT_decl_line
	.byte	76                              @ DW_AT_data_member_location
	.byte	8                               @ Abbrev [8] 0x155:0xd DW_TAG_member
	.long	.Linfo_string28                 @ DW_AT_name
	.long	433                             @ DW_AT_type
	.byte	3                               @ DW_AT_decl_file
	.short	536                             @ DW_AT_decl_line
	.byte	80                              @ DW_AT_data_member_location
	.byte	8                               @ Abbrev [8] 0x162:0xd DW_TAG_member
	.long	.Linfo_string29                 @ DW_AT_name
	.long	433                             @ DW_AT_type
	.byte	3                               @ DW_AT_decl_file
	.short	537                             @ DW_AT_decl_line
	.byte	84                              @ DW_AT_data_member_location
	.byte	8                               @ Abbrev [8] 0x16f:0xd DW_TAG_member
	.long	.Linfo_string30                 @ DW_AT_name
	.long	433                             @ DW_AT_type
	.byte	3                               @ DW_AT_decl_file
	.short	538                             @ DW_AT_decl_line
	.byte	88                              @ DW_AT_data_member_location
	.byte	8                               @ Abbrev [8] 0x17c:0xd DW_TAG_member
	.long	.Linfo_string31                 @ DW_AT_name
	.long	433                             @ DW_AT_type
	.byte	3                               @ DW_AT_decl_file
	.short	539                             @ DW_AT_decl_line
	.byte	92                              @ DW_AT_data_member_location
	.byte	8                               @ Abbrev [8] 0x189:0xd DW_TAG_member
	.long	.Linfo_string32                 @ DW_AT_name
	.long	456                             @ DW_AT_type
	.byte	3                               @ DW_AT_decl_file
	.short	540                             @ DW_AT_decl_line
	.byte	96                              @ DW_AT_data_member_location
	.byte	8                               @ Abbrev [8] 0x196:0xd DW_TAG_member
	.long	.Linfo_string33                 @ DW_AT_name
	.long	433                             @ DW_AT_type
	.byte	3                               @ DW_AT_decl_file
	.short	541                             @ DW_AT_decl_line
	.byte	100                             @ DW_AT_data_member_location
	.byte	8                               @ Abbrev [8] 0x1a3:0xd DW_TAG_member
	.long	.Linfo_string34                 @ DW_AT_name
	.long	433                             @ DW_AT_type
	.byte	3                               @ DW_AT_decl_file
	.short	542                             @ DW_AT_decl_line
	.byte	104                             @ DW_AT_data_member_location
	.byte	0                               @ End Of Children Mark
	.byte	9                               @ Abbrev [9] 0x1b1:0x5 DW_TAG_volatile_type
	.long	438                             @ DW_AT_type
	.byte	3                               @ Abbrev [3] 0x1b6:0xb DW_TAG_typedef
	.long	449                             @ DW_AT_type
	.long	.Linfo_string8                  @ DW_AT_name
	.byte	1                               @ DW_AT_decl_file
	.byte	64                              @ DW_AT_decl_line
	.byte	4                               @ Abbrev [4] 0x1c1:0x7 DW_TAG_base_type
	.long	.Linfo_string7                  @ DW_AT_name
	.byte	7                               @ DW_AT_encoding
	.byte	4                               @ DW_AT_byte_size
	.byte	10                              @ Abbrev [10] 0x1c8:0x5 DW_TAG_const_type
	.long	433                             @ DW_AT_type
	.byte	11                              @ Abbrev [11] 0x1cd:0xc DW_TAG_array_type
	.long	456                             @ DW_AT_type
	.byte	12                              @ Abbrev [12] 0x1d2:0x6 DW_TAG_subrange_type
	.long	473                             @ DW_AT_type
	.byte	2                               @ DW_AT_count
	.byte	0                               @ End Of Children Mark
	.byte	13                              @ Abbrev [13] 0x1d9:0x7 DW_TAG_base_type
	.long	.Linfo_string22                 @ DW_AT_name
	.byte	8                               @ DW_AT_byte_size
	.byte	7                               @ DW_AT_encoding
	.byte	5                               @ Abbrev [5] 0x1e0:0x5 DW_TAG_pointer_type
	.long	485                             @ DW_AT_type
	.byte	6                               @ Abbrev [6] 0x1e5:0xc DW_TAG_typedef
	.long	497                             @ DW_AT_type
	.long	.Linfo_string181                @ DW_AT_name
	.byte	4                               @ DW_AT_decl_file
	.short	3508                            @ DW_AT_decl_line
	.byte	14                              @ Abbrev [14] 0x1f1:0x7e5 DW_TAG_structure_type
	.short	3740                            @ DW_AT_byte_size
	.byte	4                               @ DW_AT_decl_file
	.byte	27                              @ DW_AT_decl_line
	.byte	8                               @ Abbrev [8] 0x1f6:0xd DW_TAG_member
	.long	.Linfo_string36                 @ DW_AT_name
	.long	456                             @ DW_AT_type
	.byte	4                               @ DW_AT_decl_file
	.short	3361                            @ DW_AT_decl_line
	.byte	0                               @ DW_AT_data_member_location
	.byte	8                               @ Abbrev [8] 0x203:0xd DW_TAG_member
	.long	.Linfo_string37                 @ DW_AT_name
	.long	433                             @ DW_AT_type
	.byte	4                               @ DW_AT_decl_file
	.short	3362                            @ DW_AT_decl_line
	.byte	4                               @ DW_AT_data_member_location
	.byte	8                               @ Abbrev [8] 0x210:0xd DW_TAG_member
	.long	.Linfo_string38                 @ DW_AT_name
	.long	433                             @ DW_AT_type
	.byte	4                               @ DW_AT_decl_file
	.short	3363                            @ DW_AT_decl_line
	.byte	8                               @ DW_AT_data_member_location
	.byte	8                               @ Abbrev [8] 0x21d:0xd DW_TAG_member
	.long	.Linfo_string39                 @ DW_AT_name
	.long	433                             @ DW_AT_type
	.byte	4                               @ DW_AT_decl_file
	.short	3364                            @ DW_AT_decl_line
	.byte	12                              @ DW_AT_data_member_location
	.byte	8                               @ Abbrev [8] 0x22a:0xd DW_TAG_member
	.long	.Linfo_string40                 @ DW_AT_name
	.long	433                             @ DW_AT_type
	.byte	4                               @ DW_AT_decl_file
	.short	3365                            @ DW_AT_decl_line
	.byte	16                              @ DW_AT_data_member_location
	.byte	8                               @ Abbrev [8] 0x237:0xd DW_TAG_member
	.long	.Linfo_string41                 @ DW_AT_name
	.long	433                             @ DW_AT_type
	.byte	4                               @ DW_AT_decl_file
	.short	3366                            @ DW_AT_decl_line
	.byte	20                              @ DW_AT_data_member_location
	.byte	8                               @ Abbrev [8] 0x244:0xd DW_TAG_member
	.long	.Linfo_string42                 @ DW_AT_name
	.long	456                             @ DW_AT_type
	.byte	4                               @ DW_AT_decl_file
	.short	3367                            @ DW_AT_decl_line
	.byte	24                              @ DW_AT_data_member_location
	.byte	8                               @ Abbrev [8] 0x251:0xd DW_TAG_member
	.long	.Linfo_string21                 @ DW_AT_name
	.long	2518                            @ DW_AT_type
	.byte	4                               @ DW_AT_decl_file
	.short	3368                            @ DW_AT_decl_line
	.byte	28                              @ DW_AT_data_member_location
	.byte	8                               @ Abbrev [8] 0x25e:0xd DW_TAG_member
	.long	.Linfo_string43                 @ DW_AT_name
	.long	433                             @ DW_AT_type
	.byte	4                               @ DW_AT_decl_file
	.short	3369                            @ DW_AT_decl_line
	.byte	32                              @ DW_AT_data_member_location
	.byte	8                               @ Abbrev [8] 0x26b:0xd DW_TAG_member
	.long	.Linfo_string44                 @ DW_AT_name
	.long	433                             @ DW_AT_type
	.byte	4                               @ DW_AT_decl_file
	.short	3370                            @ DW_AT_decl_line
	.byte	36                              @ DW_AT_data_member_location
	.byte	8                               @ Abbrev [8] 0x278:0xd DW_TAG_member
	.long	.Linfo_string45                 @ DW_AT_name
	.long	433                             @ DW_AT_type
	.byte	4                               @ DW_AT_decl_file
	.short	3371                            @ DW_AT_decl_line
	.byte	40                              @ DW_AT_data_member_location
	.byte	8                               @ Abbrev [8] 0x285:0xd DW_TAG_member
	.long	.Linfo_string46                 @ DW_AT_name
	.long	433                             @ DW_AT_type
	.byte	4                               @ DW_AT_decl_file
	.short	3372                            @ DW_AT_decl_line
	.byte	44                              @ DW_AT_data_member_location
	.byte	8                               @ Abbrev [8] 0x292:0xd DW_TAG_member
	.long	.Linfo_string47                 @ DW_AT_name
	.long	433                             @ DW_AT_type
	.byte	4                               @ DW_AT_decl_file
	.short	3373                            @ DW_AT_decl_line
	.byte	48                              @ DW_AT_data_member_location
	.byte	8                               @ Abbrev [8] 0x29f:0xd DW_TAG_member
	.long	.Linfo_string48                 @ DW_AT_name
	.long	433                             @ DW_AT_type
	.byte	4                               @ DW_AT_decl_file
	.short	3374                            @ DW_AT_decl_line
	.byte	52                              @ DW_AT_data_member_location
	.byte	8                               @ Abbrev [8] 0x2ac:0xd DW_TAG_member
	.long	.Linfo_string49                 @ DW_AT_name
	.long	433                             @ DW_AT_type
	.byte	4                               @ DW_AT_decl_file
	.short	3375                            @ DW_AT_decl_line
	.byte	56                              @ DW_AT_data_member_location
	.byte	8                               @ Abbrev [8] 0x2b9:0xd DW_TAG_member
	.long	.Linfo_string50                 @ DW_AT_name
	.long	2518                            @ DW_AT_type
	.byte	4                               @ DW_AT_decl_file
	.short	3376                            @ DW_AT_decl_line
	.byte	60                              @ DW_AT_data_member_location
	.byte	8                               @ Abbrev [8] 0x2c6:0xd DW_TAG_member
	.long	.Linfo_string51                 @ DW_AT_name
	.long	433                             @ DW_AT_type
	.byte	4                               @ DW_AT_decl_file
	.short	3377                            @ DW_AT_decl_line
	.byte	64                              @ DW_AT_data_member_location
	.byte	8                               @ Abbrev [8] 0x2d3:0xd DW_TAG_member
	.long	.Linfo_string52                 @ DW_AT_name
	.long	2530                            @ DW_AT_type
	.byte	4                               @ DW_AT_decl_file
	.short	3378                            @ DW_AT_decl_line
	.byte	68                              @ DW_AT_data_member_location
	.byte	8                               @ Abbrev [8] 0x2e0:0xd DW_TAG_member
	.long	.Linfo_string53                 @ DW_AT_name
	.long	433                             @ DW_AT_type
	.byte	4                               @ DW_AT_decl_file
	.short	3379                            @ DW_AT_decl_line
	.byte	128                             @ DW_AT_data_member_location
	.byte	8                               @ Abbrev [8] 0x2ed:0xd DW_TAG_member
	.long	.Linfo_string54                 @ DW_AT_name
	.long	433                             @ DW_AT_type
	.byte	4                               @ DW_AT_decl_file
	.short	3380                            @ DW_AT_decl_line
	.byte	132                             @ DW_AT_data_member_location
	.byte	8                               @ Abbrev [8] 0x2fa:0xd DW_TAG_member
	.long	.Linfo_string55                 @ DW_AT_name
	.long	433                             @ DW_AT_type
	.byte	4                               @ DW_AT_decl_file
	.short	3381                            @ DW_AT_decl_line
	.byte	136                             @ DW_AT_data_member_location
	.byte	8                               @ Abbrev [8] 0x307:0xd DW_TAG_member
	.long	.Linfo_string56                 @ DW_AT_name
	.long	433                             @ DW_AT_type
	.byte	4                               @ DW_AT_decl_file
	.short	3382                            @ DW_AT_decl_line
	.byte	140                             @ DW_AT_data_member_location
	.byte	8                               @ Abbrev [8] 0x314:0xd DW_TAG_member
	.long	.Linfo_string57                 @ DW_AT_name
	.long	433                             @ DW_AT_type
	.byte	4                               @ DW_AT_decl_file
	.short	3383                            @ DW_AT_decl_line
	.byte	144                             @ DW_AT_data_member_location
	.byte	8                               @ Abbrev [8] 0x321:0xd DW_TAG_member
	.long	.Linfo_string58                 @ DW_AT_name
	.long	433                             @ DW_AT_type
	.byte	4                               @ DW_AT_decl_file
	.short	3384                            @ DW_AT_decl_line
	.byte	148                             @ DW_AT_data_member_location
	.byte	8                               @ Abbrev [8] 0x32e:0xd DW_TAG_member
	.long	.Linfo_string59                 @ DW_AT_name
	.long	433                             @ DW_AT_type
	.byte	4                               @ DW_AT_decl_file
	.short	3385                            @ DW_AT_decl_line
	.byte	152                             @ DW_AT_data_member_location
	.byte	8                               @ Abbrev [8] 0x33b:0xd DW_TAG_member
	.long	.Linfo_string60                 @ DW_AT_name
	.long	433                             @ DW_AT_type
	.byte	4                               @ DW_AT_decl_file
	.short	3386                            @ DW_AT_decl_line
	.byte	156                             @ DW_AT_data_member_location
	.byte	8                               @ Abbrev [8] 0x348:0xd DW_TAG_member
	.long	.Linfo_string61                 @ DW_AT_name
	.long	433                             @ DW_AT_type
	.byte	4                               @ DW_AT_decl_file
	.short	3387                            @ DW_AT_decl_line
	.byte	160                             @ DW_AT_data_member_location
	.byte	8                               @ Abbrev [8] 0x355:0xd DW_TAG_member
	.long	.Linfo_string62                 @ DW_AT_name
	.long	433                             @ DW_AT_type
	.byte	4                               @ DW_AT_decl_file
	.short	3388                            @ DW_AT_decl_line
	.byte	164                             @ DW_AT_data_member_location
	.byte	8                               @ Abbrev [8] 0x362:0xd DW_TAG_member
	.long	.Linfo_string63                 @ DW_AT_name
	.long	2542                            @ DW_AT_type
	.byte	4                               @ DW_AT_decl_file
	.short	3389                            @ DW_AT_decl_line
	.byte	168                             @ DW_AT_data_member_location
	.byte	15                              @ Abbrev [15] 0x36f:0xe DW_TAG_member
	.long	.Linfo_string64                 @ DW_AT_name
	.long	433                             @ DW_AT_type
	.byte	4                               @ DW_AT_decl_file
	.short	3390                            @ DW_AT_decl_line
	.short	256                             @ DW_AT_data_member_location
	.byte	15                              @ Abbrev [15] 0x37d:0xe DW_TAG_member
	.long	.Linfo_string65                 @ DW_AT_name
	.long	2554                            @ DW_AT_type
	.byte	4                               @ DW_AT_decl_file
	.short	3391                            @ DW_AT_decl_line
	.short	260                             @ DW_AT_data_member_location
	.byte	15                              @ Abbrev [15] 0x38b:0xe DW_TAG_member
	.long	.Linfo_string66                 @ DW_AT_name
	.long	433                             @ DW_AT_type
	.byte	4                               @ DW_AT_decl_file
	.short	3392                            @ DW_AT_decl_line
	.short	272                             @ DW_AT_data_member_location
	.byte	15                              @ Abbrev [15] 0x399:0xe DW_TAG_member
	.long	.Linfo_string67                 @ DW_AT_name
	.long	433                             @ DW_AT_type
	.byte	4                               @ DW_AT_decl_file
	.short	3393                            @ DW_AT_decl_line
	.short	276                             @ DW_AT_data_member_location
	.byte	15                              @ Abbrev [15] 0x3a7:0xe DW_TAG_member
	.long	.Linfo_string68                 @ DW_AT_name
	.long	433                             @ DW_AT_type
	.byte	4                               @ DW_AT_decl_file
	.short	3394                            @ DW_AT_decl_line
	.short	280                             @ DW_AT_data_member_location
	.byte	15                              @ Abbrev [15] 0x3b5:0xe DW_TAG_member
	.long	.Linfo_string69                 @ DW_AT_name
	.long	2518                            @ DW_AT_type
	.byte	4                               @ DW_AT_decl_file
	.short	3395                            @ DW_AT_decl_line
	.short	284                             @ DW_AT_data_member_location
	.byte	15                              @ Abbrev [15] 0x3c3:0xe DW_TAG_member
	.long	.Linfo_string70                 @ DW_AT_name
	.long	433                             @ DW_AT_type
	.byte	4                               @ DW_AT_decl_file
	.short	3396                            @ DW_AT_decl_line
	.short	288                             @ DW_AT_data_member_location
	.byte	15                              @ Abbrev [15] 0x3d1:0xe DW_TAG_member
	.long	.Linfo_string71                 @ DW_AT_name
	.long	433                             @ DW_AT_type
	.byte	4                               @ DW_AT_decl_file
	.short	3397                            @ DW_AT_decl_line
	.short	292                             @ DW_AT_data_member_location
	.byte	15                              @ Abbrev [15] 0x3df:0xe DW_TAG_member
	.long	.Linfo_string72                 @ DW_AT_name
	.long	433                             @ DW_AT_type
	.byte	4                               @ DW_AT_decl_file
	.short	3398                            @ DW_AT_decl_line
	.short	296                             @ DW_AT_data_member_location
	.byte	15                              @ Abbrev [15] 0x3ed:0xe DW_TAG_member
	.long	.Linfo_string73                 @ DW_AT_name
	.long	2518                            @ DW_AT_type
	.byte	4                               @ DW_AT_decl_file
	.short	3399                            @ DW_AT_decl_line
	.short	300                             @ DW_AT_data_member_location
	.byte	15                              @ Abbrev [15] 0x3fb:0xe DW_TAG_member
	.long	.Linfo_string74                 @ DW_AT_name
	.long	433                             @ DW_AT_type
	.byte	4                               @ DW_AT_decl_file
	.short	3400                            @ DW_AT_decl_line
	.short	304                             @ DW_AT_data_member_location
	.byte	15                              @ Abbrev [15] 0x409:0xe DW_TAG_member
	.long	.Linfo_string75                 @ DW_AT_name
	.long	433                             @ DW_AT_type
	.byte	4                               @ DW_AT_decl_file
	.short	3401                            @ DW_AT_decl_line
	.short	308                             @ DW_AT_data_member_location
	.byte	15                              @ Abbrev [15] 0x417:0xe DW_TAG_member
	.long	.Linfo_string76                 @ DW_AT_name
	.long	433                             @ DW_AT_type
	.byte	4                               @ DW_AT_decl_file
	.short	3402                            @ DW_AT_decl_line
	.short	312                             @ DW_AT_data_member_location
	.byte	15                              @ Abbrev [15] 0x425:0xe DW_TAG_member
	.long	.Linfo_string77                 @ DW_AT_name
	.long	2566                            @ DW_AT_type
	.byte	4                               @ DW_AT_decl_file
	.short	3403                            @ DW_AT_decl_line
	.short	316                             @ DW_AT_data_member_location
	.byte	15                              @ Abbrev [15] 0x433:0xe DW_TAG_member
	.long	.Linfo_string78                 @ DW_AT_name
	.long	433                             @ DW_AT_type
	.byte	4                               @ DW_AT_decl_file
	.short	3404                            @ DW_AT_decl_line
	.short	512                             @ DW_AT_data_member_location
	.byte	15                              @ Abbrev [15] 0x441:0xe DW_TAG_member
	.long	.Linfo_string79                 @ DW_AT_name
	.long	433                             @ DW_AT_type
	.byte	4                               @ DW_AT_decl_file
	.short	3405                            @ DW_AT_decl_line
	.short	516                             @ DW_AT_data_member_location
	.byte	15                              @ Abbrev [15] 0x44f:0xe DW_TAG_member
	.long	.Linfo_string80                 @ DW_AT_name
	.long	433                             @ DW_AT_type
	.byte	4                               @ DW_AT_decl_file
	.short	3406                            @ DW_AT_decl_line
	.short	520                             @ DW_AT_data_member_location
	.byte	15                              @ Abbrev [15] 0x45d:0xe DW_TAG_member
	.long	.Linfo_string81                 @ DW_AT_name
	.long	433                             @ DW_AT_type
	.byte	4                               @ DW_AT_decl_file
	.short	3407                            @ DW_AT_decl_line
	.short	524                             @ DW_AT_data_member_location
	.byte	15                              @ Abbrev [15] 0x46b:0xe DW_TAG_member
	.long	.Linfo_string82                 @ DW_AT_name
	.long	433                             @ DW_AT_type
	.byte	4                               @ DW_AT_decl_file
	.short	3408                            @ DW_AT_decl_line
	.short	528                             @ DW_AT_data_member_location
	.byte	15                              @ Abbrev [15] 0x479:0xe DW_TAG_member
	.long	.Linfo_string83                 @ DW_AT_name
	.long	433                             @ DW_AT_type
	.byte	4                               @ DW_AT_decl_file
	.short	3409                            @ DW_AT_decl_line
	.short	532                             @ DW_AT_data_member_location
	.byte	15                              @ Abbrev [15] 0x487:0xe DW_TAG_member
	.long	.Linfo_string84                 @ DW_AT_name
	.long	433                             @ DW_AT_type
	.byte	4                               @ DW_AT_decl_file
	.short	3410                            @ DW_AT_decl_line
	.short	536                             @ DW_AT_data_member_location
	.byte	15                              @ Abbrev [15] 0x495:0xe DW_TAG_member
	.long	.Linfo_string85                 @ DW_AT_name
	.long	433                             @ DW_AT_type
	.byte	4                               @ DW_AT_decl_file
	.short	3411                            @ DW_AT_decl_line
	.short	540                             @ DW_AT_data_member_location
	.byte	15                              @ Abbrev [15] 0x4a3:0xe DW_TAG_member
	.long	.Linfo_string86                 @ DW_AT_name
	.long	433                             @ DW_AT_type
	.byte	4                               @ DW_AT_decl_file
	.short	3412                            @ DW_AT_decl_line
	.short	544                             @ DW_AT_data_member_location
	.byte	15                              @ Abbrev [15] 0x4b1:0xe DW_TAG_member
	.long	.Linfo_string87                 @ DW_AT_name
	.long	433                             @ DW_AT_type
	.byte	4                               @ DW_AT_decl_file
	.short	3413                            @ DW_AT_decl_line
	.short	548                             @ DW_AT_data_member_location
	.byte	15                              @ Abbrev [15] 0x4bf:0xe DW_TAG_member
	.long	.Linfo_string88                 @ DW_AT_name
	.long	433                             @ DW_AT_type
	.byte	4                               @ DW_AT_decl_file
	.short	3414                            @ DW_AT_decl_line
	.short	552                             @ DW_AT_data_member_location
	.byte	15                              @ Abbrev [15] 0x4cd:0xe DW_TAG_member
	.long	.Linfo_string89                 @ DW_AT_name
	.long	433                             @ DW_AT_type
	.byte	4                               @ DW_AT_decl_file
	.short	3415                            @ DW_AT_decl_line
	.short	556                             @ DW_AT_data_member_location
	.byte	15                              @ Abbrev [15] 0x4db:0xe DW_TAG_member
	.long	.Linfo_string90                 @ DW_AT_name
	.long	433                             @ DW_AT_type
	.byte	4                               @ DW_AT_decl_file
	.short	3416                            @ DW_AT_decl_line
	.short	560                             @ DW_AT_data_member_location
	.byte	15                              @ Abbrev [15] 0x4e9:0xe DW_TAG_member
	.long	.Linfo_string91                 @ DW_AT_name
	.long	433                             @ DW_AT_type
	.byte	4                               @ DW_AT_decl_file
	.short	3417                            @ DW_AT_decl_line
	.short	564                             @ DW_AT_data_member_location
	.byte	15                              @ Abbrev [15] 0x4f7:0xe DW_TAG_member
	.long	.Linfo_string92                 @ DW_AT_name
	.long	433                             @ DW_AT_type
	.byte	4                               @ DW_AT_decl_file
	.short	3418                            @ DW_AT_decl_line
	.short	568                             @ DW_AT_data_member_location
	.byte	15                              @ Abbrev [15] 0x505:0xe DW_TAG_member
	.long	.Linfo_string93                 @ DW_AT_name
	.long	433                             @ DW_AT_type
	.byte	4                               @ DW_AT_decl_file
	.short	3419                            @ DW_AT_decl_line
	.short	572                             @ DW_AT_data_member_location
	.byte	15                              @ Abbrev [15] 0x513:0xe DW_TAG_member
	.long	.Linfo_string94                 @ DW_AT_name
	.long	433                             @ DW_AT_type
	.byte	4                               @ DW_AT_decl_file
	.short	3420                            @ DW_AT_decl_line
	.short	576                             @ DW_AT_data_member_location
	.byte	15                              @ Abbrev [15] 0x521:0xe DW_TAG_member
	.long	.Linfo_string95                 @ DW_AT_name
	.long	433                             @ DW_AT_type
	.byte	4                               @ DW_AT_decl_file
	.short	3421                            @ DW_AT_decl_line
	.short	580                             @ DW_AT_data_member_location
	.byte	15                              @ Abbrev [15] 0x52f:0xe DW_TAG_member
	.long	.Linfo_string96                 @ DW_AT_name
	.long	433                             @ DW_AT_type
	.byte	4                               @ DW_AT_decl_file
	.short	3422                            @ DW_AT_decl_line
	.short	584                             @ DW_AT_data_member_location
	.byte	15                              @ Abbrev [15] 0x53d:0xe DW_TAG_member
	.long	.Linfo_string97                 @ DW_AT_name
	.long	433                             @ DW_AT_type
	.byte	4                               @ DW_AT_decl_file
	.short	3423                            @ DW_AT_decl_line
	.short	588                             @ DW_AT_data_member_location
	.byte	15                              @ Abbrev [15] 0x54b:0xe DW_TAG_member
	.long	.Linfo_string98                 @ DW_AT_name
	.long	433                             @ DW_AT_type
	.byte	4                               @ DW_AT_decl_file
	.short	3424                            @ DW_AT_decl_line
	.short	592                             @ DW_AT_data_member_location
	.byte	15                              @ Abbrev [15] 0x559:0xe DW_TAG_member
	.long	.Linfo_string99                 @ DW_AT_name
	.long	433                             @ DW_AT_type
	.byte	4                               @ DW_AT_decl_file
	.short	3425                            @ DW_AT_decl_line
	.short	596                             @ DW_AT_data_member_location
	.byte	15                              @ Abbrev [15] 0x567:0xe DW_TAG_member
	.long	.Linfo_string100                @ DW_AT_name
	.long	433                             @ DW_AT_type
	.byte	4                               @ DW_AT_decl_file
	.short	3426                            @ DW_AT_decl_line
	.short	600                             @ DW_AT_data_member_location
	.byte	15                              @ Abbrev [15] 0x575:0xe DW_TAG_member
	.long	.Linfo_string101                @ DW_AT_name
	.long	433                             @ DW_AT_type
	.byte	4                               @ DW_AT_decl_file
	.short	3427                            @ DW_AT_decl_line
	.short	604                             @ DW_AT_data_member_location
	.byte	15                              @ Abbrev [15] 0x583:0xe DW_TAG_member
	.long	.Linfo_string102                @ DW_AT_name
	.long	433                             @ DW_AT_type
	.byte	4                               @ DW_AT_decl_file
	.short	3428                            @ DW_AT_decl_line
	.short	608                             @ DW_AT_data_member_location
	.byte	15                              @ Abbrev [15] 0x591:0xe DW_TAG_member
	.long	.Linfo_string103                @ DW_AT_name
	.long	433                             @ DW_AT_type
	.byte	4                               @ DW_AT_decl_file
	.short	3429                            @ DW_AT_decl_line
	.short	612                             @ DW_AT_data_member_location
	.byte	15                              @ Abbrev [15] 0x59f:0xe DW_TAG_member
	.long	.Linfo_string104                @ DW_AT_name
	.long	433                             @ DW_AT_type
	.byte	4                               @ DW_AT_decl_file
	.short	3430                            @ DW_AT_decl_line
	.short	616                             @ DW_AT_data_member_location
	.byte	15                              @ Abbrev [15] 0x5ad:0xe DW_TAG_member
	.long	.Linfo_string105                @ DW_AT_name
	.long	433                             @ DW_AT_type
	.byte	4                               @ DW_AT_decl_file
	.short	3431                            @ DW_AT_decl_line
	.short	620                             @ DW_AT_data_member_location
	.byte	15                              @ Abbrev [15] 0x5bb:0xe DW_TAG_member
	.long	.Linfo_string106                @ DW_AT_name
	.long	433                             @ DW_AT_type
	.byte	4                               @ DW_AT_decl_file
	.short	3432                            @ DW_AT_decl_line
	.short	624                             @ DW_AT_data_member_location
	.byte	15                              @ Abbrev [15] 0x5c9:0xe DW_TAG_member
	.long	.Linfo_string107                @ DW_AT_name
	.long	433                             @ DW_AT_type
	.byte	4                               @ DW_AT_decl_file
	.short	3433                            @ DW_AT_decl_line
	.short	628                             @ DW_AT_data_member_location
	.byte	15                              @ Abbrev [15] 0x5d7:0xe DW_TAG_member
	.long	.Linfo_string108                @ DW_AT_name
	.long	433                             @ DW_AT_type
	.byte	4                               @ DW_AT_decl_file
	.short	3434                            @ DW_AT_decl_line
	.short	632                             @ DW_AT_data_member_location
	.byte	15                              @ Abbrev [15] 0x5e5:0xe DW_TAG_member
	.long	.Linfo_string109                @ DW_AT_name
	.long	433                             @ DW_AT_type
	.byte	4                               @ DW_AT_decl_file
	.short	3435                            @ DW_AT_decl_line
	.short	636                             @ DW_AT_data_member_location
	.byte	15                              @ Abbrev [15] 0x5f3:0xe DW_TAG_member
	.long	.Linfo_string110                @ DW_AT_name
	.long	433                             @ DW_AT_type
	.byte	4                               @ DW_AT_decl_file
	.short	3436                            @ DW_AT_decl_line
	.short	640                             @ DW_AT_data_member_location
	.byte	15                              @ Abbrev [15] 0x601:0xe DW_TAG_member
	.long	.Linfo_string111                @ DW_AT_name
	.long	433                             @ DW_AT_type
	.byte	4                               @ DW_AT_decl_file
	.short	3437                            @ DW_AT_decl_line
	.short	644                             @ DW_AT_data_member_location
	.byte	15                              @ Abbrev [15] 0x60f:0xe DW_TAG_member
	.long	.Linfo_string112                @ DW_AT_name
	.long	433                             @ DW_AT_type
	.byte	4                               @ DW_AT_decl_file
	.short	3438                            @ DW_AT_decl_line
	.short	648                             @ DW_AT_data_member_location
	.byte	15                              @ Abbrev [15] 0x61d:0xe DW_TAG_member
	.long	.Linfo_string113                @ DW_AT_name
	.long	433                             @ DW_AT_type
	.byte	4                               @ DW_AT_decl_file
	.short	3439                            @ DW_AT_decl_line
	.short	652                             @ DW_AT_data_member_location
	.byte	15                              @ Abbrev [15] 0x62b:0xe DW_TAG_member
	.long	.Linfo_string114                @ DW_AT_name
	.long	433                             @ DW_AT_type
	.byte	4                               @ DW_AT_decl_file
	.short	3440                            @ DW_AT_decl_line
	.short	656                             @ DW_AT_data_member_location
	.byte	15                              @ Abbrev [15] 0x639:0xe DW_TAG_member
	.long	.Linfo_string115                @ DW_AT_name
	.long	433                             @ DW_AT_type
	.byte	4                               @ DW_AT_decl_file
	.short	3441                            @ DW_AT_decl_line
	.short	660                             @ DW_AT_data_member_location
	.byte	15                              @ Abbrev [15] 0x647:0xe DW_TAG_member
	.long	.Linfo_string116                @ DW_AT_name
	.long	433                             @ DW_AT_type
	.byte	4                               @ DW_AT_decl_file
	.short	3442                            @ DW_AT_decl_line
	.short	664                             @ DW_AT_data_member_location
	.byte	15                              @ Abbrev [15] 0x655:0xe DW_TAG_member
	.long	.Linfo_string117                @ DW_AT_name
	.long	433                             @ DW_AT_type
	.byte	4                               @ DW_AT_decl_file
	.short	3443                            @ DW_AT_decl_line
	.short	668                             @ DW_AT_data_member_location
	.byte	15                              @ Abbrev [15] 0x663:0xe DW_TAG_member
	.long	.Linfo_string118                @ DW_AT_name
	.long	433                             @ DW_AT_type
	.byte	4                               @ DW_AT_decl_file
	.short	3444                            @ DW_AT_decl_line
	.short	672                             @ DW_AT_data_member_location
	.byte	15                              @ Abbrev [15] 0x671:0xe DW_TAG_member
	.long	.Linfo_string119                @ DW_AT_name
	.long	433                             @ DW_AT_type
	.byte	4                               @ DW_AT_decl_file
	.short	3445                            @ DW_AT_decl_line
	.short	676                             @ DW_AT_data_member_location
	.byte	15                              @ Abbrev [15] 0x67f:0xe DW_TAG_member
	.long	.Linfo_string120                @ DW_AT_name
	.long	433                             @ DW_AT_type
	.byte	4                               @ DW_AT_decl_file
	.short	3446                            @ DW_AT_decl_line
	.short	680                             @ DW_AT_data_member_location
	.byte	15                              @ Abbrev [15] 0x68d:0xe DW_TAG_member
	.long	.Linfo_string121                @ DW_AT_name
	.long	433                             @ DW_AT_type
	.byte	4                               @ DW_AT_decl_file
	.short	3447                            @ DW_AT_decl_line
	.short	684                             @ DW_AT_data_member_location
	.byte	15                              @ Abbrev [15] 0x69b:0xe DW_TAG_member
	.long	.Linfo_string122                @ DW_AT_name
	.long	433                             @ DW_AT_type
	.byte	4                               @ DW_AT_decl_file
	.short	3448                            @ DW_AT_decl_line
	.short	688                             @ DW_AT_data_member_location
	.byte	15                              @ Abbrev [15] 0x6a9:0xe DW_TAG_member
	.long	.Linfo_string123                @ DW_AT_name
	.long	2554                            @ DW_AT_type
	.byte	4                               @ DW_AT_decl_file
	.short	3449                            @ DW_AT_decl_line
	.short	692                             @ DW_AT_data_member_location
	.byte	15                              @ Abbrev [15] 0x6b7:0xe DW_TAG_member
	.long	.Linfo_string124                @ DW_AT_name
	.long	433                             @ DW_AT_type
	.byte	4                               @ DW_AT_decl_file
	.short	3450                            @ DW_AT_decl_line
	.short	704                             @ DW_AT_data_member_location
	.byte	15                              @ Abbrev [15] 0x6c5:0xe DW_TAG_member
	.long	.Linfo_string125                @ DW_AT_name
	.long	433                             @ DW_AT_type
	.byte	4                               @ DW_AT_decl_file
	.short	3451                            @ DW_AT_decl_line
	.short	708                             @ DW_AT_data_member_location
	.byte	15                              @ Abbrev [15] 0x6d3:0xe DW_TAG_member
	.long	.Linfo_string126                @ DW_AT_name
	.long	433                             @ DW_AT_type
	.byte	4                               @ DW_AT_decl_file
	.short	3452                            @ DW_AT_decl_line
	.short	712                             @ DW_AT_data_member_location
	.byte	15                              @ Abbrev [15] 0x6e1:0xe DW_TAG_member
	.long	.Linfo_string127                @ DW_AT_name
	.long	433                             @ DW_AT_type
	.byte	4                               @ DW_AT_decl_file
	.short	3453                            @ DW_AT_decl_line
	.short	716                             @ DW_AT_data_member_location
	.byte	15                              @ Abbrev [15] 0x6ef:0xe DW_TAG_member
	.long	.Linfo_string128                @ DW_AT_name
	.long	433                             @ DW_AT_type
	.byte	4                               @ DW_AT_decl_file
	.short	3454                            @ DW_AT_decl_line
	.short	720                             @ DW_AT_data_member_location
	.byte	15                              @ Abbrev [15] 0x6fd:0xe DW_TAG_member
	.long	.Linfo_string129                @ DW_AT_name
	.long	433                             @ DW_AT_type
	.byte	4                               @ DW_AT_decl_file
	.short	3455                            @ DW_AT_decl_line
	.short	724                             @ DW_AT_data_member_location
	.byte	15                              @ Abbrev [15] 0x70b:0xe DW_TAG_member
	.long	.Linfo_string130                @ DW_AT_name
	.long	433                             @ DW_AT_type
	.byte	4                               @ DW_AT_decl_file
	.short	3456                            @ DW_AT_decl_line
	.short	728                             @ DW_AT_data_member_location
	.byte	15                              @ Abbrev [15] 0x719:0xe DW_TAG_member
	.long	.Linfo_string131                @ DW_AT_name
	.long	433                             @ DW_AT_type
	.byte	4                               @ DW_AT_decl_file
	.short	3457                            @ DW_AT_decl_line
	.short	732                             @ DW_AT_data_member_location
	.byte	15                              @ Abbrev [15] 0x727:0xe DW_TAG_member
	.long	.Linfo_string132                @ DW_AT_name
	.long	433                             @ DW_AT_type
	.byte	4                               @ DW_AT_decl_file
	.short	3458                            @ DW_AT_decl_line
	.short	736                             @ DW_AT_data_member_location
	.byte	15                              @ Abbrev [15] 0x735:0xe DW_TAG_member
	.long	.Linfo_string133                @ DW_AT_name
	.long	2578                            @ DW_AT_type
	.byte	4                               @ DW_AT_decl_file
	.short	3459                            @ DW_AT_decl_line
	.short	740                             @ DW_AT_data_member_location
	.byte	15                              @ Abbrev [15] 0x743:0xe DW_TAG_member
	.long	.Linfo_string134                @ DW_AT_name
	.long	433                             @ DW_AT_type
	.byte	4                               @ DW_AT_decl_file
	.short	3460                            @ DW_AT_decl_line
	.short	768                             @ DW_AT_data_member_location
	.byte	15                              @ Abbrev [15] 0x751:0xe DW_TAG_member
	.long	.Linfo_string135                @ DW_AT_name
	.long	433                             @ DW_AT_type
	.byte	4                               @ DW_AT_decl_file
	.short	3461                            @ DW_AT_decl_line
	.short	772                             @ DW_AT_data_member_location
	.byte	15                              @ Abbrev [15] 0x75f:0xe DW_TAG_member
	.long	.Linfo_string136                @ DW_AT_name
	.long	433                             @ DW_AT_type
	.byte	4                               @ DW_AT_decl_file
	.short	3462                            @ DW_AT_decl_line
	.short	776                             @ DW_AT_data_member_location
	.byte	15                              @ Abbrev [15] 0x76d:0xe DW_TAG_member
	.long	.Linfo_string137                @ DW_AT_name
	.long	433                             @ DW_AT_type
	.byte	4                               @ DW_AT_decl_file
	.short	3463                            @ DW_AT_decl_line
	.short	780                             @ DW_AT_data_member_location
	.byte	15                              @ Abbrev [15] 0x77b:0xe DW_TAG_member
	.long	.Linfo_string138                @ DW_AT_name
	.long	433                             @ DW_AT_type
	.byte	4                               @ DW_AT_decl_file
	.short	3464                            @ DW_AT_decl_line
	.short	784                             @ DW_AT_data_member_location
	.byte	15                              @ Abbrev [15] 0x789:0xe DW_TAG_member
	.long	.Linfo_string139                @ DW_AT_name
	.long	433                             @ DW_AT_type
	.byte	4                               @ DW_AT_decl_file
	.short	3465                            @ DW_AT_decl_line
	.short	788                             @ DW_AT_data_member_location
	.byte	15                              @ Abbrev [15] 0x797:0xe DW_TAG_member
	.long	.Linfo_string140                @ DW_AT_name
	.long	433                             @ DW_AT_type
	.byte	4                               @ DW_AT_decl_file
	.short	3466                            @ DW_AT_decl_line
	.short	792                             @ DW_AT_data_member_location
	.byte	15                              @ Abbrev [15] 0x7a5:0xe DW_TAG_member
	.long	.Linfo_string141                @ DW_AT_name
	.long	433                             @ DW_AT_type
	.byte	4                               @ DW_AT_decl_file
	.short	3467                            @ DW_AT_decl_line
	.short	796                             @ DW_AT_data_member_location
	.byte	15                              @ Abbrev [15] 0x7b3:0xe DW_TAG_member
	.long	.Linfo_string142                @ DW_AT_name
	.long	433                             @ DW_AT_type
	.byte	4                               @ DW_AT_decl_file
	.short	3468                            @ DW_AT_decl_line
	.short	800                             @ DW_AT_data_member_location
	.byte	15                              @ Abbrev [15] 0x7c1:0xe DW_TAG_member
	.long	.Linfo_string143                @ DW_AT_name
	.long	433                             @ DW_AT_type
	.byte	4                               @ DW_AT_decl_file
	.short	3469                            @ DW_AT_decl_line
	.short	804                             @ DW_AT_data_member_location
	.byte	15                              @ Abbrev [15] 0x7cf:0xe DW_TAG_member
	.long	.Linfo_string144                @ DW_AT_name
	.long	433                             @ DW_AT_type
	.byte	4                               @ DW_AT_decl_file
	.short	3470                            @ DW_AT_decl_line
	.short	808                             @ DW_AT_data_member_location
	.byte	15                              @ Abbrev [15] 0x7dd:0xe DW_TAG_member
	.long	.Linfo_string145                @ DW_AT_name
	.long	433                             @ DW_AT_type
	.byte	4                               @ DW_AT_decl_file
	.short	3471                            @ DW_AT_decl_line
	.short	812                             @ DW_AT_data_member_location
	.byte	15                              @ Abbrev [15] 0x7eb:0xe DW_TAG_member
	.long	.Linfo_string146                @ DW_AT_name
	.long	433                             @ DW_AT_type
	.byte	4                               @ DW_AT_decl_file
	.short	3472                            @ DW_AT_decl_line
	.short	816                             @ DW_AT_data_member_location
	.byte	15                              @ Abbrev [15] 0x7f9:0xe DW_TAG_member
	.long	.Linfo_string147                @ DW_AT_name
	.long	433                             @ DW_AT_type
	.byte	4                               @ DW_AT_decl_file
	.short	3473                            @ DW_AT_decl_line
	.short	820                             @ DW_AT_data_member_location
	.byte	15                              @ Abbrev [15] 0x807:0xe DW_TAG_member
	.long	.Linfo_string148                @ DW_AT_name
	.long	433                             @ DW_AT_type
	.byte	4                               @ DW_AT_decl_file
	.short	3474                            @ DW_AT_decl_line
	.short	824                             @ DW_AT_data_member_location
	.byte	15                              @ Abbrev [15] 0x815:0xe DW_TAG_member
	.long	.Linfo_string149                @ DW_AT_name
	.long	433                             @ DW_AT_type
	.byte	4                               @ DW_AT_decl_file
	.short	3475                            @ DW_AT_decl_line
	.short	828                             @ DW_AT_data_member_location
	.byte	15                              @ Abbrev [15] 0x823:0xe DW_TAG_member
	.long	.Linfo_string150                @ DW_AT_name
	.long	433                             @ DW_AT_type
	.byte	4                               @ DW_AT_decl_file
	.short	3476                            @ DW_AT_decl_line
	.short	832                             @ DW_AT_data_member_location
	.byte	15                              @ Abbrev [15] 0x831:0xe DW_TAG_member
	.long	.Linfo_string151                @ DW_AT_name
	.long	433                             @ DW_AT_type
	.byte	4                               @ DW_AT_decl_file
	.short	3477                            @ DW_AT_decl_line
	.short	836                             @ DW_AT_data_member_location
	.byte	15                              @ Abbrev [15] 0x83f:0xe DW_TAG_member
	.long	.Linfo_string152                @ DW_AT_name
	.long	433                             @ DW_AT_type
	.byte	4                               @ DW_AT_decl_file
	.short	3478                            @ DW_AT_decl_line
	.short	840                             @ DW_AT_data_member_location
	.byte	15                              @ Abbrev [15] 0x84d:0xe DW_TAG_member
	.long	.Linfo_string153                @ DW_AT_name
	.long	433                             @ DW_AT_type
	.byte	4                               @ DW_AT_decl_file
	.short	3479                            @ DW_AT_decl_line
	.short	844                             @ DW_AT_data_member_location
	.byte	15                              @ Abbrev [15] 0x85b:0xe DW_TAG_member
	.long	.Linfo_string154                @ DW_AT_name
	.long	433                             @ DW_AT_type
	.byte	4                               @ DW_AT_decl_file
	.short	3480                            @ DW_AT_decl_line
	.short	848                             @ DW_AT_data_member_location
	.byte	15                              @ Abbrev [15] 0x869:0xe DW_TAG_member
	.long	.Linfo_string155                @ DW_AT_name
	.long	433                             @ DW_AT_type
	.byte	4                               @ DW_AT_decl_file
	.short	3481                            @ DW_AT_decl_line
	.short	852                             @ DW_AT_data_member_location
	.byte	15                              @ Abbrev [15] 0x877:0xe DW_TAG_member
	.long	.Linfo_string156                @ DW_AT_name
	.long	433                             @ DW_AT_type
	.byte	4                               @ DW_AT_decl_file
	.short	3482                            @ DW_AT_decl_line
	.short	856                             @ DW_AT_data_member_location
	.byte	15                              @ Abbrev [15] 0x885:0xe DW_TAG_member
	.long	.Linfo_string157                @ DW_AT_name
	.long	2518                            @ DW_AT_type
	.byte	4                               @ DW_AT_decl_file
	.short	3483                            @ DW_AT_decl_line
	.short	860                             @ DW_AT_data_member_location
	.byte	15                              @ Abbrev [15] 0x893:0xe DW_TAG_member
	.long	.Linfo_string158                @ DW_AT_name
	.long	433                             @ DW_AT_type
	.byte	4                               @ DW_AT_decl_file
	.short	3484                            @ DW_AT_decl_line
	.short	864                             @ DW_AT_data_member_location
	.byte	15                              @ Abbrev [15] 0x8a1:0xe DW_TAG_member
	.long	.Linfo_string159                @ DW_AT_name
	.long	433                             @ DW_AT_type
	.byte	4                               @ DW_AT_decl_file
	.short	3485                            @ DW_AT_decl_line
	.short	868                             @ DW_AT_data_member_location
	.byte	15                              @ Abbrev [15] 0x8af:0xe DW_TAG_member
	.long	.Linfo_string160                @ DW_AT_name
	.long	433                             @ DW_AT_type
	.byte	4                               @ DW_AT_decl_file
	.short	3486                            @ DW_AT_decl_line
	.short	872                             @ DW_AT_data_member_location
	.byte	15                              @ Abbrev [15] 0x8bd:0xe DW_TAG_member
	.long	.Linfo_string161                @ DW_AT_name
	.long	433                             @ DW_AT_type
	.byte	4                               @ DW_AT_decl_file
	.short	3487                            @ DW_AT_decl_line
	.short	876                             @ DW_AT_data_member_location
	.byte	15                              @ Abbrev [15] 0x8cb:0xe DW_TAG_member
	.long	.Linfo_string162                @ DW_AT_name
	.long	433                             @ DW_AT_type
	.byte	4                               @ DW_AT_decl_file
	.short	3488                            @ DW_AT_decl_line
	.short	880                             @ DW_AT_data_member_location
	.byte	15                              @ Abbrev [15] 0x8d9:0xe DW_TAG_member
	.long	.Linfo_string163                @ DW_AT_name
	.long	433                             @ DW_AT_type
	.byte	4                               @ DW_AT_decl_file
	.short	3489                            @ DW_AT_decl_line
	.short	884                             @ DW_AT_data_member_location
	.byte	15                              @ Abbrev [15] 0x8e7:0xe DW_TAG_member
	.long	.Linfo_string164                @ DW_AT_name
	.long	433                             @ DW_AT_type
	.byte	4                               @ DW_AT_decl_file
	.short	3490                            @ DW_AT_decl_line
	.short	888                             @ DW_AT_data_member_location
	.byte	15                              @ Abbrev [15] 0x8f5:0xe DW_TAG_member
	.long	.Linfo_string165                @ DW_AT_name
	.long	433                             @ DW_AT_type
	.byte	4                               @ DW_AT_decl_file
	.short	3491                            @ DW_AT_decl_line
	.short	892                             @ DW_AT_data_member_location
	.byte	15                              @ Abbrev [15] 0x903:0xe DW_TAG_member
	.long	.Linfo_string166                @ DW_AT_name
	.long	2518                            @ DW_AT_type
	.byte	4                               @ DW_AT_decl_file
	.short	3492                            @ DW_AT_decl_line
	.short	896                             @ DW_AT_data_member_location
	.byte	15                              @ Abbrev [15] 0x911:0xe DW_TAG_member
	.long	.Linfo_string167                @ DW_AT_name
	.long	433                             @ DW_AT_type
	.byte	4                               @ DW_AT_decl_file
	.short	3493                            @ DW_AT_decl_line
	.short	900                             @ DW_AT_data_member_location
	.byte	15                              @ Abbrev [15] 0x91f:0xe DW_TAG_member
	.long	.Linfo_string168                @ DW_AT_name
	.long	433                             @ DW_AT_type
	.byte	4                               @ DW_AT_decl_file
	.short	3494                            @ DW_AT_decl_line
	.short	904                             @ DW_AT_data_member_location
	.byte	15                              @ Abbrev [15] 0x92d:0xe DW_TAG_member
	.long	.Linfo_string169                @ DW_AT_name
	.long	433                             @ DW_AT_type
	.byte	4                               @ DW_AT_decl_file
	.short	3495                            @ DW_AT_decl_line
	.short	908                             @ DW_AT_data_member_location
	.byte	15                              @ Abbrev [15] 0x93b:0xe DW_TAG_member
	.long	.Linfo_string170                @ DW_AT_name
	.long	433                             @ DW_AT_type
	.byte	4                               @ DW_AT_decl_file
	.short	3496                            @ DW_AT_decl_line
	.short	912                             @ DW_AT_data_member_location
	.byte	15                              @ Abbrev [15] 0x949:0xe DW_TAG_member
	.long	.Linfo_string171                @ DW_AT_name
	.long	433                             @ DW_AT_type
	.byte	4                               @ DW_AT_decl_file
	.short	3497                            @ DW_AT_decl_line
	.short	916                             @ DW_AT_data_member_location
	.byte	15                              @ Abbrev [15] 0x957:0xe DW_TAG_member
	.long	.Linfo_string172                @ DW_AT_name
	.long	433                             @ DW_AT_type
	.byte	4                               @ DW_AT_decl_file
	.short	3498                            @ DW_AT_decl_line
	.short	920                             @ DW_AT_data_member_location
	.byte	15                              @ Abbrev [15] 0x965:0xe DW_TAG_member
	.long	.Linfo_string173                @ DW_AT_name
	.long	433                             @ DW_AT_type
	.byte	4                               @ DW_AT_decl_file
	.short	3499                            @ DW_AT_decl_line
	.short	924                             @ DW_AT_data_member_location
	.byte	15                              @ Abbrev [15] 0x973:0xe DW_TAG_member
	.long	.Linfo_string174                @ DW_AT_name
	.long	2590                            @ DW_AT_type
	.byte	4                               @ DW_AT_decl_file
	.short	3500                            @ DW_AT_decl_line
	.short	928                             @ DW_AT_data_member_location
	.byte	15                              @ Abbrev [15] 0x981:0xe DW_TAG_member
	.long	.Linfo_string175                @ DW_AT_name
	.long	433                             @ DW_AT_type
	.byte	4                               @ DW_AT_decl_file
	.short	3501                            @ DW_AT_decl_line
	.short	1280                            @ DW_AT_data_member_location
	.byte	15                              @ Abbrev [15] 0x98f:0xe DW_TAG_member
	.long	.Linfo_string176                @ DW_AT_name
	.long	456                             @ DW_AT_type
	.byte	4                               @ DW_AT_decl_file
	.short	3502                            @ DW_AT_decl_line
	.short	1284                            @ DW_AT_data_member_location
	.byte	15                              @ Abbrev [15] 0x99d:0xe DW_TAG_member
	.long	.Linfo_string177                @ DW_AT_name
	.long	2602                            @ DW_AT_type
	.byte	4                               @ DW_AT_decl_file
	.short	3503                            @ DW_AT_decl_line
	.short	1288                            @ DW_AT_data_member_location
	.byte	15                              @ Abbrev [15] 0x9ab:0xe DW_TAG_member
	.long	.Linfo_string178                @ DW_AT_name
	.long	433                             @ DW_AT_type
	.byte	4                               @ DW_AT_decl_file
	.short	3504                            @ DW_AT_decl_line
	.short	3728                            @ DW_AT_data_member_location
	.byte	15                              @ Abbrev [15] 0x9b9:0xe DW_TAG_member
	.long	.Linfo_string179                @ DW_AT_name
	.long	456                             @ DW_AT_type
	.byte	4                               @ DW_AT_decl_file
	.short	3505                            @ DW_AT_decl_line
	.short	3732                            @ DW_AT_data_member_location
	.byte	15                              @ Abbrev [15] 0x9c7:0xe DW_TAG_member
	.long	.Linfo_string180                @ DW_AT_name
	.long	456                             @ DW_AT_type
	.byte	4                               @ DW_AT_decl_file
	.short	3506                            @ DW_AT_decl_line
	.short	3736                            @ DW_AT_data_member_location
	.byte	0                               @ End Of Children Mark
	.byte	11                              @ Abbrev [11] 0x9d6:0xc DW_TAG_array_type
	.long	456                             @ DW_AT_type
	.byte	12                              @ Abbrev [12] 0x9db:0x6 DW_TAG_subrange_type
	.long	473                             @ DW_AT_type
	.byte	1                               @ DW_AT_count
	.byte	0                               @ End Of Children Mark
	.byte	11                              @ Abbrev [11] 0x9e2:0xc DW_TAG_array_type
	.long	456                             @ DW_AT_type
	.byte	12                              @ Abbrev [12] 0x9e7:0x6 DW_TAG_subrange_type
	.long	473                             @ DW_AT_type
	.byte	15                              @ DW_AT_count
	.byte	0                               @ End Of Children Mark
	.byte	11                              @ Abbrev [11] 0x9ee:0xc DW_TAG_array_type
	.long	456                             @ DW_AT_type
	.byte	12                              @ Abbrev [12] 0x9f3:0x6 DW_TAG_subrange_type
	.long	473                             @ DW_AT_type
	.byte	22                              @ DW_AT_count
	.byte	0                               @ End Of Children Mark
	.byte	11                              @ Abbrev [11] 0x9fa:0xc DW_TAG_array_type
	.long	456                             @ DW_AT_type
	.byte	12                              @ Abbrev [12] 0x9ff:0x6 DW_TAG_subrange_type
	.long	473                             @ DW_AT_type
	.byte	3                               @ DW_AT_count
	.byte	0                               @ End Of Children Mark
	.byte	11                              @ Abbrev [11] 0xa06:0xc DW_TAG_array_type
	.long	456                             @ DW_AT_type
	.byte	12                              @ Abbrev [12] 0xa0b:0x6 DW_TAG_subrange_type
	.long	473                             @ DW_AT_type
	.byte	49                              @ DW_AT_count
	.byte	0                               @ End Of Children Mark
	.byte	11                              @ Abbrev [11] 0xa12:0xc DW_TAG_array_type
	.long	456                             @ DW_AT_type
	.byte	12                              @ Abbrev [12] 0xa17:0x6 DW_TAG_subrange_type
	.long	473                             @ DW_AT_type
	.byte	7                               @ DW_AT_count
	.byte	0                               @ End Of Children Mark
	.byte	11                              @ Abbrev [11] 0xa1e:0xc DW_TAG_array_type
	.long	456                             @ DW_AT_type
	.byte	12                              @ Abbrev [12] 0xa23:0x6 DW_TAG_subrange_type
	.long	473                             @ DW_AT_type
	.byte	88                              @ DW_AT_count
	.byte	0                               @ End Of Children Mark
	.byte	11                              @ Abbrev [11] 0xa2a:0xd DW_TAG_array_type
	.long	456                             @ DW_AT_type
	.byte	16                              @ Abbrev [16] 0xa2f:0x7 DW_TAG_subrange_type
	.long	473                             @ DW_AT_type
	.short	610                             @ DW_AT_count
	.byte	0                               @ End Of Children Mark
	.byte	3                               @ Abbrev [3] 0xa37:0xb DW_TAG_typedef
	.long	2626                            @ DW_AT_type
	.long	.Linfo_string183                @ DW_AT_name
	.byte	1                               @ DW_AT_decl_file
	.byte	62                              @ DW_AT_decl_line
	.byte	4                               @ Abbrev [4] 0xa42:0x7 DW_TAG_base_type
	.long	.Linfo_string182                @ DW_AT_name
	.byte	8                               @ DW_AT_encoding
	.byte	1                               @ DW_AT_byte_size
	.byte	5                               @ Abbrev [5] 0xa49:0x5 DW_TAG_pointer_type
	.long	2638                            @ DW_AT_type
	.byte	6                               @ Abbrev [6] 0xa4e:0xc DW_TAG_typedef
	.long	2650                            @ DW_AT_type
	.long	.Linfo_string216                @ DW_AT_name
	.byte	5                               @ DW_AT_decl_file
	.short	466                             @ DW_AT_decl_line
	.byte	14                              @ Abbrev [14] 0xa5a:0x20c DW_TAG_structure_type
	.short	448                             @ DW_AT_byte_size
	.byte	5                               @ DW_AT_decl_file
	.byte	28                              @ DW_AT_decl_line
	.byte	8                               @ Abbrev [8] 0xa5f:0xd DW_TAG_member
	.long	.Linfo_string184                @ DW_AT_name
	.long	433                             @ DW_AT_type
	.byte	5                               @ DW_AT_decl_file
	.short	427                             @ DW_AT_decl_line
	.byte	0                               @ DW_AT_data_member_location
	.byte	8                               @ Abbrev [8] 0xa6c:0xd DW_TAG_member
	.long	.Linfo_string185                @ DW_AT_name
	.long	433                             @ DW_AT_type
	.byte	5                               @ DW_AT_decl_file
	.short	428                             @ DW_AT_decl_line
	.byte	4                               @ DW_AT_data_member_location
	.byte	8                               @ Abbrev [8] 0xa79:0xd DW_TAG_member
	.long	.Linfo_string186                @ DW_AT_name
	.long	433                             @ DW_AT_type
	.byte	5                               @ DW_AT_decl_file
	.short	429                             @ DW_AT_decl_line
	.byte	8                               @ DW_AT_data_member_location
	.byte	8                               @ Abbrev [8] 0xa86:0xd DW_TAG_member
	.long	.Linfo_string187                @ DW_AT_name
	.long	433                             @ DW_AT_type
	.byte	5                               @ DW_AT_decl_file
	.short	430                             @ DW_AT_decl_line
	.byte	12                              @ DW_AT_data_member_location
	.byte	8                               @ Abbrev [8] 0xa93:0xd DW_TAG_member
	.long	.Linfo_string188                @ DW_AT_name
	.long	433                             @ DW_AT_type
	.byte	5                               @ DW_AT_decl_file
	.short	431                             @ DW_AT_decl_line
	.byte	16                              @ DW_AT_data_member_location
	.byte	8                               @ Abbrev [8] 0xaa0:0xd DW_TAG_member
	.long	.Linfo_string21                 @ DW_AT_name
	.long	2554                            @ DW_AT_type
	.byte	5                               @ DW_AT_decl_file
	.short	432                             @ DW_AT_decl_line
	.byte	20                              @ DW_AT_data_member_location
	.byte	8                               @ Abbrev [8] 0xaad:0xd DW_TAG_member
	.long	.Linfo_string189                @ DW_AT_name
	.long	433                             @ DW_AT_type
	.byte	5                               @ DW_AT_decl_file
	.short	433                             @ DW_AT_decl_line
	.byte	32                              @ DW_AT_data_member_location
	.byte	8                               @ Abbrev [8] 0xaba:0xd DW_TAG_member
	.long	.Linfo_string190                @ DW_AT_name
	.long	433                             @ DW_AT_type
	.byte	5                               @ DW_AT_decl_file
	.short	434                             @ DW_AT_decl_line
	.byte	36                              @ DW_AT_data_member_location
	.byte	8                               @ Abbrev [8] 0xac7:0xd DW_TAG_member
	.long	.Linfo_string191                @ DW_AT_name
	.long	433                             @ DW_AT_type
	.byte	5                               @ DW_AT_decl_file
	.short	435                             @ DW_AT_decl_line
	.byte	40                              @ DW_AT_data_member_location
	.byte	8                               @ Abbrev [8] 0xad4:0xd DW_TAG_member
	.long	.Linfo_string192                @ DW_AT_name
	.long	433                             @ DW_AT_type
	.byte	5                               @ DW_AT_decl_file
	.short	436                             @ DW_AT_decl_line
	.byte	44                              @ DW_AT_data_member_location
	.byte	8                               @ Abbrev [8] 0xae1:0xd DW_TAG_member
	.long	.Linfo_string193                @ DW_AT_name
	.long	433                             @ DW_AT_type
	.byte	5                               @ DW_AT_decl_file
	.short	437                             @ DW_AT_decl_line
	.byte	48                              @ DW_AT_data_member_location
	.byte	8                               @ Abbrev [8] 0xaee:0xd DW_TAG_member
	.long	.Linfo_string194                @ DW_AT_name
	.long	433                             @ DW_AT_type
	.byte	5                               @ DW_AT_decl_file
	.short	438                             @ DW_AT_decl_line
	.byte	52                              @ DW_AT_data_member_location
	.byte	8                               @ Abbrev [8] 0xafb:0xd DW_TAG_member
	.long	.Linfo_string50                 @ DW_AT_name
	.long	2518                            @ DW_AT_type
	.byte	5                               @ DW_AT_decl_file
	.short	439                             @ DW_AT_decl_line
	.byte	56                              @ DW_AT_data_member_location
	.byte	8                               @ Abbrev [8] 0xb08:0xd DW_TAG_member
	.long	.Linfo_string195                @ DW_AT_name
	.long	433                             @ DW_AT_type
	.byte	5                               @ DW_AT_decl_file
	.short	440                             @ DW_AT_decl_line
	.byte	60                              @ DW_AT_data_member_location
	.byte	8                               @ Abbrev [8] 0xb15:0xd DW_TAG_member
	.long	.Linfo_string196                @ DW_AT_name
	.long	433                             @ DW_AT_type
	.byte	5                               @ DW_AT_decl_file
	.short	441                             @ DW_AT_decl_line
	.byte	64                              @ DW_AT_data_member_location
	.byte	8                               @ Abbrev [8] 0xb22:0xd DW_TAG_member
	.long	.Linfo_string197                @ DW_AT_name
	.long	433                             @ DW_AT_type
	.byte	5                               @ DW_AT_decl_file
	.short	442                             @ DW_AT_decl_line
	.byte	68                              @ DW_AT_data_member_location
	.byte	8                               @ Abbrev [8] 0xb2f:0xd DW_TAG_member
	.long	.Linfo_string198                @ DW_AT_name
	.long	433                             @ DW_AT_type
	.byte	5                               @ DW_AT_decl_file
	.short	443                             @ DW_AT_decl_line
	.byte	72                              @ DW_AT_data_member_location
	.byte	8                               @ Abbrev [8] 0xb3c:0xd DW_TAG_member
	.long	.Linfo_string199                @ DW_AT_name
	.long	433                             @ DW_AT_type
	.byte	5                               @ DW_AT_decl_file
	.short	444                             @ DW_AT_decl_line
	.byte	76                              @ DW_AT_data_member_location
	.byte	8                               @ Abbrev [8] 0xb49:0xd DW_TAG_member
	.long	.Linfo_string200                @ DW_AT_name
	.long	456                             @ DW_AT_type
	.byte	5                               @ DW_AT_decl_file
	.short	445                             @ DW_AT_decl_line
	.byte	80                              @ DW_AT_data_member_location
	.byte	8                               @ Abbrev [8] 0xb56:0xd DW_TAG_member
	.long	.Linfo_string201                @ DW_AT_name
	.long	456                             @ DW_AT_type
	.byte	5                               @ DW_AT_decl_file
	.short	446                             @ DW_AT_decl_line
	.byte	84                              @ DW_AT_data_member_location
	.byte	8                               @ Abbrev [8] 0xb63:0xd DW_TAG_member
	.long	.Linfo_string202                @ DW_AT_name
	.long	456                             @ DW_AT_type
	.byte	5                               @ DW_AT_decl_file
	.short	447                             @ DW_AT_decl_line
	.byte	88                              @ DW_AT_data_member_location
	.byte	8                               @ Abbrev [8] 0xb70:0xd DW_TAG_member
	.long	.Linfo_string203                @ DW_AT_name
	.long	456                             @ DW_AT_type
	.byte	5                               @ DW_AT_decl_file
	.short	448                             @ DW_AT_decl_line
	.byte	92                              @ DW_AT_data_member_location
	.byte	8                               @ Abbrev [8] 0xb7d:0xd DW_TAG_member
	.long	.Linfo_string204                @ DW_AT_name
	.long	433                             @ DW_AT_type
	.byte	5                               @ DW_AT_decl_file
	.short	449                             @ DW_AT_decl_line
	.byte	96                              @ DW_AT_data_member_location
	.byte	8                               @ Abbrev [8] 0xb8a:0xd DW_TAG_member
	.long	.Linfo_string52                 @ DW_AT_name
	.long	2578                            @ DW_AT_type
	.byte	5                               @ DW_AT_decl_file
	.short	450                             @ DW_AT_decl_line
	.byte	100                             @ DW_AT_data_member_location
	.byte	8                               @ Abbrev [8] 0xb97:0xd DW_TAG_member
	.long	.Linfo_string205                @ DW_AT_name
	.long	433                             @ DW_AT_type
	.byte	5                               @ DW_AT_decl_file
	.short	451                             @ DW_AT_decl_line
	.byte	128                             @ DW_AT_data_member_location
	.byte	8                               @ Abbrev [8] 0xba4:0xd DW_TAG_member
	.long	.Linfo_string206                @ DW_AT_name
	.long	433                             @ DW_AT_type
	.byte	5                               @ DW_AT_decl_file
	.short	452                             @ DW_AT_decl_line
	.byte	132                             @ DW_AT_data_member_location
	.byte	8                               @ Abbrev [8] 0xbb1:0xd DW_TAG_member
	.long	.Linfo_string207                @ DW_AT_name
	.long	433                             @ DW_AT_type
	.byte	5                               @ DW_AT_decl_file
	.short	453                             @ DW_AT_decl_line
	.byte	136                             @ DW_AT_data_member_location
	.byte	8                               @ Abbrev [8] 0xbbe:0xd DW_TAG_member
	.long	.Linfo_string63                 @ DW_AT_name
	.long	3174                            @ DW_AT_type
	.byte	5                               @ DW_AT_decl_file
	.short	454                             @ DW_AT_decl_line
	.byte	140                             @ DW_AT_data_member_location
	.byte	15                              @ Abbrev [15] 0xbcb:0xe DW_TAG_member
	.long	.Linfo_string208                @ DW_AT_name
	.long	433                             @ DW_AT_type
	.byte	5                               @ DW_AT_decl_file
	.short	455                             @ DW_AT_decl_line
	.short	256                             @ DW_AT_data_member_location
	.byte	15                              @ Abbrev [15] 0xbd9:0xe DW_TAG_member
	.long	.Linfo_string209                @ DW_AT_name
	.long	433                             @ DW_AT_type
	.byte	5                               @ DW_AT_decl_file
	.short	456                             @ DW_AT_decl_line
	.short	260                             @ DW_AT_data_member_location
	.byte	15                              @ Abbrev [15] 0xbe7:0xe DW_TAG_member
	.long	.Linfo_string65                 @ DW_AT_name
	.long	461                             @ DW_AT_type
	.byte	5                               @ DW_AT_decl_file
	.short	457                             @ DW_AT_decl_line
	.short	264                             @ DW_AT_data_member_location
	.byte	15                              @ Abbrev [15] 0xbf5:0xe DW_TAG_member
	.long	.Linfo_string210                @ DW_AT_name
	.long	433                             @ DW_AT_type
	.byte	5                               @ DW_AT_decl_file
	.short	458                             @ DW_AT_decl_line
	.short	272                             @ DW_AT_data_member_location
	.byte	15                              @ Abbrev [15] 0xc03:0xe DW_TAG_member
	.long	.Linfo_string211                @ DW_AT_name
	.long	456                             @ DW_AT_type
	.byte	5                               @ DW_AT_decl_file
	.short	459                             @ DW_AT_decl_line
	.short	276                             @ DW_AT_data_member_location
	.byte	15                              @ Abbrev [15] 0xc11:0xe DW_TAG_member
	.long	.Linfo_string69                 @ DW_AT_name
	.long	461                             @ DW_AT_type
	.byte	5                               @ DW_AT_decl_file
	.short	460                             @ DW_AT_decl_line
	.short	280                             @ DW_AT_data_member_location
	.byte	15                              @ Abbrev [15] 0xc1f:0xe DW_TAG_member
	.long	.Linfo_string212                @ DW_AT_name
	.long	433                             @ DW_AT_type
	.byte	5                               @ DW_AT_decl_file
	.short	461                             @ DW_AT_decl_line
	.short	288                             @ DW_AT_data_member_location
	.byte	15                              @ Abbrev [15] 0xc2d:0xe DW_TAG_member
	.long	.Linfo_string213                @ DW_AT_name
	.long	456                             @ DW_AT_type
	.byte	5                               @ DW_AT_decl_file
	.short	462                             @ DW_AT_decl_line
	.short	292                             @ DW_AT_data_member_location
	.byte	15                              @ Abbrev [15] 0xc3b:0xe DW_TAG_member
	.long	.Linfo_string73                 @ DW_AT_name
	.long	3186                            @ DW_AT_type
	.byte	5                               @ DW_AT_decl_file
	.short	463                             @ DW_AT_decl_line
	.short	296                             @ DW_AT_data_member_location
	.byte	15                              @ Abbrev [15] 0xc49:0xe DW_TAG_member
	.long	.Linfo_string214                @ DW_AT_name
	.long	3198                            @ DW_AT_type
	.byte	5                               @ DW_AT_decl_file
	.short	464                             @ DW_AT_decl_line
	.short	320                             @ DW_AT_data_member_location
	.byte	15                              @ Abbrev [15] 0xc57:0xe DW_TAG_member
	.long	.Linfo_string215                @ DW_AT_name
	.long	3210                            @ DW_AT_type
	.byte	5                               @ DW_AT_decl_file
	.short	465                             @ DW_AT_decl_line
	.short	384                             @ DW_AT_data_member_location
	.byte	0                               @ End Of Children Mark
	.byte	11                              @ Abbrev [11] 0xc66:0xc DW_TAG_array_type
	.long	456                             @ DW_AT_type
	.byte	12                              @ Abbrev [12] 0xc6b:0x6 DW_TAG_subrange_type
	.long	473                             @ DW_AT_type
	.byte	29                              @ DW_AT_count
	.byte	0                               @ End Of Children Mark
	.byte	11                              @ Abbrev [11] 0xc72:0xc DW_TAG_array_type
	.long	456                             @ DW_AT_type
	.byte	12                              @ Abbrev [12] 0xc77:0x6 DW_TAG_subrange_type
	.long	473                             @ DW_AT_type
	.byte	6                               @ DW_AT_count
	.byte	0                               @ End Of Children Mark
	.byte	11                              @ Abbrev [11] 0xc7e:0xc DW_TAG_array_type
	.long	433                             @ DW_AT_type
	.byte	12                              @ Abbrev [12] 0xc83:0x6 DW_TAG_subrange_type
	.long	473                             @ DW_AT_type
	.byte	16                              @ DW_AT_count
	.byte	0                               @ End Of Children Mark
	.byte	11                              @ Abbrev [11] 0xc8a:0xc DW_TAG_array_type
	.long	456                             @ DW_AT_type
	.byte	12                              @ Abbrev [12] 0xc8f:0x6 DW_TAG_subrange_type
	.long	473                             @ DW_AT_type
	.byte	16                              @ DW_AT_count
	.byte	0                               @ End Of Children Mark
	.byte	17                              @ Abbrev [17] 0xc96:0x52 DW_TAG_subprogram
	.long	.Lfunc_begin0                   @ DW_AT_low_pc
	.long	.Lfunc_end0-.Lfunc_begin0       @ DW_AT_high_pc
	.byte	1                               @ DW_AT_frame_base
	.byte	93
                                        @ DW_AT_GNU_all_call_sites
	.long	.Linfo_string221                @ DW_AT_name
	.byte	2                               @ DW_AT_decl_file
	.byte	39                              @ DW_AT_decl_line
                                        @ DW_AT_prototyped
	.long	438                             @ DW_AT_type
                                        @ DW_AT_external
	.byte	18                              @ Abbrev [18] 0xcab:0xf DW_TAG_formal_parameter
	.long	.Ldebug_loc0                    @ DW_AT_location
	.long	.Linfo_string263                @ DW_AT_name
	.byte	2                               @ DW_AT_decl_file
	.byte	39                              @ DW_AT_decl_line
	.long	73                              @ DW_AT_type
	.byte	18                              @ Abbrev [18] 0xcba:0xf DW_TAG_formal_parameter
	.long	.Ldebug_loc1                    @ DW_AT_location
	.long	.Linfo_string264                @ DW_AT_name
	.byte	2                               @ DW_AT_decl_file
	.byte	39                              @ DW_AT_decl_line
	.long	438                             @ DW_AT_type
	.byte	19                              @ Abbrev [19] 0xcc9:0xf DW_TAG_variable
	.long	.Ldebug_loc2                    @ DW_AT_location
	.long	.Linfo_string265                @ DW_AT_name
	.byte	2                               @ DW_AT_decl_file
	.byte	42                              @ DW_AT_decl_line
	.long	438                             @ DW_AT_type
	.byte	19                              @ Abbrev [19] 0xcd8:0xf DW_TAG_variable
	.long	.Ldebug_loc3                    @ DW_AT_location
	.long	.Linfo_string266                @ DW_AT_name
	.byte	2                               @ DW_AT_decl_file
	.byte	41                              @ DW_AT_decl_line
	.long	438                             @ DW_AT_type
	.byte	0                               @ End Of Children Mark
	.byte	20                              @ Abbrev [20] 0xce8:0xd DW_TAG_subprogram
	.long	.Linfo_string217                @ DW_AT_name
	.byte	6                               @ DW_AT_decl_file
	.short	4330                            @ DW_AT_decl_line
                                        @ DW_AT_prototyped
	.long	438                             @ DW_AT_type
	.byte	1                               @ DW_AT_inline
	.byte	21                              @ Abbrev [21] 0xcf5:0x16 DW_TAG_subprogram
	.long	.Linfo_string218                @ DW_AT_name
	.byte	6                               @ DW_AT_decl_file
	.short	4255                            @ DW_AT_decl_line
                                        @ DW_AT_prototyped
	.byte	1                               @ DW_AT_inline
	.byte	22                              @ Abbrev [22] 0xcfe:0xc DW_TAG_variable
	.long	.Linfo_string219                @ DW_AT_name
	.byte	6                               @ DW_AT_decl_file
	.short	4257                            @ DW_AT_decl_line
	.long	438                             @ DW_AT_type
	.byte	0                               @ End Of Children Mark
	.byte	23                              @ Abbrev [23] 0xd0b:0x9 DW_TAG_subprogram
	.long	.Linfo_string220                @ DW_AT_name
	.byte	6                               @ DW_AT_decl_file
	.short	4276                            @ DW_AT_decl_line
                                        @ DW_AT_prototyped
	.byte	1                               @ DW_AT_inline
	.byte	24                              @ Abbrev [24] 0xd14:0x66 DW_TAG_subprogram
	.long	.Lfunc_begin1                   @ DW_AT_low_pc
	.long	.Lfunc_end1-.Lfunc_begin1       @ DW_AT_high_pc
	.byte	1                               @ DW_AT_frame_base
	.byte	93
                                        @ DW_AT_GNU_all_call_sites
	.long	.Linfo_string222                @ DW_AT_name
	.byte	2                               @ DW_AT_decl_file
	.byte	71                              @ DW_AT_decl_line
                                        @ DW_AT_prototyped
                                        @ DW_AT_external
	.byte	18                              @ Abbrev [18] 0xd25:0xf DW_TAG_formal_parameter
	.long	.Ldebug_loc4                    @ DW_AT_location
	.long	.Linfo_string263                @ DW_AT_name
	.byte	2                               @ DW_AT_decl_file
	.byte	71                              @ DW_AT_decl_line
	.long	73                              @ DW_AT_type
	.byte	25                              @ Abbrev [25] 0xd34:0xb DW_TAG_variable
	.long	.Linfo_string267                @ DW_AT_name
	.byte	2                               @ DW_AT_decl_file
	.byte	73                              @ DW_AT_decl_line
	.long	438                             @ DW_AT_type
	.byte	26                              @ Abbrev [26] 0xd3f:0x10 DW_TAG_inlined_subroutine
	.long	3304                            @ DW_AT_abstract_origin
	.long	.Ltmp10                         @ DW_AT_low_pc
	.long	.Ltmp11-.Ltmp10                 @ DW_AT_high_pc
	.byte	2                               @ DW_AT_call_file
	.byte	74                              @ DW_AT_call_line
	.byte	22                              @ DW_AT_call_column
	.byte	27                              @ Abbrev [27] 0xd4f:0x1a DW_TAG_inlined_subroutine
	.long	3317                            @ DW_AT_abstract_origin
	.long	.Ltmp12                         @ DW_AT_low_pc
	.long	.Ltmp30-.Ltmp12                 @ DW_AT_high_pc
	.byte	2                               @ DW_AT_call_file
	.byte	78                              @ DW_AT_call_line
	.byte	9                               @ DW_AT_call_column
	.byte	28                              @ Abbrev [28] 0xd5f:0x9 DW_TAG_variable
	.long	.Ldebug_loc5                    @ DW_AT_location
	.long	3326                            @ DW_AT_abstract_origin
	.byte	0                               @ End Of Children Mark
	.byte	26                              @ Abbrev [26] 0xd69:0x10 DW_TAG_inlined_subroutine
	.long	3339                            @ DW_AT_abstract_origin
	.long	.Ltmp43                         @ DW_AT_low_pc
	.long	.Ltmp44-.Ltmp43                 @ DW_AT_high_pc
	.byte	2                               @ DW_AT_call_file
	.byte	108                             @ DW_AT_call_line
	.byte	9                               @ DW_AT_call_column
	.byte	0                               @ End Of Children Mark
	.byte	24                              @ Abbrev [24] 0xd7a:0x1f DW_TAG_subprogram
	.long	.Lfunc_begin2                   @ DW_AT_low_pc
	.long	.Lfunc_end2-.Lfunc_begin2       @ DW_AT_high_pc
	.byte	1                               @ DW_AT_frame_base
	.byte	93
                                        @ DW_AT_GNU_all_call_sites
	.long	.Linfo_string223                @ DW_AT_name
	.byte	2                               @ DW_AT_decl_file
	.byte	120                             @ DW_AT_decl_line
                                        @ DW_AT_prototyped
                                        @ DW_AT_external
	.byte	29                              @ Abbrev [29] 0xd8b:0xd DW_TAG_formal_parameter
	.byte	1                               @ DW_AT_location
	.byte	80
	.long	.Linfo_string263                @ DW_AT_name
	.byte	2                               @ DW_AT_decl_file
	.byte	120                             @ DW_AT_decl_line
	.long	73                              @ DW_AT_type
	.byte	0                               @ End Of Children Mark
	.byte	24                              @ Abbrev [24] 0xd99:0x68 DW_TAG_subprogram
	.long	.Lfunc_begin3                   @ DW_AT_low_pc
	.long	.Lfunc_end3-.Lfunc_begin3       @ DW_AT_high_pc
	.byte	1                               @ DW_AT_frame_base
	.byte	93
                                        @ DW_AT_GNU_all_call_sites
	.long	.Linfo_string224                @ DW_AT_name
	.byte	2                               @ DW_AT_decl_file
	.byte	137                             @ DW_AT_decl_line
                                        @ DW_AT_prototyped
                                        @ DW_AT_external
	.byte	29                              @ Abbrev [29] 0xdaa:0xd DW_TAG_formal_parameter
	.byte	1                               @ DW_AT_location
	.byte	80
	.long	.Linfo_string263                @ DW_AT_name
	.byte	2                               @ DW_AT_decl_file
	.byte	137                             @ DW_AT_decl_line
	.long	73                              @ DW_AT_type
	.byte	18                              @ Abbrev [18] 0xdb7:0xf DW_TAG_formal_parameter
	.long	.Ldebug_loc6                    @ DW_AT_location
	.long	.Linfo_string268                @ DW_AT_name
	.byte	2                               @ DW_AT_decl_file
	.byte	137                             @ DW_AT_decl_line
	.long	2615                            @ DW_AT_type
	.byte	18                              @ Abbrev [18] 0xdc6:0xf DW_TAG_formal_parameter
	.long	.Ldebug_loc7                    @ DW_AT_location
	.long	.Linfo_string269                @ DW_AT_name
	.byte	2                               @ DW_AT_decl_file
	.byte	137                             @ DW_AT_decl_line
	.long	2615                            @ DW_AT_type
	.byte	29                              @ Abbrev [29] 0xdd5:0xd DW_TAG_formal_parameter
	.byte	1                               @ DW_AT_location
	.byte	83
	.long	.Linfo_string270                @ DW_AT_name
	.byte	2                               @ DW_AT_decl_file
	.byte	137                             @ DW_AT_decl_line
	.long	2615                            @ DW_AT_type
	.byte	18                              @ Abbrev [18] 0xde2:0xf DW_TAG_formal_parameter
	.long	.Ldebug_loc9                    @ DW_AT_location
	.long	.Linfo_string272                @ DW_AT_name
	.byte	2                               @ DW_AT_decl_file
	.byte	137                             @ DW_AT_decl_line
	.long	2615                            @ DW_AT_type
	.byte	19                              @ Abbrev [19] 0xdf1:0xf DW_TAG_variable
	.long	.Ldebug_loc8                    @ DW_AT_location
	.long	.Linfo_string271                @ DW_AT_name
	.byte	2                               @ DW_AT_decl_file
	.byte	139                             @ DW_AT_decl_line
	.long	438                             @ DW_AT_type
	.byte	0                               @ End Of Children Mark
	.byte	24                              @ Abbrev [24] 0xe01:0x1f DW_TAG_subprogram
	.long	.Lfunc_begin4                   @ DW_AT_low_pc
	.long	.Lfunc_end4-.Lfunc_begin4       @ DW_AT_high_pc
	.byte	1                               @ DW_AT_frame_base
	.byte	93
                                        @ DW_AT_GNU_all_call_sites
	.long	.Linfo_string225                @ DW_AT_name
	.byte	2                               @ DW_AT_decl_file
	.byte	172                             @ DW_AT_decl_line
                                        @ DW_AT_prototyped
                                        @ DW_AT_external
	.byte	29                              @ Abbrev [29] 0xe12:0xd DW_TAG_formal_parameter
	.byte	1                               @ DW_AT_location
	.byte	80
	.long	.Linfo_string263                @ DW_AT_name
	.byte	2                               @ DW_AT_decl_file
	.byte	172                             @ DW_AT_decl_line
	.long	73                              @ DW_AT_type
	.byte	0                               @ End Of Children Mark
	.byte	24                              @ Abbrev [24] 0xe20:0x1f DW_TAG_subprogram
	.long	.Lfunc_begin5                   @ DW_AT_low_pc
	.long	.Lfunc_end5-.Lfunc_begin5       @ DW_AT_high_pc
	.byte	1                               @ DW_AT_frame_base
	.byte	93
                                        @ DW_AT_GNU_all_call_sites
	.long	.Linfo_string226                @ DW_AT_name
	.byte	2                               @ DW_AT_decl_file
	.byte	185                             @ DW_AT_decl_line
                                        @ DW_AT_prototyped
                                        @ DW_AT_external
	.byte	29                              @ Abbrev [29] 0xe31:0xd DW_TAG_formal_parameter
	.byte	1                               @ DW_AT_location
	.byte	80
	.long	.Linfo_string263                @ DW_AT_name
	.byte	2                               @ DW_AT_decl_file
	.byte	185                             @ DW_AT_decl_line
	.long	73                              @ DW_AT_type
	.byte	0                               @ End Of Children Mark
	.byte	17                              @ Abbrev [17] 0xe3f:0x43 DW_TAG_subprogram
	.long	.Lfunc_begin6                   @ DW_AT_low_pc
	.long	.Lfunc_end6-.Lfunc_begin6       @ DW_AT_high_pc
	.byte	1                               @ DW_AT_frame_base
	.byte	93
                                        @ DW_AT_GNU_all_call_sites
	.long	.Linfo_string227                @ DW_AT_name
	.byte	2                               @ DW_AT_decl_file
	.byte	199                             @ DW_AT_decl_line
                                        @ DW_AT_prototyped
	.long	438                             @ DW_AT_type
                                        @ DW_AT_external
	.byte	18                              @ Abbrev [18] 0xe54:0xf DW_TAG_formal_parameter
	.long	.Ldebug_loc10                   @ DW_AT_location
	.long	.Linfo_string263                @ DW_AT_name
	.byte	2                               @ DW_AT_decl_file
	.byte	199                             @ DW_AT_decl_line
	.long	73                              @ DW_AT_type
	.byte	19                              @ Abbrev [19] 0xe63:0xf DW_TAG_variable
	.long	.Ldebug_loc11                   @ DW_AT_location
	.long	.Linfo_string273                @ DW_AT_name
	.byte	2                               @ DW_AT_decl_file
	.byte	201                             @ DW_AT_decl_line
	.long	438                             @ DW_AT_type
	.byte	19                              @ Abbrev [19] 0xe72:0xf DW_TAG_variable
	.long	.Ldebug_loc12                   @ DW_AT_location
	.long	.Linfo_string265                @ DW_AT_name
	.byte	2                               @ DW_AT_decl_file
	.byte	202                             @ DW_AT_decl_line
	.long	438                             @ DW_AT_type
	.byte	0                               @ End Of Children Mark
	.byte	17                              @ Abbrev [17] 0xe82:0x52 DW_TAG_subprogram
	.long	.Lfunc_begin7                   @ DW_AT_low_pc
	.long	.Lfunc_end7-.Lfunc_begin7       @ DW_AT_high_pc
	.byte	1                               @ DW_AT_frame_base
	.byte	93
                                        @ DW_AT_GNU_all_call_sites
	.long	.Linfo_string228                @ DW_AT_name
	.byte	2                               @ DW_AT_decl_file
	.byte	226                             @ DW_AT_decl_line
                                        @ DW_AT_prototyped
	.long	438                             @ DW_AT_type
                                        @ DW_AT_external
	.byte	18                              @ Abbrev [18] 0xe97:0xf DW_TAG_formal_parameter
	.long	.Ldebug_loc13                   @ DW_AT_location
	.long	.Linfo_string263                @ DW_AT_name
	.byte	2                               @ DW_AT_decl_file
	.byte	226                             @ DW_AT_decl_line
	.long	73                              @ DW_AT_type
	.byte	18                              @ Abbrev [18] 0xea6:0xf DW_TAG_formal_parameter
	.long	.Ldebug_loc14                   @ DW_AT_location
	.long	.Linfo_string264                @ DW_AT_name
	.byte	2                               @ DW_AT_decl_file
	.byte	226                             @ DW_AT_decl_line
	.long	438                             @ DW_AT_type
	.byte	19                              @ Abbrev [19] 0xeb5:0xf DW_TAG_variable
	.long	.Ldebug_loc15                   @ DW_AT_location
	.long	.Linfo_string265                @ DW_AT_name
	.byte	2                               @ DW_AT_decl_file
	.byte	229                             @ DW_AT_decl_line
	.long	438                             @ DW_AT_type
	.byte	19                              @ Abbrev [19] 0xec4:0xf DW_TAG_variable
	.long	.Ldebug_loc16                   @ DW_AT_location
	.long	.Linfo_string266                @ DW_AT_name
	.byte	2                               @ DW_AT_decl_file
	.byte	228                             @ DW_AT_decl_line
	.long	438                             @ DW_AT_type
	.byte	0                               @ End Of Children Mark
	.byte	17                              @ Abbrev [17] 0xed4:0x35 DW_TAG_subprogram
	.long	.Lfunc_begin8                   @ DW_AT_low_pc
	.long	.Lfunc_end8-.Lfunc_begin8       @ DW_AT_high_pc
	.byte	1                               @ DW_AT_frame_base
	.byte	93
                                        @ DW_AT_GNU_all_call_sites
	.long	.Linfo_string229                @ DW_AT_name
	.byte	2                               @ DW_AT_decl_file
	.byte	255                             @ DW_AT_decl_line
                                        @ DW_AT_prototyped
	.long	438                             @ DW_AT_type
                                        @ DW_AT_external
	.byte	18                              @ Abbrev [18] 0xee9:0xf DW_TAG_formal_parameter
	.long	.Ldebug_loc17                   @ DW_AT_location
	.long	.Linfo_string263                @ DW_AT_name
	.byte	2                               @ DW_AT_decl_file
	.byte	255                             @ DW_AT_decl_line
	.long	73                              @ DW_AT_type
	.byte	30                              @ Abbrev [30] 0xef8:0x10 DW_TAG_variable
	.long	.Ldebug_loc18                   @ DW_AT_location
	.long	.Linfo_string274                @ DW_AT_name
	.byte	2                               @ DW_AT_decl_file
	.short	257                             @ DW_AT_decl_line
	.long	438                             @ DW_AT_type
	.byte	0                               @ End Of Children Mark
	.byte	31                              @ Abbrev [31] 0xf09:0x27 DW_TAG_subprogram
	.long	.Lfunc_begin9                   @ DW_AT_low_pc
	.long	.Lfunc_end9-.Lfunc_begin9       @ DW_AT_high_pc
	.byte	1                               @ DW_AT_frame_base
	.byte	93
                                        @ DW_AT_GNU_all_call_sites
	.long	.Linfo_string230                @ DW_AT_name
	.byte	2                               @ DW_AT_decl_file
	.short	280                             @ DW_AT_decl_line
                                        @ DW_AT_prototyped
	.long	438                             @ DW_AT_type
                                        @ DW_AT_external
	.byte	32                              @ Abbrev [32] 0xf1f:0x10 DW_TAG_formal_parameter
	.long	.Ldebug_loc19                   @ DW_AT_location
	.long	.Linfo_string263                @ DW_AT_name
	.byte	2                               @ DW_AT_decl_file
	.short	280                             @ DW_AT_decl_line
	.long	73                              @ DW_AT_type
	.byte	0                               @ End Of Children Mark
	.byte	31                              @ Abbrev [31] 0xf30:0x27 DW_TAG_subprogram
	.long	.Lfunc_begin10                  @ DW_AT_low_pc
	.long	.Lfunc_end10-.Lfunc_begin10     @ DW_AT_high_pc
	.byte	1                               @ DW_AT_frame_base
	.byte	93
                                        @ DW_AT_GNU_all_call_sites
	.long	.Linfo_string231                @ DW_AT_name
	.byte	2                               @ DW_AT_decl_file
	.short	294                             @ DW_AT_decl_line
                                        @ DW_AT_prototyped
	.long	2615                            @ DW_AT_type
                                        @ DW_AT_external
	.byte	32                              @ Abbrev [32] 0xf46:0x10 DW_TAG_formal_parameter
	.long	.Ldebug_loc20                   @ DW_AT_location
	.long	.Linfo_string263                @ DW_AT_name
	.byte	2                               @ DW_AT_decl_file
	.short	294                             @ DW_AT_decl_line
	.long	73                              @ DW_AT_type
	.byte	0                               @ End Of Children Mark
	.byte	33                              @ Abbrev [33] 0xf57:0x2f DW_TAG_subprogram
	.long	.Lfunc_begin11                  @ DW_AT_low_pc
	.long	.Lfunc_end11-.Lfunc_begin11     @ DW_AT_high_pc
	.byte	1                               @ DW_AT_frame_base
	.byte	93
                                        @ DW_AT_GNU_all_call_sites
	.long	.Linfo_string232                @ DW_AT_name
	.byte	2                               @ DW_AT_decl_file
	.short	307                             @ DW_AT_decl_line
                                        @ DW_AT_prototyped
                                        @ DW_AT_external
	.byte	34                              @ Abbrev [34] 0xf69:0xe DW_TAG_formal_parameter
	.byte	1                               @ DW_AT_location
	.byte	80
	.long	.Linfo_string263                @ DW_AT_name
	.byte	2                               @ DW_AT_decl_file
	.short	307                             @ DW_AT_decl_line
	.long	73                              @ DW_AT_type
	.byte	34                              @ Abbrev [34] 0xf77:0xe DW_TAG_formal_parameter
	.byte	1                               @ DW_AT_location
	.byte	81
	.long	.Linfo_string275                @ DW_AT_name
	.byte	2                               @ DW_AT_decl_file
	.short	307                             @ DW_AT_decl_line
	.long	2615                            @ DW_AT_type
	.byte	0                               @ End Of Children Mark
	.byte	33                              @ Abbrev [33] 0xf86:0x5f DW_TAG_subprogram
	.long	.Lfunc_begin12                  @ DW_AT_low_pc
	.long	.Lfunc_end12-.Lfunc_begin12     @ DW_AT_high_pc
	.byte	1                               @ DW_AT_frame_base
	.byte	93
                                        @ DW_AT_GNU_all_call_sites
	.long	.Linfo_string233                @ DW_AT_name
	.byte	2                               @ DW_AT_decl_file
	.short	324                             @ DW_AT_decl_line
                                        @ DW_AT_prototyped
                                        @ DW_AT_external
	.byte	34                              @ Abbrev [34] 0xf98:0xe DW_TAG_formal_parameter
	.byte	1                               @ DW_AT_location
	.byte	80
	.long	.Linfo_string263                @ DW_AT_name
	.byte	2                               @ DW_AT_decl_file
	.short	324                             @ DW_AT_decl_line
	.long	73                              @ DW_AT_type
	.byte	32                              @ Abbrev [32] 0xfa6:0x10 DW_TAG_formal_parameter
	.long	.Ldebug_loc21                   @ DW_AT_location
	.long	.Linfo_string276                @ DW_AT_name
	.byte	2                               @ DW_AT_decl_file
	.short	324                             @ DW_AT_decl_line
	.long	2615                            @ DW_AT_type
	.byte	32                              @ Abbrev [32] 0xfb6:0x10 DW_TAG_formal_parameter
	.long	.Ldebug_loc22                   @ DW_AT_location
	.long	.Linfo_string277                @ DW_AT_name
	.byte	2                               @ DW_AT_decl_file
	.short	324                             @ DW_AT_decl_line
	.long	6650                            @ DW_AT_type
	.byte	34                              @ Abbrev [34] 0xfc6:0xe DW_TAG_formal_parameter
	.byte	1                               @ DW_AT_location
	.byte	83
	.long	.Linfo_string280                @ DW_AT_name
	.byte	2                               @ DW_AT_decl_file
	.short	324                             @ DW_AT_decl_line
	.long	2615                            @ DW_AT_type
	.byte	30                              @ Abbrev [30] 0xfd4:0x10 DW_TAG_variable
	.long	.Ldebug_loc23                   @ DW_AT_location
	.long	.Linfo_string281                @ DW_AT_name
	.byte	2                               @ DW_AT_decl_file
	.short	326                             @ DW_AT_decl_line
	.long	438                             @ DW_AT_type
	.byte	0                               @ End Of Children Mark
	.byte	33                              @ Abbrev [33] 0xfe5:0x4f DW_TAG_subprogram
	.long	.Lfunc_begin13                  @ DW_AT_low_pc
	.long	.Lfunc_end13-.Lfunc_begin13     @ DW_AT_high_pc
	.byte	1                               @ DW_AT_frame_base
	.byte	93
                                        @ DW_AT_GNU_all_call_sites
	.long	.Linfo_string234                @ DW_AT_name
	.byte	2                               @ DW_AT_decl_file
	.short	359                             @ DW_AT_decl_line
                                        @ DW_AT_prototyped
                                        @ DW_AT_external
	.byte	34                              @ Abbrev [34] 0xff7:0xe DW_TAG_formal_parameter
	.byte	1                               @ DW_AT_location
	.byte	80
	.long	.Linfo_string263                @ DW_AT_name
	.byte	2                               @ DW_AT_decl_file
	.short	359                             @ DW_AT_decl_line
	.long	73                              @ DW_AT_type
	.byte	32                              @ Abbrev [32] 0x1005:0x10 DW_TAG_formal_parameter
	.long	.Ldebug_loc24                   @ DW_AT_location
	.long	.Linfo_string276                @ DW_AT_name
	.byte	2                               @ DW_AT_decl_file
	.short	359                             @ DW_AT_decl_line
	.long	2615                            @ DW_AT_type
	.byte	34                              @ Abbrev [34] 0x1015:0xe DW_TAG_formal_parameter
	.byte	1                               @ DW_AT_location
	.byte	82
	.long	.Linfo_string282                @ DW_AT_name
	.byte	2                               @ DW_AT_decl_file
	.short	359                             @ DW_AT_decl_line
	.long	6650                            @ DW_AT_type
	.byte	30                              @ Abbrev [30] 0x1023:0x10 DW_TAG_variable
	.long	.Ldebug_loc25                   @ DW_AT_location
	.long	.Linfo_string283                @ DW_AT_name
	.byte	2                               @ DW_AT_decl_file
	.short	361                             @ DW_AT_decl_line
	.long	438                             @ DW_AT_type
	.byte	0                               @ End Of Children Mark
	.byte	33                              @ Abbrev [33] 0x1034:0x31 DW_TAG_subprogram
	.long	.Lfunc_begin14                  @ DW_AT_low_pc
	.long	.Lfunc_end14-.Lfunc_begin14     @ DW_AT_high_pc
	.byte	1                               @ DW_AT_frame_base
	.byte	93
                                        @ DW_AT_GNU_all_call_sites
	.long	.Linfo_string235                @ DW_AT_name
	.byte	2                               @ DW_AT_decl_file
	.short	394                             @ DW_AT_decl_line
                                        @ DW_AT_prototyped
                                        @ DW_AT_external
	.byte	34                              @ Abbrev [34] 0x1046:0xe DW_TAG_formal_parameter
	.byte	1                               @ DW_AT_location
	.byte	80
	.long	.Linfo_string263                @ DW_AT_name
	.byte	2                               @ DW_AT_decl_file
	.short	394                             @ DW_AT_decl_line
	.long	73                              @ DW_AT_type
	.byte	32                              @ Abbrev [32] 0x1054:0x10 DW_TAG_formal_parameter
	.long	.Ldebug_loc26                   @ DW_AT_location
	.long	.Linfo_string284                @ DW_AT_name
	.byte	2                               @ DW_AT_decl_file
	.short	394                             @ DW_AT_decl_line
	.long	2615                            @ DW_AT_type
	.byte	0                               @ End Of Children Mark
	.byte	33                              @ Abbrev [33] 0x1065:0x21 DW_TAG_subprogram
	.long	.Lfunc_begin15                  @ DW_AT_low_pc
	.long	.Lfunc_end15-.Lfunc_begin15     @ DW_AT_high_pc
	.byte	1                               @ DW_AT_frame_base
	.byte	93
                                        @ DW_AT_GNU_all_call_sites
	.long	.Linfo_string236                @ DW_AT_name
	.byte	2                               @ DW_AT_decl_file
	.short	416                             @ DW_AT_decl_line
                                        @ DW_AT_prototyped
                                        @ DW_AT_external
	.byte	34                              @ Abbrev [34] 0x1077:0xe DW_TAG_formal_parameter
	.byte	1                               @ DW_AT_location
	.byte	80
	.long	.Linfo_string263                @ DW_AT_name
	.byte	2                               @ DW_AT_decl_file
	.short	416                             @ DW_AT_decl_line
	.long	73                              @ DW_AT_type
	.byte	0                               @ End Of Children Mark
	.byte	33                              @ Abbrev [33] 0x1086:0x21 DW_TAG_subprogram
	.long	.Lfunc_begin16                  @ DW_AT_low_pc
	.long	.Lfunc_end16-.Lfunc_begin16     @ DW_AT_high_pc
	.byte	1                               @ DW_AT_frame_base
	.byte	93
                                        @ DW_AT_GNU_all_call_sites
	.long	.Linfo_string237                @ DW_AT_name
	.byte	2                               @ DW_AT_decl_file
	.short	429                             @ DW_AT_decl_line
                                        @ DW_AT_prototyped
                                        @ DW_AT_external
	.byte	34                              @ Abbrev [34] 0x1098:0xe DW_TAG_formal_parameter
	.byte	1                               @ DW_AT_location
	.byte	80
	.long	.Linfo_string263                @ DW_AT_name
	.byte	2                               @ DW_AT_decl_file
	.short	429                             @ DW_AT_decl_line
	.long	73                              @ DW_AT_type
	.byte	0                               @ End Of Children Mark
	.byte	33                              @ Abbrev [33] 0x10a7:0x21 DW_TAG_subprogram
	.long	.Lfunc_begin17                  @ DW_AT_low_pc
	.long	.Lfunc_end17-.Lfunc_begin17     @ DW_AT_high_pc
	.byte	1                               @ DW_AT_frame_base
	.byte	93
                                        @ DW_AT_GNU_all_call_sites
	.long	.Linfo_string238                @ DW_AT_name
	.byte	2                               @ DW_AT_decl_file
	.short	442                             @ DW_AT_decl_line
                                        @ DW_AT_prototyped
                                        @ DW_AT_external
	.byte	34                              @ Abbrev [34] 0x10b9:0xe DW_TAG_formal_parameter
	.byte	1                               @ DW_AT_location
	.byte	80
	.long	.Linfo_string263                @ DW_AT_name
	.byte	2                               @ DW_AT_decl_file
	.short	442                             @ DW_AT_decl_line
	.long	73                              @ DW_AT_type
	.byte	0                               @ End Of Children Mark
	.byte	33                              @ Abbrev [33] 0x10c8:0x31 DW_TAG_subprogram
	.long	.Lfunc_begin18                  @ DW_AT_low_pc
	.long	.Lfunc_end18-.Lfunc_begin18     @ DW_AT_high_pc
	.byte	1                               @ DW_AT_frame_base
	.byte	93
                                        @ DW_AT_GNU_all_call_sites
	.long	.Linfo_string239                @ DW_AT_name
	.byte	2                               @ DW_AT_decl_file
	.short	461                             @ DW_AT_decl_line
                                        @ DW_AT_prototyped
                                        @ DW_AT_external
	.byte	34                              @ Abbrev [34] 0x10da:0xe DW_TAG_formal_parameter
	.byte	1                               @ DW_AT_location
	.byte	80
	.long	.Linfo_string263                @ DW_AT_name
	.byte	2                               @ DW_AT_decl_file
	.short	461                             @ DW_AT_decl_line
	.long	73                              @ DW_AT_type
	.byte	32                              @ Abbrev [32] 0x10e8:0x10 DW_TAG_formal_parameter
	.long	.Ldebug_loc27                   @ DW_AT_location
	.long	.Linfo_string285                @ DW_AT_name
	.byte	2                               @ DW_AT_decl_file
	.short	461                             @ DW_AT_decl_line
	.long	438                             @ DW_AT_type
	.byte	0                               @ End Of Children Mark
	.byte	33                              @ Abbrev [33] 0x10f9:0x21 DW_TAG_subprogram
	.long	.Lfunc_begin19                  @ DW_AT_low_pc
	.long	.Lfunc_end19-.Lfunc_begin19     @ DW_AT_high_pc
	.byte	1                               @ DW_AT_frame_base
	.byte	93
                                        @ DW_AT_GNU_all_call_sites
	.long	.Linfo_string240                @ DW_AT_name
	.byte	2                               @ DW_AT_decl_file
	.short	484                             @ DW_AT_decl_line
                                        @ DW_AT_prototyped
                                        @ DW_AT_external
	.byte	34                              @ Abbrev [34] 0x110b:0xe DW_TAG_formal_parameter
	.byte	1                               @ DW_AT_location
	.byte	80
	.long	.Linfo_string263                @ DW_AT_name
	.byte	2                               @ DW_AT_decl_file
	.short	484                             @ DW_AT_decl_line
	.long	73                              @ DW_AT_type
	.byte	0                               @ End Of Children Mark
	.byte	31                              @ Abbrev [31] 0x111a:0x27 DW_TAG_subprogram
	.long	.Lfunc_begin20                  @ DW_AT_low_pc
	.long	.Lfunc_end20-.Lfunc_begin20     @ DW_AT_high_pc
	.byte	1                               @ DW_AT_frame_base
	.byte	93
                                        @ DW_AT_GNU_all_call_sites
	.long	.Linfo_string241                @ DW_AT_name
	.byte	2                               @ DW_AT_decl_file
	.short	503                             @ DW_AT_decl_line
                                        @ DW_AT_prototyped
	.long	438                             @ DW_AT_type
                                        @ DW_AT_external
	.byte	32                              @ Abbrev [32] 0x1130:0x10 DW_TAG_formal_parameter
	.long	.Ldebug_loc28                   @ DW_AT_location
	.long	.Linfo_string263                @ DW_AT_name
	.byte	2                               @ DW_AT_decl_file
	.short	503                             @ DW_AT_decl_line
	.long	73                              @ DW_AT_type
	.byte	0                               @ End Of Children Mark
	.byte	33                              @ Abbrev [33] 0x1141:0x2f DW_TAG_subprogram
	.long	.Lfunc_begin21                  @ DW_AT_low_pc
	.long	.Lfunc_end21-.Lfunc_begin21     @ DW_AT_high_pc
	.byte	1                               @ DW_AT_frame_base
	.byte	93
                                        @ DW_AT_GNU_all_call_sites
	.long	.Linfo_string242                @ DW_AT_name
	.byte	2                               @ DW_AT_decl_file
	.short	517                             @ DW_AT_decl_line
                                        @ DW_AT_prototyped
                                        @ DW_AT_external
	.byte	34                              @ Abbrev [34] 0x1153:0xe DW_TAG_formal_parameter
	.byte	1                               @ DW_AT_location
	.byte	80
	.long	.Linfo_string263                @ DW_AT_name
	.byte	2                               @ DW_AT_decl_file
	.short	517                             @ DW_AT_decl_line
	.long	73                              @ DW_AT_type
	.byte	34                              @ Abbrev [34] 0x1161:0xe DW_TAG_formal_parameter
	.byte	1                               @ DW_AT_location
	.byte	81
	.long	.Linfo_string286                @ DW_AT_name
	.byte	2                               @ DW_AT_decl_file
	.short	517                             @ DW_AT_decl_line
	.long	2615                            @ DW_AT_type
	.byte	0                               @ End Of Children Mark
	.byte	33                              @ Abbrev [33] 0x1170:0x2f DW_TAG_subprogram
	.long	.Lfunc_begin22                  @ DW_AT_low_pc
	.long	.Lfunc_end22-.Lfunc_begin22     @ DW_AT_high_pc
	.byte	1                               @ DW_AT_frame_base
	.byte	93
                                        @ DW_AT_GNU_all_call_sites
	.long	.Linfo_string243                @ DW_AT_name
	.byte	2                               @ DW_AT_decl_file
	.short	531                             @ DW_AT_decl_line
                                        @ DW_AT_prototyped
                                        @ DW_AT_external
	.byte	34                              @ Abbrev [34] 0x1182:0xe DW_TAG_formal_parameter
	.byte	1                               @ DW_AT_location
	.byte	80
	.long	.Linfo_string263                @ DW_AT_name
	.byte	2                               @ DW_AT_decl_file
	.short	531                             @ DW_AT_decl_line
	.long	73                              @ DW_AT_type
	.byte	34                              @ Abbrev [34] 0x1190:0xe DW_TAG_formal_parameter
	.byte	1                               @ DW_AT_location
	.byte	81
	.long	.Linfo_string287                @ DW_AT_name
	.byte	2                               @ DW_AT_decl_file
	.short	531                             @ DW_AT_decl_line
	.long	438                             @ DW_AT_type
	.byte	0                               @ End Of Children Mark
	.byte	33                              @ Abbrev [33] 0x119f:0x31 DW_TAG_subprogram
	.long	.Lfunc_begin23                  @ DW_AT_low_pc
	.long	.Lfunc_end23-.Lfunc_begin23     @ DW_AT_high_pc
	.byte	1                               @ DW_AT_frame_base
	.byte	93
                                        @ DW_AT_GNU_all_call_sites
	.long	.Linfo_string244                @ DW_AT_name
	.byte	2                               @ DW_AT_decl_file
	.short	545                             @ DW_AT_decl_line
                                        @ DW_AT_prototyped
                                        @ DW_AT_external
	.byte	34                              @ Abbrev [34] 0x11b1:0xe DW_TAG_formal_parameter
	.byte	1                               @ DW_AT_location
	.byte	80
	.long	.Linfo_string263                @ DW_AT_name
	.byte	2                               @ DW_AT_decl_file
	.short	545                             @ DW_AT_decl_line
	.long	73                              @ DW_AT_type
	.byte	32                              @ Abbrev [32] 0x11bf:0x10 DW_TAG_formal_parameter
	.long	.Ldebug_loc29                   @ DW_AT_location
	.long	.Linfo_string288                @ DW_AT_name
	.byte	2                               @ DW_AT_decl_file
	.short	545                             @ DW_AT_decl_line
	.long	2615                            @ DW_AT_type
	.byte	0                               @ End Of Children Mark
	.byte	33                              @ Abbrev [33] 0x11d0:0x21 DW_TAG_subprogram
	.long	.Lfunc_begin24                  @ DW_AT_low_pc
	.long	.Lfunc_end24-.Lfunc_begin24     @ DW_AT_high_pc
	.byte	1                               @ DW_AT_frame_base
	.byte	93
                                        @ DW_AT_GNU_all_call_sites
	.long	.Linfo_string245                @ DW_AT_name
	.byte	2                               @ DW_AT_decl_file
	.short	569                             @ DW_AT_decl_line
                                        @ DW_AT_prototyped
                                        @ DW_AT_external
	.byte	34                              @ Abbrev [34] 0x11e2:0xe DW_TAG_formal_parameter
	.byte	1                               @ DW_AT_location
	.byte	80
	.long	.Linfo_string263                @ DW_AT_name
	.byte	2                               @ DW_AT_decl_file
	.short	569                             @ DW_AT_decl_line
	.long	73                              @ DW_AT_type
	.byte	0                               @ End Of Children Mark
	.byte	33                              @ Abbrev [33] 0x11f1:0x31 DW_TAG_subprogram
	.long	.Lfunc_begin25                  @ DW_AT_low_pc
	.long	.Lfunc_end25-.Lfunc_begin25     @ DW_AT_high_pc
	.byte	1                               @ DW_AT_frame_base
	.byte	93
                                        @ DW_AT_GNU_all_call_sites
	.long	.Linfo_string246                @ DW_AT_name
	.byte	2                               @ DW_AT_decl_file
	.short	584                             @ DW_AT_decl_line
                                        @ DW_AT_prototyped
                                        @ DW_AT_external
	.byte	34                              @ Abbrev [34] 0x1203:0xe DW_TAG_formal_parameter
	.byte	1                               @ DW_AT_location
	.byte	80
	.long	.Linfo_string263                @ DW_AT_name
	.byte	2                               @ DW_AT_decl_file
	.short	584                             @ DW_AT_decl_line
	.long	73                              @ DW_AT_type
	.byte	32                              @ Abbrev [32] 0x1211:0x10 DW_TAG_formal_parameter
	.long	.Ldebug_loc30                   @ DW_AT_location
	.long	.Linfo_string289                @ DW_AT_name
	.byte	2                               @ DW_AT_decl_file
	.short	584                             @ DW_AT_decl_line
	.long	2615                            @ DW_AT_type
	.byte	0                               @ End Of Children Mark
	.byte	31                              @ Abbrev [31] 0x1222:0x27 DW_TAG_subprogram
	.long	.Lfunc_begin26                  @ DW_AT_low_pc
	.long	.Lfunc_end26-.Lfunc_begin26     @ DW_AT_high_pc
	.byte	1                               @ DW_AT_frame_base
	.byte	93
                                        @ DW_AT_GNU_all_call_sites
	.long	.Linfo_string247                @ DW_AT_name
	.byte	2                               @ DW_AT_decl_file
	.short	608                             @ DW_AT_decl_line
                                        @ DW_AT_prototyped
	.long	2615                            @ DW_AT_type
                                        @ DW_AT_external
	.byte	32                              @ Abbrev [32] 0x1238:0x10 DW_TAG_formal_parameter
	.long	.Ldebug_loc31                   @ DW_AT_location
	.long	.Linfo_string263                @ DW_AT_name
	.byte	2                               @ DW_AT_decl_file
	.short	608                             @ DW_AT_decl_line
	.long	73                              @ DW_AT_type
	.byte	0                               @ End Of Children Mark
	.byte	33                              @ Abbrev [33] 0x1249:0x61 DW_TAG_subprogram
	.long	.Lfunc_begin27                  @ DW_AT_low_pc
	.long	.Lfunc_end27-.Lfunc_begin27     @ DW_AT_high_pc
	.byte	1                               @ DW_AT_frame_base
	.byte	93
                                        @ DW_AT_GNU_all_call_sites
	.long	.Linfo_string248                @ DW_AT_name
	.byte	2                               @ DW_AT_decl_file
	.short	624                             @ DW_AT_decl_line
                                        @ DW_AT_prototyped
                                        @ DW_AT_external
	.byte	34                              @ Abbrev [34] 0x125b:0xe DW_TAG_formal_parameter
	.byte	1                               @ DW_AT_location
	.byte	80
	.long	.Linfo_string263                @ DW_AT_name
	.byte	2                               @ DW_AT_decl_file
	.short	624                             @ DW_AT_decl_line
	.long	73                              @ DW_AT_type
	.byte	32                              @ Abbrev [32] 0x1269:0x10 DW_TAG_formal_parameter
	.long	.Ldebug_loc32                   @ DW_AT_location
	.long	.Linfo_string290                @ DW_AT_name
	.byte	2                               @ DW_AT_decl_file
	.short	624                             @ DW_AT_decl_line
	.long	438                             @ DW_AT_type
	.byte	32                              @ Abbrev [32] 0x1279:0x10 DW_TAG_formal_parameter
	.long	.Ldebug_loc33                   @ DW_AT_location
	.long	.Linfo_string291                @ DW_AT_name
	.byte	2                               @ DW_AT_decl_file
	.short	624                             @ DW_AT_decl_line
	.long	438                             @ DW_AT_type
	.byte	30                              @ Abbrev [30] 0x1289:0x10 DW_TAG_variable
	.long	.Ldebug_loc34                   @ DW_AT_location
	.long	.Linfo_string292                @ DW_AT_name
	.byte	2                               @ DW_AT_decl_file
	.short	626                             @ DW_AT_decl_line
	.long	438                             @ DW_AT_type
	.byte	30                              @ Abbrev [30] 0x1299:0x10 DW_TAG_variable
	.long	.Ldebug_loc35                   @ DW_AT_location
	.long	.Linfo_string266                @ DW_AT_name
	.byte	2                               @ DW_AT_decl_file
	.short	626                             @ DW_AT_decl_line
	.long	438                             @ DW_AT_type
	.byte	0                               @ End Of Children Mark
	.byte	33                              @ Abbrev [33] 0x12aa:0x61 DW_TAG_subprogram
	.long	.Lfunc_begin28                  @ DW_AT_low_pc
	.long	.Lfunc_end28-.Lfunc_begin28     @ DW_AT_high_pc
	.byte	1                               @ DW_AT_frame_base
	.byte	93
                                        @ DW_AT_GNU_all_call_sites
	.long	.Linfo_string249                @ DW_AT_name
	.byte	2                               @ DW_AT_decl_file
	.short	655                             @ DW_AT_decl_line
                                        @ DW_AT_prototyped
                                        @ DW_AT_external
	.byte	34                              @ Abbrev [34] 0x12bc:0xe DW_TAG_formal_parameter
	.byte	1                               @ DW_AT_location
	.byte	80
	.long	.Linfo_string263                @ DW_AT_name
	.byte	2                               @ DW_AT_decl_file
	.short	655                             @ DW_AT_decl_line
	.long	73                              @ DW_AT_type
	.byte	32                              @ Abbrev [32] 0x12ca:0x10 DW_TAG_formal_parameter
	.long	.Ldebug_loc36                   @ DW_AT_location
	.long	.Linfo_string293                @ DW_AT_name
	.byte	2                               @ DW_AT_decl_file
	.short	655                             @ DW_AT_decl_line
	.long	438                             @ DW_AT_type
	.byte	32                              @ Abbrev [32] 0x12da:0x10 DW_TAG_formal_parameter
	.long	.Ldebug_loc37                   @ DW_AT_location
	.long	.Linfo_string265                @ DW_AT_name
	.byte	2                               @ DW_AT_decl_file
	.short	655                             @ DW_AT_decl_line
	.long	438                             @ DW_AT_type
	.byte	30                              @ Abbrev [30] 0x12ea:0x10 DW_TAG_variable
	.long	.Ldebug_loc38                   @ DW_AT_location
	.long	.Linfo_string294                @ DW_AT_name
	.byte	2                               @ DW_AT_decl_file
	.short	657                             @ DW_AT_decl_line
	.long	438                             @ DW_AT_type
	.byte	30                              @ Abbrev [30] 0x12fa:0x10 DW_TAG_variable
	.long	.Ldebug_loc39                   @ DW_AT_location
	.long	.Linfo_string266                @ DW_AT_name
	.byte	2                               @ DW_AT_decl_file
	.short	657                             @ DW_AT_decl_line
	.long	438                             @ DW_AT_type
	.byte	0                               @ End Of Children Mark
	.byte	33                              @ Abbrev [33] 0x130b:0x61 DW_TAG_subprogram
	.long	.Lfunc_begin29                  @ DW_AT_low_pc
	.long	.Lfunc_end29-.Lfunc_begin29     @ DW_AT_high_pc
	.byte	1                               @ DW_AT_frame_base
	.byte	93
                                        @ DW_AT_GNU_all_call_sites
	.long	.Linfo_string250                @ DW_AT_name
	.byte	2                               @ DW_AT_decl_file
	.short	690                             @ DW_AT_decl_line
                                        @ DW_AT_prototyped
                                        @ DW_AT_external
	.byte	34                              @ Abbrev [34] 0x131d:0xe DW_TAG_formal_parameter
	.byte	1                               @ DW_AT_location
	.byte	80
	.long	.Linfo_string263                @ DW_AT_name
	.byte	2                               @ DW_AT_decl_file
	.short	690                             @ DW_AT_decl_line
	.long	73                              @ DW_AT_type
	.byte	32                              @ Abbrev [32] 0x132b:0x10 DW_TAG_formal_parameter
	.long	.Ldebug_loc40                   @ DW_AT_location
	.long	.Linfo_string293                @ DW_AT_name
	.byte	2                               @ DW_AT_decl_file
	.short	690                             @ DW_AT_decl_line
	.long	438                             @ DW_AT_type
	.byte	32                              @ Abbrev [32] 0x133b:0x10 DW_TAG_formal_parameter
	.long	.Ldebug_loc41                   @ DW_AT_location
	.long	.Linfo_string265                @ DW_AT_name
	.byte	2                               @ DW_AT_decl_file
	.short	690                             @ DW_AT_decl_line
	.long	438                             @ DW_AT_type
	.byte	30                              @ Abbrev [30] 0x134b:0x10 DW_TAG_variable
	.long	.Ldebug_loc42                   @ DW_AT_location
	.long	.Linfo_string294                @ DW_AT_name
	.byte	2                               @ DW_AT_decl_file
	.short	692                             @ DW_AT_decl_line
	.long	438                             @ DW_AT_type
	.byte	30                              @ Abbrev [30] 0x135b:0x10 DW_TAG_variable
	.long	.Ldebug_loc43                   @ DW_AT_location
	.long	.Linfo_string266                @ DW_AT_name
	.byte	2                               @ DW_AT_decl_file
	.short	692                             @ DW_AT_decl_line
	.long	438                             @ DW_AT_type
	.byte	0                               @ End Of Children Mark
	.byte	31                              @ Abbrev [31] 0x136c:0x56 DW_TAG_subprogram
	.long	.Lfunc_begin30                  @ DW_AT_low_pc
	.long	.Lfunc_end30-.Lfunc_begin30     @ DW_AT_high_pc
	.byte	1                               @ DW_AT_frame_base
	.byte	93
                                        @ DW_AT_GNU_all_call_sites
	.long	.Linfo_string251                @ DW_AT_name
	.byte	2                               @ DW_AT_decl_file
	.short	730                             @ DW_AT_decl_line
                                        @ DW_AT_prototyped
	.long	2615                            @ DW_AT_type
                                        @ DW_AT_external
	.byte	32                              @ Abbrev [32] 0x1382:0x10 DW_TAG_formal_parameter
	.long	.Ldebug_loc44                   @ DW_AT_location
	.long	.Linfo_string263                @ DW_AT_name
	.byte	2                               @ DW_AT_decl_file
	.short	730                             @ DW_AT_decl_line
	.long	73                              @ DW_AT_type
	.byte	32                              @ Abbrev [32] 0x1392:0x10 DW_TAG_formal_parameter
	.long	.Ldebug_loc45                   @ DW_AT_location
	.long	.Linfo_string296                @ DW_AT_name
	.byte	2                               @ DW_AT_decl_file
	.short	730                             @ DW_AT_decl_line
	.long	2615                            @ DW_AT_type
	.byte	34                              @ Abbrev [34] 0x13a2:0xf DW_TAG_formal_parameter
	.byte	2                               @ DW_AT_location
	.byte	145
	.byte	7
	.long	.Linfo_string295                @ DW_AT_name
	.byte	2                               @ DW_AT_decl_file
	.short	730                             @ DW_AT_decl_line
	.long	2615                            @ DW_AT_type
	.byte	30                              @ Abbrev [30] 0x13b1:0x10 DW_TAG_variable
	.long	.Ldebug_loc46                   @ DW_AT_location
	.long	.Linfo_string297                @ DW_AT_name
	.byte	2                               @ DW_AT_decl_file
	.short	732                             @ DW_AT_decl_line
	.long	438                             @ DW_AT_type
	.byte	0                               @ End Of Children Mark
	.byte	31                              @ Abbrev [31] 0x13c2:0xa7 DW_TAG_subprogram
	.long	.Lfunc_begin31                  @ DW_AT_low_pc
	.long	.Lfunc_end31-.Lfunc_begin31     @ DW_AT_high_pc
	.byte	1                               @ DW_AT_frame_base
	.byte	93
                                        @ DW_AT_GNU_all_call_sites
	.long	.Linfo_string252                @ DW_AT_name
	.byte	2                               @ DW_AT_decl_file
	.short	760                             @ DW_AT_decl_line
                                        @ DW_AT_prototyped
	.long	438                             @ DW_AT_type
                                        @ DW_AT_external
	.byte	32                              @ Abbrev [32] 0x13d8:0x10 DW_TAG_formal_parameter
	.long	.Ldebug_loc47                   @ DW_AT_location
	.long	.Linfo_string263                @ DW_AT_name
	.byte	2                               @ DW_AT_decl_file
	.short	760                             @ DW_AT_decl_line
	.long	73                              @ DW_AT_type
	.byte	32                              @ Abbrev [32] 0x13e8:0x10 DW_TAG_formal_parameter
	.long	.Ldebug_loc48                   @ DW_AT_location
	.long	.Linfo_string296                @ DW_AT_name
	.byte	2                               @ DW_AT_decl_file
	.short	760                             @ DW_AT_decl_line
	.long	2615                            @ DW_AT_type
	.byte	32                              @ Abbrev [32] 0x13f8:0x10 DW_TAG_formal_parameter
	.long	.Ldebug_loc49                   @ DW_AT_location
	.long	.Linfo_string295                @ DW_AT_name
	.byte	2                               @ DW_AT_decl_file
	.short	760                             @ DW_AT_decl_line
	.long	6668                            @ DW_AT_type
	.byte	32                              @ Abbrev [32] 0x1408:0x10 DW_TAG_formal_parameter
	.long	.Ldebug_loc50                   @ DW_AT_location
	.long	.Linfo_string298                @ DW_AT_name
	.byte	2                               @ DW_AT_decl_file
	.short	760                             @ DW_AT_decl_line
	.long	438                             @ DW_AT_type
	.byte	30                              @ Abbrev [30] 0x1418:0x10 DW_TAG_variable
	.long	.Ldebug_loc51                   @ DW_AT_location
	.long	.Linfo_string219                @ DW_AT_name
	.byte	2                               @ DW_AT_decl_file
	.short	763                             @ DW_AT_decl_line
	.long	438                             @ DW_AT_type
	.byte	30                              @ Abbrev [30] 0x1428:0x10 DW_TAG_variable
	.long	.Ldebug_loc52                   @ DW_AT_location
	.long	.Linfo_string297                @ DW_AT_name
	.byte	2                               @ DW_AT_decl_file
	.short	763                             @ DW_AT_decl_line
	.long	438                             @ DW_AT_type
	.byte	30                              @ Abbrev [30] 0x1438:0x10 DW_TAG_variable
	.long	.Ldebug_loc53                   @ DW_AT_location
	.long	.Linfo_string299                @ DW_AT_name
	.byte	2                               @ DW_AT_decl_file
	.short	762                             @ DW_AT_decl_line
	.long	2615                            @ DW_AT_type
	.byte	30                              @ Abbrev [30] 0x1448:0x10 DW_TAG_variable
	.long	.Ldebug_loc54                   @ DW_AT_location
	.long	.Linfo_string300                @ DW_AT_name
	.byte	2                               @ DW_AT_decl_file
	.short	762                             @ DW_AT_decl_line
	.long	2615                            @ DW_AT_type
	.byte	30                              @ Abbrev [30] 0x1458:0x10 DW_TAG_variable
	.long	.Ldebug_loc55                   @ DW_AT_location
	.long	.Linfo_string301                @ DW_AT_name
	.byte	2                               @ DW_AT_decl_file
	.short	762                             @ DW_AT_decl_line
	.long	2615                            @ DW_AT_type
	.byte	0                               @ End Of Children Mark
	.byte	31                              @ Abbrev [31] 0x1469:0x66 DW_TAG_subprogram
	.long	.Lfunc_begin32                  @ DW_AT_low_pc
	.long	.Lfunc_end32-.Lfunc_begin32     @ DW_AT_high_pc
	.byte	1                               @ DW_AT_frame_base
	.byte	93
                                        @ DW_AT_GNU_all_call_sites
	.long	.Linfo_string253                @ DW_AT_name
	.byte	2                               @ DW_AT_decl_file
	.short	854                             @ DW_AT_decl_line
                                        @ DW_AT_prototyped
	.long	2615                            @ DW_AT_type
                                        @ DW_AT_external
	.byte	32                              @ Abbrev [32] 0x147f:0x10 DW_TAG_formal_parameter
	.long	.Ldebug_loc56                   @ DW_AT_location
	.long	.Linfo_string263                @ DW_AT_name
	.byte	2                               @ DW_AT_decl_file
	.short	854                             @ DW_AT_decl_line
	.long	73                              @ DW_AT_type
	.byte	32                              @ Abbrev [32] 0x148f:0x10 DW_TAG_formal_parameter
	.long	.Ldebug_loc57                   @ DW_AT_location
	.long	.Linfo_string296                @ DW_AT_name
	.byte	2                               @ DW_AT_decl_file
	.short	854                             @ DW_AT_decl_line
	.long	2615                            @ DW_AT_type
	.byte	32                              @ Abbrev [32] 0x149f:0x10 DW_TAG_formal_parameter
	.long	.Ldebug_loc58                   @ DW_AT_location
	.long	.Linfo_string302                @ DW_AT_name
	.byte	2                               @ DW_AT_decl_file
	.short	854                             @ DW_AT_decl_line
	.long	2615                            @ DW_AT_type
	.byte	34                              @ Abbrev [34] 0x14af:0xf DW_TAG_formal_parameter
	.byte	2                               @ DW_AT_location
	.byte	145
	.byte	7
	.long	.Linfo_string295                @ DW_AT_name
	.byte	2                               @ DW_AT_decl_file
	.short	854                             @ DW_AT_decl_line
	.long	2615                            @ DW_AT_type
	.byte	30                              @ Abbrev [30] 0x14be:0x10 DW_TAG_variable
	.long	.Ldebug_loc59                   @ DW_AT_location
	.long	.Linfo_string297                @ DW_AT_name
	.byte	2                               @ DW_AT_decl_file
	.short	856                             @ DW_AT_decl_line
	.long	438                             @ DW_AT_type
	.byte	0                               @ End Of Children Mark
	.byte	31                              @ Abbrev [31] 0x14cf:0xb7 DW_TAG_subprogram
	.long	.Lfunc_begin33                  @ DW_AT_low_pc
	.long	.Lfunc_end33-.Lfunc_begin33     @ DW_AT_high_pc
	.byte	1                               @ DW_AT_frame_base
	.byte	93
                                        @ DW_AT_GNU_all_call_sites
	.long	.Linfo_string254                @ DW_AT_name
	.byte	2                               @ DW_AT_decl_file
	.short	886                             @ DW_AT_decl_line
                                        @ DW_AT_prototyped
	.long	438                             @ DW_AT_type
                                        @ DW_AT_external
	.byte	32                              @ Abbrev [32] 0x14e5:0x10 DW_TAG_formal_parameter
	.long	.Ldebug_loc60                   @ DW_AT_location
	.long	.Linfo_string263                @ DW_AT_name
	.byte	2                               @ DW_AT_decl_file
	.short	886                             @ DW_AT_decl_line
	.long	73                              @ DW_AT_type
	.byte	32                              @ Abbrev [32] 0x14f5:0x10 DW_TAG_formal_parameter
	.long	.Ldebug_loc61                   @ DW_AT_location
	.long	.Linfo_string296                @ DW_AT_name
	.byte	2                               @ DW_AT_decl_file
	.short	886                             @ DW_AT_decl_line
	.long	2615                            @ DW_AT_type
	.byte	32                              @ Abbrev [32] 0x1505:0x10 DW_TAG_formal_parameter
	.long	.Ldebug_loc62                   @ DW_AT_location
	.long	.Linfo_string302                @ DW_AT_name
	.byte	2                               @ DW_AT_decl_file
	.short	886                             @ DW_AT_decl_line
	.long	2615                            @ DW_AT_type
	.byte	32                              @ Abbrev [32] 0x1515:0x10 DW_TAG_formal_parameter
	.long	.Ldebug_loc63                   @ DW_AT_location
	.long	.Linfo_string295                @ DW_AT_name
	.byte	2                               @ DW_AT_decl_file
	.short	886                             @ DW_AT_decl_line
	.long	6668                            @ DW_AT_type
	.byte	32                              @ Abbrev [32] 0x1525:0x10 DW_TAG_formal_parameter
	.long	.Ldebug_loc64                   @ DW_AT_location
	.long	.Linfo_string298                @ DW_AT_name
	.byte	2                               @ DW_AT_decl_file
	.short	886                             @ DW_AT_decl_line
	.long	438                             @ DW_AT_type
	.byte	30                              @ Abbrev [30] 0x1535:0x10 DW_TAG_variable
	.long	.Ldebug_loc65                   @ DW_AT_location
	.long	.Linfo_string219                @ DW_AT_name
	.byte	2                               @ DW_AT_decl_file
	.short	889                             @ DW_AT_decl_line
	.long	438                             @ DW_AT_type
	.byte	30                              @ Abbrev [30] 0x1545:0x10 DW_TAG_variable
	.long	.Ldebug_loc66                   @ DW_AT_location
	.long	.Linfo_string297                @ DW_AT_name
	.byte	2                               @ DW_AT_decl_file
	.short	889                             @ DW_AT_decl_line
	.long	438                             @ DW_AT_type
	.byte	30                              @ Abbrev [30] 0x1555:0x10 DW_TAG_variable
	.long	.Ldebug_loc67                   @ DW_AT_location
	.long	.Linfo_string299                @ DW_AT_name
	.byte	2                               @ DW_AT_decl_file
	.short	888                             @ DW_AT_decl_line
	.long	2615                            @ DW_AT_type
	.byte	30                              @ Abbrev [30] 0x1565:0x10 DW_TAG_variable
	.long	.Ldebug_loc68                   @ DW_AT_location
	.long	.Linfo_string300                @ DW_AT_name
	.byte	2                               @ DW_AT_decl_file
	.short	888                             @ DW_AT_decl_line
	.long	2615                            @ DW_AT_type
	.byte	30                              @ Abbrev [30] 0x1575:0x10 DW_TAG_variable
	.long	.Ldebug_loc69                   @ DW_AT_location
	.long	.Linfo_string301                @ DW_AT_name
	.byte	2                               @ DW_AT_decl_file
	.short	888                             @ DW_AT_decl_line
	.long	2615                            @ DW_AT_type
	.byte	0                               @ End Of Children Mark
	.byte	31                              @ Abbrev [31] 0x1586:0x66 DW_TAG_subprogram
	.long	.Lfunc_begin34                  @ DW_AT_low_pc
	.long	.Lfunc_end34-.Lfunc_begin34     @ DW_AT_high_pc
	.byte	1                               @ DW_AT_frame_base
	.byte	93
                                        @ DW_AT_GNU_all_call_sites
	.long	.Linfo_string255                @ DW_AT_name
	.byte	2                               @ DW_AT_decl_file
	.short	983                             @ DW_AT_decl_line
                                        @ DW_AT_prototyped
	.long	2615                            @ DW_AT_type
                                        @ DW_AT_external
	.byte	32                              @ Abbrev [32] 0x159c:0x10 DW_TAG_formal_parameter
	.long	.Ldebug_loc70                   @ DW_AT_location
	.long	.Linfo_string263                @ DW_AT_name
	.byte	2                               @ DW_AT_decl_file
	.short	983                             @ DW_AT_decl_line
	.long	73                              @ DW_AT_type
	.byte	32                              @ Abbrev [32] 0x15ac:0x10 DW_TAG_formal_parameter
	.long	.Ldebug_loc71                   @ DW_AT_location
	.long	.Linfo_string296                @ DW_AT_name
	.byte	2                               @ DW_AT_decl_file
	.short	983                             @ DW_AT_decl_line
	.long	2615                            @ DW_AT_type
	.byte	32                              @ Abbrev [32] 0x15bc:0x10 DW_TAG_formal_parameter
	.long	.Ldebug_loc72                   @ DW_AT_location
	.long	.Linfo_string303                @ DW_AT_name
	.byte	2                               @ DW_AT_decl_file
	.short	983                             @ DW_AT_decl_line
	.long	6650                            @ DW_AT_type
	.byte	34                              @ Abbrev [34] 0x15cc:0xf DW_TAG_formal_parameter
	.byte	2                               @ DW_AT_location
	.byte	145
	.byte	7
	.long	.Linfo_string295                @ DW_AT_name
	.byte	2                               @ DW_AT_decl_file
	.short	983                             @ DW_AT_decl_line
	.long	2615                            @ DW_AT_type
	.byte	30                              @ Abbrev [30] 0x15db:0x10 DW_TAG_variable
	.long	.Ldebug_loc73                   @ DW_AT_location
	.long	.Linfo_string297                @ DW_AT_name
	.byte	2                               @ DW_AT_decl_file
	.short	985                             @ DW_AT_decl_line
	.long	438                             @ DW_AT_type
	.byte	0                               @ End Of Children Mark
	.byte	31                              @ Abbrev [31] 0x15ec:0xc7 DW_TAG_subprogram
	.long	.Lfunc_begin35                  @ DW_AT_low_pc
	.long	.Lfunc_end35-.Lfunc_begin35     @ DW_AT_high_pc
	.byte	1                               @ DW_AT_frame_base
	.byte	93
                                        @ DW_AT_GNU_all_call_sites
	.long	.Linfo_string256                @ DW_AT_name
	.byte	2                               @ DW_AT_decl_file
	.short	1015                            @ DW_AT_decl_line
                                        @ DW_AT_prototyped
	.long	438                             @ DW_AT_type
                                        @ DW_AT_external
	.byte	32                              @ Abbrev [32] 0x1602:0x10 DW_TAG_formal_parameter
	.long	.Ldebug_loc74                   @ DW_AT_location
	.long	.Linfo_string263                @ DW_AT_name
	.byte	2                               @ DW_AT_decl_file
	.short	1015                            @ DW_AT_decl_line
	.long	73                              @ DW_AT_type
	.byte	32                              @ Abbrev [32] 0x1612:0x10 DW_TAG_formal_parameter
	.long	.Ldebug_loc75                   @ DW_AT_location
	.long	.Linfo_string296                @ DW_AT_name
	.byte	2                               @ DW_AT_decl_file
	.short	1015                            @ DW_AT_decl_line
	.long	2615                            @ DW_AT_type
	.byte	32                              @ Abbrev [32] 0x1622:0x10 DW_TAG_formal_parameter
	.long	.Ldebug_loc76                   @ DW_AT_location
	.long	.Linfo_string303                @ DW_AT_name
	.byte	2                               @ DW_AT_decl_file
	.short	1015                            @ DW_AT_decl_line
	.long	6650                            @ DW_AT_type
	.byte	32                              @ Abbrev [32] 0x1632:0x10 DW_TAG_formal_parameter
	.long	.Ldebug_loc77                   @ DW_AT_location
	.long	.Linfo_string295                @ DW_AT_name
	.byte	2                               @ DW_AT_decl_file
	.short	1015                            @ DW_AT_decl_line
	.long	6668                            @ DW_AT_type
	.byte	32                              @ Abbrev [32] 0x1642:0x10 DW_TAG_formal_parameter
	.long	.Ldebug_loc78                   @ DW_AT_location
	.long	.Linfo_string298                @ DW_AT_name
	.byte	2                               @ DW_AT_decl_file
	.short	1015                            @ DW_AT_decl_line
	.long	438                             @ DW_AT_type
	.byte	30                              @ Abbrev [30] 0x1652:0x10 DW_TAG_variable
	.long	.Ldebug_loc79                   @ DW_AT_location
	.long	.Linfo_string219                @ DW_AT_name
	.byte	2                               @ DW_AT_decl_file
	.short	1018                            @ DW_AT_decl_line
	.long	438                             @ DW_AT_type
	.byte	30                              @ Abbrev [30] 0x1662:0x10 DW_TAG_variable
	.long	.Ldebug_loc80                   @ DW_AT_location
	.long	.Linfo_string297                @ DW_AT_name
	.byte	2                               @ DW_AT_decl_file
	.short	1018                            @ DW_AT_decl_line
	.long	438                             @ DW_AT_type
	.byte	30                              @ Abbrev [30] 0x1672:0x10 DW_TAG_variable
	.long	.Ldebug_loc81                   @ DW_AT_location
	.long	.Linfo_string299                @ DW_AT_name
	.byte	2                               @ DW_AT_decl_file
	.short	1017                            @ DW_AT_decl_line
	.long	2615                            @ DW_AT_type
	.byte	30                              @ Abbrev [30] 0x1682:0x10 DW_TAG_variable
	.long	.Ldebug_loc82                   @ DW_AT_location
	.long	.Linfo_string304                @ DW_AT_name
	.byte	2                               @ DW_AT_decl_file
	.short	1017                            @ DW_AT_decl_line
	.long	2615                            @ DW_AT_type
	.byte	30                              @ Abbrev [30] 0x1692:0x10 DW_TAG_variable
	.long	.Ldebug_loc83                   @ DW_AT_location
	.long	.Linfo_string300                @ DW_AT_name
	.byte	2                               @ DW_AT_decl_file
	.short	1017                            @ DW_AT_decl_line
	.long	2615                            @ DW_AT_type
	.byte	30                              @ Abbrev [30] 0x16a2:0x10 DW_TAG_variable
	.long	.Ldebug_loc84                   @ DW_AT_location
	.long	.Linfo_string301                @ DW_AT_name
	.byte	2                               @ DW_AT_decl_file
	.short	1017                            @ DW_AT_decl_line
	.long	2615                            @ DW_AT_type
	.byte	0                               @ End Of Children Mark
	.byte	31                              @ Abbrev [31] 0x16b3:0x56 DW_TAG_subprogram
	.long	.Lfunc_begin36                  @ DW_AT_low_pc
	.long	.Lfunc_end36-.Lfunc_begin36     @ DW_AT_high_pc
	.byte	1                               @ DW_AT_frame_base
	.byte	93
                                        @ DW_AT_GNU_all_call_sites
	.long	.Linfo_string257                @ DW_AT_name
	.byte	2                               @ DW_AT_decl_file
	.short	1113                            @ DW_AT_decl_line
                                        @ DW_AT_prototyped
	.long	2615                            @ DW_AT_type
                                        @ DW_AT_external
	.byte	32                              @ Abbrev [32] 0x16c9:0x10 DW_TAG_formal_parameter
	.long	.Ldebug_loc85                   @ DW_AT_location
	.long	.Linfo_string263                @ DW_AT_name
	.byte	2                               @ DW_AT_decl_file
	.short	1113                            @ DW_AT_decl_line
	.long	73                              @ DW_AT_type
	.byte	32                              @ Abbrev [32] 0x16d9:0x10 DW_TAG_formal_parameter
	.long	.Ldebug_loc86                   @ DW_AT_location
	.long	.Linfo_string296                @ DW_AT_name
	.byte	2                               @ DW_AT_decl_file
	.short	1113                            @ DW_AT_decl_line
	.long	2615                            @ DW_AT_type
	.byte	35                              @ Abbrev [35] 0x16e9:0xf DW_TAG_variable
	.byte	2                               @ DW_AT_location
	.byte	145
	.byte	7
	.long	.Linfo_string295                @ DW_AT_name
	.byte	2                               @ DW_AT_decl_file
	.short	1115                            @ DW_AT_decl_line
	.long	2615                            @ DW_AT_type
	.byte	30                              @ Abbrev [30] 0x16f8:0x10 DW_TAG_variable
	.long	.Ldebug_loc87                   @ DW_AT_location
	.long	.Linfo_string305                @ DW_AT_name
	.byte	2                               @ DW_AT_decl_file
	.short	1117                            @ DW_AT_decl_line
	.long	438                             @ DW_AT_type
	.byte	0                               @ End Of Children Mark
	.byte	31                              @ Abbrev [31] 0x1709:0xa7 DW_TAG_subprogram
	.long	.Lfunc_begin37                  @ DW_AT_low_pc
	.long	.Lfunc_end37-.Lfunc_begin37     @ DW_AT_high_pc
	.byte	1                               @ DW_AT_frame_base
	.byte	93
                                        @ DW_AT_GNU_all_call_sites
	.long	.Linfo_string258                @ DW_AT_name
	.byte	2                               @ DW_AT_decl_file
	.short	1145                            @ DW_AT_decl_line
                                        @ DW_AT_prototyped
	.long	438                             @ DW_AT_type
                                        @ DW_AT_external
	.byte	32                              @ Abbrev [32] 0x171f:0x10 DW_TAG_formal_parameter
	.long	.Ldebug_loc88                   @ DW_AT_location
	.long	.Linfo_string263                @ DW_AT_name
	.byte	2                               @ DW_AT_decl_file
	.short	1145                            @ DW_AT_decl_line
	.long	73                              @ DW_AT_type
	.byte	32                              @ Abbrev [32] 0x172f:0x10 DW_TAG_formal_parameter
	.long	.Ldebug_loc89                   @ DW_AT_location
	.long	.Linfo_string296                @ DW_AT_name
	.byte	2                               @ DW_AT_decl_file
	.short	1145                            @ DW_AT_decl_line
	.long	2615                            @ DW_AT_type
	.byte	32                              @ Abbrev [32] 0x173f:0x10 DW_TAG_formal_parameter
	.long	.Ldebug_loc90                   @ DW_AT_location
	.long	.Linfo_string306                @ DW_AT_name
	.byte	2                               @ DW_AT_decl_file
	.short	1145                            @ DW_AT_decl_line
	.long	6668                            @ DW_AT_type
	.byte	32                              @ Abbrev [32] 0x174f:0x10 DW_TAG_formal_parameter
	.long	.Ldebug_loc91                   @ DW_AT_location
	.long	.Linfo_string307                @ DW_AT_name
	.byte	2                               @ DW_AT_decl_file
	.short	1145                            @ DW_AT_decl_line
	.long	438                             @ DW_AT_type
	.byte	30                              @ Abbrev [30] 0x175f:0x10 DW_TAG_variable
	.long	.Ldebug_loc92                   @ DW_AT_location
	.long	.Linfo_string301                @ DW_AT_name
	.byte	2                               @ DW_AT_decl_file
	.short	1147                            @ DW_AT_decl_line
	.long	2615                            @ DW_AT_type
	.byte	30                              @ Abbrev [30] 0x176f:0x10 DW_TAG_variable
	.long	.Ldebug_loc93                   @ DW_AT_location
	.long	.Linfo_string300                @ DW_AT_name
	.byte	2                               @ DW_AT_decl_file
	.short	1147                            @ DW_AT_decl_line
	.long	2615                            @ DW_AT_type
	.byte	30                              @ Abbrev [30] 0x177f:0x10 DW_TAG_variable
	.long	.Ldebug_loc94                   @ DW_AT_location
	.long	.Linfo_string299                @ DW_AT_name
	.byte	2                               @ DW_AT_decl_file
	.short	1147                            @ DW_AT_decl_line
	.long	2615                            @ DW_AT_type
	.byte	30                              @ Abbrev [30] 0x178f:0x10 DW_TAG_variable
	.long	.Ldebug_loc95                   @ DW_AT_location
	.long	.Linfo_string305                @ DW_AT_name
	.byte	2                               @ DW_AT_decl_file
	.short	1148                            @ DW_AT_decl_line
	.long	438                             @ DW_AT_type
	.byte	30                              @ Abbrev [30] 0x179f:0x10 DW_TAG_variable
	.long	.Ldebug_loc96                   @ DW_AT_location
	.long	.Linfo_string219                @ DW_AT_name
	.byte	2                               @ DW_AT_decl_file
	.short	1148                            @ DW_AT_decl_line
	.long	438                             @ DW_AT_type
	.byte	0                               @ End Of Children Mark
	.byte	31                              @ Abbrev [31] 0x17b0:0x66 DW_TAG_subprogram
	.long	.Lfunc_begin38                  @ DW_AT_low_pc
	.long	.Lfunc_end38-.Lfunc_begin38     @ DW_AT_high_pc
	.byte	1                               @ DW_AT_frame_base
	.byte	93
                                        @ DW_AT_GNU_all_call_sites
	.long	.Linfo_string259                @ DW_AT_name
	.byte	2                               @ DW_AT_decl_file
	.short	1254                            @ DW_AT_decl_line
                                        @ DW_AT_prototyped
	.long	2615                            @ DW_AT_type
                                        @ DW_AT_external
	.byte	32                              @ Abbrev [32] 0x17c6:0x10 DW_TAG_formal_parameter
	.long	.Ldebug_loc97                   @ DW_AT_location
	.long	.Linfo_string263                @ DW_AT_name
	.byte	2                               @ DW_AT_decl_file
	.short	1254                            @ DW_AT_decl_line
	.long	73                              @ DW_AT_type
	.byte	32                              @ Abbrev [32] 0x17d6:0x10 DW_TAG_formal_parameter
	.long	.Ldebug_loc98                   @ DW_AT_location
	.long	.Linfo_string296                @ DW_AT_name
	.byte	2                               @ DW_AT_decl_file
	.short	1254                            @ DW_AT_decl_line
	.long	2615                            @ DW_AT_type
	.byte	32                              @ Abbrev [32] 0x17e6:0x10 DW_TAG_formal_parameter
	.long	.Ldebug_loc99                   @ DW_AT_location
	.long	.Linfo_string302                @ DW_AT_name
	.byte	2                               @ DW_AT_decl_file
	.short	1254                            @ DW_AT_decl_line
	.long	2615                            @ DW_AT_type
	.byte	35                              @ Abbrev [35] 0x17f6:0xf DW_TAG_variable
	.byte	2                               @ DW_AT_location
	.byte	145
	.byte	7
	.long	.Linfo_string295                @ DW_AT_name
	.byte	2                               @ DW_AT_decl_file
	.short	1256                            @ DW_AT_decl_line
	.long	2615                            @ DW_AT_type
	.byte	30                              @ Abbrev [30] 0x1805:0x10 DW_TAG_variable
	.long	.Ldebug_loc100                  @ DW_AT_location
	.long	.Linfo_string305                @ DW_AT_name
	.byte	2                               @ DW_AT_decl_file
	.short	1258                            @ DW_AT_decl_line
	.long	438                             @ DW_AT_type
	.byte	0                               @ End Of Children Mark
	.byte	31                              @ Abbrev [31] 0x1816:0xb7 DW_TAG_subprogram
	.long	.Lfunc_begin39                  @ DW_AT_low_pc
	.long	.Lfunc_end39-.Lfunc_begin39     @ DW_AT_high_pc
	.byte	1                               @ DW_AT_frame_base
	.byte	93
                                        @ DW_AT_GNU_all_call_sites
	.long	.Linfo_string260                @ DW_AT_name
	.byte	2                               @ DW_AT_decl_file
	.short	1286                            @ DW_AT_decl_line
                                        @ DW_AT_prototyped
	.long	438                             @ DW_AT_type
                                        @ DW_AT_external
	.byte	32                              @ Abbrev [32] 0x182c:0x10 DW_TAG_formal_parameter
	.long	.Ldebug_loc101                  @ DW_AT_location
	.long	.Linfo_string263                @ DW_AT_name
	.byte	2                               @ DW_AT_decl_file
	.short	1286                            @ DW_AT_decl_line
	.long	73                              @ DW_AT_type
	.byte	32                              @ Abbrev [32] 0x183c:0x10 DW_TAG_formal_parameter
	.long	.Ldebug_loc102                  @ DW_AT_location
	.long	.Linfo_string296                @ DW_AT_name
	.byte	2                               @ DW_AT_decl_file
	.short	1286                            @ DW_AT_decl_line
	.long	2615                            @ DW_AT_type
	.byte	32                              @ Abbrev [32] 0x184c:0x10 DW_TAG_formal_parameter
	.long	.Ldebug_loc103                  @ DW_AT_location
	.long	.Linfo_string302                @ DW_AT_name
	.byte	2                               @ DW_AT_decl_file
	.short	1286                            @ DW_AT_decl_line
	.long	2615                            @ DW_AT_type
	.byte	32                              @ Abbrev [32] 0x185c:0x10 DW_TAG_formal_parameter
	.long	.Ldebug_loc104                  @ DW_AT_location
	.long	.Linfo_string306                @ DW_AT_name
	.byte	2                               @ DW_AT_decl_file
	.short	1286                            @ DW_AT_decl_line
	.long	6668                            @ DW_AT_type
	.byte	32                              @ Abbrev [32] 0x186c:0x10 DW_TAG_formal_parameter
	.long	.Ldebug_loc105                  @ DW_AT_location
	.long	.Linfo_string307                @ DW_AT_name
	.byte	2                               @ DW_AT_decl_file
	.short	1286                            @ DW_AT_decl_line
	.long	438                             @ DW_AT_type
	.byte	30                              @ Abbrev [30] 0x187c:0x10 DW_TAG_variable
	.long	.Ldebug_loc106                  @ DW_AT_location
	.long	.Linfo_string219                @ DW_AT_name
	.byte	2                               @ DW_AT_decl_file
	.short	1289                            @ DW_AT_decl_line
	.long	438                             @ DW_AT_type
	.byte	30                              @ Abbrev [30] 0x188c:0x10 DW_TAG_variable
	.long	.Ldebug_loc107                  @ DW_AT_location
	.long	.Linfo_string305                @ DW_AT_name
	.byte	2                               @ DW_AT_decl_file
	.short	1289                            @ DW_AT_decl_line
	.long	438                             @ DW_AT_type
	.byte	30                              @ Abbrev [30] 0x189c:0x10 DW_TAG_variable
	.long	.Ldebug_loc108                  @ DW_AT_location
	.long	.Linfo_string299                @ DW_AT_name
	.byte	2                               @ DW_AT_decl_file
	.short	1288                            @ DW_AT_decl_line
	.long	2615                            @ DW_AT_type
	.byte	30                              @ Abbrev [30] 0x18ac:0x10 DW_TAG_variable
	.long	.Ldebug_loc109                  @ DW_AT_location
	.long	.Linfo_string300                @ DW_AT_name
	.byte	2                               @ DW_AT_decl_file
	.short	1288                            @ DW_AT_decl_line
	.long	2615                            @ DW_AT_type
	.byte	30                              @ Abbrev [30] 0x18bc:0x10 DW_TAG_variable
	.long	.Ldebug_loc110                  @ DW_AT_location
	.long	.Linfo_string301                @ DW_AT_name
	.byte	2                               @ DW_AT_decl_file
	.short	1288                            @ DW_AT_decl_line
	.long	2615                            @ DW_AT_type
	.byte	0                               @ End Of Children Mark
	.byte	31                              @ Abbrev [31] 0x18cd:0x66 DW_TAG_subprogram
	.long	.Lfunc_begin40                  @ DW_AT_low_pc
	.long	.Lfunc_end40-.Lfunc_begin40     @ DW_AT_high_pc
	.byte	1                               @ DW_AT_frame_base
	.byte	93
                                        @ DW_AT_GNU_all_call_sites
	.long	.Linfo_string261                @ DW_AT_name
	.byte	2                               @ DW_AT_decl_file
	.short	1413                            @ DW_AT_decl_line
                                        @ DW_AT_prototyped
	.long	2615                            @ DW_AT_type
                                        @ DW_AT_external
	.byte	32                              @ Abbrev [32] 0x18e3:0x10 DW_TAG_formal_parameter
	.long	.Ldebug_loc111                  @ DW_AT_location
	.long	.Linfo_string263                @ DW_AT_name
	.byte	2                               @ DW_AT_decl_file
	.short	1413                            @ DW_AT_decl_line
	.long	73                              @ DW_AT_type
	.byte	32                              @ Abbrev [32] 0x18f3:0x10 DW_TAG_formal_parameter
	.long	.Ldebug_loc112                  @ DW_AT_location
	.long	.Linfo_string296                @ DW_AT_name
	.byte	2                               @ DW_AT_decl_file
	.short	1413                            @ DW_AT_decl_line
	.long	2615                            @ DW_AT_type
	.byte	32                              @ Abbrev [32] 0x1903:0x10 DW_TAG_formal_parameter
	.long	.Ldebug_loc113                  @ DW_AT_location
	.long	.Linfo_string303                @ DW_AT_name
	.byte	2                               @ DW_AT_decl_file
	.short	1413                            @ DW_AT_decl_line
	.long	6650                            @ DW_AT_type
	.byte	35                              @ Abbrev [35] 0x1913:0xf DW_TAG_variable
	.byte	2                               @ DW_AT_location
	.byte	145
	.byte	7
	.long	.Linfo_string295                @ DW_AT_name
	.byte	2                               @ DW_AT_decl_file
	.short	1415                            @ DW_AT_decl_line
	.long	2615                            @ DW_AT_type
	.byte	30                              @ Abbrev [30] 0x1922:0x10 DW_TAG_variable
	.long	.Ldebug_loc114                  @ DW_AT_location
	.long	.Linfo_string305                @ DW_AT_name
	.byte	2                               @ DW_AT_decl_file
	.short	1417                            @ DW_AT_decl_line
	.long	438                             @ DW_AT_type
	.byte	0                               @ End Of Children Mark
	.byte	31                              @ Abbrev [31] 0x1933:0xc7 DW_TAG_subprogram
	.long	.Lfunc_begin41                  @ DW_AT_low_pc
	.long	.Lfunc_end41-.Lfunc_begin41     @ DW_AT_high_pc
	.byte	1                               @ DW_AT_frame_base
	.byte	93
                                        @ DW_AT_GNU_all_call_sites
	.long	.Linfo_string262                @ DW_AT_name
	.byte	2                               @ DW_AT_decl_file
	.short	1445                            @ DW_AT_decl_line
                                        @ DW_AT_prototyped
	.long	438                             @ DW_AT_type
                                        @ DW_AT_external
	.byte	32                              @ Abbrev [32] 0x1949:0x10 DW_TAG_formal_parameter
	.long	.Ldebug_loc115                  @ DW_AT_location
	.long	.Linfo_string263                @ DW_AT_name
	.byte	2                               @ DW_AT_decl_file
	.short	1445                            @ DW_AT_decl_line
	.long	73                              @ DW_AT_type
	.byte	32                              @ Abbrev [32] 0x1959:0x10 DW_TAG_formal_parameter
	.long	.Ldebug_loc116                  @ DW_AT_location
	.long	.Linfo_string296                @ DW_AT_name
	.byte	2                               @ DW_AT_decl_file
	.short	1445                            @ DW_AT_decl_line
	.long	2615                            @ DW_AT_type
	.byte	32                              @ Abbrev [32] 0x1969:0x10 DW_TAG_formal_parameter
	.long	.Ldebug_loc117                  @ DW_AT_location
	.long	.Linfo_string303                @ DW_AT_name
	.byte	2                               @ DW_AT_decl_file
	.short	1445                            @ DW_AT_decl_line
	.long	6650                            @ DW_AT_type
	.byte	32                              @ Abbrev [32] 0x1979:0x10 DW_TAG_formal_parameter
	.long	.Ldebug_loc118                  @ DW_AT_location
	.long	.Linfo_string306                @ DW_AT_name
	.byte	2                               @ DW_AT_decl_file
	.short	1445                            @ DW_AT_decl_line
	.long	6668                            @ DW_AT_type
	.byte	32                              @ Abbrev [32] 0x1989:0x10 DW_TAG_formal_parameter
	.long	.Ldebug_loc119                  @ DW_AT_location
	.long	.Linfo_string307                @ DW_AT_name
	.byte	2                               @ DW_AT_decl_file
	.short	1445                            @ DW_AT_decl_line
	.long	438                             @ DW_AT_type
	.byte	30                              @ Abbrev [30] 0x1999:0x10 DW_TAG_variable
	.long	.Ldebug_loc120                  @ DW_AT_location
	.long	.Linfo_string219                @ DW_AT_name
	.byte	2                               @ DW_AT_decl_file
	.short	1448                            @ DW_AT_decl_line
	.long	438                             @ DW_AT_type
	.byte	30                              @ Abbrev [30] 0x19a9:0x10 DW_TAG_variable
	.long	.Ldebug_loc121                  @ DW_AT_location
	.long	.Linfo_string305                @ DW_AT_name
	.byte	2                               @ DW_AT_decl_file
	.short	1448                            @ DW_AT_decl_line
	.long	438                             @ DW_AT_type
	.byte	30                              @ Abbrev [30] 0x19b9:0x10 DW_TAG_variable
	.long	.Ldebug_loc122                  @ DW_AT_location
	.long	.Linfo_string299                @ DW_AT_name
	.byte	2                               @ DW_AT_decl_file
	.short	1447                            @ DW_AT_decl_line
	.long	2615                            @ DW_AT_type
	.byte	30                              @ Abbrev [30] 0x19c9:0x10 DW_TAG_variable
	.long	.Ldebug_loc123                  @ DW_AT_location
	.long	.Linfo_string304                @ DW_AT_name
	.byte	2                               @ DW_AT_decl_file
	.short	1447                            @ DW_AT_decl_line
	.long	2615                            @ DW_AT_type
	.byte	30                              @ Abbrev [30] 0x19d9:0x10 DW_TAG_variable
	.long	.Ldebug_loc124                  @ DW_AT_location
	.long	.Linfo_string300                @ DW_AT_name
	.byte	2                               @ DW_AT_decl_file
	.short	1447                            @ DW_AT_decl_line
	.long	2615                            @ DW_AT_type
	.byte	30                              @ Abbrev [30] 0x19e9:0x10 DW_TAG_variable
	.long	.Ldebug_loc125                  @ DW_AT_location
	.long	.Linfo_string301                @ DW_AT_name
	.byte	2                               @ DW_AT_decl_file
	.short	1447                            @ DW_AT_decl_line
	.long	2615                            @ DW_AT_type
	.byte	0                               @ End Of Children Mark
	.byte	3                               @ Abbrev [3] 0x19fa:0xb DW_TAG_typedef
	.long	6661                            @ DW_AT_type
	.long	.Linfo_string279                @ DW_AT_name
	.byte	1                               @ DW_AT_decl_file
	.byte	63                              @ DW_AT_decl_line
	.byte	4                               @ Abbrev [4] 0x1a05:0x7 DW_TAG_base_type
	.long	.Linfo_string278                @ DW_AT_name
	.byte	7                               @ DW_AT_encoding
	.byte	2                               @ DW_AT_byte_size
	.byte	5                               @ Abbrev [5] 0x1a0c:0x5 DW_TAG_pointer_type
	.long	2615                            @ DW_AT_type
	.byte	0                               @ End Of Children Mark
.Ldebug_info_end0:
	.section	.debug_ranges,"",%progbits
.Ldebug_ranges0:
	.long	.Lfunc_begin0
	.long	.Lfunc_end0
	.long	.Lfunc_begin1
	.long	.Lfunc_end1
	.long	.Lfunc_begin2
	.long	.Lfunc_end2
	.long	.Lfunc_begin3
	.long	.Lfunc_end3
	.long	.Lfunc_begin4
	.long	.Lfunc_end4
	.long	.Lfunc_begin5
	.long	.Lfunc_end5
	.long	.Lfunc_begin6
	.long	.Lfunc_end6
	.long	.Lfunc_begin7
	.long	.Lfunc_end7
	.long	.Lfunc_begin8
	.long	.Lfunc_end8
	.long	.Lfunc_begin9
	.long	.Lfunc_end9
	.long	.Lfunc_begin10
	.long	.Lfunc_end10
	.long	.Lfunc_begin11
	.long	.Lfunc_end11
	.long	.Lfunc_begin12
	.long	.Lfunc_end12
	.long	.Lfunc_begin13
	.long	.Lfunc_end13
	.long	.Lfunc_begin14
	.long	.Lfunc_end14
	.long	.Lfunc_begin15
	.long	.Lfunc_end15
	.long	.Lfunc_begin16
	.long	.Lfunc_end16
	.long	.Lfunc_begin17
	.long	.Lfunc_end17
	.long	.Lfunc_begin18
	.long	.Lfunc_end18
	.long	.Lfunc_begin19
	.long	.Lfunc_end19
	.long	.Lfunc_begin20
	.long	.Lfunc_end20
	.long	.Lfunc_begin21
	.long	.Lfunc_end21
	.long	.Lfunc_begin22
	.long	.Lfunc_end22
	.long	.Lfunc_begin23
	.long	.Lfunc_end23
	.long	.Lfunc_begin24
	.long	.Lfunc_end24
	.long	.Lfunc_begin25
	.long	.Lfunc_end25
	.long	.Lfunc_begin26
	.long	.Lfunc_end26
	.long	.Lfunc_begin27
	.long	.Lfunc_end27
	.long	.Lfunc_begin28
	.long	.Lfunc_end28
	.long	.Lfunc_begin29
	.long	.Lfunc_end29
	.long	.Lfunc_begin30
	.long	.Lfunc_end30
	.long	.Lfunc_begin31
	.long	.Lfunc_end31
	.long	.Lfunc_begin32
	.long	.Lfunc_end32
	.long	.Lfunc_begin33
	.long	.Lfunc_end33
	.long	.Lfunc_begin34
	.long	.Lfunc_end34
	.long	.Lfunc_begin35
	.long	.Lfunc_end35
	.long	.Lfunc_begin36
	.long	.Lfunc_end36
	.long	.Lfunc_begin37
	.long	.Lfunc_end37
	.long	.Lfunc_begin38
	.long	.Lfunc_end38
	.long	.Lfunc_begin39
	.long	.Lfunc_end39
	.long	.Lfunc_begin40
	.long	.Lfunc_end40
	.long	.Lfunc_begin41
	.long	.Lfunc_end41
	.long	0
	.long	0
	.section	.debug_str,"MS",%progbits,1
.Linfo_string0:
	.asciz	"Component: Arm Compiler for Embedded 6.24 Tool: armclang [5f371800]" @ string offset=0
.Linfo_string1:
	.asciz	"../../../../Library/StdDriver/src\\i2c.c" @ string offset=68
.Linfo_string2:
	.asciz	"C:\\Users\\antia\\TING\\114\\chip\\ML_M55M1_SampleCode\\M55M1BSP-3.01.003\\SampleCode\\NuEdgeWise\\ObjectTracker_YOLOv8n_o\\KEIL" @ string offset=108
.Linfo_string3:
	.asciz	"g_I2C_i32ErrCode"              @ string offset=226
.Linfo_string4:
	.asciz	"int"                           @ string offset=243
.Linfo_string5:
	.asciz	"int32_t"                       @ string offset=247
.Linfo_string6:
	.asciz	"CTL0"                          @ string offset=255
.Linfo_string7:
	.asciz	"unsigned int"                  @ string offset=260
.Linfo_string8:
	.asciz	"uint32_t"                      @ string offset=273
.Linfo_string9:
	.asciz	"ADDR0"                         @ string offset=282
.Linfo_string10:
	.asciz	"DAT"                           @ string offset=288
.Linfo_string11:
	.asciz	"STATUS0"                       @ string offset=292
.Linfo_string12:
	.asciz	"CLKDIV"                        @ string offset=300
.Linfo_string13:
	.asciz	"TOCTL"                         @ string offset=307
.Linfo_string14:
	.asciz	"ADDR1"                         @ string offset=313
.Linfo_string15:
	.asciz	"ADDR2"                         @ string offset=319
.Linfo_string16:
	.asciz	"ADDR3"                         @ string offset=325
.Linfo_string17:
	.asciz	"ADDRMSK0"                      @ string offset=331
.Linfo_string18:
	.asciz	"ADDRMSK1"                      @ string offset=340
.Linfo_string19:
	.asciz	"ADDRMSK2"                      @ string offset=349
.Linfo_string20:
	.asciz	"ADDRMSK3"                      @ string offset=358
.Linfo_string21:
	.asciz	"RESERVE0"                      @ string offset=367
.Linfo_string22:
	.asciz	"__ARRAY_SIZE_TYPE__"           @ string offset=376
.Linfo_string23:
	.asciz	"WKCTL"                         @ string offset=396
.Linfo_string24:
	.asciz	"WKSTS"                         @ string offset=402
.Linfo_string25:
	.asciz	"CTL1"                          @ string offset=408
.Linfo_string26:
	.asciz	"STATUS1"                       @ string offset=413
.Linfo_string27:
	.asciz	"TMCTL"                         @ string offset=421
.Linfo_string28:
	.asciz	"BUSCTL"                        @ string offset=427
.Linfo_string29:
	.asciz	"BUSTCTL"                       @ string offset=434
.Linfo_string30:
	.asciz	"BUSSTS"                        @ string offset=442
.Linfo_string31:
	.asciz	"PKTSIZE"                       @ string offset=449
.Linfo_string32:
	.asciz	"PKTCRC"                        @ string offset=457
.Linfo_string33:
	.asciz	"BUSTOUT"                       @ string offset=464
.Linfo_string34:
	.asciz	"CLKTOUT"                       @ string offset=472
.Linfo_string35:
	.asciz	"I2C_T"                         @ string offset=480
.Linfo_string36:
	.asciz	"PDID"                          @ string offset=486
.Linfo_string37:
	.asciz	"RSTCTL"                        @ string offset=491
.Linfo_string38:
	.asciz	"RSTSTS"                        @ string offset=498
.Linfo_string39:
	.asciz	"VTORSET"                       @ string offset=505
.Linfo_string40:
	.asciz	"SRAMICTL"                      @ string offset=513
.Linfo_string41:
	.asciz	"SRAMSTS"                       @ string offset=522
.Linfo_string42:
	.asciz	"SRAMEADR"                      @ string offset=530
.Linfo_string43:
	.asciz	"BODCTL"                        @ string offset=539
.Linfo_string44:
	.asciz	"BODSTS"                        @ string offset=546
.Linfo_string45:
	.asciz	"PORCTL"                        @ string offset=553
.Linfo_string46:
	.asciz	"VREFCTL"                       @ string offset=560
.Linfo_string47:
	.asciz	"IVSCTL"                        @ string offset=568
.Linfo_string48:
	.asciz	"USBPHY"                        @ string offset=575
.Linfo_string49:
	.asciz	"UTCPDCTL"                      @ string offset=582
.Linfo_string50:
	.asciz	"RESERVE1"                      @ string offset=591
.Linfo_string51:
	.asciz	"DBUSCTL"                       @ string offset=600
.Linfo_string52:
	.asciz	"RESERVE2"                      @ string offset=608
.Linfo_string53:
	.asciz	"GPA_MFOS"                      @ string offset=617
.Linfo_string54:
	.asciz	"GPB_MFOS"                      @ string offset=626
.Linfo_string55:
	.asciz	"GPC_MFOS"                      @ string offset=635
.Linfo_string56:
	.asciz	"GPD_MFOS"                      @ string offset=644
.Linfo_string57:
	.asciz	"GPE_MFOS"                      @ string offset=653
.Linfo_string58:
	.asciz	"GPF_MFOS"                      @ string offset=662
.Linfo_string59:
	.asciz	"GPG_MFOS"                      @ string offset=671
.Linfo_string60:
	.asciz	"GPH_MFOS"                      @ string offset=680
.Linfo_string61:
	.asciz	"GPI_MFOS"                      @ string offset=689
.Linfo_string62:
	.asciz	"GPJ_MFOS"                      @ string offset=698
.Linfo_string63:
	.asciz	"RESERVE3"                      @ string offset=707
.Linfo_string64:
	.asciz	"REGLCTL"                       @ string offset=716
.Linfo_string65:
	.asciz	"RESERVE4"                      @ string offset=724
.Linfo_string66:
	.asciz	"TCTL48M"                       @ string offset=733
.Linfo_string67:
	.asciz	"TIEN48M"                       @ string offset=741
.Linfo_string68:
	.asciz	"TISTS48M"                      @ string offset=749
.Linfo_string69:
	.asciz	"RESERVE5"                      @ string offset=758
.Linfo_string70:
	.asciz	"TCTL12M"                       @ string offset=767
.Linfo_string71:
	.asciz	"TIEN12M"                       @ string offset=775
.Linfo_string72:
	.asciz	"TISTS12M"                      @ string offset=783
.Linfo_string73:
	.asciz	"RESERVE6"                      @ string offset=792
.Linfo_string74:
	.asciz	"TCTLMIRC"                      @ string offset=801
.Linfo_string75:
	.asciz	"TIENMIRC"                      @ string offset=810
.Linfo_string76:
	.asciz	"TISTSMIRC"                     @ string offset=819
.Linfo_string77:
	.asciz	"RESERVE7"                      @ string offset=829
.Linfo_string78:
	.asciz	"ACMPRST"                       @ string offset=838
.Linfo_string79:
	.asciz	"AWFRST"                        @ string offset=846
.Linfo_string80:
	.asciz	"BPWMRST"                       @ string offset=853
.Linfo_string81:
	.asciz	"CANFDRST"                      @ string offset=861
.Linfo_string82:
	.asciz	"CCAPRST"                       @ string offset=870
.Linfo_string83:
	.asciz	"CRCRST"                        @ string offset=878
.Linfo_string84:
	.asciz	"CRYPTORST"                     @ string offset=885
.Linfo_string85:
	.asciz	"DACRST"                        @ string offset=895
.Linfo_string86:
	.asciz	"DMICRST"                       @ string offset=902
.Linfo_string87:
	.asciz	"EADCRST"                       @ string offset=910
.Linfo_string88:
	.asciz	"EBIRST"                        @ string offset=918
.Linfo_string89:
	.asciz	"ECAPRST"                       @ string offset=925
.Linfo_string90:
	.asciz	"EMACRST"                       @ string offset=933
.Linfo_string91:
	.asciz	"EPWMRST"                       @ string offset=941
.Linfo_string92:
	.asciz	"EQEIRST"                       @ string offset=949
.Linfo_string93:
	.asciz	"FMCRST"                        @ string offset=957
.Linfo_string94:
	.asciz	"GDMARST"                       @ string offset=964
.Linfo_string95:
	.asciz	"GPIORST"                       @ string offset=972
.Linfo_string96:
	.asciz	"HSOTGRST"                      @ string offset=980
.Linfo_string97:
	.asciz	"HSUSBDRST"                     @ string offset=989
.Linfo_string98:
	.asciz	"HSUSBHRST"                     @ string offset=999
.Linfo_string99:
	.asciz	"I2CRST"                        @ string offset=1009
.Linfo_string100:
	.asciz	"I2SRST"                        @ string offset=1016
.Linfo_string101:
	.asciz	"I3CRST"                        @ string offset=1023
.Linfo_string102:
	.asciz	"KDFRST"                        @ string offset=1030
.Linfo_string103:
	.asciz	"KPIRST"                        @ string offset=1037
.Linfo_string104:
	.asciz	"KSRST"                         @ string offset=1044
.Linfo_string105:
	.asciz	"LPADCRST"                      @ string offset=1050
.Linfo_string106:
	.asciz	"LPPDMARST"                     @ string offset=1059
.Linfo_string107:
	.asciz	"LPGPIORST"                     @ string offset=1069
.Linfo_string108:
	.asciz	"LPI2CRST"                      @ string offset=1079
.Linfo_string109:
	.asciz	"LPSPIRST"                      @ string offset=1088
.Linfo_string110:
	.asciz	"LPTMRRST"                      @ string offset=1097
.Linfo_string111:
	.asciz	"LPUARTRST"                     @ string offset=1106
.Linfo_string112:
	.asciz	"OTFCRST"                       @ string offset=1116
.Linfo_string113:
	.asciz	"OTGRST"                        @ string offset=1124
.Linfo_string114:
	.asciz	"PDMARST"                       @ string offset=1131
.Linfo_string115:
	.asciz	"PSIORST"                       @ string offset=1139
.Linfo_string116:
	.asciz	"QSPIRST"                       @ string offset=1147
.Linfo_string117:
	.asciz	"RTCRST"                        @ string offset=1155
.Linfo_string118:
	.asciz	"SCRST"                         @ string offset=1162
.Linfo_string119:
	.asciz	"SCURST"                        @ string offset=1168
.Linfo_string120:
	.asciz	"SDHRST"                        @ string offset=1175
.Linfo_string121:
	.asciz	"SPIRST"                        @ string offset=1182
.Linfo_string122:
	.asciz	"SPIMRST"                       @ string offset=1189
.Linfo_string123:
	.asciz	"RESERVE8"                      @ string offset=1197
.Linfo_string124:
	.asciz	"TMRRST"                        @ string offset=1206
.Linfo_string125:
	.asciz	"TRNGRST"                       @ string offset=1213
.Linfo_string126:
	.asciz	"TTMRRST"                       @ string offset=1221
.Linfo_string127:
	.asciz	"UARTRST"                       @ string offset=1229
.Linfo_string128:
	.asciz	"USBDRST"                       @ string offset=1237
.Linfo_string129:
	.asciz	"USBHRST"                       @ string offset=1245
.Linfo_string130:
	.asciz	"USCIRST"                       @ string offset=1253
.Linfo_string131:
	.asciz	"UTCPDRST"                      @ string offset=1261
.Linfo_string132:
	.asciz	"WWDTRST"                       @ string offset=1270
.Linfo_string133:
	.asciz	"RESERVE9"                      @ string offset=1278
.Linfo_string134:
	.asciz	"GPA_MFP0"                      @ string offset=1287
.Linfo_string135:
	.asciz	"GPA_MFP1"                      @ string offset=1296
.Linfo_string136:
	.asciz	"GPA_MFP2"                      @ string offset=1305
.Linfo_string137:
	.asciz	"GPA_MFP3"                      @ string offset=1314
.Linfo_string138:
	.asciz	"GPB_MFP0"                      @ string offset=1323
.Linfo_string139:
	.asciz	"GPB_MFP1"                      @ string offset=1332
.Linfo_string140:
	.asciz	"GPB_MFP2"                      @ string offset=1341
.Linfo_string141:
	.asciz	"GPB_MFP3"                      @ string offset=1350
.Linfo_string142:
	.asciz	"GPC_MFP0"                      @ string offset=1359
.Linfo_string143:
	.asciz	"GPC_MFP1"                      @ string offset=1368
.Linfo_string144:
	.asciz	"GPC_MFP2"                      @ string offset=1377
.Linfo_string145:
	.asciz	"GPC_MFP3"                      @ string offset=1386
.Linfo_string146:
	.asciz	"GPD_MFP0"                      @ string offset=1395
.Linfo_string147:
	.asciz	"GPD_MFP1"                      @ string offset=1404
.Linfo_string148:
	.asciz	"GPD_MFP2"                      @ string offset=1413
.Linfo_string149:
	.asciz	"GPD_MFP3"                      @ string offset=1422
.Linfo_string150:
	.asciz	"GPE_MFP0"                      @ string offset=1431
.Linfo_string151:
	.asciz	"GPE_MFP1"                      @ string offset=1440
.Linfo_string152:
	.asciz	"GPE_MFP2"                      @ string offset=1449
.Linfo_string153:
	.asciz	"GPE_MFP3"                      @ string offset=1458
.Linfo_string154:
	.asciz	"GPF_MFP0"                      @ string offset=1467
.Linfo_string155:
	.asciz	"GPF_MFP1"                      @ string offset=1476
.Linfo_string156:
	.asciz	"GPF_MFP2"                      @ string offset=1485
.Linfo_string157:
	.asciz	"RESERVE10"                     @ string offset=1494
.Linfo_string158:
	.asciz	"GPG_MFP0"                      @ string offset=1504
.Linfo_string159:
	.asciz	"GPG_MFP1"                      @ string offset=1513
.Linfo_string160:
	.asciz	"GPG_MFP2"                      @ string offset=1522
.Linfo_string161:
	.asciz	"GPG_MFP3"                      @ string offset=1531
.Linfo_string162:
	.asciz	"GPH_MFP0"                      @ string offset=1540
.Linfo_string163:
	.asciz	"GPH_MFP1"                      @ string offset=1549
.Linfo_string164:
	.asciz	"GPH_MFP2"                      @ string offset=1558
.Linfo_string165:
	.asciz	"GPH_MFP3"                      @ string offset=1567
.Linfo_string166:
	.asciz	"RESERVE11"                     @ string offset=1576
.Linfo_string167:
	.asciz	"GPI_MFP1"                      @ string offset=1586
.Linfo_string168:
	.asciz	"GPI_MFP2"                      @ string offset=1595
.Linfo_string169:
	.asciz	"GPI_MFP3"                      @ string offset=1604
.Linfo_string170:
	.asciz	"GPJ_MFP0"                      @ string offset=1613
.Linfo_string171:
	.asciz	"GPJ_MFP1"                      @ string offset=1622
.Linfo_string172:
	.asciz	"GPJ_MFP2"                      @ string offset=1631
.Linfo_string173:
	.asciz	"GPJ_MFP3"                      @ string offset=1640
.Linfo_string174:
	.asciz	"RESERVE12"                     @ string offset=1649
.Linfo_string175:
	.asciz	"NMIEN"                         @ string offset=1659
.Linfo_string176:
	.asciz	"NMISTS"                        @ string offset=1665
.Linfo_string177:
	.asciz	"RESERVE13"                     @ string offset=1672
.Linfo_string178:
	.asciz	"SRAMBCTL"                      @ string offset=1682
.Linfo_string179:
	.asciz	"SRAMBFF"                       @ string offset=1691
.Linfo_string180:
	.asciz	"SRAMBRF"                       @ string offset=1699
.Linfo_string181:
	.asciz	"SYS_T"                         @ string offset=1707
.Linfo_string182:
	.asciz	"unsigned char"                 @ string offset=1713
.Linfo_string183:
	.asciz	"uint8_t"                       @ string offset=1727
.Linfo_string184:
	.asciz	"CTL"                           @ string offset=1735
.Linfo_string185:
	.asciz	"PAR"                           @ string offset=1739
.Linfo_string186:
	.asciz	"INTEN"                         @ string offset=1743
.Linfo_string187:
	.asciz	"INTSTS"                        @ string offset=1749
.Linfo_string188:
	.asciz	"PARM"                          @ string offset=1756
.Linfo_string189:
	.asciz	"CWSP"                          @ string offset=1761
.Linfo_string190:
	.asciz	"CWS"                           @ string offset=1766
.Linfo_string191:
	.asciz	"PKTSL"                         @ string offset=1770
.Linfo_string192:
	.asciz	"PLNSL"                         @ string offset=1776
.Linfo_string193:
	.asciz	"FRCTL"                         @ string offset=1782
.Linfo_string194:
	.asciz	"STRIDE"                        @ string offset=1788
.Linfo_string195:
	.asciz	"FIFOTH"                        @ string offset=1795
.Linfo_string196:
	.asciz	"CMPADDR"                       @ string offset=1802
.Linfo_string197:
	.asciz	"LUMA_Y1_THD"                   @ string offset=1810
.Linfo_string198:
	.asciz	"PKTSM"                         @ string offset=1822
.Linfo_string199:
	.asciz	"PLNSM"                         @ string offset=1828
.Linfo_string200:
	.asciz	"CURADDRP"                      @ string offset=1834
.Linfo_string201:
	.asciz	"CURADDRY"                      @ string offset=1843
.Linfo_string202:
	.asciz	"CURADDRU"                      @ string offset=1852
.Linfo_string203:
	.asciz	"CURADDRV"                      @ string offset=1861
.Linfo_string204:
	.asciz	"PKTBA0"                        @ string offset=1870
.Linfo_string205:
	.asciz	"YBA"                           @ string offset=1877
.Linfo_string206:
	.asciz	"UBA"                           @ string offset=1881
.Linfo_string207:
	.asciz	"VBA"                           @ string offset=1885
.Linfo_string208:
	.asciz	"MDCTL"                         @ string offset=1889
.Linfo_string209:
	.asciz	"MDTRG_WK"                      @ string offset=1895
.Linfo_string210:
	.asciz	"MDTTH"                         @ string offset=1904
.Linfo_string211:
	.asciz	"MDTSAD"                        @ string offset=1910
.Linfo_string212:
	.asciz	"MDWOCTH"                       @ string offset=1917
.Linfo_string213:
	.asciz	"MDWOC"                         @ string offset=1925
.Linfo_string214:
	.asciz	"MDWTH"                         @ string offset=1931
.Linfo_string215:
	.asciz	"MDWSAD"                        @ string offset=1937
.Linfo_string216:
	.asciz	"CCAP_T"                        @ string offset=1944
.Linfo_string217:
	.asciz	"SYS_IsRegLocked"               @ string offset=1951
.Linfo_string218:
	.asciz	"SYS_UnlockReg"                 @ string offset=1967
.Linfo_string219:
	.asciz	"u32TimeOutCount"               @ string offset=1981
.Linfo_string220:
	.asciz	"SYS_LockReg"                   @ string offset=1997
.Linfo_string221:
	.asciz	"I2C_Open"                      @ string offset=2009
.Linfo_string222:
	.asciz	"I2C_Close"                     @ string offset=2018
.Linfo_string223:
	.asciz	"I2C_ClearTimeoutFlag"          @ string offset=2028
.Linfo_string224:
	.asciz	"I2C_Trigger"                   @ string offset=2049
.Linfo_string225:
	.asciz	"I2C_DisableInt"                @ string offset=2061
.Linfo_string226:
	.asciz	"I2C_EnableInt"                 @ string offset=2076
.Linfo_string227:
	.asciz	"I2C_GetBusClockFreq"           @ string offset=2090
.Linfo_string228:
	.asciz	"I2C_SetBusClockFreq"           @ string offset=2110
.Linfo_string229:
	.asciz	"I2C_GetIntFlag"                @ string offset=2130
.Linfo_string230:
	.asciz	"I2C_GetStatus"                 @ string offset=2145
.Linfo_string231:
	.asciz	"I2C_GetData"                   @ string offset=2159
.Linfo_string232:
	.asciz	"I2C_SetData"                   @ string offset=2171
.Linfo_string233:
	.asciz	"I2C_SetSlaveAddr"              @ string offset=2183
.Linfo_string234:
	.asciz	"I2C_SetSlaveAddrMask"          @ string offset=2200
.Linfo_string235:
	.asciz	"I2C_EnableTimeout"             @ string offset=2221
.Linfo_string236:
	.asciz	"I2C_DisableTimeout"            @ string offset=2239
.Linfo_string237:
	.asciz	"I2C_EnableWakeup"              @ string offset=2258
.Linfo_string238:
	.asciz	"I2C_DisableWakeup"             @ string offset=2275
.Linfo_string239:
	.asciz	"I2C_EnableTwoBufferMode"       @ string offset=2293
.Linfo_string240:
	.asciz	"I2C_DisableTwoBufferMode"      @ string offset=2317
.Linfo_string241:
	.asciz	"I2C_SMBusGetStatus"            @ string offset=2342
.Linfo_string242:
	.asciz	"I2C_SMBusClearInterruptFlag"   @ string offset=2361
.Linfo_string243:
	.asciz	"I2C_SMBusSetPacketByteCount"   @ string offset=2389
.Linfo_string244:
	.asciz	"I2C_SMBusOpen"                 @ string offset=2417
.Linfo_string245:
	.asciz	"I2C_SMBusClose"                @ string offset=2431
.Linfo_string246:
	.asciz	"I2C_SMBusPECTxEnable"          @ string offset=2446
.Linfo_string247:
	.asciz	"I2C_SMBusGetPECValue"          @ string offset=2467
.Linfo_string248:
	.asciz	"I2C_SMBusIdleTimeout"          @ string offset=2488
.Linfo_string249:
	.asciz	"I2C_SMBusTimeout"              @ string offset=2509
.Linfo_string250:
	.asciz	"I2C_SMBusClockLoTimeout"       @ string offset=2526
.Linfo_string251:
	.asciz	"I2C_WriteByte"                 @ string offset=2550
.Linfo_string252:
	.asciz	"I2C_WriteMultiBytes"           @ string offset=2564
.Linfo_string253:
	.asciz	"I2C_WriteByteOneReg"           @ string offset=2584
.Linfo_string254:
	.asciz	"I2C_WriteMultiBytesOneReg"     @ string offset=2604
.Linfo_string255:
	.asciz	"I2C_WriteByteTwoRegs"          @ string offset=2630
.Linfo_string256:
	.asciz	"I2C_WriteMultiBytesTwoRegs"    @ string offset=2651
.Linfo_string257:
	.asciz	"I2C_ReadByte"                  @ string offset=2678
.Linfo_string258:
	.asciz	"I2C_ReadMultiBytes"            @ string offset=2691
.Linfo_string259:
	.asciz	"I2C_ReadByteOneReg"            @ string offset=2710
.Linfo_string260:
	.asciz	"I2C_ReadMultiBytesOneReg"      @ string offset=2729
.Linfo_string261:
	.asciz	"I2C_ReadByteTwoRegs"           @ string offset=2754
.Linfo_string262:
	.asciz	"I2C_ReadMultiBytesTwoRegs"     @ string offset=2774
.Linfo_string263:
	.asciz	"i2c"                           @ string offset=2800
.Linfo_string264:
	.asciz	"u32BusClock"                   @ string offset=2804
.Linfo_string265:
	.asciz	"u32Pclk"                       @ string offset=2816
.Linfo_string266:
	.asciz	"u32Div"                        @ string offset=2824
.Linfo_string267:
	.asciz	"u32IsRegLocked"                @ string offset=2831
.Linfo_string268:
	.asciz	"u8Start"                       @ string offset=2846
.Linfo_string269:
	.asciz	"u8Stop"                        @ string offset=2854
.Linfo_string270:
	.asciz	"u8Si"                          @ string offset=2861
.Linfo_string271:
	.asciz	"u32Reg"                        @ string offset=2866
.Linfo_string272:
	.asciz	"u8Ack"                         @ string offset=2873
.Linfo_string273:
	.asciz	"u32Divider"                    @ string offset=2879
.Linfo_string274:
	.asciz	"u32Value"                      @ string offset=2890
.Linfo_string275:
	.asciz	"u8Data"                        @ string offset=2899
.Linfo_string276:
	.asciz	"u8SlaveNo"                     @ string offset=2906
.Linfo_string277:
	.asciz	"u16SlaveAddr"                  @ string offset=2916
.Linfo_string278:
	.asciz	"unsigned short"                @ string offset=2929
.Linfo_string279:
	.asciz	"uint16_t"                      @ string offset=2944
.Linfo_string280:
	.asciz	"u8GCMode"                      @ string offset=2953
.Linfo_string281:
	.asciz	"u32AddrRegValue"               @ string offset=2962
.Linfo_string282:
	.asciz	"u16SlaveAddrMask"              @ string offset=2978
.Linfo_string283:
	.asciz	"u32AddrMskRegValue"            @ string offset=2995
.Linfo_string284:
	.asciz	"u8LongTimeout"                 @ string offset=3014
.Linfo_string285:
	.asciz	"u32BitCount"                   @ string offset=3028
.Linfo_string286:
	.asciz	"u8SMBusIntFlag"                @ string offset=3040
.Linfo_string287:
	.asciz	"u32PktSize"                    @ string offset=3055
.Linfo_string288:
	.asciz	"u8HostDevice"                  @ string offset=3066
.Linfo_string289:
	.asciz	"u8PECTxEn"                     @ string offset=3079
.Linfo_string290:
	.asciz	"us"                            @ string offset=3089
.Linfo_string291:
	.asciz	"u32Hclk"                       @ string offset=3092
.Linfo_string292:
	.asciz	"u32Hclk_kHz"                   @ string offset=3100
.Linfo_string293:
	.asciz	"ms"                            @ string offset=3112
.Linfo_string294:
	.asciz	"u32Pclk_kHz"                   @ string offset=3115
.Linfo_string295:
	.asciz	"data"                          @ string offset=3127
.Linfo_string296:
	.asciz	"u8SlaveAddr"                   @ string offset=3132
.Linfo_string297:
	.asciz	"u32txLen"                      @ string offset=3144
.Linfo_string298:
	.asciz	"u32wLen"                       @ string offset=3153
.Linfo_string299:
	.asciz	"u8Ctrl"                        @ string offset=3161
.Linfo_string300:
	.asciz	"u8Err"                         @ string offset=3168
.Linfo_string301:
	.asciz	"u8Xfering"                     @ string offset=3174
.Linfo_string302:
	.asciz	"u8DataAddr"                    @ string offset=3184
.Linfo_string303:
	.asciz	"u16DataAddr"                   @ string offset=3195
.Linfo_string304:
	.asciz	"u8Addr"                        @ string offset=3207
.Linfo_string305:
	.asciz	"u32rxLen"                      @ string offset=3214
.Linfo_string306:
	.asciz	"rdata"                         @ string offset=3223
.Linfo_string307:
	.asciz	"u32rLen"                       @ string offset=3229
	.ident	"Component: Arm Compiler for Embedded 6.24 Tool: armclang [5f371800]"
	.section	".note.GNU-stack","",%progbits
	.eabi_attribute	30, 1	@ Tag_ABI_optimization_goals
	.ARM_attribute	16, 1	@ Tag_AV_eba
	.section	.debug_line,"",%progbits
.Lline_table_start0:
