	.text
	.syntax unified
	.eabi_attribute	67, "2.09"	@ Tag_conformance
	.cpu	cortex-m55
	.eabi_attribute	6, 21	@ Tag_CPU_arch
	.eabi_attribute	7, 77	@ Tag_CPU_arch_profile
	.eabi_attribute	8, 0	@ Tag_ARM_ISA_use
	.eabi_attribute	9, 3	@ Tag_THUMB_ISA_use
	.fpu	fpv5-d16
	.arch_extension	mve.fp
	.eabi_attribute	36, 1	@ Tag_FP_HP_extension
	.eabi_attribute	48, 2	@ Tag_MVE_arch
	.eabi_attribute	46, 1	@ Tag_DSP_extension
	.eabi_attribute	34, 1	@ Tag_CPU_unaligned_access
	.eabi_attribute	17, 1	@ Tag_ABI_PCS_GOT_use
	.eabi_attribute	20, 2	@ Tag_ABI_FP_denormal
	.eabi_attribute	21, 0	@ Tag_ABI_FP_exceptions
	.eabi_attribute	23, 1	@ Tag_ABI_FP_number_model
	.eabi_attribute	24, 1	@ Tag_ABI_align_needed
	.eabi_attribute	25, 1	@ Tag_ABI_align_preserved
	.eabi_attribute	28, 1	@ Tag_ABI_VFP_args
	.eabi_attribute	38, 1	@ Tag_ABI_FP_16bit_format
	.eabi_attribute	18, 2	@ Tag_ABI_PCS_wchar_t
	.eabi_attribute	26, 1	@ Tag_ABI_enum_size
	.eabi_attribute	14, 0	@ Tag_ABI_PCS_R9_use
	.file	"i2s.c"
	.file	1 "C:\\Users\\antia" "AppData\\Local\\Keil_v5\\ARM\\ARMCLANG\\bin\\..\\include\\stdint.h"
	.file	2 "C:\\Users\\antia\\TING\\114\\chip\\ML_M55M1_SampleCode\\M55M1BSP-3.01.003\\SampleCode\\NuEdgeWise\\ObjectTracker_YOLOv8n_o\\KEIL" "../../../../Library/Device/Nuvoton/M55M1/Include\\i2s_reg.h"
	.file	3 "C:\\Users\\antia\\TING\\114\\chip\\ML_M55M1_SampleCode\\M55M1BSP-3.01.003\\SampleCode\\NuEdgeWise\\ObjectTracker_YOLOv8n_o\\KEIL" "../../../../Library/Device/Nuvoton/M55M1/Include\\ccap_reg.h"
	.file	4 "C:\\Users\\antia\\TING\\114\\chip\\ML_M55M1_SampleCode\\M55M1BSP-3.01.003\\SampleCode\\NuEdgeWise\\ObjectTracker_YOLOv8n_o\\KEIL" "../../../../Library/Device/Nuvoton/M55M1/Include\\sys_reg.h"
	.section	.text.I2S_GetSourceClockFreq,"ax",%progbits
	.hidden	I2S_GetSourceClockFreq          @ -- Begin function I2S_GetSourceClockFreq
	.globl	I2S_GetSourceClockFreq
	.p2align	2
	.type	I2S_GetSourceClockFreq,%function
	.code	16                              @ @I2S_GetSourceClockFreq
	.thumb_func
I2S_GetSourceClockFreq:
.Lfunc_begin0:
	.file	5 "C:\\Users\\antia\\TING\\114\\chip\\ML_M55M1_SampleCode\\M55M1BSP-3.01.003\\SampleCode\\NuEdgeWise\\ObjectTracker_YOLOv8n_o\\KEIL" "../../../../Library/StdDriver/src/i2s.c"
	.loc	5 31 0                          @ ../../../../Library/StdDriver/src/i2s.c:31:0
	.fnstart
	.cfi_sections .debug_frame
	.cfi_startproc
@ %bb.0:
	@DEBUG_VALUE: I2S_GetSourceClockFreq:i2s <- $r0
	.save	{r4, r5, r6, r7, lr}
	push	{r4, r5, r6, r7, lr}
	.cfi_def_cfa_offset 20
	.cfi_offset lr, -4
	.cfi_offset r7, -8
	.cfi_offset r6, -12
	.cfi_offset r5, -16
	.cfi_offset r4, -20
	.pad	#4
	sub	sp, #4
	.cfi_def_cfa_offset 24
.Ltmp0:
	@DEBUG_VALUE: I2S_GetSourceClockFreq:u32Freq <- 0
	movw	r1, #32768
	movt	r1, #16425
.Ltmp1:
	.loc	5 34 9 prologue_end             @ ../../../../Library/StdDriver/src/i2s.c:34:9
	cmp	r0, r1
	beq	.LBB0_6
.Ltmp2:
@ %bb.1:
	@DEBUG_VALUE: I2S_GetSourceClockFreq:u32Freq <- 0
	@DEBUG_VALUE: I2S_GetSourceClockFreq:i2s <- $r0
	.loc	5 0 9 is_stmt 0                 @ ../../../../Library/StdDriver/src/i2s.c:0:9
	movw	r1, #40960
	movt	r1, #16421
	.loc	5 34 9                          @ ../../../../Library/StdDriver/src/i2s.c:34:9
	cmp	r0, r1
	bne	.LBB0_10
.Ltmp3:
@ %bb.2:
	@DEBUG_VALUE: I2S_GetSourceClockFreq:u32Freq <- 0
	@DEBUG_VALUE: I2S_GetSourceClockFreq:i2s <- $r0
	.loc	5 0 9                           @ ../../../../Library/StdDriver/src/i2s.c:0:9
	movw	r4, #1155
	movw	r5, #32768
	movt	r4, #11
	movt	r5, #33791
.Ltmp4:
	.loc	5 37 25 is_stmt 1               @ ../../../../Library/StdDriver/src/i2s.c:37:25
	mov	r1, r4
	mov	r0, r5
.Ltmp5:
	@DEBUG_VALUE: I2S_GetSourceClockFreq:i2s <- [DW_OP_LLVM_entry_value 1] $r0
	bl	CLK_GetModuleClockSource
.Ltmp6:
	@DEBUG_VALUE: I2S_GetSourceClockFreq:u32ClkSrcSel <- $r0
	.loc	5 39 9                          @ ../../../../Library/StdDriver/src/i2s.c:39:9
	subs	r0, #1
.Ltmp7:
	cmp	r0, #4
	bhi	.LBB0_18
.Ltmp8:
@ %bb.3:
	@DEBUG_VALUE: I2S_GetSourceClockFreq:i2s <- [DW_OP_LLVM_entry_value 1] $r0
	@DEBUG_VALUE: I2S_GetSourceClockFreq:u32Freq <- 0
	.loc	5 0 9 is_stmt 0                 @ ../../../../Library/StdDriver/src/i2s.c:0:9
	movw	r6, #6912
	movt	r6, #183
	.loc	5 39 9                          @ ../../../../Library/StdDriver/src/i2s.c:39:9
.LCPI0_0:
	tbb	[pc, r0]
.Ltmp9:
@ %bb.4:
	.loc	5 0 9                           @ ../../../../Library/StdDriver/src/i2s.c:0:9
.LJTI0_1:
	.byte	(.LBB0_5-(.LCPI0_0+4))/2
	.byte	(.LBB0_13-(.LCPI0_0+4))/2
	.byte	(.LBB0_16-(.LCPI0_0+4))/2
	.byte	(.LBB0_21-(.LCPI0_0+4))/2
	.byte	(.LBB0_11-(.LCPI0_0+4))/2
	.p2align	1
.LBB0_5:
.Ltmp10:
	@DEBUG_VALUE: I2S_GetSourceClockFreq:i2s <- [DW_OP_LLVM_entry_value 1] $r0
	@DEBUG_VALUE: I2S_GetSourceClockFreq:u32Freq <- 0
	.loc	5 42 28 is_stmt 1               @ ../../../../Library/StdDriver/src/i2s.c:42:28
	bl	CLK_GetAPLL1ClockFreq
.Ltmp11:
	.loc	5 42 52 is_stmt 0               @ ../../../../Library/StdDriver/src/i2s.c:42:52
	lsrs	r6, r0, #1
.Ltmp12:
	@DEBUG_VALUE: I2S_GetSourceClockFreq:u32Freq <- $r6
	.loc	5 47 17 is_stmt 1               @ ../../../../Library/StdDriver/src/i2s.c:47:17
	b	.LBB0_21
.Ltmp13:
.LBB0_6:
	@DEBUG_VALUE: I2S_GetSourceClockFreq:u32Freq <- 0
	@DEBUG_VALUE: I2S_GetSourceClockFreq:i2s <- $r0
	.loc	5 0 17 is_stmt 0                @ ../../../../Library/StdDriver/src/i2s.c:0:17
	movw	r7, #32768
	movw	r4, #1155
	movt	r7, #33791
	movt	r4, #11
.Ltmp14:
	.loc	5 72 25 is_stmt 1               @ ../../../../Library/StdDriver/src/i2s.c:72:25
	add.w	r5, r7, #1160
	mov	r0, r5
.Ltmp15:
	@DEBUG_VALUE: I2S_GetSourceClockFreq:i2s <- [DW_OP_LLVM_entry_value 1] $r0
	mov	r1, r4
	bl	CLK_GetModuleClockSource
.Ltmp16:
	@DEBUG_VALUE: I2S_GetSourceClockFreq:u32ClkSrcSel <- [DW_OP_constu 4, DW_OP_shl, DW_OP_stack_value] $r0
	.loc	5 74 9                          @ ../../../../Library/StdDriver/src/i2s.c:74:9
	bic	r0, r0, #-268435456
.Ltmp17:
	subs	r0, #1
	cmp	r0, #4
	bhi	.LBB0_19
.Ltmp18:
@ %bb.7:
	@DEBUG_VALUE: I2S_GetSourceClockFreq:i2s <- [DW_OP_LLVM_entry_value 1] $r0
	@DEBUG_VALUE: I2S_GetSourceClockFreq:u32Freq <- 0
	.loc	5 0 9 is_stmt 0                 @ ../../../../Library/StdDriver/src/i2s.c:0:9
	movw	r6, #6912
	movt	r6, #183
	.loc	5 74 9                          @ ../../../../Library/StdDriver/src/i2s.c:74:9
.LCPI0_1:
	tbb	[pc, r0]
.Ltmp19:
@ %bb.8:
	.loc	5 0 9                           @ ../../../../Library/StdDriver/src/i2s.c:0:9
.LJTI0_0:
	.byte	(.LBB0_9-(.LCPI0_1+4))/2
	.byte	(.LBB0_14-(.LCPI0_1+4))/2
	.byte	(.LBB0_17-(.LCPI0_1+4))/2
	.byte	(.LBB0_21-(.LCPI0_1+4))/2
	.byte	(.LBB0_12-(.LCPI0_1+4))/2
	.p2align	1
.LBB0_9:
.Ltmp20:
	@DEBUG_VALUE: I2S_GetSourceClockFreq:i2s <- [DW_OP_LLVM_entry_value 1] $r0
	@DEBUG_VALUE: I2S_GetSourceClockFreq:u32Freq <- 0
	.loc	5 77 28 is_stmt 1               @ ../../../../Library/StdDriver/src/i2s.c:77:28
	bl	CLK_GetAPLL1ClockFreq
.Ltmp21:
	.loc	5 0 28 is_stmt 0                @ ../../../../Library/StdDriver/src/i2s.c:0:28
	b	.LBB0_15
.Ltmp22:
.LBB0_10:
	@DEBUG_VALUE: I2S_GetSourceClockFreq:u32Freq <- 0
	@DEBUG_VALUE: I2S_GetSourceClockFreq:i2s <- $r0
	movs	r0, #0
.Ltmp23:
	@DEBUG_VALUE: I2S_GetSourceClockFreq:i2s <- [DW_OP_LLVM_entry_value 1] $r0
	@DEBUG_VALUE: I2S_GetSourceClockFreq:u32Freq <- $r0
	.loc	5 105 5 epilogue_begin is_stmt 1 @ ../../../../Library/StdDriver/src/i2s.c:105:5
	add	sp, #4
	pop	{r4, r5, r6, r7, pc}
.Ltmp24:
.LBB0_11:
	@DEBUG_VALUE: I2S_GetSourceClockFreq:i2s <- [DW_OP_LLVM_entry_value 1] $r0
	@DEBUG_VALUE: I2S_GetSourceClockFreq:u32Freq <- 0
	.loc	5 0 5 is_stmt 0                 @ ../../../../Library/StdDriver/src/i2s.c:0:5
	movw	r6, #27648
	movt	r6, #732
.Ltmp25:
	@DEBUG_VALUE: I2S_GetSourceClockFreq:u32Freq <- 48000000
	.loc	5 59 17 is_stmt 1               @ ../../../../Library/StdDriver/src/i2s.c:59:17
	b	.LBB0_21
.Ltmp26:
.LBB0_12:
	@DEBUG_VALUE: I2S_GetSourceClockFreq:i2s <- [DW_OP_LLVM_entry_value 1] $r0
	@DEBUG_VALUE: I2S_GetSourceClockFreq:u32Freq <- 0
	.loc	5 0 17 is_stmt 0                @ ../../../../Library/StdDriver/src/i2s.c:0:17
	movw	r6, #27648
	adds.w	r5, r7, #1160
	movt	r6, #732
.Ltmp27:
	@DEBUG_VALUE: I2S_GetSourceClockFreq:u32Freq <- 48000000
	b	.LBB0_20
.Ltmp28:
.LBB0_13:
	@DEBUG_VALUE: I2S_GetSourceClockFreq:i2s <- [DW_OP_LLVM_entry_value 1] $r0
	@DEBUG_VALUE: I2S_GetSourceClockFreq:u32Freq <- 0
	.loc	5 46 28 is_stmt 1               @ ../../../../Library/StdDriver/src/i2s.c:46:28
	bl	CLK_GetAPLL0ClockFreq
.Ltmp29:
	.loc	5 46 52 is_stmt 0               @ ../../../../Library/StdDriver/src/i2s.c:46:52
	lsrs	r6, r0, #1
.Ltmp30:
	@DEBUG_VALUE: I2S_GetSourceClockFreq:u32Freq <- $r6
	.loc	5 47 17 is_stmt 1               @ ../../../../Library/StdDriver/src/i2s.c:47:17
	b	.LBB0_21
.Ltmp31:
.LBB0_14:
	@DEBUG_VALUE: I2S_GetSourceClockFreq:i2s <- [DW_OP_LLVM_entry_value 1] $r0
	@DEBUG_VALUE: I2S_GetSourceClockFreq:u32Freq <- 0
	.loc	5 81 28                         @ ../../../../Library/StdDriver/src/i2s.c:81:28
	bl	CLK_GetAPLL0ClockFreq
.Ltmp32:
.LBB0_15:
	@DEBUG_VALUE: I2S_GetSourceClockFreq:i2s <- [DW_OP_LLVM_entry_value 1] $r0
	@DEBUG_VALUE: I2S_GetSourceClockFreq:u32Freq <- 0
	.loc	5 0 0 is_stmt 0                 @ ../../../../Library/StdDriver/src/i2s.c:0:0
	lsrs	r6, r0, #1
.Ltmp33:
	@DEBUG_VALUE: I2S_GetSourceClockFreq:u32Freq <- $r6
	adds.w	r5, r7, #1160
	b	.LBB0_20
.Ltmp34:
.LBB0_16:
	@DEBUG_VALUE: I2S_GetSourceClockFreq:i2s <- [DW_OP_LLVM_entry_value 1] $r0
	@DEBUG_VALUE: I2S_GetSourceClockFreq:u32Freq <- 0
	.loc	5 50 27 is_stmt 1               @ ../../../../Library/StdDriver/src/i2s.c:50:27
	bl	CLK_GetPCLK1Freq
.Ltmp35:
	mov	r6, r0
.Ltmp36:
	@DEBUG_VALUE: I2S_GetSourceClockFreq:u32Freq <- $r6
	.loc	5 51 17                         @ ../../../../Library/StdDriver/src/i2s.c:51:17
	b	.LBB0_21
.Ltmp37:
.LBB0_17:
	@DEBUG_VALUE: I2S_GetSourceClockFreq:i2s <- [DW_OP_LLVM_entry_value 1] $r0
	@DEBUG_VALUE: I2S_GetSourceClockFreq:u32Freq <- 0
	.loc	5 85 27                         @ ../../../../Library/StdDriver/src/i2s.c:85:27
	bl	CLK_GetPCLK3Freq
.Ltmp38:
	mov	r6, r0
.Ltmp39:
	@DEBUG_VALUE: I2S_GetSourceClockFreq:u32Freq <- $r6
	.loc	5 0 27 is_stmt 0                @ ../../../../Library/StdDriver/src/i2s.c:0:27
	adds.w	r5, r7, #1160
	b	.LBB0_20
.Ltmp40:
.LBB0_18:
	@DEBUG_VALUE: I2S_GetSourceClockFreq:i2s <- [DW_OP_LLVM_entry_value 1] $r0
	@DEBUG_VALUE: I2S_GetSourceClockFreq:u32Freq <- 0
	movw	r6, #13824
	movt	r6, #366
.Ltmp41:
	@DEBUG_VALUE: I2S_GetSourceClockFreq:u32Freq <- 24000000
	.loc	5 64 17 is_stmt 1               @ ../../../../Library/StdDriver/src/i2s.c:64:17
	b	.LBB0_21
.Ltmp42:
.LBB0_19:
	@DEBUG_VALUE: I2S_GetSourceClockFreq:i2s <- [DW_OP_LLVM_entry_value 1] $r0
	@DEBUG_VALUE: I2S_GetSourceClockFreq:u32Freq <- 0
	.loc	5 0 17 is_stmt 0                @ ../../../../Library/StdDriver/src/i2s.c:0:17
	movw	r6, #13824
	adds.w	r5, r7, #1160
	movt	r6, #366
.Ltmp43:
	@DEBUG_VALUE: I2S_GetSourceClockFreq:u32Freq <- 24000000
.LBB0_20:
	@DEBUG_VALUE: I2S_GetSourceClockFreq:i2s <- [DW_OP_LLVM_entry_value 1] $r0
	adc	r4, r4, #0
.Ltmp44:
.LBB0_21:
	@DEBUG_VALUE: I2S_GetSourceClockFreq:i2s <- [DW_OP_LLVM_entry_value 1] $r0
	mov	r0, r5
	mov	r1, r4
	bl	CLK_GetModuleClockDivider
.Ltmp45:
	adds	r0, #1
	udiv	r0, r6, r0
.Ltmp46:
	@DEBUG_VALUE: I2S_GetSourceClockFreq:u32Freq <- $r0
	.loc	5 105 5 epilogue_begin is_stmt 1 @ ../../../../Library/StdDriver/src/i2s.c:105:5
	add	sp, #4
	pop	{r4, r5, r6, r7, pc}
.Ltmp47:
.Lfunc_end0:
	.size	I2S_GetSourceClockFreq, .Lfunc_end0-I2S_GetSourceClockFreq
	.cfi_endproc
	.cantunwind
	.fnend
                                        @ -- End function
	.section	.text.I2S_Open,"ax",%progbits
	.hidden	I2S_Open                        @ -- Begin function I2S_Open
	.globl	I2S_Open
	.p2align	2
	.type	I2S_Open,%function
	.code	16                              @ @I2S_Open
	.thumb_func
I2S_Open:
.Lfunc_begin1:
	.loc	5 135 0                         @ ../../../../Library/StdDriver/src/i2s.c:135:0
	.fnstart
	.cfi_startproc
@ %bb.0:
	@DEBUG_VALUE: I2S_Open:i2s <- $r0
	@DEBUG_VALUE: I2S_Open:u32MasterSlave <- $r1
	@DEBUG_VALUE: I2S_Open:u32SampleRate <- $r2
	@DEBUG_VALUE: I2S_Open:u32WordWidth <- $r3
	.save	{r4, r5, r6, r7, r8, r9, r10, lr}
	push.w	{r4, r5, r6, r7, r8, r9, r10, lr}
	.cfi_def_cfa_offset 32
	.cfi_offset lr, -4
	.cfi_offset r10, -8
	.cfi_offset r9, -12
	.cfi_offset r8, -16
	.cfi_offset r7, -20
	.cfi_offset r6, -24
	.cfi_offset r5, -28
	.cfi_offset r4, -32
.Ltmp48:
	@DEBUG_VALUE: I2S_Open:u32MonoData <- [DW_OP_plus_uconst 32] [$sp+0]
	@DEBUG_VALUE: I2S_Open:u32DataFormat <- [DW_OP_plus_uconst 36] [$sp+0]
	movw	r5, #256
	mov	r8, r2
.Ltmp49:
	@DEBUG_VALUE: I2S_Open:u32SampleRate <- $r8
	@DEBUG_VALUE: I2S_Open:u32SampleRate <- $r8
	movt	r5, #16384
	mov	r6, r3
.Ltmp50:
	@DEBUG_VALUE: I2S_Open:u32WordWidth <- $r6
	@DEBUG_VALUE: I2S_Open:u32WordWidth <- $r6
	.file	6 "C:\\Users\\antia\\TING\\114\\chip\\ML_M55M1_SampleCode\\M55M1BSP-3.01.003\\SampleCode\\NuEdgeWise\\ObjectTracker_YOLOv8n_o\\KEIL" "../../../../Library/StdDriver/inc\\sys.h"
	.loc	6 4332 17 prologue_end          @ ../../../../Library/StdDriver/inc\sys.h:4332:17
	ldr	r2, [r5]
	mov	r9, r1
.Ltmp51:
	@DEBUG_VALUE: I2S_Open:u32MasterSlave <- $r9
	@DEBUG_VALUE: I2S_Open:u32MasterSlave <- $r9
	.loc	6 0 17 is_stmt 0                @ ../../../../Library/StdDriver/inc\sys.h:0:17
	mov	r4, r0
.Ltmp52:
	@DEBUG_VALUE: I2S_Open:i2s <- $r4
	@DEBUG_VALUE: I2S_Open:i2s <- $r4
	.loc	5 140 9 is_stmt 1               @ ../../../../Library/StdDriver/src/i2s.c:140:9
	lsls.w	r10, r2, #31
	bne	.LBB1_10
.Ltmp53:
@ %bb.1:
	@DEBUG_VALUE: I2S_Open:i2s <- $r4
	@DEBUG_VALUE: I2S_Open:u32MasterSlave <- $r9
	@DEBUG_VALUE: I2S_Open:u32WordWidth <- $r6
	@DEBUG_VALUE: I2S_Open:u32SampleRate <- $r8
	@DEBUG_VALUE: I2S_Open:u32DataFormat <- [DW_OP_plus_uconst 36] [$sp+0]
	@DEBUG_VALUE: I2S_Open:u32MonoData <- [DW_OP_plus_uconst 32] [$sp+0]
	.loc	6 4257 32                       @ ../../../../Library/StdDriver/inc\sys.h:4257:32
	movw	r0, :lower16:SystemCoreClock
	movs	r1, #89
	movt	r0, :upper16:SystemCoreClock
	movs	r2, #22
	ldr	r0, [r0]
.Ltmp54:
	@DEBUG_VALUE: SYS_UnlockReg:u32TimeOutCount <- $r0
	.loc	6 0 32 is_stmt 0                @ ../../../../Library/StdDriver/inc\sys.h:0:32
	movs	r3, #136
.Ltmp55:
.LBB1_2:                                @ =>This Inner Loop Header: Depth=1
	@DEBUG_VALUE: SYS_UnlockReg:u32TimeOutCount <- $r0
	@DEBUG_VALUE: I2S_Open:i2s <- $r4
	@DEBUG_VALUE: I2S_Open:u32MasterSlave <- $r9
	@DEBUG_VALUE: I2S_Open:u32WordWidth <- $r6
	@DEBUG_VALUE: I2S_Open:u32SampleRate <- $r8
	@DEBUG_VALUE: I2S_Open:u32DataFormat <- [DW_OP_plus_uconst 36] [$sp+0]
	@DEBUG_VALUE: I2S_Open:u32MonoData <- [DW_OP_plus_uconst 32] [$sp+0]
	@DEBUG_VALUE: SYS_UnlockReg:u32TimeOutCount <- $r0
	.loc	6 4265 13 is_stmt 1             @ ../../../../Library/StdDriver/inc\sys.h:4265:13
	cmp	r0, #1
	.loc	6 4261 22                       @ ../../../../Library/StdDriver/inc\sys.h:4261:22
	str	r1, [r5]
	.loc	6 4262 22                       @ ../../../../Library/StdDriver/inc\sys.h:4262:22
	str	r2, [r5]
	.loc	6 4263 22                       @ ../../../../Library/StdDriver/inc\sys.h:4263:22
	str	r3, [r5]
.Ltmp56:
	@DEBUG_VALUE: SYS_UnlockReg:u32TimeOutCount <- [DW_OP_constu 1, DW_OP_minus, DW_OP_stack_value] $r0
	.loc	6 4265 13                       @ ../../../../Library/StdDriver/inc\sys.h:4265:13
	beq	.LBB1_10
.Ltmp57:
@ %bb.3:                                @   in Loop: Header=BB1_2 Depth=1
	@DEBUG_VALUE: SYS_UnlockReg:u32TimeOutCount <- [DW_OP_constu 1, DW_OP_minus, DW_OP_stack_value] $r0
	@DEBUG_VALUE: I2S_Open:i2s <- $r4
	@DEBUG_VALUE: I2S_Open:u32MasterSlave <- $r9
	@DEBUG_VALUE: I2S_Open:u32WordWidth <- $r6
	@DEBUG_VALUE: I2S_Open:u32SampleRate <- $r8
	@DEBUG_VALUE: I2S_Open:u32DataFormat <- [DW_OP_plus_uconst 36] [$sp+0]
	@DEBUG_VALUE: I2S_Open:u32MonoData <- [DW_OP_plus_uconst 32] [$sp+0]
	.loc	6 4266 19                       @ ../../../../Library/StdDriver/inc\sys.h:4266:19
	ldr	r7, [r5]
.Ltmp58:
	.loc	6 4266 5 is_stmt 0              @ ../../../../Library/StdDriver/inc\sys.h:4266:5
	cbnz	r7, .LBB1_10
.Ltmp59:
@ %bb.4:                                @   in Loop: Header=BB1_2 Depth=1
	@DEBUG_VALUE: SYS_UnlockReg:u32TimeOutCount <- [DW_OP_constu 1, DW_OP_minus, DW_OP_stack_value] $r0
	@DEBUG_VALUE: I2S_Open:i2s <- $r4
	@DEBUG_VALUE: I2S_Open:u32MasterSlave <- $r9
	@DEBUG_VALUE: I2S_Open:u32WordWidth <- $r6
	@DEBUG_VALUE: I2S_Open:u32SampleRate <- $r8
	@DEBUG_VALUE: I2S_Open:u32DataFormat <- [DW_OP_plus_uconst 36] [$sp+0]
	@DEBUG_VALUE: I2S_Open:u32MonoData <- [DW_OP_plus_uconst 32] [$sp+0]
	@DEBUG_VALUE: SYS_UnlockReg:u32TimeOutCount <- [DW_OP_constu 1, DW_OP_minus, DW_OP_stack_value] $r0
	.loc	6 4265 13 is_stmt 1             @ ../../../../Library/StdDriver/inc\sys.h:4265:13
	cmp	r0, #2
	.loc	6 4261 22                       @ ../../../../Library/StdDriver/inc\sys.h:4261:22
	str	r1, [r5]
	.loc	6 4262 22                       @ ../../../../Library/StdDriver/inc\sys.h:4262:22
	str	r2, [r5]
	.loc	6 4263 22                       @ ../../../../Library/StdDriver/inc\sys.h:4263:22
	str	r3, [r5]
.Ltmp60:
	@DEBUG_VALUE: SYS_UnlockReg:u32TimeOutCount <- [DW_OP_constu 2, DW_OP_minus, DW_OP_stack_value] $r0
	.loc	6 4265 13                       @ ../../../../Library/StdDriver/inc\sys.h:4265:13
	beq	.LBB1_10
.Ltmp61:
@ %bb.5:                                @   in Loop: Header=BB1_2 Depth=1
	@DEBUG_VALUE: SYS_UnlockReg:u32TimeOutCount <- [DW_OP_constu 2, DW_OP_minus, DW_OP_stack_value] $r0
	@DEBUG_VALUE: I2S_Open:i2s <- $r4
	@DEBUG_VALUE: I2S_Open:u32MasterSlave <- $r9
	@DEBUG_VALUE: I2S_Open:u32WordWidth <- $r6
	@DEBUG_VALUE: I2S_Open:u32SampleRate <- $r8
	@DEBUG_VALUE: I2S_Open:u32DataFormat <- [DW_OP_plus_uconst 36] [$sp+0]
	@DEBUG_VALUE: I2S_Open:u32MonoData <- [DW_OP_plus_uconst 32] [$sp+0]
	.loc	6 4266 19                       @ ../../../../Library/StdDriver/inc\sys.h:4266:19
	ldr	r7, [r5]
.Ltmp62:
	.loc	6 4266 5 is_stmt 0              @ ../../../../Library/StdDriver/inc\sys.h:4266:5
	cbnz	r7, .LBB1_10
.Ltmp63:
@ %bb.6:                                @   in Loop: Header=BB1_2 Depth=1
	@DEBUG_VALUE: SYS_UnlockReg:u32TimeOutCount <- [DW_OP_constu 2, DW_OP_minus, DW_OP_stack_value] $r0
	@DEBUG_VALUE: I2S_Open:i2s <- $r4
	@DEBUG_VALUE: I2S_Open:u32MasterSlave <- $r9
	@DEBUG_VALUE: I2S_Open:u32WordWidth <- $r6
	@DEBUG_VALUE: I2S_Open:u32SampleRate <- $r8
	@DEBUG_VALUE: I2S_Open:u32DataFormat <- [DW_OP_plus_uconst 36] [$sp+0]
	@DEBUG_VALUE: I2S_Open:u32MonoData <- [DW_OP_plus_uconst 32] [$sp+0]
	@DEBUG_VALUE: SYS_UnlockReg:u32TimeOutCount <- [DW_OP_constu 2, DW_OP_minus, DW_OP_stack_value] $r0
	.loc	6 4265 13 is_stmt 1             @ ../../../../Library/StdDriver/inc\sys.h:4265:13
	cmp	r0, #3
	.loc	6 4261 22                       @ ../../../../Library/StdDriver/inc\sys.h:4261:22
	str	r1, [r5]
	.loc	6 4262 22                       @ ../../../../Library/StdDriver/inc\sys.h:4262:22
	str	r2, [r5]
	.loc	6 4263 22                       @ ../../../../Library/StdDriver/inc\sys.h:4263:22
	str	r3, [r5]
.Ltmp64:
	@DEBUG_VALUE: SYS_UnlockReg:u32TimeOutCount <- [DW_OP_constu 3, DW_OP_minus, DW_OP_stack_value] $r0
	.loc	6 4265 13                       @ ../../../../Library/StdDriver/inc\sys.h:4265:13
	beq	.LBB1_10
.Ltmp65:
@ %bb.7:                                @   in Loop: Header=BB1_2 Depth=1
	@DEBUG_VALUE: SYS_UnlockReg:u32TimeOutCount <- [DW_OP_constu 3, DW_OP_minus, DW_OP_stack_value] $r0
	@DEBUG_VALUE: I2S_Open:i2s <- $r4
	@DEBUG_VALUE: I2S_Open:u32MasterSlave <- $r9
	@DEBUG_VALUE: I2S_Open:u32WordWidth <- $r6
	@DEBUG_VALUE: I2S_Open:u32SampleRate <- $r8
	@DEBUG_VALUE: I2S_Open:u32DataFormat <- [DW_OP_plus_uconst 36] [$sp+0]
	@DEBUG_VALUE: I2S_Open:u32MonoData <- [DW_OP_plus_uconst 32] [$sp+0]
	.loc	6 4266 19                       @ ../../../../Library/StdDriver/inc\sys.h:4266:19
	ldr	r7, [r5]
.Ltmp66:
	.loc	6 4266 5 is_stmt 0              @ ../../../../Library/StdDriver/inc\sys.h:4266:5
	cbnz	r7, .LBB1_10
.Ltmp67:
@ %bb.8:                                @   in Loop: Header=BB1_2 Depth=1
	@DEBUG_VALUE: SYS_UnlockReg:u32TimeOutCount <- [DW_OP_constu 3, DW_OP_minus, DW_OP_stack_value] $r0
	@DEBUG_VALUE: I2S_Open:i2s <- $r4
	@DEBUG_VALUE: I2S_Open:u32MasterSlave <- $r9
	@DEBUG_VALUE: I2S_Open:u32WordWidth <- $r6
	@DEBUG_VALUE: I2S_Open:u32SampleRate <- $r8
	@DEBUG_VALUE: I2S_Open:u32DataFormat <- [DW_OP_plus_uconst 36] [$sp+0]
	@DEBUG_VALUE: I2S_Open:u32MonoData <- [DW_OP_plus_uconst 32] [$sp+0]
	@DEBUG_VALUE: SYS_UnlockReg:u32TimeOutCount <- [DW_OP_constu 3, DW_OP_minus, DW_OP_stack_value] $r0
	.loc	6 4265 13 is_stmt 1             @ ../../../../Library/StdDriver/inc\sys.h:4265:13
	subs	r0, #4
.Ltmp68:
	@DEBUG_VALUE: SYS_UnlockReg:u32TimeOutCount <- $r0
	.loc	6 4261 22                       @ ../../../../Library/StdDriver/inc\sys.h:4261:22
	str	r1, [r5]
	.loc	6 4262 22                       @ ../../../../Library/StdDriver/inc\sys.h:4262:22
	str	r2, [r5]
	.loc	6 4263 22                       @ ../../../../Library/StdDriver/inc\sys.h:4263:22
	str	r3, [r5]
	.loc	6 4265 13                       @ ../../../../Library/StdDriver/inc\sys.h:4265:13
	beq	.LBB1_10
.Ltmp69:
@ %bb.9:                                @   in Loop: Header=BB1_2 Depth=1
	@DEBUG_VALUE: SYS_UnlockReg:u32TimeOutCount <- $r0
	@DEBUG_VALUE: I2S_Open:i2s <- $r4
	@DEBUG_VALUE: I2S_Open:u32MasterSlave <- $r9
	@DEBUG_VALUE: I2S_Open:u32WordWidth <- $r6
	@DEBUG_VALUE: I2S_Open:u32SampleRate <- $r8
	@DEBUG_VALUE: I2S_Open:u32DataFormat <- [DW_OP_plus_uconst 36] [$sp+0]
	@DEBUG_VALUE: I2S_Open:u32MonoData <- [DW_OP_plus_uconst 32] [$sp+0]
	.loc	6 4266 19                       @ ../../../../Library/StdDriver/inc\sys.h:4266:19
	ldr	r7, [r5]
.Ltmp70:
	.loc	6 4266 5 is_stmt 0              @ ../../../../Library/StdDriver/inc\sys.h:4266:5
	cbnz	r7, .LBB1_10
	le	.LBB1_2
.Ltmp71:
.LBB1_10:
	@DEBUG_VALUE: I2S_Open:i2s <- $r4
	@DEBUG_VALUE: I2S_Open:u32MasterSlave <- $r9
	@DEBUG_VALUE: I2S_Open:u32WordWidth <- $r6
	@DEBUG_VALUE: I2S_Open:u32SampleRate <- $r8
	@DEBUG_VALUE: I2S_Open:u32DataFormat <- [DW_OP_plus_uconst 36] [$sp+0]
	@DEBUG_VALUE: I2S_Open:u32MonoData <- [DW_OP_plus_uconst 32] [$sp+0]
	.loc	6 0 5                           @ ../../../../Library/StdDriver/inc\sys.h:0:5
	movw	r0, #40960
	movt	r0, #16421
	.loc	5 146 9 is_stmt 1               @ ../../../../Library/StdDriver/src/i2s.c:146:9
	cmp	r4, r0
	beq	.LBB1_13
.Ltmp72:
@ %bb.11:
	@DEBUG_VALUE: I2S_Open:i2s <- $r4
	@DEBUG_VALUE: I2S_Open:u32MasterSlave <- $r9
	@DEBUG_VALUE: I2S_Open:u32WordWidth <- $r6
	@DEBUG_VALUE: I2S_Open:u32SampleRate <- $r8
	@DEBUG_VALUE: I2S_Open:u32DataFormat <- [DW_OP_plus_uconst 36] [$sp+0]
	@DEBUG_VALUE: I2S_Open:u32MonoData <- [DW_OP_plus_uconst 32] [$sp+0]
	.loc	5 0 9 is_stmt 0                 @ ../../../../Library/StdDriver/src/i2s.c:0:9
	movw	r0, #32768
	movt	r0, #16425
	.loc	5 146 9                         @ ../../../../Library/StdDriver/src/i2s.c:146:9
	cmp	r4, r0
	bne	.LBB1_15
.Ltmp73:
@ %bb.12:
	@DEBUG_VALUE: I2S_Open:i2s <- $r4
	@DEBUG_VALUE: I2S_Open:u32MasterSlave <- $r9
	@DEBUG_VALUE: I2S_Open:u32WordWidth <- $r6
	@DEBUG_VALUE: I2S_Open:u32SampleRate <- $r8
	@DEBUG_VALUE: I2S_Open:u32DataFormat <- [DW_OP_plus_uconst 36] [$sp+0]
	@DEBUG_VALUE: I2S_Open:u32MonoData <- [DW_OP_plus_uconst 32] [$sp+0]
	.loc	5 0 9                           @ ../../../../Library/StdDriver/src/i2s.c:0:9
	movs	r0, #1
	movt	r0, #9600
	b	.LBB1_14
.Ltmp74:
.LBB1_13:
	@DEBUG_VALUE: I2S_Open:i2s <- $r4
	@DEBUG_VALUE: I2S_Open:u32MasterSlave <- $r9
	@DEBUG_VALUE: I2S_Open:u32WordWidth <- $r6
	@DEBUG_VALUE: I2S_Open:u32SampleRate <- $r8
	@DEBUG_VALUE: I2S_Open:u32DataFormat <- [DW_OP_plus_uconst 36] [$sp+0]
	@DEBUG_VALUE: I2S_Open:u32MonoData <- [DW_OP_plus_uconst 32] [$sp+0]
	mov.w	r0, #629145600
.Ltmp75:
.LBB1_14:
	@DEBUG_VALUE: I2S_Open:i2s <- $r4
	@DEBUG_VALUE: I2S_Open:u32MasterSlave <- $r9
	@DEBUG_VALUE: I2S_Open:u32WordWidth <- $r6
	@DEBUG_VALUE: I2S_Open:u32SampleRate <- $r8
	@DEBUG_VALUE: I2S_Open:u32DataFormat <- [DW_OP_plus_uconst 36] [$sp+0]
	@DEBUG_VALUE: I2S_Open:u32MonoData <- [DW_OP_plus_uconst 32] [$sp+0]
	bl	SYS_ResetModule
.Ltmp76:
.LBB1_15:
	@DEBUG_VALUE: I2S_Open:i2s <- $r4
	@DEBUG_VALUE: I2S_Open:u32MasterSlave <- $r9
	@DEBUG_VALUE: I2S_Open:u32WordWidth <- $r6
	@DEBUG_VALUE: I2S_Open:u32SampleRate <- $r8
	@DEBUG_VALUE: I2S_Open:u32DataFormat <- [DW_OP_plus_uconst 36] [$sp+0]
	@DEBUG_VALUE: I2S_Open:u32MonoData <- [DW_OP_plus_uconst 32] [$sp+0]
	ldrd	r1, r0, [sp, #32]
	.loc	5 155 9 is_stmt 1               @ ../../../../Library/StdDriver/src/i2s.c:155:9
	cmp.w	r10, #0
	itt	eq
	moveq	r2, #0
.Ltmp77:
	.loc	6 4278 18                       @ ../../../../Library/StdDriver/inc\sys.h:4278:18
	streq	r2, [r5]
.Ltmp78:
	.loc	5 161 62                        @ ../../../../Library/StdDriver/src/i2s.c:161:62
	orr.w	r1, r1, r9
	orrs	r0, r1
	orrs	r0, r6
	.loc	5 161 15 is_stmt 0              @ ../../../../Library/StdDriver/src/i2s.c:161:15
	str	r0, [r4]
	mov.w	r0, #460800
	.loc	5 162 15 is_stmt 1              @ ../../../../Library/StdDriver/src/i2s.c:162:15
	str	r0, [r4, #32]
	.loc	5 164 17                        @ ../../../../Library/StdDriver/src/i2s.c:164:17
	mov	r0, r4
	bl	I2S_GetSourceClockFreq
.Ltmp79:
	.loc	5 166 57                        @ ../../../../Library/StdDriver/src/i2s.c:166:57
	ubfx	r1, r6, #4, #2
.Ltmp80:
	@DEBUG_VALUE: I2S_Open:u32SrcClk <- $r0
	.loc	5 167 42                        @ ../../../../Library/StdDriver/src/i2s.c:167:42
	add.w	r3, r0, r0, lsl #2
	.loc	5 166 65                        @ ../../../../Library/StdDriver/src/i2s.c:166:65
	adds	r1, #1
	.loc	5 168 25                        @ ../../../../Library/StdDriver/src/i2s.c:168:25
	ldr	r7, [r4, #4]
	.loc	5 166 71                        @ ../../../../Library/StdDriver/src/i2s.c:166:71
	mul	r2, r8, r1
	.loc	5 167 42                        @ ../../../../Library/StdDriver/src/i2s.c:167:42
	lsls	r3, r3, #1
	.loc	5 166 71                        @ ../../../../Library/StdDriver/src/i2s.c:166:71
	lsls	r2, r2, #4
.Ltmp81:
	@DEBUG_VALUE: I2S_Open:u32BitRate <- $r2
	.loc	5 167 49                        @ ../../../../Library/StdDriver/src/i2s.c:167:49
	udiv	r2, r3, r2
.Ltmp82:
	.loc	5 0 49 is_stmt 0                @ ../../../../Library/StdDriver/src/i2s.c:0:49
	movs	r3, #5
	.loc	5 172 72 is_stmt 1              @ ../../../../Library/StdDriver/src/i2s.c:172:72
	lsls	r1, r1, #4
	.loc	5 167 70                        @ ../../../../Library/StdDriver/src/i2s.c:167:70
	add.w	r2, r3, r2, lsr #1
	movw	r3, #52429
	movt	r3, #52428
	.loc	5 167 77 is_stmt 0              @ ../../../../Library/StdDriver/src/i2s.c:167:77
	umull	r2, r3, r2, r3
	mov.w	r2, #-1
	.loc	5 167 18                        @ ../../../../Library/StdDriver/src/i2s.c:167:18
	add.w	r2, r2, r3, lsr #3
.Ltmp83:
	@DEBUG_VALUE: I2S_Open:u16Divider <- undef
	.loc	5 168 32 is_stmt 1              @ ../../../../Library/StdDriver/src/i2s.c:168:32
	bfc	r7, #8, #9
	.loc	5 168 62 is_stmt 0              @ ../../../../Library/StdDriver/src/i2s.c:168:62
	uxth	r2, r2
	.loc	5 168 59                        @ ../../../../Library/StdDriver/src/i2s.c:168:59
	orr.w	r3, r7, r2, lsl #8
	movs	r7, #2
	.loc	5 171 34 is_stmt 1              @ ../../../../Library/StdDriver/src/i2s.c:171:34
	add.w	r2, r7, r2, lsl #1
	.loc	5 168 17                        @ ../../../../Library/StdDriver/src/i2s.c:168:17
	str	r3, [r4, #4]
	.loc	5 171 28                        @ ../../../../Library/StdDriver/src/i2s.c:171:28
	udiv	r0, r0, r2
.Ltmp84:
	@DEBUG_VALUE: I2S_Open:u32BitRate <- $r0
	.loc	5 174 15                        @ ../../../../Library/StdDriver/src/i2s.c:174:15
	ldr	r2, [r4]
	.loc	5 172 32                        @ ../../../../Library/StdDriver/src/i2s.c:172:32
	udiv	r0, r0, r1
.Ltmp85:
	@DEBUG_VALUE: I2S_Open:u32SampleRate <- $r0
	.loc	5 174 15                        @ ../../../../Library/StdDriver/src/i2s.c:174:15
	orr	r1, r2, #1
	str	r1, [r4]
	.loc	5 176 5 epilogue_begin          @ ../../../../Library/StdDriver/src/i2s.c:176:5
	pop.w	{r4, r5, r6, r7, r8, r9, r10, pc}
.Ltmp86:
.Lfunc_end1:
	.size	I2S_Open, .Lfunc_end1-I2S_Open
	.cfi_endproc
	.cantunwind
	.fnend
                                        @ -- End function
	.section	.text.I2S_Close,"ax",%progbits
	.hidden	I2S_Close                       @ -- Begin function I2S_Close
	.globl	I2S_Close
	.p2align	2
	.type	I2S_Close,%function
	.code	16                              @ @I2S_Close
	.thumb_func
I2S_Close:
.Lfunc_begin2:
	.fnstart
	.cfi_startproc
@ %bb.0:
	@DEBUG_VALUE: I2S_Close:i2s <- $r0
	.loc	5 186 15 prologue_end           @ ../../../../Library/StdDriver/src/i2s.c:186:15
	ldr	r1, [r0]
	bic	r1, r1, #1
	str	r1, [r0]
	.loc	5 187 1                         @ ../../../../Library/StdDriver/src/i2s.c:187:1
	bx	lr
.Ltmp87:
.Lfunc_end2:
	.size	I2S_Close, .Lfunc_end2-I2S_Close
	.cfi_endproc
	.cantunwind
	.fnend
                                        @ -- End function
	.section	.text.I2S_EnableInt,"ax",%progbits
	.hidden	I2S_EnableInt                   @ -- Begin function I2S_EnableInt
	.globl	I2S_EnableInt
	.p2align	2
	.type	I2S_EnableInt,%function
	.code	16                              @ @I2S_EnableInt
	.thumb_func
I2S_EnableInt:
.Lfunc_begin3:
	.fnstart
	.cfi_startproc
@ %bb.0:
	@DEBUG_VALUE: I2S_EnableInt:i2s <- $r0
	@DEBUG_VALUE: I2S_EnableInt:u32Mask <- $r1
	.loc	5 198 14 prologue_end           @ ../../../../Library/StdDriver/src/i2s.c:198:14
	ldr	r2, [r0, #8]
	orrs	r1, r2
.Ltmp88:
	@DEBUG_VALUE: I2S_EnableInt:u32Mask <- [DW_OP_LLVM_entry_value 1] $r1
	str	r1, [r0, #8]
	.loc	5 199 1                         @ ../../../../Library/StdDriver/src/i2s.c:199:1
	bx	lr
.Ltmp89:
.Lfunc_end3:
	.size	I2S_EnableInt, .Lfunc_end3-I2S_EnableInt
	.cfi_endproc
	.cantunwind
	.fnend
                                        @ -- End function
	.section	.text.I2S_DisableInt,"ax",%progbits
	.hidden	I2S_DisableInt                  @ -- Begin function I2S_DisableInt
	.globl	I2S_DisableInt
	.p2align	2
	.type	I2S_DisableInt,%function
	.code	16                              @ @I2S_DisableInt
	.thumb_func
I2S_DisableInt:
.Lfunc_begin4:
	.fnstart
	.cfi_startproc
@ %bb.0:
	@DEBUG_VALUE: I2S_DisableInt:i2s <- $r0
	@DEBUG_VALUE: I2S_DisableInt:u32Mask <- $r1
	.loc	5 210 14 prologue_end           @ ../../../../Library/StdDriver/src/i2s.c:210:14
	ldr	r2, [r0, #8]
	bic.w	r1, r2, r1
.Ltmp90:
	@DEBUG_VALUE: I2S_DisableInt:u32Mask <- [DW_OP_LLVM_entry_value 1] $r1
	str	r1, [r0, #8]
	.loc	5 211 1                         @ ../../../../Library/StdDriver/src/i2s.c:211:1
	bx	lr
.Ltmp91:
.Lfunc_end4:
	.size	I2S_DisableInt, .Lfunc_end4-I2S_DisableInt
	.cfi_endproc
	.cantunwind
	.fnend
                                        @ -- End function
	.section	.text.I2S_EnableMCLK,"ax",%progbits
	.hidden	I2S_EnableMCLK                  @ -- Begin function I2S_EnableMCLK
	.globl	I2S_EnableMCLK
	.p2align	2
	.type	I2S_EnableMCLK,%function
	.code	16                              @ @I2S_EnableMCLK
	.thumb_func
I2S_EnableMCLK:
.Lfunc_begin5:
	.loc	5 220 0                         @ ../../../../Library/StdDriver/src/i2s.c:220:0
	.fnstart
	.cfi_startproc
@ %bb.0:
	@DEBUG_VALUE: I2S_EnableMCLK:i2s <- $r0
	@DEBUG_VALUE: I2S_EnableMCLK:u32BusClock <- $r1
	.save	{r4, r5, r7, lr}
	push	{r4, r5, r7, lr}
	.cfi_def_cfa_offset 16
	.cfi_offset lr, -4
	.cfi_offset r7, -8
	.cfi_offset r5, -12
	.cfi_offset r4, -16
	mov	r5, r1
.Ltmp92:
	@DEBUG_VALUE: I2S_EnableMCLK:u32BusClock <- $r5
	@DEBUG_VALUE: I2S_EnableMCLK:u32BusClock <- $r5
	mov	r4, r0
.Ltmp93:
	@DEBUG_VALUE: I2S_EnableMCLK:i2s <- $r4
	.loc	5 224 17 prologue_end           @ ../../../../Library/StdDriver/src/i2s.c:224:17
	bl	I2S_GetSourceClockFreq
.Ltmp94:
	@DEBUG_VALUE: I2S_EnableMCLK:u32SrcClk <- $r0
	.loc	5 226 9                         @ ../../../../Library/StdDriver/src/i2s.c:226:9
	cmp	r5, r0
.Ltmp95:
	.loc	5 232 41                        @ ../../../../Library/StdDriver/src/i2s.c:232:41
	itte	ne
	udivne	r1, r0, r5
.Ltmp96:
	.loc	5 235 61                        @ ../../../../Library/StdDriver/src/i2s.c:235:61
	ubfxne	r1, r1, #1, #7
	moveq	r1, #0
.Ltmp97:
	@DEBUG_VALUE: I2S_EnableMCLK:u8Divider <- $r1
	.loc	5 235 25 is_stmt 0              @ ../../../../Library/StdDriver/src/i2s.c:235:25
	ldr	r2, [r4, #4]
	.loc	5 235 32                        @ ../../../../Library/StdDriver/src/i2s.c:235:32
	bic	r2, r2, #63
	.loc	5 235 59                        @ ../../../../Library/StdDriver/src/i2s.c:235:59
	orrs	r1, r2
.Ltmp98:
	.loc	5 235 17                        @ ../../../../Library/StdDriver/src/i2s.c:235:17
	str	r1, [r4, #4]
	.loc	5 237 15 is_stmt 1              @ ../../../../Library/StdDriver/src/i2s.c:237:15
	ldr	r1, [r4]
	orr	r1, r1, #32768
	str	r1, [r4]
	.loc	5 239 19                        @ ../../../../Library/StdDriver/src/i2s.c:239:19
	ldr	r1, [r4, #4]
	.loc	5 239 26 is_stmt 0              @ ../../../../Library/StdDriver/src/i2s.c:239:26
	ands	r1, r1, #63
.Ltmp99:
	@DEBUG_VALUE: I2S_EnableMCLK:u32Reg <- $r1
	.loc	5 247 31 is_stmt 1              @ ../../../../Library/StdDriver/src/i2s.c:247:31
	itt	ne
	lsrne	r0, r0, #1
.Ltmp100:
	.loc	5 247 38 is_stmt 0              @ ../../../../Library/StdDriver/src/i2s.c:247:38
	udivne	r0, r0, r1
.Ltmp101:
	@DEBUG_VALUE: I2S_EnableMCLK:u32Clock <- $r0
	.loc	5 250 5 epilogue_begin is_stmt 1 @ ../../../../Library/StdDriver/src/i2s.c:250:5
	pop	{r4, r5, r7, pc}
.Ltmp102:
.Lfunc_end5:
	.size	I2S_EnableMCLK, .Lfunc_end5-I2S_EnableMCLK
	.cfi_endproc
	.cantunwind
	.fnend
                                        @ -- End function
	.section	.text.I2S_DisableMCLK,"ax",%progbits
	.hidden	I2S_DisableMCLK                 @ -- Begin function I2S_DisableMCLK
	.globl	I2S_DisableMCLK
	.p2align	2
	.type	I2S_DisableMCLK,%function
	.code	16                              @ @I2S_DisableMCLK
	.thumb_func
I2S_DisableMCLK:
.Lfunc_begin6:
	.fnstart
	.cfi_startproc
@ %bb.0:
	@DEBUG_VALUE: I2S_DisableMCLK:i2s <- $r0
	.loc	5 260 15 prologue_end           @ ../../../../Library/StdDriver/src/i2s.c:260:15
	ldr	r1, [r0]
	bic	r1, r1, #32768
	str	r1, [r0]
	.loc	5 261 1                         @ ../../../../Library/StdDriver/src/i2s.c:261:1
	bx	lr
.Ltmp103:
.Lfunc_end6:
	.size	I2S_DisableMCLK, .Lfunc_end6-I2S_DisableMCLK
	.cfi_endproc
	.cantunwind
	.fnend
                                        @ -- End function
	.section	.text.I2S_SetFIFO,"ax",%progbits
	.hidden	I2S_SetFIFO                     @ -- Begin function I2S_SetFIFO
	.globl	I2S_SetFIFO
	.p2align	2
	.type	I2S_SetFIFO,%function
	.code	16                              @ @I2S_SetFIFO
	.thumb_func
I2S_SetFIFO:
.Lfunc_begin7:
	.fnstart
	.cfi_startproc
@ %bb.0:
	@DEBUG_VALUE: I2S_SetFIFO:i2s <- $r0
	@DEBUG_VALUE: I2S_SetFIFO:u32TxThreshold <- $r1
	@DEBUG_VALUE: I2S_SetFIFO:u32RxThreshold <- $r2
	.loc	5 273 23 prologue_end           @ ../../../../Library/StdDriver/src/i2s.c:273:23
	ldr	r3, [r0, #32]
	movw	r12, #61695
	.loc	5 275 33                        @ ../../../../Library/StdDriver/src/i2s.c:275:33
	lsls	r2, r2, #16
.Ltmp104:
	@DEBUG_VALUE: I2S_SetFIFO:u32RxThreshold <- [DW_OP_LLVM_entry_value 1] $r2
	.loc	5 0 33 is_stmt 0                @ ../../../../Library/StdDriver/src/i2s.c:0:33
	movt	r12, #65520
	.loc	5 273 72 is_stmt 1              @ ../../../../Library/StdDriver/src/i2s.c:273:72
	orr.w	r1, r2, r1, lsl #8
.Ltmp105:
	@DEBUG_VALUE: I2S_SetFIFO:u32TxThreshold <- [DW_OP_LLVM_entry_value 1] $r1
	.loc	5 273 28 is_stmt 0              @ ../../../../Library/StdDriver/src/i2s.c:273:28
	and.w	r2, r3, r12
	.loc	5 274 55 is_stmt 1              @ ../../../../Library/StdDriver/src/i2s.c:274:55
	orrs	r1, r2
	.loc	5 273 15                        @ ../../../../Library/StdDriver/src/i2s.c:273:15
	str	r1, [r0, #32]
	.loc	5 276 1                         @ ../../../../Library/StdDriver/src/i2s.c:276:1
	bx	lr
.Ltmp106:
.Lfunc_end7:
	.size	I2S_SetFIFO, .Lfunc_end7-I2S_SetFIFO
	.cfi_endproc
	.cantunwind
	.fnend
                                        @ -- End function
	.section	.text.I2S_ConfigureTDM,"ax",%progbits
	.hidden	I2S_ConfigureTDM                @ -- Begin function I2S_ConfigureTDM
	.globl	I2S_ConfigureTDM
	.p2align	2
	.type	I2S_ConfigureTDM,%function
	.code	16                              @ @I2S_ConfigureTDM
	.thumb_func
I2S_ConfigureTDM:
.Lfunc_begin8:
	.fnstart
	.cfi_startproc
@ %bb.0:
	@DEBUG_VALUE: I2S_ConfigureTDM:i2s <- $r0
	@DEBUG_VALUE: I2S_ConfigureTDM:u32ChannelWidth <- $r1
	@DEBUG_VALUE: I2S_ConfigureTDM:u32ChannelNum <- $r2
	@DEBUG_VALUE: I2S_ConfigureTDM:u32SyncWidth <- $r3
	.loc	5 299 23 prologue_end           @ ../../../../Library/StdDriver/src/i2s.c:299:23
	ldr.w	r12, [r0]
	.loc	5 302 31                        @ ../../../../Library/StdDriver/src/i2s.c:302:31
	lsls	r3, r3, #27
.Ltmp107:
	@DEBUG_VALUE: I2S_ConfigureTDM:u32SyncWidth <- [DW_OP_LLVM_entry_value 1] $r3
	.loc	5 299 28                        @ ../../../../Library/StdDriver/src/i2s.c:299:28
	bic	r12, r12, #-134217728
	.loc	5 299 102 is_stmt 0             @ ../../../../Library/StdDriver/src/i2s.c:299:102
	orr.w	r1, r12, r1, lsl #28
.Ltmp108:
	@DEBUG_VALUE: I2S_ConfigureTDM:u32ChannelWidth <- [DW_OP_LLVM_entry_value 1] $r1
	.loc	5 300 59 is_stmt 1              @ ../../../../Library/StdDriver/src/i2s.c:300:59
	orr.w	r2, r3, r2, lsl #30
.Ltmp109:
	@DEBUG_VALUE: I2S_ConfigureTDM:u32ChannelNum <- [DW_OP_LLVM_entry_value 1] $r2
	.loc	5 301 58                        @ ../../../../Library/StdDriver/src/i2s.c:301:58
	orrs	r1, r2
	.loc	5 299 15                        @ ../../../../Library/StdDriver/src/i2s.c:299:15
	str	r1, [r0]
	.loc	5 303 1                         @ ../../../../Library/StdDriver/src/i2s.c:303:1
	bx	lr
.Ltmp110:
.Lfunc_end8:
	.size	I2S_ConfigureTDM, .Lfunc_end8-I2S_ConfigureTDM
	.cfi_endproc
	.cantunwind
	.fnend
                                        @ -- End function
	.section	.debug_loc,"",%progbits
.Ldebug_loc0:
	.long	-1
	.long	.Lfunc_begin0                   @   base address
	.long	.Lfunc_begin0-.Lfunc_begin0
	.long	.Ltmp5-.Lfunc_begin0
	.short	1                               @ Loc expr size
	.byte	80                              @ DW_OP_reg0
	.long	.Ltmp5-.Lfunc_begin0
	.long	.Ltmp9-.Lfunc_begin0
	.short	4                               @ Loc expr size
	.byte	243                             @ DW_OP_GNU_entry_value
	.byte	1                               @ 1
	.byte	80                              @ DW_OP_reg0
	.byte	159                             @ DW_OP_stack_value
	.long	.Ltmp10-.Lfunc_begin0
	.long	.Ltmp13-.Lfunc_begin0
	.short	4                               @ Loc expr size
	.byte	243                             @ DW_OP_GNU_entry_value
	.byte	1                               @ 1
	.byte	80                              @ DW_OP_reg0
	.byte	159                             @ DW_OP_stack_value
	.long	.Ltmp13-.Lfunc_begin0
	.long	.Ltmp15-.Lfunc_begin0
	.short	1                               @ Loc expr size
	.byte	80                              @ DW_OP_reg0
	.long	.Ltmp15-.Lfunc_begin0
	.long	.Ltmp19-.Lfunc_begin0
	.short	4                               @ Loc expr size
	.byte	243                             @ DW_OP_GNU_entry_value
	.byte	1                               @ 1
	.byte	80                              @ DW_OP_reg0
	.byte	159                             @ DW_OP_stack_value
	.long	.Ltmp20-.Lfunc_begin0
	.long	.Ltmp22-.Lfunc_begin0
	.short	4                               @ Loc expr size
	.byte	243                             @ DW_OP_GNU_entry_value
	.byte	1                               @ 1
	.byte	80                              @ DW_OP_reg0
	.byte	159                             @ DW_OP_stack_value
	.long	.Ltmp22-.Lfunc_begin0
	.long	.Ltmp23-.Lfunc_begin0
	.short	1                               @ Loc expr size
	.byte	80                              @ DW_OP_reg0
	.long	.Ltmp23-.Lfunc_begin0
	.long	.Lfunc_end0-.Lfunc_begin0
	.short	4                               @ Loc expr size
	.byte	243                             @ DW_OP_GNU_entry_value
	.byte	1                               @ 1
	.byte	80                              @ DW_OP_reg0
	.byte	159                             @ DW_OP_stack_value
	.long	0
	.long	0
.Ldebug_loc1:
	.long	-1
	.long	.Lfunc_begin0                   @   base address
	.long	.Ltmp0-.Lfunc_begin0
	.long	.Ltmp9-.Lfunc_begin0
	.short	2                               @ Loc expr size
	.byte	48                              @ DW_OP_lit0
	.byte	159                             @ DW_OP_stack_value
	.long	.Ltmp10-.Lfunc_begin0
	.long	.Ltmp12-.Lfunc_begin0
	.short	2                               @ Loc expr size
	.byte	48                              @ DW_OP_lit0
	.byte	159                             @ DW_OP_stack_value
	.long	.Ltmp12-.Lfunc_begin0
	.long	.Ltmp13-.Lfunc_begin0
	.short	1                               @ Loc expr size
	.byte	86                              @ DW_OP_reg6
	.long	.Ltmp13-.Lfunc_begin0
	.long	.Ltmp19-.Lfunc_begin0
	.short	2                               @ Loc expr size
	.byte	48                              @ DW_OP_lit0
	.byte	159                             @ DW_OP_stack_value
	.long	.Ltmp20-.Lfunc_begin0
	.long	.Ltmp23-.Lfunc_begin0
	.short	2                               @ Loc expr size
	.byte	48                              @ DW_OP_lit0
	.byte	159                             @ DW_OP_stack_value
	.long	.Ltmp23-.Lfunc_begin0
	.long	.Ltmp24-.Lfunc_begin0
	.short	1                               @ Loc expr size
	.byte	80                              @ DW_OP_reg0
	.long	.Ltmp24-.Lfunc_begin0
	.long	.Ltmp25-.Lfunc_begin0
	.short	2                               @ Loc expr size
	.byte	48                              @ DW_OP_lit0
	.byte	159                             @ DW_OP_stack_value
	.long	.Ltmp25-.Lfunc_begin0
	.long	.Ltmp26-.Lfunc_begin0
	.short	6                               @ Loc expr size
	.byte	16                              @ DW_OP_constu
	.byte	128                             @ 48000000
	.byte	216                             @ 
	.byte	241                             @ 
	.byte	22                              @ 
	.byte	159                             @ DW_OP_stack_value
	.long	.Ltmp26-.Lfunc_begin0
	.long	.Ltmp27-.Lfunc_begin0
	.short	2                               @ Loc expr size
	.byte	48                              @ DW_OP_lit0
	.byte	159                             @ DW_OP_stack_value
	.long	.Ltmp27-.Lfunc_begin0
	.long	.Ltmp28-.Lfunc_begin0
	.short	6                               @ Loc expr size
	.byte	16                              @ DW_OP_constu
	.byte	128                             @ 48000000
	.byte	216                             @ 
	.byte	241                             @ 
	.byte	22                              @ 
	.byte	159                             @ DW_OP_stack_value
	.long	.Ltmp28-.Lfunc_begin0
	.long	.Ltmp30-.Lfunc_begin0
	.short	2                               @ Loc expr size
	.byte	48                              @ DW_OP_lit0
	.byte	159                             @ DW_OP_stack_value
	.long	.Ltmp30-.Lfunc_begin0
	.long	.Ltmp31-.Lfunc_begin0
	.short	1                               @ Loc expr size
	.byte	86                              @ DW_OP_reg6
	.long	.Ltmp31-.Lfunc_begin0
	.long	.Ltmp33-.Lfunc_begin0
	.short	2                               @ Loc expr size
	.byte	48                              @ DW_OP_lit0
	.byte	159                             @ DW_OP_stack_value
	.long	.Ltmp33-.Lfunc_begin0
	.long	.Ltmp34-.Lfunc_begin0
	.short	1                               @ Loc expr size
	.byte	86                              @ DW_OP_reg6
	.long	.Ltmp34-.Lfunc_begin0
	.long	.Ltmp36-.Lfunc_begin0
	.short	2                               @ Loc expr size
	.byte	48                              @ DW_OP_lit0
	.byte	159                             @ DW_OP_stack_value
	.long	.Ltmp36-.Lfunc_begin0
	.long	.Ltmp37-.Lfunc_begin0
	.short	1                               @ Loc expr size
	.byte	86                              @ DW_OP_reg6
	.long	.Ltmp37-.Lfunc_begin0
	.long	.Ltmp39-.Lfunc_begin0
	.short	2                               @ Loc expr size
	.byte	48                              @ DW_OP_lit0
	.byte	159                             @ DW_OP_stack_value
	.long	.Ltmp39-.Lfunc_begin0
	.long	.Ltmp40-.Lfunc_begin0
	.short	1                               @ Loc expr size
	.byte	86                              @ DW_OP_reg6
	.long	.Ltmp40-.Lfunc_begin0
	.long	.Ltmp41-.Lfunc_begin0
	.short	2                               @ Loc expr size
	.byte	48                              @ DW_OP_lit0
	.byte	159                             @ DW_OP_stack_value
	.long	.Ltmp41-.Lfunc_begin0
	.long	.Ltmp42-.Lfunc_begin0
	.short	6                               @ Loc expr size
	.byte	16                              @ DW_OP_constu
	.byte	128                             @ 24000000
	.byte	236                             @ 
	.byte	184                             @ 
	.byte	11                              @ 
	.byte	159                             @ DW_OP_stack_value
	.long	.Ltmp42-.Lfunc_begin0
	.long	.Ltmp43-.Lfunc_begin0
	.short	2                               @ Loc expr size
	.byte	48                              @ DW_OP_lit0
	.byte	159                             @ DW_OP_stack_value
	.long	.Ltmp46-.Lfunc_begin0
	.long	.Lfunc_end0-.Lfunc_begin0
	.short	1                               @ Loc expr size
	.byte	80                              @ DW_OP_reg0
	.long	0
	.long	0
.Ldebug_loc2:
	.long	-1
	.long	.Lfunc_begin0                   @   base address
	.long	.Ltmp6-.Lfunc_begin0
	.long	.Ltmp7-.Lfunc_begin0
	.short	1                               @ Loc expr size
	.byte	80                              @ DW_OP_reg0
	.long	.Ltmp16-.Lfunc_begin0
	.long	.Ltmp17-.Lfunc_begin0
	.short	5                               @ Loc expr size
	.byte	112                             @ DW_OP_breg0
	.byte	0                               @ 0
	.byte	52                              @ DW_OP_lit4
	.byte	36                              @ DW_OP_shl
	.byte	159                             @ DW_OP_stack_value
	.long	0
	.long	0
.Ldebug_loc3:
	.long	-1
	.long	.Lfunc_begin1                   @   base address
	.long	.Lfunc_begin1-.Lfunc_begin1
	.long	.Ltmp52-.Lfunc_begin1
	.short	1                               @ Loc expr size
	.byte	80                              @ DW_OP_reg0
	.long	.Ltmp52-.Lfunc_begin1
	.long	.Ltmp86-.Lfunc_begin1
	.short	1                               @ Loc expr size
	.byte	84                              @ DW_OP_reg4
	.long	0
	.long	0
.Ldebug_loc4:
	.long	-1
	.long	.Lfunc_begin1                   @   base address
	.long	.Lfunc_begin1-.Lfunc_begin1
	.long	.Ltmp51-.Lfunc_begin1
	.short	1                               @ Loc expr size
	.byte	81                              @ DW_OP_reg1
	.long	.Ltmp51-.Lfunc_begin1
	.long	.Ltmp86-.Lfunc_begin1
	.short	1                               @ Loc expr size
	.byte	89                              @ DW_OP_reg9
	.long	0
	.long	0
.Ldebug_loc5:
	.long	-1
	.long	.Lfunc_begin1                   @   base address
	.long	.Lfunc_begin1-.Lfunc_begin1
	.long	.Ltmp49-.Lfunc_begin1
	.short	1                               @ Loc expr size
	.byte	82                              @ DW_OP_reg2
	.long	.Ltmp49-.Lfunc_begin1
	.long	.Ltmp85-.Lfunc_begin1
	.short	1                               @ Loc expr size
	.byte	88                              @ DW_OP_reg8
	.long	.Ltmp85-.Lfunc_begin1
	.long	.Lfunc_end1-.Lfunc_begin1
	.short	1                               @ Loc expr size
	.byte	80                              @ DW_OP_reg0
	.long	0
	.long	0
.Ldebug_loc6:
	.long	-1
	.long	.Lfunc_begin1                   @   base address
	.long	.Lfunc_begin1-.Lfunc_begin1
	.long	.Ltmp50-.Lfunc_begin1
	.short	1                               @ Loc expr size
	.byte	83                              @ DW_OP_reg3
	.long	.Ltmp50-.Lfunc_begin1
	.long	.Ltmp86-.Lfunc_begin1
	.short	1                               @ Loc expr size
	.byte	86                              @ DW_OP_reg6
	.long	0
	.long	0
.Ldebug_loc7:
	.long	-1
	.long	.Lfunc_begin1                   @   base address
	.long	.Ltmp54-.Lfunc_begin1
	.long	.Ltmp56-.Lfunc_begin1
	.short	1                               @ Loc expr size
	.byte	80                              @ DW_OP_reg0
	.long	.Ltmp56-.Lfunc_begin1
	.long	.Ltmp60-.Lfunc_begin1
	.short	3                               @ Loc expr size
	.byte	112                             @ DW_OP_breg0
	.byte	127                             @ -1
	.byte	159                             @ DW_OP_stack_value
	.long	.Ltmp60-.Lfunc_begin1
	.long	.Ltmp64-.Lfunc_begin1
	.short	3                               @ Loc expr size
	.byte	112                             @ DW_OP_breg0
	.byte	126                             @ -2
	.byte	159                             @ DW_OP_stack_value
	.long	.Ltmp64-.Lfunc_begin1
	.long	.Ltmp68-.Lfunc_begin1
	.short	3                               @ Loc expr size
	.byte	112                             @ DW_OP_breg0
	.byte	125                             @ -3
	.byte	159                             @ DW_OP_stack_value
	.long	.Ltmp68-.Lfunc_begin1
	.long	.Ltmp71-.Lfunc_begin1
	.short	1                               @ Loc expr size
	.byte	80                              @ DW_OP_reg0
	.long	0
	.long	0
.Ldebug_loc8:
	.long	-1
	.long	.Lfunc_begin1                   @   base address
	.long	.Ltmp80-.Lfunc_begin1
	.long	.Ltmp84-.Lfunc_begin1
	.short	1                               @ Loc expr size
	.byte	80                              @ DW_OP_reg0
	.long	0
	.long	0
.Ldebug_loc9:
	.long	-1
	.long	.Lfunc_begin1                   @   base address
	.long	.Ltmp81-.Lfunc_begin1
	.long	.Ltmp82-.Lfunc_begin1
	.short	1                               @ Loc expr size
	.byte	82                              @ DW_OP_reg2
	.long	.Ltmp84-.Lfunc_begin1
	.long	.Ltmp85-.Lfunc_begin1
	.short	1                               @ Loc expr size
	.byte	80                              @ DW_OP_reg0
	.long	0
	.long	0
.Ldebug_loc10:
	.long	-1
	.long	.Lfunc_begin3                   @   base address
	.long	.Lfunc_begin3-.Lfunc_begin3
	.long	.Ltmp88-.Lfunc_begin3
	.short	1                               @ Loc expr size
	.byte	81                              @ DW_OP_reg1
	.long	.Ltmp88-.Lfunc_begin3
	.long	.Lfunc_end3-.Lfunc_begin3
	.short	4                               @ Loc expr size
	.byte	243                             @ DW_OP_GNU_entry_value
	.byte	1                               @ 1
	.byte	81                              @ DW_OP_reg1
	.byte	159                             @ DW_OP_stack_value
	.long	0
	.long	0
.Ldebug_loc11:
	.long	-1
	.long	.Lfunc_begin4                   @   base address
	.long	.Lfunc_begin4-.Lfunc_begin4
	.long	.Ltmp90-.Lfunc_begin4
	.short	1                               @ Loc expr size
	.byte	81                              @ DW_OP_reg1
	.long	.Ltmp90-.Lfunc_begin4
	.long	.Lfunc_end4-.Lfunc_begin4
	.short	4                               @ Loc expr size
	.byte	243                             @ DW_OP_GNU_entry_value
	.byte	1                               @ 1
	.byte	81                              @ DW_OP_reg1
	.byte	159                             @ DW_OP_stack_value
	.long	0
	.long	0
.Ldebug_loc12:
	.long	-1
	.long	.Lfunc_begin5                   @   base address
	.long	.Lfunc_begin5-.Lfunc_begin5
	.long	.Ltmp93-.Lfunc_begin5
	.short	1                               @ Loc expr size
	.byte	80                              @ DW_OP_reg0
	.long	.Ltmp93-.Lfunc_begin5
	.long	.Ltmp102-.Lfunc_begin5
	.short	1                               @ Loc expr size
	.byte	84                              @ DW_OP_reg4
	.long	0
	.long	0
.Ldebug_loc13:
	.long	-1
	.long	.Lfunc_begin5                   @   base address
	.long	.Lfunc_begin5-.Lfunc_begin5
	.long	.Ltmp92-.Lfunc_begin5
	.short	1                               @ Loc expr size
	.byte	81                              @ DW_OP_reg1
	.long	.Ltmp92-.Lfunc_begin5
	.long	.Ltmp102-.Lfunc_begin5
	.short	1                               @ Loc expr size
	.byte	85                              @ DW_OP_reg5
	.long	0
	.long	0
.Ldebug_loc14:
	.long	-1
	.long	.Lfunc_begin5                   @   base address
	.long	.Ltmp94-.Lfunc_begin5
	.long	.Ltmp100-.Lfunc_begin5
	.short	1                               @ Loc expr size
	.byte	80                              @ DW_OP_reg0
	.long	0
	.long	0
.Ldebug_loc15:
	.long	-1
	.long	.Lfunc_begin5                   @   base address
	.long	.Ltmp97-.Lfunc_begin5
	.long	.Ltmp98-.Lfunc_begin5
	.short	1                               @ Loc expr size
	.byte	81                              @ DW_OP_reg1
	.long	0
	.long	0
.Ldebug_loc16:
	.long	-1
	.long	.Lfunc_begin5                   @   base address
	.long	.Ltmp99-.Lfunc_begin5
	.long	.Lfunc_end5-.Lfunc_begin5
	.short	1                               @ Loc expr size
	.byte	81                              @ DW_OP_reg1
	.long	0
	.long	0
.Ldebug_loc17:
	.long	-1
	.long	.Lfunc_begin5                   @   base address
	.long	.Ltmp101-.Lfunc_begin5
	.long	.Lfunc_end5-.Lfunc_begin5
	.short	1                               @ Loc expr size
	.byte	80                              @ DW_OP_reg0
	.long	0
	.long	0
.Ldebug_loc18:
	.long	-1
	.long	.Lfunc_begin7                   @   base address
	.long	.Lfunc_begin7-.Lfunc_begin7
	.long	.Ltmp105-.Lfunc_begin7
	.short	1                               @ Loc expr size
	.byte	81                              @ DW_OP_reg1
	.long	.Ltmp105-.Lfunc_begin7
	.long	.Lfunc_end7-.Lfunc_begin7
	.short	4                               @ Loc expr size
	.byte	243                             @ DW_OP_GNU_entry_value
	.byte	1                               @ 1
	.byte	81                              @ DW_OP_reg1
	.byte	159                             @ DW_OP_stack_value
	.long	0
	.long	0
.Ldebug_loc19:
	.long	-1
	.long	.Lfunc_begin7                   @   base address
	.long	.Lfunc_begin7-.Lfunc_begin7
	.long	.Ltmp104-.Lfunc_begin7
	.short	1                               @ Loc expr size
	.byte	82                              @ DW_OP_reg2
	.long	.Ltmp104-.Lfunc_begin7
	.long	.Lfunc_end7-.Lfunc_begin7
	.short	4                               @ Loc expr size
	.byte	243                             @ DW_OP_GNU_entry_value
	.byte	1                               @ 1
	.byte	82                              @ DW_OP_reg2
	.byte	159                             @ DW_OP_stack_value
	.long	0
	.long	0
.Ldebug_loc20:
	.long	-1
	.long	.Lfunc_begin8                   @   base address
	.long	.Lfunc_begin8-.Lfunc_begin8
	.long	.Ltmp108-.Lfunc_begin8
	.short	1                               @ Loc expr size
	.byte	81                              @ DW_OP_reg1
	.long	.Ltmp108-.Lfunc_begin8
	.long	.Lfunc_end8-.Lfunc_begin8
	.short	4                               @ Loc expr size
	.byte	243                             @ DW_OP_GNU_entry_value
	.byte	1                               @ 1
	.byte	81                              @ DW_OP_reg1
	.byte	159                             @ DW_OP_stack_value
	.long	0
	.long	0
.Ldebug_loc21:
	.long	-1
	.long	.Lfunc_begin8                   @   base address
	.long	.Lfunc_begin8-.Lfunc_begin8
	.long	.Ltmp109-.Lfunc_begin8
	.short	1                               @ Loc expr size
	.byte	82                              @ DW_OP_reg2
	.long	.Ltmp109-.Lfunc_begin8
	.long	.Lfunc_end8-.Lfunc_begin8
	.short	4                               @ Loc expr size
	.byte	243                             @ DW_OP_GNU_entry_value
	.byte	1                               @ 1
	.byte	82                              @ DW_OP_reg2
	.byte	159                             @ DW_OP_stack_value
	.long	0
	.long	0
.Ldebug_loc22:
	.long	-1
	.long	.Lfunc_begin8                   @   base address
	.long	.Lfunc_begin8-.Lfunc_begin8
	.long	.Ltmp107-.Lfunc_begin8
	.short	1                               @ Loc expr size
	.byte	83                              @ DW_OP_reg3
	.long	.Ltmp107-.Lfunc_begin8
	.long	.Lfunc_end8-.Lfunc_begin8
	.short	4                               @ Loc expr size
	.byte	243                             @ DW_OP_GNU_entry_value
	.byte	1                               @ 1
	.byte	83                              @ DW_OP_reg3
	.byte	159                             @ DW_OP_stack_value
	.long	0
	.long	0
	.section	.debug_abbrev,"",%progbits
	.byte	1                               @ Abbreviation Code
	.byte	17                              @ DW_TAG_compile_unit
	.byte	1                               @ DW_CHILDREN_yes
	.byte	37                              @ DW_AT_producer
	.byte	14                              @ DW_FORM_strp
	.byte	19                              @ DW_AT_language
	.byte	5                               @ DW_FORM_data2
	.byte	3                               @ DW_AT_name
	.byte	14                              @ DW_FORM_strp
	.byte	16                              @ DW_AT_stmt_list
	.byte	23                              @ DW_FORM_sec_offset
	.byte	27                              @ DW_AT_comp_dir
	.byte	14                              @ DW_FORM_strp
	.byte	17                              @ DW_AT_low_pc
	.byte	1                               @ DW_FORM_addr
	.byte	85                              @ DW_AT_ranges
	.byte	23                              @ DW_FORM_sec_offset
	.byte	0                               @ EOM(1)
	.byte	0                               @ EOM(2)
	.byte	2                               @ Abbreviation Code
	.byte	15                              @ DW_TAG_pointer_type
	.byte	0                               @ DW_CHILDREN_no
	.byte	73                              @ DW_AT_type
	.byte	19                              @ DW_FORM_ref4
	.byte	0                               @ EOM(1)
	.byte	0                               @ EOM(2)
	.byte	3                               @ Abbreviation Code
	.byte	22                              @ DW_TAG_typedef
	.byte	0                               @ DW_CHILDREN_no
	.byte	73                              @ DW_AT_type
	.byte	19                              @ DW_FORM_ref4
	.byte	3                               @ DW_AT_name
	.byte	14                              @ DW_FORM_strp
	.byte	58                              @ DW_AT_decl_file
	.byte	11                              @ DW_FORM_data1
	.byte	59                              @ DW_AT_decl_line
	.byte	5                               @ DW_FORM_data2
	.byte	0                               @ EOM(1)
	.byte	0                               @ EOM(2)
	.byte	4                               @ Abbreviation Code
	.byte	19                              @ DW_TAG_structure_type
	.byte	1                               @ DW_CHILDREN_yes
	.byte	11                              @ DW_AT_byte_size
	.byte	11                              @ DW_FORM_data1
	.byte	58                              @ DW_AT_decl_file
	.byte	11                              @ DW_FORM_data1
	.byte	59                              @ DW_AT_decl_line
	.byte	11                              @ DW_FORM_data1
	.byte	0                               @ EOM(1)
	.byte	0                               @ EOM(2)
	.byte	5                               @ Abbreviation Code
	.byte	13                              @ DW_TAG_member
	.byte	0                               @ DW_CHILDREN_no
	.byte	3                               @ DW_AT_name
	.byte	14                              @ DW_FORM_strp
	.byte	73                              @ DW_AT_type
	.byte	19                              @ DW_FORM_ref4
	.byte	58                              @ DW_AT_decl_file
	.byte	11                              @ DW_FORM_data1
	.byte	59                              @ DW_AT_decl_line
	.byte	5                               @ DW_FORM_data2
	.byte	56                              @ DW_AT_data_member_location
	.byte	11                              @ DW_FORM_data1
	.byte	0                               @ EOM(1)
	.byte	0                               @ EOM(2)
	.byte	6                               @ Abbreviation Code
	.byte	53                              @ DW_TAG_volatile_type
	.byte	0                               @ DW_CHILDREN_no
	.byte	73                              @ DW_AT_type
	.byte	19                              @ DW_FORM_ref4
	.byte	0                               @ EOM(1)
	.byte	0                               @ EOM(2)
	.byte	7                               @ Abbreviation Code
	.byte	22                              @ DW_TAG_typedef
	.byte	0                               @ DW_CHILDREN_no
	.byte	73                              @ DW_AT_type
	.byte	19                              @ DW_FORM_ref4
	.byte	3                               @ DW_AT_name
	.byte	14                              @ DW_FORM_strp
	.byte	58                              @ DW_AT_decl_file
	.byte	11                              @ DW_FORM_data1
	.byte	59                              @ DW_AT_decl_line
	.byte	11                              @ DW_FORM_data1
	.byte	0                               @ EOM(1)
	.byte	0                               @ EOM(2)
	.byte	8                               @ Abbreviation Code
	.byte	36                              @ DW_TAG_base_type
	.byte	0                               @ DW_CHILDREN_no
	.byte	3                               @ DW_AT_name
	.byte	14                              @ DW_FORM_strp
	.byte	62                              @ DW_AT_encoding
	.byte	11                              @ DW_FORM_data1
	.byte	11                              @ DW_AT_byte_size
	.byte	11                              @ DW_FORM_data1
	.byte	0                               @ EOM(1)
	.byte	0                               @ EOM(2)
	.byte	9                               @ Abbreviation Code
	.byte	38                              @ DW_TAG_const_type
	.byte	0                               @ DW_CHILDREN_no
	.byte	73                              @ DW_AT_type
	.byte	19                              @ DW_FORM_ref4
	.byte	0                               @ EOM(1)
	.byte	0                               @ EOM(2)
	.byte	10                              @ Abbreviation Code
	.byte	1                               @ DW_TAG_array_type
	.byte	1                               @ DW_CHILDREN_yes
	.byte	73                              @ DW_AT_type
	.byte	19                              @ DW_FORM_ref4
	.byte	0                               @ EOM(1)
	.byte	0                               @ EOM(2)
	.byte	11                              @ Abbreviation Code
	.byte	33                              @ DW_TAG_subrange_type
	.byte	0                               @ DW_CHILDREN_no
	.byte	73                              @ DW_AT_type
	.byte	19                              @ DW_FORM_ref4
	.byte	55                              @ DW_AT_count
	.byte	11                              @ DW_FORM_data1
	.byte	0                               @ EOM(1)
	.byte	0                               @ EOM(2)
	.byte	12                              @ Abbreviation Code
	.byte	36                              @ DW_TAG_base_type
	.byte	0                               @ DW_CHILDREN_no
	.byte	3                               @ DW_AT_name
	.byte	14                              @ DW_FORM_strp
	.byte	11                              @ DW_AT_byte_size
	.byte	11                              @ DW_FORM_data1
	.byte	62                              @ DW_AT_encoding
	.byte	11                              @ DW_FORM_data1
	.byte	0                               @ EOM(1)
	.byte	0                               @ EOM(2)
	.byte	13                              @ Abbreviation Code
	.byte	19                              @ DW_TAG_structure_type
	.byte	1                               @ DW_CHILDREN_yes
	.byte	11                              @ DW_AT_byte_size
	.byte	5                               @ DW_FORM_data2
	.byte	58                              @ DW_AT_decl_file
	.byte	11                              @ DW_FORM_data1
	.byte	59                              @ DW_AT_decl_line
	.byte	11                              @ DW_FORM_data1
	.byte	0                               @ EOM(1)
	.byte	0                               @ EOM(2)
	.byte	14                              @ Abbreviation Code
	.byte	13                              @ DW_TAG_member
	.byte	0                               @ DW_CHILDREN_no
	.byte	3                               @ DW_AT_name
	.byte	14                              @ DW_FORM_strp
	.byte	73                              @ DW_AT_type
	.byte	19                              @ DW_FORM_ref4
	.byte	58                              @ DW_AT_decl_file
	.byte	11                              @ DW_FORM_data1
	.byte	59                              @ DW_AT_decl_line
	.byte	5                               @ DW_FORM_data2
	.byte	56                              @ DW_AT_data_member_location
	.byte	5                               @ DW_FORM_data2
	.byte	0                               @ EOM(1)
	.byte	0                               @ EOM(2)
	.byte	15                              @ Abbreviation Code
	.byte	33                              @ DW_TAG_subrange_type
	.byte	0                               @ DW_CHILDREN_no
	.byte	73                              @ DW_AT_type
	.byte	19                              @ DW_FORM_ref4
	.byte	55                              @ DW_AT_count
	.byte	5                               @ DW_FORM_data2
	.byte	0                               @ EOM(1)
	.byte	0                               @ EOM(2)
	.byte	16                              @ Abbreviation Code
	.byte	46                              @ DW_TAG_subprogram
	.byte	1                               @ DW_CHILDREN_yes
	.byte	17                              @ DW_AT_low_pc
	.byte	1                               @ DW_FORM_addr
	.byte	18                              @ DW_AT_high_pc
	.byte	6                               @ DW_FORM_data4
	.byte	64                              @ DW_AT_frame_base
	.byte	24                              @ DW_FORM_exprloc
	.ascii	"\227B"                         @ DW_AT_GNU_all_call_sites
	.byte	25                              @ DW_FORM_flag_present
	.byte	3                               @ DW_AT_name
	.byte	14                              @ DW_FORM_strp
	.byte	58                              @ DW_AT_decl_file
	.byte	11                              @ DW_FORM_data1
	.byte	59                              @ DW_AT_decl_line
	.byte	11                              @ DW_FORM_data1
	.byte	39                              @ DW_AT_prototyped
	.byte	25                              @ DW_FORM_flag_present
	.byte	73                              @ DW_AT_type
	.byte	19                              @ DW_FORM_ref4
	.byte	63                              @ DW_AT_external
	.byte	25                              @ DW_FORM_flag_present
	.byte	0                               @ EOM(1)
	.byte	0                               @ EOM(2)
	.byte	17                              @ Abbreviation Code
	.byte	5                               @ DW_TAG_formal_parameter
	.byte	0                               @ DW_CHILDREN_no
	.byte	2                               @ DW_AT_location
	.byte	23                              @ DW_FORM_sec_offset
	.byte	3                               @ DW_AT_name
	.byte	14                              @ DW_FORM_strp
	.byte	58                              @ DW_AT_decl_file
	.byte	11                              @ DW_FORM_data1
	.byte	59                              @ DW_AT_decl_line
	.byte	11                              @ DW_FORM_data1
	.byte	73                              @ DW_AT_type
	.byte	19                              @ DW_FORM_ref4
	.byte	0                               @ EOM(1)
	.byte	0                               @ EOM(2)
	.byte	18                              @ Abbreviation Code
	.byte	52                              @ DW_TAG_variable
	.byte	0                               @ DW_CHILDREN_no
	.byte	2                               @ DW_AT_location
	.byte	23                              @ DW_FORM_sec_offset
	.byte	3                               @ DW_AT_name
	.byte	14                              @ DW_FORM_strp
	.byte	58                              @ DW_AT_decl_file
	.byte	11                              @ DW_FORM_data1
	.byte	59                              @ DW_AT_decl_line
	.byte	11                              @ DW_FORM_data1
	.byte	73                              @ DW_AT_type
	.byte	19                              @ DW_FORM_ref4
	.byte	0                               @ EOM(1)
	.byte	0                               @ EOM(2)
	.byte	19                              @ Abbreviation Code
	.byte	46                              @ DW_TAG_subprogram
	.byte	0                               @ DW_CHILDREN_no
	.byte	3                               @ DW_AT_name
	.byte	14                              @ DW_FORM_strp
	.byte	58                              @ DW_AT_decl_file
	.byte	11                              @ DW_FORM_data1
	.byte	59                              @ DW_AT_decl_line
	.byte	5                               @ DW_FORM_data2
	.byte	39                              @ DW_AT_prototyped
	.byte	25                              @ DW_FORM_flag_present
	.byte	73                              @ DW_AT_type
	.byte	19                              @ DW_FORM_ref4
	.byte	32                              @ DW_AT_inline
	.byte	11                              @ DW_FORM_data1
	.byte	0                               @ EOM(1)
	.byte	0                               @ EOM(2)
	.byte	20                              @ Abbreviation Code
	.byte	46                              @ DW_TAG_subprogram
	.byte	1                               @ DW_CHILDREN_yes
	.byte	3                               @ DW_AT_name
	.byte	14                              @ DW_FORM_strp
	.byte	58                              @ DW_AT_decl_file
	.byte	11                              @ DW_FORM_data1
	.byte	59                              @ DW_AT_decl_line
	.byte	5                               @ DW_FORM_data2
	.byte	39                              @ DW_AT_prototyped
	.byte	25                              @ DW_FORM_flag_present
	.byte	32                              @ DW_AT_inline
	.byte	11                              @ DW_FORM_data1
	.byte	0                               @ EOM(1)
	.byte	0                               @ EOM(2)
	.byte	21                              @ Abbreviation Code
	.byte	52                              @ DW_TAG_variable
	.byte	0                               @ DW_CHILDREN_no
	.byte	3                               @ DW_AT_name
	.byte	14                              @ DW_FORM_strp
	.byte	58                              @ DW_AT_decl_file
	.byte	11                              @ DW_FORM_data1
	.byte	59                              @ DW_AT_decl_line
	.byte	5                               @ DW_FORM_data2
	.byte	73                              @ DW_AT_type
	.byte	19                              @ DW_FORM_ref4
	.byte	0                               @ EOM(1)
	.byte	0                               @ EOM(2)
	.byte	22                              @ Abbreviation Code
	.byte	46                              @ DW_TAG_subprogram
	.byte	0                               @ DW_CHILDREN_no
	.byte	3                               @ DW_AT_name
	.byte	14                              @ DW_FORM_strp
	.byte	58                              @ DW_AT_decl_file
	.byte	11                              @ DW_FORM_data1
	.byte	59                              @ DW_AT_decl_line
	.byte	5                               @ DW_FORM_data2
	.byte	39                              @ DW_AT_prototyped
	.byte	25                              @ DW_FORM_flag_present
	.byte	32                              @ DW_AT_inline
	.byte	11                              @ DW_FORM_data1
	.byte	0                               @ EOM(1)
	.byte	0                               @ EOM(2)
	.byte	23                              @ Abbreviation Code
	.byte	5                               @ DW_TAG_formal_parameter
	.byte	0                               @ DW_CHILDREN_no
	.byte	2                               @ DW_AT_location
	.byte	24                              @ DW_FORM_exprloc
	.byte	3                               @ DW_AT_name
	.byte	14                              @ DW_FORM_strp
	.byte	58                              @ DW_AT_decl_file
	.byte	11                              @ DW_FORM_data1
	.byte	59                              @ DW_AT_decl_line
	.byte	11                              @ DW_FORM_data1
	.byte	73                              @ DW_AT_type
	.byte	19                              @ DW_FORM_ref4
	.byte	0                               @ EOM(1)
	.byte	0                               @ EOM(2)
	.byte	24                              @ Abbreviation Code
	.byte	52                              @ DW_TAG_variable
	.byte	0                               @ DW_CHILDREN_no
	.byte	3                               @ DW_AT_name
	.byte	14                              @ DW_FORM_strp
	.byte	58                              @ DW_AT_decl_file
	.byte	11                              @ DW_FORM_data1
	.byte	59                              @ DW_AT_decl_line
	.byte	11                              @ DW_FORM_data1
	.byte	73                              @ DW_AT_type
	.byte	19                              @ DW_FORM_ref4
	.byte	0                               @ EOM(1)
	.byte	0                               @ EOM(2)
	.byte	25                              @ Abbreviation Code
	.byte	29                              @ DW_TAG_inlined_subroutine
	.byte	0                               @ DW_CHILDREN_no
	.byte	49                              @ DW_AT_abstract_origin
	.byte	19                              @ DW_FORM_ref4
	.byte	17                              @ DW_AT_low_pc
	.byte	1                               @ DW_FORM_addr
	.byte	18                              @ DW_AT_high_pc
	.byte	6                               @ DW_FORM_data4
	.byte	88                              @ DW_AT_call_file
	.byte	11                              @ DW_FORM_data1
	.byte	89                              @ DW_AT_call_line
	.byte	11                              @ DW_FORM_data1
	.byte	87                              @ DW_AT_call_column
	.byte	11                              @ DW_FORM_data1
	.byte	0                               @ EOM(1)
	.byte	0                               @ EOM(2)
	.byte	26                              @ Abbreviation Code
	.byte	29                              @ DW_TAG_inlined_subroutine
	.byte	1                               @ DW_CHILDREN_yes
	.byte	49                              @ DW_AT_abstract_origin
	.byte	19                              @ DW_FORM_ref4
	.byte	17                              @ DW_AT_low_pc
	.byte	1                               @ DW_FORM_addr
	.byte	18                              @ DW_AT_high_pc
	.byte	6                               @ DW_FORM_data4
	.byte	88                              @ DW_AT_call_file
	.byte	11                              @ DW_FORM_data1
	.byte	89                              @ DW_AT_call_line
	.byte	11                              @ DW_FORM_data1
	.byte	87                              @ DW_AT_call_column
	.byte	11                              @ DW_FORM_data1
	.byte	0                               @ EOM(1)
	.byte	0                               @ EOM(2)
	.byte	27                              @ Abbreviation Code
	.byte	52                              @ DW_TAG_variable
	.byte	0                               @ DW_CHILDREN_no
	.byte	2                               @ DW_AT_location
	.byte	23                              @ DW_FORM_sec_offset
	.byte	49                              @ DW_AT_abstract_origin
	.byte	19                              @ DW_FORM_ref4
	.byte	0                               @ EOM(1)
	.byte	0                               @ EOM(2)
	.byte	28                              @ Abbreviation Code
	.byte	46                              @ DW_TAG_subprogram
	.byte	1                               @ DW_CHILDREN_yes
	.byte	17                              @ DW_AT_low_pc
	.byte	1                               @ DW_FORM_addr
	.byte	18                              @ DW_AT_high_pc
	.byte	6                               @ DW_FORM_data4
	.byte	64                              @ DW_AT_frame_base
	.byte	24                              @ DW_FORM_exprloc
	.ascii	"\227B"                         @ DW_AT_GNU_all_call_sites
	.byte	25                              @ DW_FORM_flag_present
	.byte	3                               @ DW_AT_name
	.byte	14                              @ DW_FORM_strp
	.byte	58                              @ DW_AT_decl_file
	.byte	11                              @ DW_FORM_data1
	.byte	59                              @ DW_AT_decl_line
	.byte	11                              @ DW_FORM_data1
	.byte	39                              @ DW_AT_prototyped
	.byte	25                              @ DW_FORM_flag_present
	.byte	63                              @ DW_AT_external
	.byte	25                              @ DW_FORM_flag_present
	.byte	0                               @ EOM(1)
	.byte	0                               @ EOM(2)
	.byte	29                              @ Abbreviation Code
	.byte	46                              @ DW_TAG_subprogram
	.byte	1                               @ DW_CHILDREN_yes
	.byte	17                              @ DW_AT_low_pc
	.byte	1                               @ DW_FORM_addr
	.byte	18                              @ DW_AT_high_pc
	.byte	6                               @ DW_FORM_data4
	.byte	64                              @ DW_AT_frame_base
	.byte	24                              @ DW_FORM_exprloc
	.ascii	"\227B"                         @ DW_AT_GNU_all_call_sites
	.byte	25                              @ DW_FORM_flag_present
	.byte	3                               @ DW_AT_name
	.byte	14                              @ DW_FORM_strp
	.byte	58                              @ DW_AT_decl_file
	.byte	11                              @ DW_FORM_data1
	.byte	59                              @ DW_AT_decl_line
	.byte	5                               @ DW_FORM_data2
	.byte	39                              @ DW_AT_prototyped
	.byte	25                              @ DW_FORM_flag_present
	.byte	63                              @ DW_AT_external
	.byte	25                              @ DW_FORM_flag_present
	.byte	0                               @ EOM(1)
	.byte	0                               @ EOM(2)
	.byte	30                              @ Abbreviation Code
	.byte	5                               @ DW_TAG_formal_parameter
	.byte	0                               @ DW_CHILDREN_no
	.byte	2                               @ DW_AT_location
	.byte	24                              @ DW_FORM_exprloc
	.byte	3                               @ DW_AT_name
	.byte	14                              @ DW_FORM_strp
	.byte	58                              @ DW_AT_decl_file
	.byte	11                              @ DW_FORM_data1
	.byte	59                              @ DW_AT_decl_line
	.byte	5                               @ DW_FORM_data2
	.byte	73                              @ DW_AT_type
	.byte	19                              @ DW_FORM_ref4
	.byte	0                               @ EOM(1)
	.byte	0                               @ EOM(2)
	.byte	31                              @ Abbreviation Code
	.byte	5                               @ DW_TAG_formal_parameter
	.byte	0                               @ DW_CHILDREN_no
	.byte	2                               @ DW_AT_location
	.byte	23                              @ DW_FORM_sec_offset
	.byte	3                               @ DW_AT_name
	.byte	14                              @ DW_FORM_strp
	.byte	58                              @ DW_AT_decl_file
	.byte	11                              @ DW_FORM_data1
	.byte	59                              @ DW_AT_decl_line
	.byte	5                               @ DW_FORM_data2
	.byte	73                              @ DW_AT_type
	.byte	19                              @ DW_FORM_ref4
	.byte	0                               @ EOM(1)
	.byte	0                               @ EOM(2)
	.byte	0                               @ EOM(3)
	.section	.debug_info,"",%progbits
.Lcu_begin0:
	.long	.Ldebug_info_end0-.Ldebug_info_start0 @ Length of Unit
.Ldebug_info_start0:
	.short	4                               @ DWARF version number
	.long	.debug_abbrev                   @ Offset Into Abbrev. Section
	.byte	4                               @ Address Size (in bytes)
	.byte	1                               @ Abbrev [1] 0xb:0xe99 DW_TAG_compile_unit
	.long	.Linfo_string0                  @ DW_AT_producer
	.short	29                              @ DW_AT_language
	.long	.Linfo_string1                  @ DW_AT_name
	.long	.Lline_table_start0             @ DW_AT_stmt_list
	.long	.Linfo_string2                  @ DW_AT_comp_dir
	.long	0                               @ DW_AT_low_pc
	.long	.Ldebug_ranges0                 @ DW_AT_ranges
	.byte	2                               @ Abbrev [2] 0x26:0x5 DW_TAG_pointer_type
	.long	43                              @ DW_AT_type
	.byte	3                               @ Abbrev [3] 0x2b:0xc DW_TAG_typedef
	.long	55                              @ DW_AT_type
	.long	.Linfo_string15                 @ DW_AT_name
	.byte	2                               @ DW_AT_decl_file
	.short	473                             @ DW_AT_decl_line
	.byte	4                               @ Abbrev [4] 0x37:0x7a DW_TAG_structure_type
	.byte	40                              @ DW_AT_byte_size
	.byte	2                               @ DW_AT_decl_file
	.byte	28                              @ DW_AT_decl_line
	.byte	5                               @ Abbrev [5] 0x3b:0xd DW_TAG_member
	.long	.Linfo_string3                  @ DW_AT_name
	.long	177                             @ DW_AT_type
	.byte	2                               @ DW_AT_decl_file
	.short	461                             @ DW_AT_decl_line
	.byte	0                               @ DW_AT_data_member_location
	.byte	5                               @ Abbrev [5] 0x48:0xd DW_TAG_member
	.long	.Linfo_string6                  @ DW_AT_name
	.long	177                             @ DW_AT_type
	.byte	2                               @ DW_AT_decl_file
	.short	462                             @ DW_AT_decl_line
	.byte	4                               @ DW_AT_data_member_location
	.byte	5                               @ Abbrev [5] 0x55:0xd DW_TAG_member
	.long	.Linfo_string7                  @ DW_AT_name
	.long	177                             @ DW_AT_type
	.byte	2                               @ DW_AT_decl_file
	.short	463                             @ DW_AT_decl_line
	.byte	8                               @ DW_AT_data_member_location
	.byte	5                               @ Abbrev [5] 0x62:0xd DW_TAG_member
	.long	.Linfo_string8                  @ DW_AT_name
	.long	177                             @ DW_AT_type
	.byte	2                               @ DW_AT_decl_file
	.short	464                             @ DW_AT_decl_line
	.byte	12                              @ DW_AT_data_member_location
	.byte	5                               @ Abbrev [5] 0x6f:0xd DW_TAG_member
	.long	.Linfo_string9                  @ DW_AT_name
	.long	177                             @ DW_AT_type
	.byte	2                               @ DW_AT_decl_file
	.short	465                             @ DW_AT_decl_line
	.byte	16                              @ DW_AT_data_member_location
	.byte	5                               @ Abbrev [5] 0x7c:0xd DW_TAG_member
	.long	.Linfo_string10                 @ DW_AT_name
	.long	200                             @ DW_AT_type
	.byte	2                               @ DW_AT_decl_file
	.short	466                             @ DW_AT_decl_line
	.byte	20                              @ DW_AT_data_member_location
	.byte	5                               @ Abbrev [5] 0x89:0xd DW_TAG_member
	.long	.Linfo_string11                 @ DW_AT_name
	.long	205                             @ DW_AT_type
	.byte	2                               @ DW_AT_decl_file
	.short	468                             @ DW_AT_decl_line
	.byte	24                              @ DW_AT_data_member_location
	.byte	5                               @ Abbrev [5] 0x96:0xd DW_TAG_member
	.long	.Linfo_string13                 @ DW_AT_name
	.long	177                             @ DW_AT_type
	.byte	2                               @ DW_AT_decl_file
	.short	470                             @ DW_AT_decl_line
	.byte	32                              @ DW_AT_data_member_location
	.byte	5                               @ Abbrev [5] 0xa3:0xd DW_TAG_member
	.long	.Linfo_string14                 @ DW_AT_name
	.long	177                             @ DW_AT_type
	.byte	2                               @ DW_AT_decl_file
	.short	471                             @ DW_AT_decl_line
	.byte	36                              @ DW_AT_data_member_location
	.byte	0                               @ End Of Children Mark
	.byte	6                               @ Abbrev [6] 0xb1:0x5 DW_TAG_volatile_type
	.long	182                             @ DW_AT_type
	.byte	7                               @ Abbrev [7] 0xb6:0xb DW_TAG_typedef
	.long	193                             @ DW_AT_type
	.long	.Linfo_string5                  @ DW_AT_name
	.byte	1                               @ DW_AT_decl_file
	.byte	64                              @ DW_AT_decl_line
	.byte	8                               @ Abbrev [8] 0xc1:0x7 DW_TAG_base_type
	.long	.Linfo_string4                  @ DW_AT_name
	.byte	7                               @ DW_AT_encoding
	.byte	4                               @ DW_AT_byte_size
	.byte	9                               @ Abbrev [9] 0xc8:0x5 DW_TAG_const_type
	.long	177                             @ DW_AT_type
	.byte	10                              @ Abbrev [10] 0xcd:0xc DW_TAG_array_type
	.long	200                             @ DW_AT_type
	.byte	11                              @ Abbrev [11] 0xd2:0x6 DW_TAG_subrange_type
	.long	217                             @ DW_AT_type
	.byte	2                               @ DW_AT_count
	.byte	0                               @ End Of Children Mark
	.byte	12                              @ Abbrev [12] 0xd9:0x7 DW_TAG_base_type
	.long	.Linfo_string12                 @ DW_AT_name
	.byte	8                               @ DW_AT_byte_size
	.byte	7                               @ DW_AT_encoding
	.byte	7                               @ Abbrev [7] 0xe0:0xb DW_TAG_typedef
	.long	235                             @ DW_AT_type
	.long	.Linfo_string17                 @ DW_AT_name
	.byte	1                               @ DW_AT_decl_file
	.byte	65                              @ DW_AT_decl_line
	.byte	8                               @ Abbrev [8] 0xeb:0x7 DW_TAG_base_type
	.long	.Linfo_string16                 @ DW_AT_name
	.byte	7                               @ DW_AT_encoding
	.byte	8                               @ DW_AT_byte_size
	.byte	7                               @ Abbrev [7] 0xf2:0xb DW_TAG_typedef
	.long	253                             @ DW_AT_type
	.long	.Linfo_string19                 @ DW_AT_name
	.byte	1                               @ DW_AT_decl_file
	.byte	63                              @ DW_AT_decl_line
	.byte	8                               @ Abbrev [8] 0xfd:0x7 DW_TAG_base_type
	.long	.Linfo_string18                 @ DW_AT_name
	.byte	7                               @ DW_AT_encoding
	.byte	2                               @ DW_AT_byte_size
	.byte	7                               @ Abbrev [7] 0x104:0xb DW_TAG_typedef
	.long	271                             @ DW_AT_type
	.long	.Linfo_string21                 @ DW_AT_name
	.byte	1                               @ DW_AT_decl_file
	.byte	62                              @ DW_AT_decl_line
	.byte	8                               @ Abbrev [8] 0x10f:0x7 DW_TAG_base_type
	.long	.Linfo_string20                 @ DW_AT_name
	.byte	8                               @ DW_AT_encoding
	.byte	1                               @ DW_AT_byte_size
	.byte	2                               @ Abbrev [2] 0x116:0x5 DW_TAG_pointer_type
	.long	283                             @ DW_AT_type
	.byte	3                               @ Abbrev [3] 0x11b:0xc DW_TAG_typedef
	.long	295                             @ DW_AT_type
	.long	.Linfo_string60                 @ DW_AT_name
	.byte	3                               @ DW_AT_decl_file
	.short	466                             @ DW_AT_decl_line
	.byte	13                              @ Abbrev [13] 0x127:0x20c DW_TAG_structure_type
	.short	448                             @ DW_AT_byte_size
	.byte	3                               @ DW_AT_decl_file
	.byte	28                              @ DW_AT_decl_line
	.byte	5                               @ Abbrev [5] 0x12c:0xd DW_TAG_member
	.long	.Linfo_string22                 @ DW_AT_name
	.long	177                             @ DW_AT_type
	.byte	3                               @ DW_AT_decl_file
	.short	427                             @ DW_AT_decl_line
	.byte	0                               @ DW_AT_data_member_location
	.byte	5                               @ Abbrev [5] 0x139:0xd DW_TAG_member
	.long	.Linfo_string23                 @ DW_AT_name
	.long	177                             @ DW_AT_type
	.byte	3                               @ DW_AT_decl_file
	.short	428                             @ DW_AT_decl_line
	.byte	4                               @ DW_AT_data_member_location
	.byte	5                               @ Abbrev [5] 0x146:0xd DW_TAG_member
	.long	.Linfo_string24                 @ DW_AT_name
	.long	177                             @ DW_AT_type
	.byte	3                               @ DW_AT_decl_file
	.short	429                             @ DW_AT_decl_line
	.byte	8                               @ DW_AT_data_member_location
	.byte	5                               @ Abbrev [5] 0x153:0xd DW_TAG_member
	.long	.Linfo_string25                 @ DW_AT_name
	.long	177                             @ DW_AT_type
	.byte	3                               @ DW_AT_decl_file
	.short	430                             @ DW_AT_decl_line
	.byte	12                              @ DW_AT_data_member_location
	.byte	5                               @ Abbrev [5] 0x160:0xd DW_TAG_member
	.long	.Linfo_string26                 @ DW_AT_name
	.long	177                             @ DW_AT_type
	.byte	3                               @ DW_AT_decl_file
	.short	431                             @ DW_AT_decl_line
	.byte	16                              @ DW_AT_data_member_location
	.byte	5                               @ Abbrev [5] 0x16d:0xd DW_TAG_member
	.long	.Linfo_string11                 @ DW_AT_name
	.long	819                             @ DW_AT_type
	.byte	3                               @ DW_AT_decl_file
	.short	432                             @ DW_AT_decl_line
	.byte	20                              @ DW_AT_data_member_location
	.byte	5                               @ Abbrev [5] 0x17a:0xd DW_TAG_member
	.long	.Linfo_string27                 @ DW_AT_name
	.long	177                             @ DW_AT_type
	.byte	3                               @ DW_AT_decl_file
	.short	433                             @ DW_AT_decl_line
	.byte	32                              @ DW_AT_data_member_location
	.byte	5                               @ Abbrev [5] 0x187:0xd DW_TAG_member
	.long	.Linfo_string28                 @ DW_AT_name
	.long	177                             @ DW_AT_type
	.byte	3                               @ DW_AT_decl_file
	.short	434                             @ DW_AT_decl_line
	.byte	36                              @ DW_AT_data_member_location
	.byte	5                               @ Abbrev [5] 0x194:0xd DW_TAG_member
	.long	.Linfo_string29                 @ DW_AT_name
	.long	177                             @ DW_AT_type
	.byte	3                               @ DW_AT_decl_file
	.short	435                             @ DW_AT_decl_line
	.byte	40                              @ DW_AT_data_member_location
	.byte	5                               @ Abbrev [5] 0x1a1:0xd DW_TAG_member
	.long	.Linfo_string30                 @ DW_AT_name
	.long	177                             @ DW_AT_type
	.byte	3                               @ DW_AT_decl_file
	.short	436                             @ DW_AT_decl_line
	.byte	44                              @ DW_AT_data_member_location
	.byte	5                               @ Abbrev [5] 0x1ae:0xd DW_TAG_member
	.long	.Linfo_string31                 @ DW_AT_name
	.long	177                             @ DW_AT_type
	.byte	3                               @ DW_AT_decl_file
	.short	437                             @ DW_AT_decl_line
	.byte	48                              @ DW_AT_data_member_location
	.byte	5                               @ Abbrev [5] 0x1bb:0xd DW_TAG_member
	.long	.Linfo_string32                 @ DW_AT_name
	.long	177                             @ DW_AT_type
	.byte	3                               @ DW_AT_decl_file
	.short	438                             @ DW_AT_decl_line
	.byte	52                              @ DW_AT_data_member_location
	.byte	5                               @ Abbrev [5] 0x1c8:0xd DW_TAG_member
	.long	.Linfo_string33                 @ DW_AT_name
	.long	831                             @ DW_AT_type
	.byte	3                               @ DW_AT_decl_file
	.short	439                             @ DW_AT_decl_line
	.byte	56                              @ DW_AT_data_member_location
	.byte	5                               @ Abbrev [5] 0x1d5:0xd DW_TAG_member
	.long	.Linfo_string34                 @ DW_AT_name
	.long	177                             @ DW_AT_type
	.byte	3                               @ DW_AT_decl_file
	.short	440                             @ DW_AT_decl_line
	.byte	60                              @ DW_AT_data_member_location
	.byte	5                               @ Abbrev [5] 0x1e2:0xd DW_TAG_member
	.long	.Linfo_string35                 @ DW_AT_name
	.long	177                             @ DW_AT_type
	.byte	3                               @ DW_AT_decl_file
	.short	441                             @ DW_AT_decl_line
	.byte	64                              @ DW_AT_data_member_location
	.byte	5                               @ Abbrev [5] 0x1ef:0xd DW_TAG_member
	.long	.Linfo_string36                 @ DW_AT_name
	.long	177                             @ DW_AT_type
	.byte	3                               @ DW_AT_decl_file
	.short	442                             @ DW_AT_decl_line
	.byte	68                              @ DW_AT_data_member_location
	.byte	5                               @ Abbrev [5] 0x1fc:0xd DW_TAG_member
	.long	.Linfo_string37                 @ DW_AT_name
	.long	177                             @ DW_AT_type
	.byte	3                               @ DW_AT_decl_file
	.short	443                             @ DW_AT_decl_line
	.byte	72                              @ DW_AT_data_member_location
	.byte	5                               @ Abbrev [5] 0x209:0xd DW_TAG_member
	.long	.Linfo_string38                 @ DW_AT_name
	.long	177                             @ DW_AT_type
	.byte	3                               @ DW_AT_decl_file
	.short	444                             @ DW_AT_decl_line
	.byte	76                              @ DW_AT_data_member_location
	.byte	5                               @ Abbrev [5] 0x216:0xd DW_TAG_member
	.long	.Linfo_string39                 @ DW_AT_name
	.long	200                             @ DW_AT_type
	.byte	3                               @ DW_AT_decl_file
	.short	445                             @ DW_AT_decl_line
	.byte	80                              @ DW_AT_data_member_location
	.byte	5                               @ Abbrev [5] 0x223:0xd DW_TAG_member
	.long	.Linfo_string40                 @ DW_AT_name
	.long	200                             @ DW_AT_type
	.byte	3                               @ DW_AT_decl_file
	.short	446                             @ DW_AT_decl_line
	.byte	84                              @ DW_AT_data_member_location
	.byte	5                               @ Abbrev [5] 0x230:0xd DW_TAG_member
	.long	.Linfo_string41                 @ DW_AT_name
	.long	200                             @ DW_AT_type
	.byte	3                               @ DW_AT_decl_file
	.short	447                             @ DW_AT_decl_line
	.byte	88                              @ DW_AT_data_member_location
	.byte	5                               @ Abbrev [5] 0x23d:0xd DW_TAG_member
	.long	.Linfo_string42                 @ DW_AT_name
	.long	200                             @ DW_AT_type
	.byte	3                               @ DW_AT_decl_file
	.short	448                             @ DW_AT_decl_line
	.byte	92                              @ DW_AT_data_member_location
	.byte	5                               @ Abbrev [5] 0x24a:0xd DW_TAG_member
	.long	.Linfo_string43                 @ DW_AT_name
	.long	177                             @ DW_AT_type
	.byte	3                               @ DW_AT_decl_file
	.short	449                             @ DW_AT_decl_line
	.byte	96                              @ DW_AT_data_member_location
	.byte	5                               @ Abbrev [5] 0x257:0xd DW_TAG_member
	.long	.Linfo_string44                 @ DW_AT_name
	.long	843                             @ DW_AT_type
	.byte	3                               @ DW_AT_decl_file
	.short	450                             @ DW_AT_decl_line
	.byte	100                             @ DW_AT_data_member_location
	.byte	5                               @ Abbrev [5] 0x264:0xd DW_TAG_member
	.long	.Linfo_string45                 @ DW_AT_name
	.long	177                             @ DW_AT_type
	.byte	3                               @ DW_AT_decl_file
	.short	451                             @ DW_AT_decl_line
	.byte	128                             @ DW_AT_data_member_location
	.byte	5                               @ Abbrev [5] 0x271:0xd DW_TAG_member
	.long	.Linfo_string46                 @ DW_AT_name
	.long	177                             @ DW_AT_type
	.byte	3                               @ DW_AT_decl_file
	.short	452                             @ DW_AT_decl_line
	.byte	132                             @ DW_AT_data_member_location
	.byte	5                               @ Abbrev [5] 0x27e:0xd DW_TAG_member
	.long	.Linfo_string47                 @ DW_AT_name
	.long	177                             @ DW_AT_type
	.byte	3                               @ DW_AT_decl_file
	.short	453                             @ DW_AT_decl_line
	.byte	136                             @ DW_AT_data_member_location
	.byte	5                               @ Abbrev [5] 0x28b:0xd DW_TAG_member
	.long	.Linfo_string48                 @ DW_AT_name
	.long	855                             @ DW_AT_type
	.byte	3                               @ DW_AT_decl_file
	.short	454                             @ DW_AT_decl_line
	.byte	140                             @ DW_AT_data_member_location
	.byte	14                              @ Abbrev [14] 0x298:0xe DW_TAG_member
	.long	.Linfo_string49                 @ DW_AT_name
	.long	177                             @ DW_AT_type
	.byte	3                               @ DW_AT_decl_file
	.short	455                             @ DW_AT_decl_line
	.short	256                             @ DW_AT_data_member_location
	.byte	14                              @ Abbrev [14] 0x2a6:0xe DW_TAG_member
	.long	.Linfo_string50                 @ DW_AT_name
	.long	177                             @ DW_AT_type
	.byte	3                               @ DW_AT_decl_file
	.short	456                             @ DW_AT_decl_line
	.short	260                             @ DW_AT_data_member_location
	.byte	14                              @ Abbrev [14] 0x2b4:0xe DW_TAG_member
	.long	.Linfo_string51                 @ DW_AT_name
	.long	205                             @ DW_AT_type
	.byte	3                               @ DW_AT_decl_file
	.short	457                             @ DW_AT_decl_line
	.short	264                             @ DW_AT_data_member_location
	.byte	14                              @ Abbrev [14] 0x2c2:0xe DW_TAG_member
	.long	.Linfo_string52                 @ DW_AT_name
	.long	177                             @ DW_AT_type
	.byte	3                               @ DW_AT_decl_file
	.short	458                             @ DW_AT_decl_line
	.short	272                             @ DW_AT_data_member_location
	.byte	14                              @ Abbrev [14] 0x2d0:0xe DW_TAG_member
	.long	.Linfo_string53                 @ DW_AT_name
	.long	200                             @ DW_AT_type
	.byte	3                               @ DW_AT_decl_file
	.short	459                             @ DW_AT_decl_line
	.short	276                             @ DW_AT_data_member_location
	.byte	14                              @ Abbrev [14] 0x2de:0xe DW_TAG_member
	.long	.Linfo_string54                 @ DW_AT_name
	.long	205                             @ DW_AT_type
	.byte	3                               @ DW_AT_decl_file
	.short	460                             @ DW_AT_decl_line
	.short	280                             @ DW_AT_data_member_location
	.byte	14                              @ Abbrev [14] 0x2ec:0xe DW_TAG_member
	.long	.Linfo_string55                 @ DW_AT_name
	.long	177                             @ DW_AT_type
	.byte	3                               @ DW_AT_decl_file
	.short	461                             @ DW_AT_decl_line
	.short	288                             @ DW_AT_data_member_location
	.byte	14                              @ Abbrev [14] 0x2fa:0xe DW_TAG_member
	.long	.Linfo_string56                 @ DW_AT_name
	.long	200                             @ DW_AT_type
	.byte	3                               @ DW_AT_decl_file
	.short	462                             @ DW_AT_decl_line
	.short	292                             @ DW_AT_data_member_location
	.byte	14                              @ Abbrev [14] 0x308:0xe DW_TAG_member
	.long	.Linfo_string57                 @ DW_AT_name
	.long	867                             @ DW_AT_type
	.byte	3                               @ DW_AT_decl_file
	.short	463                             @ DW_AT_decl_line
	.short	296                             @ DW_AT_data_member_location
	.byte	14                              @ Abbrev [14] 0x316:0xe DW_TAG_member
	.long	.Linfo_string58                 @ DW_AT_name
	.long	879                             @ DW_AT_type
	.byte	3                               @ DW_AT_decl_file
	.short	464                             @ DW_AT_decl_line
	.short	320                             @ DW_AT_data_member_location
	.byte	14                              @ Abbrev [14] 0x324:0xe DW_TAG_member
	.long	.Linfo_string59                 @ DW_AT_name
	.long	891                             @ DW_AT_type
	.byte	3                               @ DW_AT_decl_file
	.short	465                             @ DW_AT_decl_line
	.short	384                             @ DW_AT_data_member_location
	.byte	0                               @ End Of Children Mark
	.byte	10                              @ Abbrev [10] 0x333:0xc DW_TAG_array_type
	.long	200                             @ DW_AT_type
	.byte	11                              @ Abbrev [11] 0x338:0x6 DW_TAG_subrange_type
	.long	217                             @ DW_AT_type
	.byte	3                               @ DW_AT_count
	.byte	0                               @ End Of Children Mark
	.byte	10                              @ Abbrev [10] 0x33f:0xc DW_TAG_array_type
	.long	200                             @ DW_AT_type
	.byte	11                              @ Abbrev [11] 0x344:0x6 DW_TAG_subrange_type
	.long	217                             @ DW_AT_type
	.byte	1                               @ DW_AT_count
	.byte	0                               @ End Of Children Mark
	.byte	10                              @ Abbrev [10] 0x34b:0xc DW_TAG_array_type
	.long	200                             @ DW_AT_type
	.byte	11                              @ Abbrev [11] 0x350:0x6 DW_TAG_subrange_type
	.long	217                             @ DW_AT_type
	.byte	7                               @ DW_AT_count
	.byte	0                               @ End Of Children Mark
	.byte	10                              @ Abbrev [10] 0x357:0xc DW_TAG_array_type
	.long	200                             @ DW_AT_type
	.byte	11                              @ Abbrev [11] 0x35c:0x6 DW_TAG_subrange_type
	.long	217                             @ DW_AT_type
	.byte	29                              @ DW_AT_count
	.byte	0                               @ End Of Children Mark
	.byte	10                              @ Abbrev [10] 0x363:0xc DW_TAG_array_type
	.long	200                             @ DW_AT_type
	.byte	11                              @ Abbrev [11] 0x368:0x6 DW_TAG_subrange_type
	.long	217                             @ DW_AT_type
	.byte	6                               @ DW_AT_count
	.byte	0                               @ End Of Children Mark
	.byte	10                              @ Abbrev [10] 0x36f:0xc DW_TAG_array_type
	.long	177                             @ DW_AT_type
	.byte	11                              @ Abbrev [11] 0x374:0x6 DW_TAG_subrange_type
	.long	217                             @ DW_AT_type
	.byte	16                              @ DW_AT_count
	.byte	0                               @ End Of Children Mark
	.byte	10                              @ Abbrev [10] 0x37b:0xc DW_TAG_array_type
	.long	200                             @ DW_AT_type
	.byte	11                              @ Abbrev [11] 0x380:0x6 DW_TAG_subrange_type
	.long	217                             @ DW_AT_type
	.byte	16                              @ DW_AT_count
	.byte	0                               @ End Of Children Mark
	.byte	2                               @ Abbrev [2] 0x387:0x5 DW_TAG_pointer_type
	.long	908                             @ DW_AT_type
	.byte	3                               @ Abbrev [3] 0x38c:0xc DW_TAG_typedef
	.long	920                             @ DW_AT_type
	.long	.Linfo_string200                @ DW_AT_name
	.byte	4                               @ DW_AT_decl_file
	.short	3508                            @ DW_AT_decl_line
	.byte	13                              @ Abbrev [13] 0x398:0x7e5 DW_TAG_structure_type
	.short	3740                            @ DW_AT_byte_size
	.byte	4                               @ DW_AT_decl_file
	.byte	27                              @ DW_AT_decl_line
	.byte	5                               @ Abbrev [5] 0x39d:0xd DW_TAG_member
	.long	.Linfo_string61                 @ DW_AT_name
	.long	200                             @ DW_AT_type
	.byte	4                               @ DW_AT_decl_file
	.short	3361                            @ DW_AT_decl_line
	.byte	0                               @ DW_AT_data_member_location
	.byte	5                               @ Abbrev [5] 0x3aa:0xd DW_TAG_member
	.long	.Linfo_string62                 @ DW_AT_name
	.long	177                             @ DW_AT_type
	.byte	4                               @ DW_AT_decl_file
	.short	3362                            @ DW_AT_decl_line
	.byte	4                               @ DW_AT_data_member_location
	.byte	5                               @ Abbrev [5] 0x3b7:0xd DW_TAG_member
	.long	.Linfo_string63                 @ DW_AT_name
	.long	177                             @ DW_AT_type
	.byte	4                               @ DW_AT_decl_file
	.short	3363                            @ DW_AT_decl_line
	.byte	8                               @ DW_AT_data_member_location
	.byte	5                               @ Abbrev [5] 0x3c4:0xd DW_TAG_member
	.long	.Linfo_string64                 @ DW_AT_name
	.long	177                             @ DW_AT_type
	.byte	4                               @ DW_AT_decl_file
	.short	3364                            @ DW_AT_decl_line
	.byte	12                              @ DW_AT_data_member_location
	.byte	5                               @ Abbrev [5] 0x3d1:0xd DW_TAG_member
	.long	.Linfo_string65                 @ DW_AT_name
	.long	177                             @ DW_AT_type
	.byte	4                               @ DW_AT_decl_file
	.short	3365                            @ DW_AT_decl_line
	.byte	16                              @ DW_AT_data_member_location
	.byte	5                               @ Abbrev [5] 0x3de:0xd DW_TAG_member
	.long	.Linfo_string66                 @ DW_AT_name
	.long	177                             @ DW_AT_type
	.byte	4                               @ DW_AT_decl_file
	.short	3366                            @ DW_AT_decl_line
	.byte	20                              @ DW_AT_data_member_location
	.byte	5                               @ Abbrev [5] 0x3eb:0xd DW_TAG_member
	.long	.Linfo_string67                 @ DW_AT_name
	.long	200                             @ DW_AT_type
	.byte	4                               @ DW_AT_decl_file
	.short	3367                            @ DW_AT_decl_line
	.byte	24                              @ DW_AT_data_member_location
	.byte	5                               @ Abbrev [5] 0x3f8:0xd DW_TAG_member
	.long	.Linfo_string11                 @ DW_AT_name
	.long	831                             @ DW_AT_type
	.byte	4                               @ DW_AT_decl_file
	.short	3368                            @ DW_AT_decl_line
	.byte	28                              @ DW_AT_data_member_location
	.byte	5                               @ Abbrev [5] 0x405:0xd DW_TAG_member
	.long	.Linfo_string68                 @ DW_AT_name
	.long	177                             @ DW_AT_type
	.byte	4                               @ DW_AT_decl_file
	.short	3369                            @ DW_AT_decl_line
	.byte	32                              @ DW_AT_data_member_location
	.byte	5                               @ Abbrev [5] 0x412:0xd DW_TAG_member
	.long	.Linfo_string69                 @ DW_AT_name
	.long	177                             @ DW_AT_type
	.byte	4                               @ DW_AT_decl_file
	.short	3370                            @ DW_AT_decl_line
	.byte	36                              @ DW_AT_data_member_location
	.byte	5                               @ Abbrev [5] 0x41f:0xd DW_TAG_member
	.long	.Linfo_string70                 @ DW_AT_name
	.long	177                             @ DW_AT_type
	.byte	4                               @ DW_AT_decl_file
	.short	3371                            @ DW_AT_decl_line
	.byte	40                              @ DW_AT_data_member_location
	.byte	5                               @ Abbrev [5] 0x42c:0xd DW_TAG_member
	.long	.Linfo_string71                 @ DW_AT_name
	.long	177                             @ DW_AT_type
	.byte	4                               @ DW_AT_decl_file
	.short	3372                            @ DW_AT_decl_line
	.byte	44                              @ DW_AT_data_member_location
	.byte	5                               @ Abbrev [5] 0x439:0xd DW_TAG_member
	.long	.Linfo_string72                 @ DW_AT_name
	.long	177                             @ DW_AT_type
	.byte	4                               @ DW_AT_decl_file
	.short	3373                            @ DW_AT_decl_line
	.byte	48                              @ DW_AT_data_member_location
	.byte	5                               @ Abbrev [5] 0x446:0xd DW_TAG_member
	.long	.Linfo_string73                 @ DW_AT_name
	.long	177                             @ DW_AT_type
	.byte	4                               @ DW_AT_decl_file
	.short	3374                            @ DW_AT_decl_line
	.byte	52                              @ DW_AT_data_member_location
	.byte	5                               @ Abbrev [5] 0x453:0xd DW_TAG_member
	.long	.Linfo_string74                 @ DW_AT_name
	.long	177                             @ DW_AT_type
	.byte	4                               @ DW_AT_decl_file
	.short	3375                            @ DW_AT_decl_line
	.byte	56                              @ DW_AT_data_member_location
	.byte	5                               @ Abbrev [5] 0x460:0xd DW_TAG_member
	.long	.Linfo_string33                 @ DW_AT_name
	.long	831                             @ DW_AT_type
	.byte	4                               @ DW_AT_decl_file
	.short	3376                            @ DW_AT_decl_line
	.byte	60                              @ DW_AT_data_member_location
	.byte	5                               @ Abbrev [5] 0x46d:0xd DW_TAG_member
	.long	.Linfo_string75                 @ DW_AT_name
	.long	177                             @ DW_AT_type
	.byte	4                               @ DW_AT_decl_file
	.short	3377                            @ DW_AT_decl_line
	.byte	64                              @ DW_AT_data_member_location
	.byte	5                               @ Abbrev [5] 0x47a:0xd DW_TAG_member
	.long	.Linfo_string44                 @ DW_AT_name
	.long	2941                            @ DW_AT_type
	.byte	4                               @ DW_AT_decl_file
	.short	3378                            @ DW_AT_decl_line
	.byte	68                              @ DW_AT_data_member_location
	.byte	5                               @ Abbrev [5] 0x487:0xd DW_TAG_member
	.long	.Linfo_string76                 @ DW_AT_name
	.long	177                             @ DW_AT_type
	.byte	4                               @ DW_AT_decl_file
	.short	3379                            @ DW_AT_decl_line
	.byte	128                             @ DW_AT_data_member_location
	.byte	5                               @ Abbrev [5] 0x494:0xd DW_TAG_member
	.long	.Linfo_string77                 @ DW_AT_name
	.long	177                             @ DW_AT_type
	.byte	4                               @ DW_AT_decl_file
	.short	3380                            @ DW_AT_decl_line
	.byte	132                             @ DW_AT_data_member_location
	.byte	5                               @ Abbrev [5] 0x4a1:0xd DW_TAG_member
	.long	.Linfo_string78                 @ DW_AT_name
	.long	177                             @ DW_AT_type
	.byte	4                               @ DW_AT_decl_file
	.short	3381                            @ DW_AT_decl_line
	.byte	136                             @ DW_AT_data_member_location
	.byte	5                               @ Abbrev [5] 0x4ae:0xd DW_TAG_member
	.long	.Linfo_string79                 @ DW_AT_name
	.long	177                             @ DW_AT_type
	.byte	4                               @ DW_AT_decl_file
	.short	3382                            @ DW_AT_decl_line
	.byte	140                             @ DW_AT_data_member_location
	.byte	5                               @ Abbrev [5] 0x4bb:0xd DW_TAG_member
	.long	.Linfo_string80                 @ DW_AT_name
	.long	177                             @ DW_AT_type
	.byte	4                               @ DW_AT_decl_file
	.short	3383                            @ DW_AT_decl_line
	.byte	144                             @ DW_AT_data_member_location
	.byte	5                               @ Abbrev [5] 0x4c8:0xd DW_TAG_member
	.long	.Linfo_string81                 @ DW_AT_name
	.long	177                             @ DW_AT_type
	.byte	4                               @ DW_AT_decl_file
	.short	3384                            @ DW_AT_decl_line
	.byte	148                             @ DW_AT_data_member_location
	.byte	5                               @ Abbrev [5] 0x4d5:0xd DW_TAG_member
	.long	.Linfo_string82                 @ DW_AT_name
	.long	177                             @ DW_AT_type
	.byte	4                               @ DW_AT_decl_file
	.short	3385                            @ DW_AT_decl_line
	.byte	152                             @ DW_AT_data_member_location
	.byte	5                               @ Abbrev [5] 0x4e2:0xd DW_TAG_member
	.long	.Linfo_string83                 @ DW_AT_name
	.long	177                             @ DW_AT_type
	.byte	4                               @ DW_AT_decl_file
	.short	3386                            @ DW_AT_decl_line
	.byte	156                             @ DW_AT_data_member_location
	.byte	5                               @ Abbrev [5] 0x4ef:0xd DW_TAG_member
	.long	.Linfo_string84                 @ DW_AT_name
	.long	177                             @ DW_AT_type
	.byte	4                               @ DW_AT_decl_file
	.short	3387                            @ DW_AT_decl_line
	.byte	160                             @ DW_AT_data_member_location
	.byte	5                               @ Abbrev [5] 0x4fc:0xd DW_TAG_member
	.long	.Linfo_string85                 @ DW_AT_name
	.long	177                             @ DW_AT_type
	.byte	4                               @ DW_AT_decl_file
	.short	3388                            @ DW_AT_decl_line
	.byte	164                             @ DW_AT_data_member_location
	.byte	5                               @ Abbrev [5] 0x509:0xd DW_TAG_member
	.long	.Linfo_string48                 @ DW_AT_name
	.long	2953                            @ DW_AT_type
	.byte	4                               @ DW_AT_decl_file
	.short	3389                            @ DW_AT_decl_line
	.byte	168                             @ DW_AT_data_member_location
	.byte	14                              @ Abbrev [14] 0x516:0xe DW_TAG_member
	.long	.Linfo_string86                 @ DW_AT_name
	.long	177                             @ DW_AT_type
	.byte	4                               @ DW_AT_decl_file
	.short	3390                            @ DW_AT_decl_line
	.short	256                             @ DW_AT_data_member_location
	.byte	14                              @ Abbrev [14] 0x524:0xe DW_TAG_member
	.long	.Linfo_string51                 @ DW_AT_name
	.long	819                             @ DW_AT_type
	.byte	4                               @ DW_AT_decl_file
	.short	3391                            @ DW_AT_decl_line
	.short	260                             @ DW_AT_data_member_location
	.byte	14                              @ Abbrev [14] 0x532:0xe DW_TAG_member
	.long	.Linfo_string87                 @ DW_AT_name
	.long	177                             @ DW_AT_type
	.byte	4                               @ DW_AT_decl_file
	.short	3392                            @ DW_AT_decl_line
	.short	272                             @ DW_AT_data_member_location
	.byte	14                              @ Abbrev [14] 0x540:0xe DW_TAG_member
	.long	.Linfo_string88                 @ DW_AT_name
	.long	177                             @ DW_AT_type
	.byte	4                               @ DW_AT_decl_file
	.short	3393                            @ DW_AT_decl_line
	.short	276                             @ DW_AT_data_member_location
	.byte	14                              @ Abbrev [14] 0x54e:0xe DW_TAG_member
	.long	.Linfo_string89                 @ DW_AT_name
	.long	177                             @ DW_AT_type
	.byte	4                               @ DW_AT_decl_file
	.short	3394                            @ DW_AT_decl_line
	.short	280                             @ DW_AT_data_member_location
	.byte	14                              @ Abbrev [14] 0x55c:0xe DW_TAG_member
	.long	.Linfo_string54                 @ DW_AT_name
	.long	831                             @ DW_AT_type
	.byte	4                               @ DW_AT_decl_file
	.short	3395                            @ DW_AT_decl_line
	.short	284                             @ DW_AT_data_member_location
	.byte	14                              @ Abbrev [14] 0x56a:0xe DW_TAG_member
	.long	.Linfo_string90                 @ DW_AT_name
	.long	177                             @ DW_AT_type
	.byte	4                               @ DW_AT_decl_file
	.short	3396                            @ DW_AT_decl_line
	.short	288                             @ DW_AT_data_member_location
	.byte	14                              @ Abbrev [14] 0x578:0xe DW_TAG_member
	.long	.Linfo_string91                 @ DW_AT_name
	.long	177                             @ DW_AT_type
	.byte	4                               @ DW_AT_decl_file
	.short	3397                            @ DW_AT_decl_line
	.short	292                             @ DW_AT_data_member_location
	.byte	14                              @ Abbrev [14] 0x586:0xe DW_TAG_member
	.long	.Linfo_string92                 @ DW_AT_name
	.long	177                             @ DW_AT_type
	.byte	4                               @ DW_AT_decl_file
	.short	3398                            @ DW_AT_decl_line
	.short	296                             @ DW_AT_data_member_location
	.byte	14                              @ Abbrev [14] 0x594:0xe DW_TAG_member
	.long	.Linfo_string57                 @ DW_AT_name
	.long	831                             @ DW_AT_type
	.byte	4                               @ DW_AT_decl_file
	.short	3399                            @ DW_AT_decl_line
	.short	300                             @ DW_AT_data_member_location
	.byte	14                              @ Abbrev [14] 0x5a2:0xe DW_TAG_member
	.long	.Linfo_string93                 @ DW_AT_name
	.long	177                             @ DW_AT_type
	.byte	4                               @ DW_AT_decl_file
	.short	3400                            @ DW_AT_decl_line
	.short	304                             @ DW_AT_data_member_location
	.byte	14                              @ Abbrev [14] 0x5b0:0xe DW_TAG_member
	.long	.Linfo_string94                 @ DW_AT_name
	.long	177                             @ DW_AT_type
	.byte	4                               @ DW_AT_decl_file
	.short	3401                            @ DW_AT_decl_line
	.short	308                             @ DW_AT_data_member_location
	.byte	14                              @ Abbrev [14] 0x5be:0xe DW_TAG_member
	.long	.Linfo_string95                 @ DW_AT_name
	.long	177                             @ DW_AT_type
	.byte	4                               @ DW_AT_decl_file
	.short	3402                            @ DW_AT_decl_line
	.short	312                             @ DW_AT_data_member_location
	.byte	14                              @ Abbrev [14] 0x5cc:0xe DW_TAG_member
	.long	.Linfo_string96                 @ DW_AT_name
	.long	2965                            @ DW_AT_type
	.byte	4                               @ DW_AT_decl_file
	.short	3403                            @ DW_AT_decl_line
	.short	316                             @ DW_AT_data_member_location
	.byte	14                              @ Abbrev [14] 0x5da:0xe DW_TAG_member
	.long	.Linfo_string97                 @ DW_AT_name
	.long	177                             @ DW_AT_type
	.byte	4                               @ DW_AT_decl_file
	.short	3404                            @ DW_AT_decl_line
	.short	512                             @ DW_AT_data_member_location
	.byte	14                              @ Abbrev [14] 0x5e8:0xe DW_TAG_member
	.long	.Linfo_string98                 @ DW_AT_name
	.long	177                             @ DW_AT_type
	.byte	4                               @ DW_AT_decl_file
	.short	3405                            @ DW_AT_decl_line
	.short	516                             @ DW_AT_data_member_location
	.byte	14                              @ Abbrev [14] 0x5f6:0xe DW_TAG_member
	.long	.Linfo_string99                 @ DW_AT_name
	.long	177                             @ DW_AT_type
	.byte	4                               @ DW_AT_decl_file
	.short	3406                            @ DW_AT_decl_line
	.short	520                             @ DW_AT_data_member_location
	.byte	14                              @ Abbrev [14] 0x604:0xe DW_TAG_member
	.long	.Linfo_string100                @ DW_AT_name
	.long	177                             @ DW_AT_type
	.byte	4                               @ DW_AT_decl_file
	.short	3407                            @ DW_AT_decl_line
	.short	524                             @ DW_AT_data_member_location
	.byte	14                              @ Abbrev [14] 0x612:0xe DW_TAG_member
	.long	.Linfo_string101                @ DW_AT_name
	.long	177                             @ DW_AT_type
	.byte	4                               @ DW_AT_decl_file
	.short	3408                            @ DW_AT_decl_line
	.short	528                             @ DW_AT_data_member_location
	.byte	14                              @ Abbrev [14] 0x620:0xe DW_TAG_member
	.long	.Linfo_string102                @ DW_AT_name
	.long	177                             @ DW_AT_type
	.byte	4                               @ DW_AT_decl_file
	.short	3409                            @ DW_AT_decl_line
	.short	532                             @ DW_AT_data_member_location
	.byte	14                              @ Abbrev [14] 0x62e:0xe DW_TAG_member
	.long	.Linfo_string103                @ DW_AT_name
	.long	177                             @ DW_AT_type
	.byte	4                               @ DW_AT_decl_file
	.short	3410                            @ DW_AT_decl_line
	.short	536                             @ DW_AT_data_member_location
	.byte	14                              @ Abbrev [14] 0x63c:0xe DW_TAG_member
	.long	.Linfo_string104                @ DW_AT_name
	.long	177                             @ DW_AT_type
	.byte	4                               @ DW_AT_decl_file
	.short	3411                            @ DW_AT_decl_line
	.short	540                             @ DW_AT_data_member_location
	.byte	14                              @ Abbrev [14] 0x64a:0xe DW_TAG_member
	.long	.Linfo_string105                @ DW_AT_name
	.long	177                             @ DW_AT_type
	.byte	4                               @ DW_AT_decl_file
	.short	3412                            @ DW_AT_decl_line
	.short	544                             @ DW_AT_data_member_location
	.byte	14                              @ Abbrev [14] 0x658:0xe DW_TAG_member
	.long	.Linfo_string106                @ DW_AT_name
	.long	177                             @ DW_AT_type
	.byte	4                               @ DW_AT_decl_file
	.short	3413                            @ DW_AT_decl_line
	.short	548                             @ DW_AT_data_member_location
	.byte	14                              @ Abbrev [14] 0x666:0xe DW_TAG_member
	.long	.Linfo_string107                @ DW_AT_name
	.long	177                             @ DW_AT_type
	.byte	4                               @ DW_AT_decl_file
	.short	3414                            @ DW_AT_decl_line
	.short	552                             @ DW_AT_data_member_location
	.byte	14                              @ Abbrev [14] 0x674:0xe DW_TAG_member
	.long	.Linfo_string108                @ DW_AT_name
	.long	177                             @ DW_AT_type
	.byte	4                               @ DW_AT_decl_file
	.short	3415                            @ DW_AT_decl_line
	.short	556                             @ DW_AT_data_member_location
	.byte	14                              @ Abbrev [14] 0x682:0xe DW_TAG_member
	.long	.Linfo_string109                @ DW_AT_name
	.long	177                             @ DW_AT_type
	.byte	4                               @ DW_AT_decl_file
	.short	3416                            @ DW_AT_decl_line
	.short	560                             @ DW_AT_data_member_location
	.byte	14                              @ Abbrev [14] 0x690:0xe DW_TAG_member
	.long	.Linfo_string110                @ DW_AT_name
	.long	177                             @ DW_AT_type
	.byte	4                               @ DW_AT_decl_file
	.short	3417                            @ DW_AT_decl_line
	.short	564                             @ DW_AT_data_member_location
	.byte	14                              @ Abbrev [14] 0x69e:0xe DW_TAG_member
	.long	.Linfo_string111                @ DW_AT_name
	.long	177                             @ DW_AT_type
	.byte	4                               @ DW_AT_decl_file
	.short	3418                            @ DW_AT_decl_line
	.short	568                             @ DW_AT_data_member_location
	.byte	14                              @ Abbrev [14] 0x6ac:0xe DW_TAG_member
	.long	.Linfo_string112                @ DW_AT_name
	.long	177                             @ DW_AT_type
	.byte	4                               @ DW_AT_decl_file
	.short	3419                            @ DW_AT_decl_line
	.short	572                             @ DW_AT_data_member_location
	.byte	14                              @ Abbrev [14] 0x6ba:0xe DW_TAG_member
	.long	.Linfo_string113                @ DW_AT_name
	.long	177                             @ DW_AT_type
	.byte	4                               @ DW_AT_decl_file
	.short	3420                            @ DW_AT_decl_line
	.short	576                             @ DW_AT_data_member_location
	.byte	14                              @ Abbrev [14] 0x6c8:0xe DW_TAG_member
	.long	.Linfo_string114                @ DW_AT_name
	.long	177                             @ DW_AT_type
	.byte	4                               @ DW_AT_decl_file
	.short	3421                            @ DW_AT_decl_line
	.short	580                             @ DW_AT_data_member_location
	.byte	14                              @ Abbrev [14] 0x6d6:0xe DW_TAG_member
	.long	.Linfo_string115                @ DW_AT_name
	.long	177                             @ DW_AT_type
	.byte	4                               @ DW_AT_decl_file
	.short	3422                            @ DW_AT_decl_line
	.short	584                             @ DW_AT_data_member_location
	.byte	14                              @ Abbrev [14] 0x6e4:0xe DW_TAG_member
	.long	.Linfo_string116                @ DW_AT_name
	.long	177                             @ DW_AT_type
	.byte	4                               @ DW_AT_decl_file
	.short	3423                            @ DW_AT_decl_line
	.short	588                             @ DW_AT_data_member_location
	.byte	14                              @ Abbrev [14] 0x6f2:0xe DW_TAG_member
	.long	.Linfo_string117                @ DW_AT_name
	.long	177                             @ DW_AT_type
	.byte	4                               @ DW_AT_decl_file
	.short	3424                            @ DW_AT_decl_line
	.short	592                             @ DW_AT_data_member_location
	.byte	14                              @ Abbrev [14] 0x700:0xe DW_TAG_member
	.long	.Linfo_string118                @ DW_AT_name
	.long	177                             @ DW_AT_type
	.byte	4                               @ DW_AT_decl_file
	.short	3425                            @ DW_AT_decl_line
	.short	596                             @ DW_AT_data_member_location
	.byte	14                              @ Abbrev [14] 0x70e:0xe DW_TAG_member
	.long	.Linfo_string119                @ DW_AT_name
	.long	177                             @ DW_AT_type
	.byte	4                               @ DW_AT_decl_file
	.short	3426                            @ DW_AT_decl_line
	.short	600                             @ DW_AT_data_member_location
	.byte	14                              @ Abbrev [14] 0x71c:0xe DW_TAG_member
	.long	.Linfo_string120                @ DW_AT_name
	.long	177                             @ DW_AT_type
	.byte	4                               @ DW_AT_decl_file
	.short	3427                            @ DW_AT_decl_line
	.short	604                             @ DW_AT_data_member_location
	.byte	14                              @ Abbrev [14] 0x72a:0xe DW_TAG_member
	.long	.Linfo_string121                @ DW_AT_name
	.long	177                             @ DW_AT_type
	.byte	4                               @ DW_AT_decl_file
	.short	3428                            @ DW_AT_decl_line
	.short	608                             @ DW_AT_data_member_location
	.byte	14                              @ Abbrev [14] 0x738:0xe DW_TAG_member
	.long	.Linfo_string122                @ DW_AT_name
	.long	177                             @ DW_AT_type
	.byte	4                               @ DW_AT_decl_file
	.short	3429                            @ DW_AT_decl_line
	.short	612                             @ DW_AT_data_member_location
	.byte	14                              @ Abbrev [14] 0x746:0xe DW_TAG_member
	.long	.Linfo_string123                @ DW_AT_name
	.long	177                             @ DW_AT_type
	.byte	4                               @ DW_AT_decl_file
	.short	3430                            @ DW_AT_decl_line
	.short	616                             @ DW_AT_data_member_location
	.byte	14                              @ Abbrev [14] 0x754:0xe DW_TAG_member
	.long	.Linfo_string124                @ DW_AT_name
	.long	177                             @ DW_AT_type
	.byte	4                               @ DW_AT_decl_file
	.short	3431                            @ DW_AT_decl_line
	.short	620                             @ DW_AT_data_member_location
	.byte	14                              @ Abbrev [14] 0x762:0xe DW_TAG_member
	.long	.Linfo_string125                @ DW_AT_name
	.long	177                             @ DW_AT_type
	.byte	4                               @ DW_AT_decl_file
	.short	3432                            @ DW_AT_decl_line
	.short	624                             @ DW_AT_data_member_location
	.byte	14                              @ Abbrev [14] 0x770:0xe DW_TAG_member
	.long	.Linfo_string126                @ DW_AT_name
	.long	177                             @ DW_AT_type
	.byte	4                               @ DW_AT_decl_file
	.short	3433                            @ DW_AT_decl_line
	.short	628                             @ DW_AT_data_member_location
	.byte	14                              @ Abbrev [14] 0x77e:0xe DW_TAG_member
	.long	.Linfo_string127                @ DW_AT_name
	.long	177                             @ DW_AT_type
	.byte	4                               @ DW_AT_decl_file
	.short	3434                            @ DW_AT_decl_line
	.short	632                             @ DW_AT_data_member_location
	.byte	14                              @ Abbrev [14] 0x78c:0xe DW_TAG_member
	.long	.Linfo_string128                @ DW_AT_name
	.long	177                             @ DW_AT_type
	.byte	4                               @ DW_AT_decl_file
	.short	3435                            @ DW_AT_decl_line
	.short	636                             @ DW_AT_data_member_location
	.byte	14                              @ Abbrev [14] 0x79a:0xe DW_TAG_member
	.long	.Linfo_string129                @ DW_AT_name
	.long	177                             @ DW_AT_type
	.byte	4                               @ DW_AT_decl_file
	.short	3436                            @ DW_AT_decl_line
	.short	640                             @ DW_AT_data_member_location
	.byte	14                              @ Abbrev [14] 0x7a8:0xe DW_TAG_member
	.long	.Linfo_string130                @ DW_AT_name
	.long	177                             @ DW_AT_type
	.byte	4                               @ DW_AT_decl_file
	.short	3437                            @ DW_AT_decl_line
	.short	644                             @ DW_AT_data_member_location
	.byte	14                              @ Abbrev [14] 0x7b6:0xe DW_TAG_member
	.long	.Linfo_string131                @ DW_AT_name
	.long	177                             @ DW_AT_type
	.byte	4                               @ DW_AT_decl_file
	.short	3438                            @ DW_AT_decl_line
	.short	648                             @ DW_AT_data_member_location
	.byte	14                              @ Abbrev [14] 0x7c4:0xe DW_TAG_member
	.long	.Linfo_string132                @ DW_AT_name
	.long	177                             @ DW_AT_type
	.byte	4                               @ DW_AT_decl_file
	.short	3439                            @ DW_AT_decl_line
	.short	652                             @ DW_AT_data_member_location
	.byte	14                              @ Abbrev [14] 0x7d2:0xe DW_TAG_member
	.long	.Linfo_string133                @ DW_AT_name
	.long	177                             @ DW_AT_type
	.byte	4                               @ DW_AT_decl_file
	.short	3440                            @ DW_AT_decl_line
	.short	656                             @ DW_AT_data_member_location
	.byte	14                              @ Abbrev [14] 0x7e0:0xe DW_TAG_member
	.long	.Linfo_string134                @ DW_AT_name
	.long	177                             @ DW_AT_type
	.byte	4                               @ DW_AT_decl_file
	.short	3441                            @ DW_AT_decl_line
	.short	660                             @ DW_AT_data_member_location
	.byte	14                              @ Abbrev [14] 0x7ee:0xe DW_TAG_member
	.long	.Linfo_string135                @ DW_AT_name
	.long	177                             @ DW_AT_type
	.byte	4                               @ DW_AT_decl_file
	.short	3442                            @ DW_AT_decl_line
	.short	664                             @ DW_AT_data_member_location
	.byte	14                              @ Abbrev [14] 0x7fc:0xe DW_TAG_member
	.long	.Linfo_string136                @ DW_AT_name
	.long	177                             @ DW_AT_type
	.byte	4                               @ DW_AT_decl_file
	.short	3443                            @ DW_AT_decl_line
	.short	668                             @ DW_AT_data_member_location
	.byte	14                              @ Abbrev [14] 0x80a:0xe DW_TAG_member
	.long	.Linfo_string137                @ DW_AT_name
	.long	177                             @ DW_AT_type
	.byte	4                               @ DW_AT_decl_file
	.short	3444                            @ DW_AT_decl_line
	.short	672                             @ DW_AT_data_member_location
	.byte	14                              @ Abbrev [14] 0x818:0xe DW_TAG_member
	.long	.Linfo_string138                @ DW_AT_name
	.long	177                             @ DW_AT_type
	.byte	4                               @ DW_AT_decl_file
	.short	3445                            @ DW_AT_decl_line
	.short	676                             @ DW_AT_data_member_location
	.byte	14                              @ Abbrev [14] 0x826:0xe DW_TAG_member
	.long	.Linfo_string139                @ DW_AT_name
	.long	177                             @ DW_AT_type
	.byte	4                               @ DW_AT_decl_file
	.short	3446                            @ DW_AT_decl_line
	.short	680                             @ DW_AT_data_member_location
	.byte	14                              @ Abbrev [14] 0x834:0xe DW_TAG_member
	.long	.Linfo_string140                @ DW_AT_name
	.long	177                             @ DW_AT_type
	.byte	4                               @ DW_AT_decl_file
	.short	3447                            @ DW_AT_decl_line
	.short	684                             @ DW_AT_data_member_location
	.byte	14                              @ Abbrev [14] 0x842:0xe DW_TAG_member
	.long	.Linfo_string141                @ DW_AT_name
	.long	177                             @ DW_AT_type
	.byte	4                               @ DW_AT_decl_file
	.short	3448                            @ DW_AT_decl_line
	.short	688                             @ DW_AT_data_member_location
	.byte	14                              @ Abbrev [14] 0x850:0xe DW_TAG_member
	.long	.Linfo_string142                @ DW_AT_name
	.long	819                             @ DW_AT_type
	.byte	4                               @ DW_AT_decl_file
	.short	3449                            @ DW_AT_decl_line
	.short	692                             @ DW_AT_data_member_location
	.byte	14                              @ Abbrev [14] 0x85e:0xe DW_TAG_member
	.long	.Linfo_string143                @ DW_AT_name
	.long	177                             @ DW_AT_type
	.byte	4                               @ DW_AT_decl_file
	.short	3450                            @ DW_AT_decl_line
	.short	704                             @ DW_AT_data_member_location
	.byte	14                              @ Abbrev [14] 0x86c:0xe DW_TAG_member
	.long	.Linfo_string144                @ DW_AT_name
	.long	177                             @ DW_AT_type
	.byte	4                               @ DW_AT_decl_file
	.short	3451                            @ DW_AT_decl_line
	.short	708                             @ DW_AT_data_member_location
	.byte	14                              @ Abbrev [14] 0x87a:0xe DW_TAG_member
	.long	.Linfo_string145                @ DW_AT_name
	.long	177                             @ DW_AT_type
	.byte	4                               @ DW_AT_decl_file
	.short	3452                            @ DW_AT_decl_line
	.short	712                             @ DW_AT_data_member_location
	.byte	14                              @ Abbrev [14] 0x888:0xe DW_TAG_member
	.long	.Linfo_string146                @ DW_AT_name
	.long	177                             @ DW_AT_type
	.byte	4                               @ DW_AT_decl_file
	.short	3453                            @ DW_AT_decl_line
	.short	716                             @ DW_AT_data_member_location
	.byte	14                              @ Abbrev [14] 0x896:0xe DW_TAG_member
	.long	.Linfo_string147                @ DW_AT_name
	.long	177                             @ DW_AT_type
	.byte	4                               @ DW_AT_decl_file
	.short	3454                            @ DW_AT_decl_line
	.short	720                             @ DW_AT_data_member_location
	.byte	14                              @ Abbrev [14] 0x8a4:0xe DW_TAG_member
	.long	.Linfo_string148                @ DW_AT_name
	.long	177                             @ DW_AT_type
	.byte	4                               @ DW_AT_decl_file
	.short	3455                            @ DW_AT_decl_line
	.short	724                             @ DW_AT_data_member_location
	.byte	14                              @ Abbrev [14] 0x8b2:0xe DW_TAG_member
	.long	.Linfo_string149                @ DW_AT_name
	.long	177                             @ DW_AT_type
	.byte	4                               @ DW_AT_decl_file
	.short	3456                            @ DW_AT_decl_line
	.short	728                             @ DW_AT_data_member_location
	.byte	14                              @ Abbrev [14] 0x8c0:0xe DW_TAG_member
	.long	.Linfo_string150                @ DW_AT_name
	.long	177                             @ DW_AT_type
	.byte	4                               @ DW_AT_decl_file
	.short	3457                            @ DW_AT_decl_line
	.short	732                             @ DW_AT_data_member_location
	.byte	14                              @ Abbrev [14] 0x8ce:0xe DW_TAG_member
	.long	.Linfo_string151                @ DW_AT_name
	.long	177                             @ DW_AT_type
	.byte	4                               @ DW_AT_decl_file
	.short	3458                            @ DW_AT_decl_line
	.short	736                             @ DW_AT_data_member_location
	.byte	14                              @ Abbrev [14] 0x8dc:0xe DW_TAG_member
	.long	.Linfo_string152                @ DW_AT_name
	.long	843                             @ DW_AT_type
	.byte	4                               @ DW_AT_decl_file
	.short	3459                            @ DW_AT_decl_line
	.short	740                             @ DW_AT_data_member_location
	.byte	14                              @ Abbrev [14] 0x8ea:0xe DW_TAG_member
	.long	.Linfo_string153                @ DW_AT_name
	.long	177                             @ DW_AT_type
	.byte	4                               @ DW_AT_decl_file
	.short	3460                            @ DW_AT_decl_line
	.short	768                             @ DW_AT_data_member_location
	.byte	14                              @ Abbrev [14] 0x8f8:0xe DW_TAG_member
	.long	.Linfo_string154                @ DW_AT_name
	.long	177                             @ DW_AT_type
	.byte	4                               @ DW_AT_decl_file
	.short	3461                            @ DW_AT_decl_line
	.short	772                             @ DW_AT_data_member_location
	.byte	14                              @ Abbrev [14] 0x906:0xe DW_TAG_member
	.long	.Linfo_string155                @ DW_AT_name
	.long	177                             @ DW_AT_type
	.byte	4                               @ DW_AT_decl_file
	.short	3462                            @ DW_AT_decl_line
	.short	776                             @ DW_AT_data_member_location
	.byte	14                              @ Abbrev [14] 0x914:0xe DW_TAG_member
	.long	.Linfo_string156                @ DW_AT_name
	.long	177                             @ DW_AT_type
	.byte	4                               @ DW_AT_decl_file
	.short	3463                            @ DW_AT_decl_line
	.short	780                             @ DW_AT_data_member_location
	.byte	14                              @ Abbrev [14] 0x922:0xe DW_TAG_member
	.long	.Linfo_string157                @ DW_AT_name
	.long	177                             @ DW_AT_type
	.byte	4                               @ DW_AT_decl_file
	.short	3464                            @ DW_AT_decl_line
	.short	784                             @ DW_AT_data_member_location
	.byte	14                              @ Abbrev [14] 0x930:0xe DW_TAG_member
	.long	.Linfo_string158                @ DW_AT_name
	.long	177                             @ DW_AT_type
	.byte	4                               @ DW_AT_decl_file
	.short	3465                            @ DW_AT_decl_line
	.short	788                             @ DW_AT_data_member_location
	.byte	14                              @ Abbrev [14] 0x93e:0xe DW_TAG_member
	.long	.Linfo_string159                @ DW_AT_name
	.long	177                             @ DW_AT_type
	.byte	4                               @ DW_AT_decl_file
	.short	3466                            @ DW_AT_decl_line
	.short	792                             @ DW_AT_data_member_location
	.byte	14                              @ Abbrev [14] 0x94c:0xe DW_TAG_member
	.long	.Linfo_string160                @ DW_AT_name
	.long	177                             @ DW_AT_type
	.byte	4                               @ DW_AT_decl_file
	.short	3467                            @ DW_AT_decl_line
	.short	796                             @ DW_AT_data_member_location
	.byte	14                              @ Abbrev [14] 0x95a:0xe DW_TAG_member
	.long	.Linfo_string161                @ DW_AT_name
	.long	177                             @ DW_AT_type
	.byte	4                               @ DW_AT_decl_file
	.short	3468                            @ DW_AT_decl_line
	.short	800                             @ DW_AT_data_member_location
	.byte	14                              @ Abbrev [14] 0x968:0xe DW_TAG_member
	.long	.Linfo_string162                @ DW_AT_name
	.long	177                             @ DW_AT_type
	.byte	4                               @ DW_AT_decl_file
	.short	3469                            @ DW_AT_decl_line
	.short	804                             @ DW_AT_data_member_location
	.byte	14                              @ Abbrev [14] 0x976:0xe DW_TAG_member
	.long	.Linfo_string163                @ DW_AT_name
	.long	177                             @ DW_AT_type
	.byte	4                               @ DW_AT_decl_file
	.short	3470                            @ DW_AT_decl_line
	.short	808                             @ DW_AT_data_member_location
	.byte	14                              @ Abbrev [14] 0x984:0xe DW_TAG_member
	.long	.Linfo_string164                @ DW_AT_name
	.long	177                             @ DW_AT_type
	.byte	4                               @ DW_AT_decl_file
	.short	3471                            @ DW_AT_decl_line
	.short	812                             @ DW_AT_data_member_location
	.byte	14                              @ Abbrev [14] 0x992:0xe DW_TAG_member
	.long	.Linfo_string165                @ DW_AT_name
	.long	177                             @ DW_AT_type
	.byte	4                               @ DW_AT_decl_file
	.short	3472                            @ DW_AT_decl_line
	.short	816                             @ DW_AT_data_member_location
	.byte	14                              @ Abbrev [14] 0x9a0:0xe DW_TAG_member
	.long	.Linfo_string166                @ DW_AT_name
	.long	177                             @ DW_AT_type
	.byte	4                               @ DW_AT_decl_file
	.short	3473                            @ DW_AT_decl_line
	.short	820                             @ DW_AT_data_member_location
	.byte	14                              @ Abbrev [14] 0x9ae:0xe DW_TAG_member
	.long	.Linfo_string167                @ DW_AT_name
	.long	177                             @ DW_AT_type
	.byte	4                               @ DW_AT_decl_file
	.short	3474                            @ DW_AT_decl_line
	.short	824                             @ DW_AT_data_member_location
	.byte	14                              @ Abbrev [14] 0x9bc:0xe DW_TAG_member
	.long	.Linfo_string168                @ DW_AT_name
	.long	177                             @ DW_AT_type
	.byte	4                               @ DW_AT_decl_file
	.short	3475                            @ DW_AT_decl_line
	.short	828                             @ DW_AT_data_member_location
	.byte	14                              @ Abbrev [14] 0x9ca:0xe DW_TAG_member
	.long	.Linfo_string169                @ DW_AT_name
	.long	177                             @ DW_AT_type
	.byte	4                               @ DW_AT_decl_file
	.short	3476                            @ DW_AT_decl_line
	.short	832                             @ DW_AT_data_member_location
	.byte	14                              @ Abbrev [14] 0x9d8:0xe DW_TAG_member
	.long	.Linfo_string170                @ DW_AT_name
	.long	177                             @ DW_AT_type
	.byte	4                               @ DW_AT_decl_file
	.short	3477                            @ DW_AT_decl_line
	.short	836                             @ DW_AT_data_member_location
	.byte	14                              @ Abbrev [14] 0x9e6:0xe DW_TAG_member
	.long	.Linfo_string171                @ DW_AT_name
	.long	177                             @ DW_AT_type
	.byte	4                               @ DW_AT_decl_file
	.short	3478                            @ DW_AT_decl_line
	.short	840                             @ DW_AT_data_member_location
	.byte	14                              @ Abbrev [14] 0x9f4:0xe DW_TAG_member
	.long	.Linfo_string172                @ DW_AT_name
	.long	177                             @ DW_AT_type
	.byte	4                               @ DW_AT_decl_file
	.short	3479                            @ DW_AT_decl_line
	.short	844                             @ DW_AT_data_member_location
	.byte	14                              @ Abbrev [14] 0xa02:0xe DW_TAG_member
	.long	.Linfo_string173                @ DW_AT_name
	.long	177                             @ DW_AT_type
	.byte	4                               @ DW_AT_decl_file
	.short	3480                            @ DW_AT_decl_line
	.short	848                             @ DW_AT_data_member_location
	.byte	14                              @ Abbrev [14] 0xa10:0xe DW_TAG_member
	.long	.Linfo_string174                @ DW_AT_name
	.long	177                             @ DW_AT_type
	.byte	4                               @ DW_AT_decl_file
	.short	3481                            @ DW_AT_decl_line
	.short	852                             @ DW_AT_data_member_location
	.byte	14                              @ Abbrev [14] 0xa1e:0xe DW_TAG_member
	.long	.Linfo_string175                @ DW_AT_name
	.long	177                             @ DW_AT_type
	.byte	4                               @ DW_AT_decl_file
	.short	3482                            @ DW_AT_decl_line
	.short	856                             @ DW_AT_data_member_location
	.byte	14                              @ Abbrev [14] 0xa2c:0xe DW_TAG_member
	.long	.Linfo_string176                @ DW_AT_name
	.long	831                             @ DW_AT_type
	.byte	4                               @ DW_AT_decl_file
	.short	3483                            @ DW_AT_decl_line
	.short	860                             @ DW_AT_data_member_location
	.byte	14                              @ Abbrev [14] 0xa3a:0xe DW_TAG_member
	.long	.Linfo_string177                @ DW_AT_name
	.long	177                             @ DW_AT_type
	.byte	4                               @ DW_AT_decl_file
	.short	3484                            @ DW_AT_decl_line
	.short	864                             @ DW_AT_data_member_location
	.byte	14                              @ Abbrev [14] 0xa48:0xe DW_TAG_member
	.long	.Linfo_string178                @ DW_AT_name
	.long	177                             @ DW_AT_type
	.byte	4                               @ DW_AT_decl_file
	.short	3485                            @ DW_AT_decl_line
	.short	868                             @ DW_AT_data_member_location
	.byte	14                              @ Abbrev [14] 0xa56:0xe DW_TAG_member
	.long	.Linfo_string179                @ DW_AT_name
	.long	177                             @ DW_AT_type
	.byte	4                               @ DW_AT_decl_file
	.short	3486                            @ DW_AT_decl_line
	.short	872                             @ DW_AT_data_member_location
	.byte	14                              @ Abbrev [14] 0xa64:0xe DW_TAG_member
	.long	.Linfo_string180                @ DW_AT_name
	.long	177                             @ DW_AT_type
	.byte	4                               @ DW_AT_decl_file
	.short	3487                            @ DW_AT_decl_line
	.short	876                             @ DW_AT_data_member_location
	.byte	14                              @ Abbrev [14] 0xa72:0xe DW_TAG_member
	.long	.Linfo_string181                @ DW_AT_name
	.long	177                             @ DW_AT_type
	.byte	4                               @ DW_AT_decl_file
	.short	3488                            @ DW_AT_decl_line
	.short	880                             @ DW_AT_data_member_location
	.byte	14                              @ Abbrev [14] 0xa80:0xe DW_TAG_member
	.long	.Linfo_string182                @ DW_AT_name
	.long	177                             @ DW_AT_type
	.byte	4                               @ DW_AT_decl_file
	.short	3489                            @ DW_AT_decl_line
	.short	884                             @ DW_AT_data_member_location
	.byte	14                              @ Abbrev [14] 0xa8e:0xe DW_TAG_member
	.long	.Linfo_string183                @ DW_AT_name
	.long	177                             @ DW_AT_type
	.byte	4                               @ DW_AT_decl_file
	.short	3490                            @ DW_AT_decl_line
	.short	888                             @ DW_AT_data_member_location
	.byte	14                              @ Abbrev [14] 0xa9c:0xe DW_TAG_member
	.long	.Linfo_string184                @ DW_AT_name
	.long	177                             @ DW_AT_type
	.byte	4                               @ DW_AT_decl_file
	.short	3491                            @ DW_AT_decl_line
	.short	892                             @ DW_AT_data_member_location
	.byte	14                              @ Abbrev [14] 0xaaa:0xe DW_TAG_member
	.long	.Linfo_string185                @ DW_AT_name
	.long	831                             @ DW_AT_type
	.byte	4                               @ DW_AT_decl_file
	.short	3492                            @ DW_AT_decl_line
	.short	896                             @ DW_AT_data_member_location
	.byte	14                              @ Abbrev [14] 0xab8:0xe DW_TAG_member
	.long	.Linfo_string186                @ DW_AT_name
	.long	177                             @ DW_AT_type
	.byte	4                               @ DW_AT_decl_file
	.short	3493                            @ DW_AT_decl_line
	.short	900                             @ DW_AT_data_member_location
	.byte	14                              @ Abbrev [14] 0xac6:0xe DW_TAG_member
	.long	.Linfo_string187                @ DW_AT_name
	.long	177                             @ DW_AT_type
	.byte	4                               @ DW_AT_decl_file
	.short	3494                            @ DW_AT_decl_line
	.short	904                             @ DW_AT_data_member_location
	.byte	14                              @ Abbrev [14] 0xad4:0xe DW_TAG_member
	.long	.Linfo_string188                @ DW_AT_name
	.long	177                             @ DW_AT_type
	.byte	4                               @ DW_AT_decl_file
	.short	3495                            @ DW_AT_decl_line
	.short	908                             @ DW_AT_data_member_location
	.byte	14                              @ Abbrev [14] 0xae2:0xe DW_TAG_member
	.long	.Linfo_string189                @ DW_AT_name
	.long	177                             @ DW_AT_type
	.byte	4                               @ DW_AT_decl_file
	.short	3496                            @ DW_AT_decl_line
	.short	912                             @ DW_AT_data_member_location
	.byte	14                              @ Abbrev [14] 0xaf0:0xe DW_TAG_member
	.long	.Linfo_string190                @ DW_AT_name
	.long	177                             @ DW_AT_type
	.byte	4                               @ DW_AT_decl_file
	.short	3497                            @ DW_AT_decl_line
	.short	916                             @ DW_AT_data_member_location
	.byte	14                              @ Abbrev [14] 0xafe:0xe DW_TAG_member
	.long	.Linfo_string191                @ DW_AT_name
	.long	177                             @ DW_AT_type
	.byte	4                               @ DW_AT_decl_file
	.short	3498                            @ DW_AT_decl_line
	.short	920                             @ DW_AT_data_member_location
	.byte	14                              @ Abbrev [14] 0xb0c:0xe DW_TAG_member
	.long	.Linfo_string192                @ DW_AT_name
	.long	177                             @ DW_AT_type
	.byte	4                               @ DW_AT_decl_file
	.short	3499                            @ DW_AT_decl_line
	.short	924                             @ DW_AT_data_member_location
	.byte	14                              @ Abbrev [14] 0xb1a:0xe DW_TAG_member
	.long	.Linfo_string193                @ DW_AT_name
	.long	2977                            @ DW_AT_type
	.byte	4                               @ DW_AT_decl_file
	.short	3500                            @ DW_AT_decl_line
	.short	928                             @ DW_AT_data_member_location
	.byte	14                              @ Abbrev [14] 0xb28:0xe DW_TAG_member
	.long	.Linfo_string194                @ DW_AT_name
	.long	177                             @ DW_AT_type
	.byte	4                               @ DW_AT_decl_file
	.short	3501                            @ DW_AT_decl_line
	.short	1280                            @ DW_AT_data_member_location
	.byte	14                              @ Abbrev [14] 0xb36:0xe DW_TAG_member
	.long	.Linfo_string195                @ DW_AT_name
	.long	200                             @ DW_AT_type
	.byte	4                               @ DW_AT_decl_file
	.short	3502                            @ DW_AT_decl_line
	.short	1284                            @ DW_AT_data_member_location
	.byte	14                              @ Abbrev [14] 0xb44:0xe DW_TAG_member
	.long	.Linfo_string196                @ DW_AT_name
	.long	2989                            @ DW_AT_type
	.byte	4                               @ DW_AT_decl_file
	.short	3503                            @ DW_AT_decl_line
	.short	1288                            @ DW_AT_data_member_location
	.byte	14                              @ Abbrev [14] 0xb52:0xe DW_TAG_member
	.long	.Linfo_string197                @ DW_AT_name
	.long	177                             @ DW_AT_type
	.byte	4                               @ DW_AT_decl_file
	.short	3504                            @ DW_AT_decl_line
	.short	3728                            @ DW_AT_data_member_location
	.byte	14                              @ Abbrev [14] 0xb60:0xe DW_TAG_member
	.long	.Linfo_string198                @ DW_AT_name
	.long	200                             @ DW_AT_type
	.byte	4                               @ DW_AT_decl_file
	.short	3505                            @ DW_AT_decl_line
	.short	3732                            @ DW_AT_data_member_location
	.byte	14                              @ Abbrev [14] 0xb6e:0xe DW_TAG_member
	.long	.Linfo_string199                @ DW_AT_name
	.long	200                             @ DW_AT_type
	.byte	4                               @ DW_AT_decl_file
	.short	3506                            @ DW_AT_decl_line
	.short	3736                            @ DW_AT_data_member_location
	.byte	0                               @ End Of Children Mark
	.byte	10                              @ Abbrev [10] 0xb7d:0xc DW_TAG_array_type
	.long	200                             @ DW_AT_type
	.byte	11                              @ Abbrev [11] 0xb82:0x6 DW_TAG_subrange_type
	.long	217                             @ DW_AT_type
	.byte	15                              @ DW_AT_count
	.byte	0                               @ End Of Children Mark
	.byte	10                              @ Abbrev [10] 0xb89:0xc DW_TAG_array_type
	.long	200                             @ DW_AT_type
	.byte	11                              @ Abbrev [11] 0xb8e:0x6 DW_TAG_subrange_type
	.long	217                             @ DW_AT_type
	.byte	22                              @ DW_AT_count
	.byte	0                               @ End Of Children Mark
	.byte	10                              @ Abbrev [10] 0xb95:0xc DW_TAG_array_type
	.long	200                             @ DW_AT_type
	.byte	11                              @ Abbrev [11] 0xb9a:0x6 DW_TAG_subrange_type
	.long	217                             @ DW_AT_type
	.byte	49                              @ DW_AT_count
	.byte	0                               @ End Of Children Mark
	.byte	10                              @ Abbrev [10] 0xba1:0xc DW_TAG_array_type
	.long	200                             @ DW_AT_type
	.byte	11                              @ Abbrev [11] 0xba6:0x6 DW_TAG_subrange_type
	.long	217                             @ DW_AT_type
	.byte	88                              @ DW_AT_count
	.byte	0                               @ End Of Children Mark
	.byte	10                              @ Abbrev [10] 0xbad:0xd DW_TAG_array_type
	.long	200                             @ DW_AT_type
	.byte	15                              @ Abbrev [15] 0xbb2:0x7 DW_TAG_subrange_type
	.long	217                             @ DW_AT_type
	.short	610                             @ DW_AT_count
	.byte	0                               @ End Of Children Mark
	.byte	16                              @ Abbrev [16] 0xbba:0x43 DW_TAG_subprogram
	.long	.Lfunc_begin0                   @ DW_AT_low_pc
	.long	.Lfunc_end0-.Lfunc_begin0       @ DW_AT_high_pc
	.byte	1                               @ DW_AT_frame_base
	.byte	93
                                        @ DW_AT_GNU_all_call_sites
	.long	.Linfo_string205                @ DW_AT_name
	.byte	5                               @ DW_AT_decl_file
	.byte	30                              @ DW_AT_decl_line
                                        @ DW_AT_prototyped
	.long	182                             @ DW_AT_type
                                        @ DW_AT_external
	.byte	17                              @ Abbrev [17] 0xbcf:0xf DW_TAG_formal_parameter
	.long	.Ldebug_loc0                    @ DW_AT_location
	.long	.Linfo_string214                @ DW_AT_name
	.byte	5                               @ DW_AT_decl_file
	.byte	30                              @ DW_AT_decl_line
	.long	38                              @ DW_AT_type
	.byte	18                              @ Abbrev [18] 0xbde:0xf DW_TAG_variable
	.long	.Ldebug_loc1                    @ DW_AT_location
	.long	.Linfo_string215                @ DW_AT_name
	.byte	5                               @ DW_AT_decl_file
	.byte	32                              @ DW_AT_decl_line
	.long	182                             @ DW_AT_type
	.byte	18                              @ Abbrev [18] 0xbed:0xf DW_TAG_variable
	.long	.Ldebug_loc2                    @ DW_AT_location
	.long	.Linfo_string216                @ DW_AT_name
	.byte	5                               @ DW_AT_decl_file
	.byte	32                              @ DW_AT_decl_line
	.long	182                             @ DW_AT_type
	.byte	0                               @ End Of Children Mark
	.byte	19                              @ Abbrev [19] 0xbfd:0xd DW_TAG_subprogram
	.long	.Linfo_string201                @ DW_AT_name
	.byte	6                               @ DW_AT_decl_file
	.short	4330                            @ DW_AT_decl_line
                                        @ DW_AT_prototyped
	.long	182                             @ DW_AT_type
	.byte	1                               @ DW_AT_inline
	.byte	20                              @ Abbrev [20] 0xc0a:0x16 DW_TAG_subprogram
	.long	.Linfo_string202                @ DW_AT_name
	.byte	6                               @ DW_AT_decl_file
	.short	4255                            @ DW_AT_decl_line
                                        @ DW_AT_prototyped
	.byte	1                               @ DW_AT_inline
	.byte	21                              @ Abbrev [21] 0xc13:0xc DW_TAG_variable
	.long	.Linfo_string203                @ DW_AT_name
	.byte	6                               @ DW_AT_decl_file
	.short	4257                            @ DW_AT_decl_line
	.long	182                             @ DW_AT_type
	.byte	0                               @ End Of Children Mark
	.byte	22                              @ Abbrev [22] 0xc20:0x9 DW_TAG_subprogram
	.long	.Linfo_string204                @ DW_AT_name
	.byte	6                               @ DW_AT_decl_file
	.short	4276                            @ DW_AT_decl_line
                                        @ DW_AT_prototyped
	.byte	1                               @ DW_AT_inline
	.byte	16                              @ Abbrev [16] 0xc29:0xdc DW_TAG_subprogram
	.long	.Lfunc_begin1                   @ DW_AT_low_pc
	.long	.Lfunc_end1-.Lfunc_begin1       @ DW_AT_high_pc
	.byte	1                               @ DW_AT_frame_base
	.byte	93
                                        @ DW_AT_GNU_all_call_sites
	.long	.Linfo_string206                @ DW_AT_name
	.byte	5                               @ DW_AT_decl_file
	.byte	134                             @ DW_AT_decl_line
                                        @ DW_AT_prototyped
	.long	182                             @ DW_AT_type
                                        @ DW_AT_external
	.byte	17                              @ Abbrev [17] 0xc3e:0xf DW_TAG_formal_parameter
	.long	.Ldebug_loc3                    @ DW_AT_location
	.long	.Linfo_string214                @ DW_AT_name
	.byte	5                               @ DW_AT_decl_file
	.byte	134                             @ DW_AT_decl_line
	.long	38                              @ DW_AT_type
	.byte	17                              @ Abbrev [17] 0xc4d:0xf DW_TAG_formal_parameter
	.long	.Ldebug_loc4                    @ DW_AT_location
	.long	.Linfo_string217                @ DW_AT_name
	.byte	5                               @ DW_AT_decl_file
	.byte	134                             @ DW_AT_decl_line
	.long	182                             @ DW_AT_type
	.byte	17                              @ Abbrev [17] 0xc5c:0xf DW_TAG_formal_parameter
	.long	.Ldebug_loc5                    @ DW_AT_location
	.long	.Linfo_string218                @ DW_AT_name
	.byte	5                               @ DW_AT_decl_file
	.byte	134                             @ DW_AT_decl_line
	.long	182                             @ DW_AT_type
	.byte	17                              @ Abbrev [17] 0xc6b:0xf DW_TAG_formal_parameter
	.long	.Ldebug_loc6                    @ DW_AT_location
	.long	.Linfo_string219                @ DW_AT_name
	.byte	5                               @ DW_AT_decl_file
	.byte	134                             @ DW_AT_decl_line
	.long	182                             @ DW_AT_type
	.byte	23                              @ Abbrev [23] 0xc7a:0xe DW_TAG_formal_parameter
	.byte	2                               @ DW_AT_location
	.byte	145
	.byte	32
	.long	.Linfo_string220                @ DW_AT_name
	.byte	5                               @ DW_AT_decl_file
	.byte	134                             @ DW_AT_decl_line
	.long	182                             @ DW_AT_type
	.byte	23                              @ Abbrev [23] 0xc88:0xe DW_TAG_formal_parameter
	.byte	2                               @ DW_AT_location
	.byte	145
	.byte	36
	.long	.Linfo_string221                @ DW_AT_name
	.byte	5                               @ DW_AT_decl_file
	.byte	134                             @ DW_AT_decl_line
	.long	182                             @ DW_AT_type
	.byte	18                              @ Abbrev [18] 0xc96:0xf DW_TAG_variable
	.long	.Ldebug_loc8                    @ DW_AT_location
	.long	.Linfo_string222                @ DW_AT_name
	.byte	5                               @ DW_AT_decl_file
	.byte	137                             @ DW_AT_decl_line
	.long	182                             @ DW_AT_type
	.byte	18                              @ Abbrev [18] 0xca5:0xf DW_TAG_variable
	.long	.Ldebug_loc9                    @ DW_AT_location
	.long	.Linfo_string223                @ DW_AT_name
	.byte	5                               @ DW_AT_decl_file
	.byte	137                             @ DW_AT_decl_line
	.long	182                             @ DW_AT_type
	.byte	24                              @ Abbrev [24] 0xcb4:0xb DW_TAG_variable
	.long	.Linfo_string224                @ DW_AT_name
	.byte	5                               @ DW_AT_decl_file
	.byte	136                             @ DW_AT_decl_line
	.long	242                             @ DW_AT_type
	.byte	24                              @ Abbrev [24] 0xcbf:0xb DW_TAG_variable
	.long	.Linfo_string225                @ DW_AT_name
	.byte	5                               @ DW_AT_decl_file
	.byte	138                             @ DW_AT_decl_line
	.long	182                             @ DW_AT_type
	.byte	25                              @ Abbrev [25] 0xcca:0x10 DW_TAG_inlined_subroutine
	.long	3069                            @ DW_AT_abstract_origin
	.long	.Ltmp50                         @ DW_AT_low_pc
	.long	.Ltmp52-.Ltmp50                 @ DW_AT_high_pc
	.byte	5                               @ DW_AT_call_file
	.byte	138                             @ DW_AT_call_line
	.byte	32                              @ DW_AT_call_column
	.byte	26                              @ Abbrev [26] 0xcda:0x1a DW_TAG_inlined_subroutine
	.long	3082                            @ DW_AT_abstract_origin
	.long	.Ltmp53                         @ DW_AT_low_pc
	.long	.Ltmp71-.Ltmp53                 @ DW_AT_high_pc
	.byte	5                               @ DW_AT_call_file
	.byte	143                             @ DW_AT_call_line
	.byte	9                               @ DW_AT_call_column
	.byte	27                              @ Abbrev [27] 0xcea:0x9 DW_TAG_variable
	.long	.Ldebug_loc7                    @ DW_AT_location
	.long	3091                            @ DW_AT_abstract_origin
	.byte	0                               @ End Of Children Mark
	.byte	25                              @ Abbrev [25] 0xcf4:0x10 DW_TAG_inlined_subroutine
	.long	3104                            @ DW_AT_abstract_origin
	.long	.Ltmp77                         @ DW_AT_low_pc
	.long	.Ltmp78-.Ltmp77                 @ DW_AT_high_pc
	.byte	5                               @ DW_AT_call_file
	.byte	158                             @ DW_AT_call_line
	.byte	9                               @ DW_AT_call_column
	.byte	0                               @ End Of Children Mark
	.byte	28                              @ Abbrev [28] 0xd05:0x1f DW_TAG_subprogram
	.long	.Lfunc_begin2                   @ DW_AT_low_pc
	.long	.Lfunc_end2-.Lfunc_begin2       @ DW_AT_high_pc
	.byte	1                               @ DW_AT_frame_base
	.byte	93
                                        @ DW_AT_GNU_all_call_sites
	.long	.Linfo_string207                @ DW_AT_name
	.byte	5                               @ DW_AT_decl_file
	.byte	184                             @ DW_AT_decl_line
                                        @ DW_AT_prototyped
                                        @ DW_AT_external
	.byte	23                              @ Abbrev [23] 0xd16:0xd DW_TAG_formal_parameter
	.byte	1                               @ DW_AT_location
	.byte	80
	.long	.Linfo_string214                @ DW_AT_name
	.byte	5                               @ DW_AT_decl_file
	.byte	184                             @ DW_AT_decl_line
	.long	38                              @ DW_AT_type
	.byte	0                               @ End Of Children Mark
	.byte	28                              @ Abbrev [28] 0xd24:0x2e DW_TAG_subprogram
	.long	.Lfunc_begin3                   @ DW_AT_low_pc
	.long	.Lfunc_end3-.Lfunc_begin3       @ DW_AT_high_pc
	.byte	1                               @ DW_AT_frame_base
	.byte	93
                                        @ DW_AT_GNU_all_call_sites
	.long	.Linfo_string208                @ DW_AT_name
	.byte	5                               @ DW_AT_decl_file
	.byte	196                             @ DW_AT_decl_line
                                        @ DW_AT_prototyped
                                        @ DW_AT_external
	.byte	23                              @ Abbrev [23] 0xd35:0xd DW_TAG_formal_parameter
	.byte	1                               @ DW_AT_location
	.byte	80
	.long	.Linfo_string214                @ DW_AT_name
	.byte	5                               @ DW_AT_decl_file
	.byte	196                             @ DW_AT_decl_line
	.long	38                              @ DW_AT_type
	.byte	17                              @ Abbrev [17] 0xd42:0xf DW_TAG_formal_parameter
	.long	.Ldebug_loc10                   @ DW_AT_location
	.long	.Linfo_string226                @ DW_AT_name
	.byte	5                               @ DW_AT_decl_file
	.byte	196                             @ DW_AT_decl_line
	.long	182                             @ DW_AT_type
	.byte	0                               @ End Of Children Mark
	.byte	28                              @ Abbrev [28] 0xd52:0x2e DW_TAG_subprogram
	.long	.Lfunc_begin4                   @ DW_AT_low_pc
	.long	.Lfunc_end4-.Lfunc_begin4       @ DW_AT_high_pc
	.byte	1                               @ DW_AT_frame_base
	.byte	93
                                        @ DW_AT_GNU_all_call_sites
	.long	.Linfo_string209                @ DW_AT_name
	.byte	5                               @ DW_AT_decl_file
	.byte	208                             @ DW_AT_decl_line
                                        @ DW_AT_prototyped
                                        @ DW_AT_external
	.byte	23                              @ Abbrev [23] 0xd63:0xd DW_TAG_formal_parameter
	.byte	1                               @ DW_AT_location
	.byte	80
	.long	.Linfo_string214                @ DW_AT_name
	.byte	5                               @ DW_AT_decl_file
	.byte	208                             @ DW_AT_decl_line
	.long	38                              @ DW_AT_type
	.byte	17                              @ Abbrev [17] 0xd70:0xf DW_TAG_formal_parameter
	.long	.Ldebug_loc11                   @ DW_AT_location
	.long	.Linfo_string226                @ DW_AT_name
	.byte	5                               @ DW_AT_decl_file
	.byte	208                             @ DW_AT_decl_line
	.long	182                             @ DW_AT_type
	.byte	0                               @ End Of Children Mark
	.byte	16                              @ Abbrev [16] 0xd80:0x70 DW_TAG_subprogram
	.long	.Lfunc_begin5                   @ DW_AT_low_pc
	.long	.Lfunc_end5-.Lfunc_begin5       @ DW_AT_high_pc
	.byte	1                               @ DW_AT_frame_base
	.byte	93
                                        @ DW_AT_GNU_all_call_sites
	.long	.Linfo_string210                @ DW_AT_name
	.byte	5                               @ DW_AT_decl_file
	.byte	219                             @ DW_AT_decl_line
                                        @ DW_AT_prototyped
	.long	182                             @ DW_AT_type
                                        @ DW_AT_external
	.byte	17                              @ Abbrev [17] 0xd95:0xf DW_TAG_formal_parameter
	.long	.Ldebug_loc12                   @ DW_AT_location
	.long	.Linfo_string214                @ DW_AT_name
	.byte	5                               @ DW_AT_decl_file
	.byte	219                             @ DW_AT_decl_line
	.long	38                              @ DW_AT_type
	.byte	17                              @ Abbrev [17] 0xda4:0xf DW_TAG_formal_parameter
	.long	.Ldebug_loc13                   @ DW_AT_location
	.long	.Linfo_string227                @ DW_AT_name
	.byte	5                               @ DW_AT_decl_file
	.byte	219                             @ DW_AT_decl_line
	.long	182                             @ DW_AT_type
	.byte	18                              @ Abbrev [18] 0xdb3:0xf DW_TAG_variable
	.long	.Ldebug_loc14                   @ DW_AT_location
	.long	.Linfo_string222                @ DW_AT_name
	.byte	5                               @ DW_AT_decl_file
	.byte	222                             @ DW_AT_decl_line
	.long	182                             @ DW_AT_type
	.byte	18                              @ Abbrev [18] 0xdc2:0xf DW_TAG_variable
	.long	.Ldebug_loc15                   @ DW_AT_location
	.long	.Linfo_string228                @ DW_AT_name
	.byte	5                               @ DW_AT_decl_file
	.byte	221                             @ DW_AT_decl_line
	.long	260                             @ DW_AT_type
	.byte	18                              @ Abbrev [18] 0xdd1:0xf DW_TAG_variable
	.long	.Ldebug_loc16                   @ DW_AT_location
	.long	.Linfo_string229                @ DW_AT_name
	.byte	5                               @ DW_AT_decl_file
	.byte	222                             @ DW_AT_decl_line
	.long	182                             @ DW_AT_type
	.byte	18                              @ Abbrev [18] 0xde0:0xf DW_TAG_variable
	.long	.Ldebug_loc17                   @ DW_AT_location
	.long	.Linfo_string230                @ DW_AT_name
	.byte	5                               @ DW_AT_decl_file
	.byte	222                             @ DW_AT_decl_line
	.long	182                             @ DW_AT_type
	.byte	0                               @ End Of Children Mark
	.byte	29                              @ Abbrev [29] 0xdf0:0x21 DW_TAG_subprogram
	.long	.Lfunc_begin6                   @ DW_AT_low_pc
	.long	.Lfunc_end6-.Lfunc_begin6       @ DW_AT_high_pc
	.byte	1                               @ DW_AT_frame_base
	.byte	93
                                        @ DW_AT_GNU_all_call_sites
	.long	.Linfo_string211                @ DW_AT_name
	.byte	5                               @ DW_AT_decl_file
	.short	258                             @ DW_AT_decl_line
                                        @ DW_AT_prototyped
                                        @ DW_AT_external
	.byte	30                              @ Abbrev [30] 0xe02:0xe DW_TAG_formal_parameter
	.byte	1                               @ DW_AT_location
	.byte	80
	.long	.Linfo_string214                @ DW_AT_name
	.byte	5                               @ DW_AT_decl_file
	.short	258                             @ DW_AT_decl_line
	.long	38                              @ DW_AT_type
	.byte	0                               @ End Of Children Mark
	.byte	29                              @ Abbrev [29] 0xe11:0x41 DW_TAG_subprogram
	.long	.Lfunc_begin7                   @ DW_AT_low_pc
	.long	.Lfunc_end7-.Lfunc_begin7       @ DW_AT_high_pc
	.byte	1                               @ DW_AT_frame_base
	.byte	93
                                        @ DW_AT_GNU_all_call_sites
	.long	.Linfo_string212                @ DW_AT_name
	.byte	5                               @ DW_AT_decl_file
	.short	271                             @ DW_AT_decl_line
                                        @ DW_AT_prototyped
                                        @ DW_AT_external
	.byte	30                              @ Abbrev [30] 0xe23:0xe DW_TAG_formal_parameter
	.byte	1                               @ DW_AT_location
	.byte	80
	.long	.Linfo_string214                @ DW_AT_name
	.byte	5                               @ DW_AT_decl_file
	.short	271                             @ DW_AT_decl_line
	.long	38                              @ DW_AT_type
	.byte	31                              @ Abbrev [31] 0xe31:0x10 DW_TAG_formal_parameter
	.long	.Ldebug_loc18                   @ DW_AT_location
	.long	.Linfo_string231                @ DW_AT_name
	.byte	5                               @ DW_AT_decl_file
	.short	271                             @ DW_AT_decl_line
	.long	182                             @ DW_AT_type
	.byte	31                              @ Abbrev [31] 0xe41:0x10 DW_TAG_formal_parameter
	.long	.Ldebug_loc19                   @ DW_AT_location
	.long	.Linfo_string232                @ DW_AT_name
	.byte	5                               @ DW_AT_decl_file
	.short	271                             @ DW_AT_decl_line
	.long	182                             @ DW_AT_type
	.byte	0                               @ End Of Children Mark
	.byte	29                              @ Abbrev [29] 0xe52:0x51 DW_TAG_subprogram
	.long	.Lfunc_begin8                   @ DW_AT_low_pc
	.long	.Lfunc_end8-.Lfunc_begin8       @ DW_AT_high_pc
	.byte	1                               @ DW_AT_frame_base
	.byte	93
                                        @ DW_AT_GNU_all_call_sites
	.long	.Linfo_string213                @ DW_AT_name
	.byte	5                               @ DW_AT_decl_file
	.short	297                             @ DW_AT_decl_line
                                        @ DW_AT_prototyped
                                        @ DW_AT_external
	.byte	30                              @ Abbrev [30] 0xe64:0xe DW_TAG_formal_parameter
	.byte	1                               @ DW_AT_location
	.byte	80
	.long	.Linfo_string214                @ DW_AT_name
	.byte	5                               @ DW_AT_decl_file
	.short	297                             @ DW_AT_decl_line
	.long	38                              @ DW_AT_type
	.byte	31                              @ Abbrev [31] 0xe72:0x10 DW_TAG_formal_parameter
	.long	.Ldebug_loc20                   @ DW_AT_location
	.long	.Linfo_string233                @ DW_AT_name
	.byte	5                               @ DW_AT_decl_file
	.short	297                             @ DW_AT_decl_line
	.long	182                             @ DW_AT_type
	.byte	31                              @ Abbrev [31] 0xe82:0x10 DW_TAG_formal_parameter
	.long	.Ldebug_loc21                   @ DW_AT_location
	.long	.Linfo_string234                @ DW_AT_name
	.byte	5                               @ DW_AT_decl_file
	.short	297                             @ DW_AT_decl_line
	.long	182                             @ DW_AT_type
	.byte	31                              @ Abbrev [31] 0xe92:0x10 DW_TAG_formal_parameter
	.long	.Ldebug_loc22                   @ DW_AT_location
	.long	.Linfo_string235                @ DW_AT_name
	.byte	5                               @ DW_AT_decl_file
	.short	297                             @ DW_AT_decl_line
	.long	182                             @ DW_AT_type
	.byte	0                               @ End Of Children Mark
	.byte	0                               @ End Of Children Mark
.Ldebug_info_end0:
	.section	.debug_ranges,"",%progbits
.Ldebug_ranges0:
	.long	.Lfunc_begin0
	.long	.Lfunc_end0
	.long	.Lfunc_begin1
	.long	.Lfunc_end1
	.long	.Lfunc_begin2
	.long	.Lfunc_end2
	.long	.Lfunc_begin3
	.long	.Lfunc_end3
	.long	.Lfunc_begin4
	.long	.Lfunc_end4
	.long	.Lfunc_begin5
	.long	.Lfunc_end5
	.long	.Lfunc_begin6
	.long	.Lfunc_end6
	.long	.Lfunc_begin7
	.long	.Lfunc_end7
	.long	.Lfunc_begin8
	.long	.Lfunc_end8
	.long	0
	.long	0
	.section	.debug_str,"MS",%progbits,1
.Linfo_string0:
	.asciz	"Component: Arm Compiler for Embedded 6.24 Tool: armclang [5f371800]" @ string offset=0
.Linfo_string1:
	.asciz	"../../../../Library/StdDriver/src\\i2s.c" @ string offset=68
.Linfo_string2:
	.asciz	"C:\\Users\\antia\\TING\\114\\chip\\ML_M55M1_SampleCode\\M55M1BSP-3.01.003\\SampleCode\\NuEdgeWise\\ObjectTracker_YOLOv8n_o\\KEIL" @ string offset=108
.Linfo_string3:
	.asciz	"CTL0"                          @ string offset=226
.Linfo_string4:
	.asciz	"unsigned int"                  @ string offset=231
.Linfo_string5:
	.asciz	"uint32_t"                      @ string offset=244
.Linfo_string6:
	.asciz	"CLKDIV"                        @ string offset=253
.Linfo_string7:
	.asciz	"IEN"                           @ string offset=260
.Linfo_string8:
	.asciz	"STATUS0"                       @ string offset=264
.Linfo_string9:
	.asciz	"TXFIFO"                        @ string offset=272
.Linfo_string10:
	.asciz	"RXFIFO"                        @ string offset=279
.Linfo_string11:
	.asciz	"RESERVE0"                      @ string offset=286
.Linfo_string12:
	.asciz	"__ARRAY_SIZE_TYPE__"           @ string offset=295
.Linfo_string13:
	.asciz	"CTL1"                          @ string offset=315
.Linfo_string14:
	.asciz	"STATUS1"                       @ string offset=320
.Linfo_string15:
	.asciz	"I2S_T"                         @ string offset=328
.Linfo_string16:
	.asciz	"unsigned long long"            @ string offset=334
.Linfo_string17:
	.asciz	"uint64_t"                      @ string offset=353
.Linfo_string18:
	.asciz	"unsigned short"                @ string offset=362
.Linfo_string19:
	.asciz	"uint16_t"                      @ string offset=377
.Linfo_string20:
	.asciz	"unsigned char"                 @ string offset=386
.Linfo_string21:
	.asciz	"uint8_t"                       @ string offset=400
.Linfo_string22:
	.asciz	"CTL"                           @ string offset=408
.Linfo_string23:
	.asciz	"PAR"                           @ string offset=412
.Linfo_string24:
	.asciz	"INTEN"                         @ string offset=416
.Linfo_string25:
	.asciz	"INTSTS"                        @ string offset=422
.Linfo_string26:
	.asciz	"PARM"                          @ string offset=429
.Linfo_string27:
	.asciz	"CWSP"                          @ string offset=434
.Linfo_string28:
	.asciz	"CWS"                           @ string offset=439
.Linfo_string29:
	.asciz	"PKTSL"                         @ string offset=443
.Linfo_string30:
	.asciz	"PLNSL"                         @ string offset=449
.Linfo_string31:
	.asciz	"FRCTL"                         @ string offset=455
.Linfo_string32:
	.asciz	"STRIDE"                        @ string offset=461
.Linfo_string33:
	.asciz	"RESERVE1"                      @ string offset=468
.Linfo_string34:
	.asciz	"FIFOTH"                        @ string offset=477
.Linfo_string35:
	.asciz	"CMPADDR"                       @ string offset=484
.Linfo_string36:
	.asciz	"LUMA_Y1_THD"                   @ string offset=492
.Linfo_string37:
	.asciz	"PKTSM"                         @ string offset=504
.Linfo_string38:
	.asciz	"PLNSM"                         @ string offset=510
.Linfo_string39:
	.asciz	"CURADDRP"                      @ string offset=516
.Linfo_string40:
	.asciz	"CURADDRY"                      @ string offset=525
.Linfo_string41:
	.asciz	"CURADDRU"                      @ string offset=534
.Linfo_string42:
	.asciz	"CURADDRV"                      @ string offset=543
.Linfo_string43:
	.asciz	"PKTBA0"                        @ string offset=552
.Linfo_string44:
	.asciz	"RESERVE2"                      @ string offset=559
.Linfo_string45:
	.asciz	"YBA"                           @ string offset=568
.Linfo_string46:
	.asciz	"UBA"                           @ string offset=572
.Linfo_string47:
	.asciz	"VBA"                           @ string offset=576
.Linfo_string48:
	.asciz	"RESERVE3"                      @ string offset=580
.Linfo_string49:
	.asciz	"MDCTL"                         @ string offset=589
.Linfo_string50:
	.asciz	"MDTRG_WK"                      @ string offset=595
.Linfo_string51:
	.asciz	"RESERVE4"                      @ string offset=604
.Linfo_string52:
	.asciz	"MDTTH"                         @ string offset=613
.Linfo_string53:
	.asciz	"MDTSAD"                        @ string offset=619
.Linfo_string54:
	.asciz	"RESERVE5"                      @ string offset=626
.Linfo_string55:
	.asciz	"MDWOCTH"                       @ string offset=635
.Linfo_string56:
	.asciz	"MDWOC"                         @ string offset=643
.Linfo_string57:
	.asciz	"RESERVE6"                      @ string offset=649
.Linfo_string58:
	.asciz	"MDWTH"                         @ string offset=658
.Linfo_string59:
	.asciz	"MDWSAD"                        @ string offset=664
.Linfo_string60:
	.asciz	"CCAP_T"                        @ string offset=671
.Linfo_string61:
	.asciz	"PDID"                          @ string offset=678
.Linfo_string62:
	.asciz	"RSTCTL"                        @ string offset=683
.Linfo_string63:
	.asciz	"RSTSTS"                        @ string offset=690
.Linfo_string64:
	.asciz	"VTORSET"                       @ string offset=697
.Linfo_string65:
	.asciz	"SRAMICTL"                      @ string offset=705
.Linfo_string66:
	.asciz	"SRAMSTS"                       @ string offset=714
.Linfo_string67:
	.asciz	"SRAMEADR"                      @ string offset=722
.Linfo_string68:
	.asciz	"BODCTL"                        @ string offset=731
.Linfo_string69:
	.asciz	"BODSTS"                        @ string offset=738
.Linfo_string70:
	.asciz	"PORCTL"                        @ string offset=745
.Linfo_string71:
	.asciz	"VREFCTL"                       @ string offset=752
.Linfo_string72:
	.asciz	"IVSCTL"                        @ string offset=760
.Linfo_string73:
	.asciz	"USBPHY"                        @ string offset=767
.Linfo_string74:
	.asciz	"UTCPDCTL"                      @ string offset=774
.Linfo_string75:
	.asciz	"DBUSCTL"                       @ string offset=783
.Linfo_string76:
	.asciz	"GPA_MFOS"                      @ string offset=791
.Linfo_string77:
	.asciz	"GPB_MFOS"                      @ string offset=800
.Linfo_string78:
	.asciz	"GPC_MFOS"                      @ string offset=809
.Linfo_string79:
	.asciz	"GPD_MFOS"                      @ string offset=818
.Linfo_string80:
	.asciz	"GPE_MFOS"                      @ string offset=827
.Linfo_string81:
	.asciz	"GPF_MFOS"                      @ string offset=836
.Linfo_string82:
	.asciz	"GPG_MFOS"                      @ string offset=845
.Linfo_string83:
	.asciz	"GPH_MFOS"                      @ string offset=854
.Linfo_string84:
	.asciz	"GPI_MFOS"                      @ string offset=863
.Linfo_string85:
	.asciz	"GPJ_MFOS"                      @ string offset=872
.Linfo_string86:
	.asciz	"REGLCTL"                       @ string offset=881
.Linfo_string87:
	.asciz	"TCTL48M"                       @ string offset=889
.Linfo_string88:
	.asciz	"TIEN48M"                       @ string offset=897
.Linfo_string89:
	.asciz	"TISTS48M"                      @ string offset=905
.Linfo_string90:
	.asciz	"TCTL12M"                       @ string offset=914
.Linfo_string91:
	.asciz	"TIEN12M"                       @ string offset=922
.Linfo_string92:
	.asciz	"TISTS12M"                      @ string offset=930
.Linfo_string93:
	.asciz	"TCTLMIRC"                      @ string offset=939
.Linfo_string94:
	.asciz	"TIENMIRC"                      @ string offset=948
.Linfo_string95:
	.asciz	"TISTSMIRC"                     @ string offset=957
.Linfo_string96:
	.asciz	"RESERVE7"                      @ string offset=967
.Linfo_string97:
	.asciz	"ACMPRST"                       @ string offset=976
.Linfo_string98:
	.asciz	"AWFRST"                        @ string offset=984
.Linfo_string99:
	.asciz	"BPWMRST"                       @ string offset=991
.Linfo_string100:
	.asciz	"CANFDRST"                      @ string offset=999
.Linfo_string101:
	.asciz	"CCAPRST"                       @ string offset=1008
.Linfo_string102:
	.asciz	"CRCRST"                        @ string offset=1016
.Linfo_string103:
	.asciz	"CRYPTORST"                     @ string offset=1023
.Linfo_string104:
	.asciz	"DACRST"                        @ string offset=1033
.Linfo_string105:
	.asciz	"DMICRST"                       @ string offset=1040
.Linfo_string106:
	.asciz	"EADCRST"                       @ string offset=1048
.Linfo_string107:
	.asciz	"EBIRST"                        @ string offset=1056
.Linfo_string108:
	.asciz	"ECAPRST"                       @ string offset=1063
.Linfo_string109:
	.asciz	"EMACRST"                       @ string offset=1071
.Linfo_string110:
	.asciz	"EPWMRST"                       @ string offset=1079
.Linfo_string111:
	.asciz	"EQEIRST"                       @ string offset=1087
.Linfo_string112:
	.asciz	"FMCRST"                        @ string offset=1095
.Linfo_string113:
	.asciz	"GDMARST"                       @ string offset=1102
.Linfo_string114:
	.asciz	"GPIORST"                       @ string offset=1110
.Linfo_string115:
	.asciz	"HSOTGRST"                      @ string offset=1118
.Linfo_string116:
	.asciz	"HSUSBDRST"                     @ string offset=1127
.Linfo_string117:
	.asciz	"HSUSBHRST"                     @ string offset=1137
.Linfo_string118:
	.asciz	"I2CRST"                        @ string offset=1147
.Linfo_string119:
	.asciz	"I2SRST"                        @ string offset=1154
.Linfo_string120:
	.asciz	"I3CRST"                        @ string offset=1161
.Linfo_string121:
	.asciz	"KDFRST"                        @ string offset=1168
.Linfo_string122:
	.asciz	"KPIRST"                        @ string offset=1175
.Linfo_string123:
	.asciz	"KSRST"                         @ string offset=1182
.Linfo_string124:
	.asciz	"LPADCRST"                      @ string offset=1188
.Linfo_string125:
	.asciz	"LPPDMARST"                     @ string offset=1197
.Linfo_string126:
	.asciz	"LPGPIORST"                     @ string offset=1207
.Linfo_string127:
	.asciz	"LPI2CRST"                      @ string offset=1217
.Linfo_string128:
	.asciz	"LPSPIRST"                      @ string offset=1226
.Linfo_string129:
	.asciz	"LPTMRRST"                      @ string offset=1235
.Linfo_string130:
	.asciz	"LPUARTRST"                     @ string offset=1244
.Linfo_string131:
	.asciz	"OTFCRST"                       @ string offset=1254
.Linfo_string132:
	.asciz	"OTGRST"                        @ string offset=1262
.Linfo_string133:
	.asciz	"PDMARST"                       @ string offset=1269
.Linfo_string134:
	.asciz	"PSIORST"                       @ string offset=1277
.Linfo_string135:
	.asciz	"QSPIRST"                       @ string offset=1285
.Linfo_string136:
	.asciz	"RTCRST"                        @ string offset=1293
.Linfo_string137:
	.asciz	"SCRST"                         @ string offset=1300
.Linfo_string138:
	.asciz	"SCURST"                        @ string offset=1306
.Linfo_string139:
	.asciz	"SDHRST"                        @ string offset=1313
.Linfo_string140:
	.asciz	"SPIRST"                        @ string offset=1320
.Linfo_string141:
	.asciz	"SPIMRST"                       @ string offset=1327
.Linfo_string142:
	.asciz	"RESERVE8"                      @ string offset=1335
.Linfo_string143:
	.asciz	"TMRRST"                        @ string offset=1344
.Linfo_string144:
	.asciz	"TRNGRST"                       @ string offset=1351
.Linfo_string145:
	.asciz	"TTMRRST"                       @ string offset=1359
.Linfo_string146:
	.asciz	"UARTRST"                       @ string offset=1367
.Linfo_string147:
	.asciz	"USBDRST"                       @ string offset=1375
.Linfo_string148:
	.asciz	"USBHRST"                       @ string offset=1383
.Linfo_string149:
	.asciz	"USCIRST"                       @ string offset=1391
.Linfo_string150:
	.asciz	"UTCPDRST"                      @ string offset=1399
.Linfo_string151:
	.asciz	"WWDTRST"                       @ string offset=1408
.Linfo_string152:
	.asciz	"RESERVE9"                      @ string offset=1416
.Linfo_string153:
	.asciz	"GPA_MFP0"                      @ string offset=1425
.Linfo_string154:
	.asciz	"GPA_MFP1"                      @ string offset=1434
.Linfo_string155:
	.asciz	"GPA_MFP2"                      @ string offset=1443
.Linfo_string156:
	.asciz	"GPA_MFP3"                      @ string offset=1452
.Linfo_string157:
	.asciz	"GPB_MFP0"                      @ string offset=1461
.Linfo_string158:
	.asciz	"GPB_MFP1"                      @ string offset=1470
.Linfo_string159:
	.asciz	"GPB_MFP2"                      @ string offset=1479
.Linfo_string160:
	.asciz	"GPB_MFP3"                      @ string offset=1488
.Linfo_string161:
	.asciz	"GPC_MFP0"                      @ string offset=1497
.Linfo_string162:
	.asciz	"GPC_MFP1"                      @ string offset=1506
.Linfo_string163:
	.asciz	"GPC_MFP2"                      @ string offset=1515
.Linfo_string164:
	.asciz	"GPC_MFP3"                      @ string offset=1524
.Linfo_string165:
	.asciz	"GPD_MFP0"                      @ string offset=1533
.Linfo_string166:
	.asciz	"GPD_MFP1"                      @ string offset=1542
.Linfo_string167:
	.asciz	"GPD_MFP2"                      @ string offset=1551
.Linfo_string168:
	.asciz	"GPD_MFP3"                      @ string offset=1560
.Linfo_string169:
	.asciz	"GPE_MFP0"                      @ string offset=1569
.Linfo_string170:
	.asciz	"GPE_MFP1"                      @ string offset=1578
.Linfo_string171:
	.asciz	"GPE_MFP2"                      @ string offset=1587
.Linfo_string172:
	.asciz	"GPE_MFP3"                      @ string offset=1596
.Linfo_string173:
	.asciz	"GPF_MFP0"                      @ string offset=1605
.Linfo_string174:
	.asciz	"GPF_MFP1"                      @ string offset=1614
.Linfo_string175:
	.asciz	"GPF_MFP2"                      @ string offset=1623
.Linfo_string176:
	.asciz	"RESERVE10"                     @ string offset=1632
.Linfo_string177:
	.asciz	"GPG_MFP0"                      @ string offset=1642
.Linfo_string178:
	.asciz	"GPG_MFP1"                      @ string offset=1651
.Linfo_string179:
	.asciz	"GPG_MFP2"                      @ string offset=1660
.Linfo_string180:
	.asciz	"GPG_MFP3"                      @ string offset=1669
.Linfo_string181:
	.asciz	"GPH_MFP0"                      @ string offset=1678
.Linfo_string182:
	.asciz	"GPH_MFP1"                      @ string offset=1687
.Linfo_string183:
	.asciz	"GPH_MFP2"                      @ string offset=1696
.Linfo_string184:
	.asciz	"GPH_MFP3"                      @ string offset=1705
.Linfo_string185:
	.asciz	"RESERVE11"                     @ string offset=1714
.Linfo_string186:
	.asciz	"GPI_MFP1"                      @ string offset=1724
.Linfo_string187:
	.asciz	"GPI_MFP2"                      @ string offset=1733
.Linfo_string188:
	.asciz	"GPI_MFP3"                      @ string offset=1742
.Linfo_string189:
	.asciz	"GPJ_MFP0"                      @ string offset=1751
.Linfo_string190:
	.asciz	"GPJ_MFP1"                      @ string offset=1760
.Linfo_string191:
	.asciz	"GPJ_MFP2"                      @ string offset=1769
.Linfo_string192:
	.asciz	"GPJ_MFP3"                      @ string offset=1778
.Linfo_string193:
	.asciz	"RESERVE12"                     @ string offset=1787
.Linfo_string194:
	.asciz	"NMIEN"                         @ string offset=1797
.Linfo_string195:
	.asciz	"NMISTS"                        @ string offset=1803
.Linfo_string196:
	.asciz	"RESERVE13"                     @ string offset=1810
.Linfo_string197:
	.asciz	"SRAMBCTL"                      @ string offset=1820
.Linfo_string198:
	.asciz	"SRAMBFF"                       @ string offset=1829
.Linfo_string199:
	.asciz	"SRAMBRF"                       @ string offset=1837
.Linfo_string200:
	.asciz	"SYS_T"                         @ string offset=1845
.Linfo_string201:
	.asciz	"SYS_IsRegLocked"               @ string offset=1851
.Linfo_string202:
	.asciz	"SYS_UnlockReg"                 @ string offset=1867
.Linfo_string203:
	.asciz	"u32TimeOutCount"               @ string offset=1881
.Linfo_string204:
	.asciz	"SYS_LockReg"                   @ string offset=1897
.Linfo_string205:
	.asciz	"I2S_GetSourceClockFreq"        @ string offset=1909
.Linfo_string206:
	.asciz	"I2S_Open"                      @ string offset=1932
.Linfo_string207:
	.asciz	"I2S_Close"                     @ string offset=1941
.Linfo_string208:
	.asciz	"I2S_EnableInt"                 @ string offset=1951
.Linfo_string209:
	.asciz	"I2S_DisableInt"                @ string offset=1965
.Linfo_string210:
	.asciz	"I2S_EnableMCLK"                @ string offset=1980
.Linfo_string211:
	.asciz	"I2S_DisableMCLK"               @ string offset=1995
.Linfo_string212:
	.asciz	"I2S_SetFIFO"                   @ string offset=2011
.Linfo_string213:
	.asciz	"I2S_ConfigureTDM"              @ string offset=2023
.Linfo_string214:
	.asciz	"i2s"                           @ string offset=2040
.Linfo_string215:
	.asciz	"u32Freq"                       @ string offset=2044
.Linfo_string216:
	.asciz	"u32ClkSrcSel"                  @ string offset=2052
.Linfo_string217:
	.asciz	"u32MasterSlave"                @ string offset=2065
.Linfo_string218:
	.asciz	"u32SampleRate"                 @ string offset=2080
.Linfo_string219:
	.asciz	"u32WordWidth"                  @ string offset=2094
.Linfo_string220:
	.asciz	"u32MonoData"                   @ string offset=2107
.Linfo_string221:
	.asciz	"u32DataFormat"                 @ string offset=2119
.Linfo_string222:
	.asciz	"u32SrcClk"                     @ string offset=2133
.Linfo_string223:
	.asciz	"u32BitRate"                    @ string offset=2143
.Linfo_string224:
	.asciz	"u16Divider"                    @ string offset=2154
.Linfo_string225:
	.asciz	"u32RegLockLevel"               @ string offset=2165
.Linfo_string226:
	.asciz	"u32Mask"                       @ string offset=2181
.Linfo_string227:
	.asciz	"u32BusClock"                   @ string offset=2189
.Linfo_string228:
	.asciz	"u8Divider"                     @ string offset=2201
.Linfo_string229:
	.asciz	"u32Reg"                        @ string offset=2211
.Linfo_string230:
	.asciz	"u32Clock"                      @ string offset=2218
.Linfo_string231:
	.asciz	"u32TxThreshold"                @ string offset=2227
.Linfo_string232:
	.asciz	"u32RxThreshold"                @ string offset=2242
.Linfo_string233:
	.asciz	"u32ChannelWidth"               @ string offset=2257
.Linfo_string234:
	.asciz	"u32ChannelNum"                 @ string offset=2273
.Linfo_string235:
	.asciz	"u32SyncWidth"                  @ string offset=2287
	.ident	"Component: Arm Compiler for Embedded 6.24 Tool: armclang [5f371800]"
	.section	".note.GNU-stack","",%progbits
	.eabi_attribute	30, 1	@ Tag_ABI_optimization_goals
	.ARM_attribute	16, 1	@ Tag_AV_eba
	.section	.debug_line,"",%progbits
.Lline_table_start0:
