	.text
	.syntax unified
	.eabi_attribute	67, "2.09"	@ Tag_conformance
	.cpu	cortex-m55
	.eabi_attribute	6, 21	@ Tag_CPU_arch
	.eabi_attribute	7, 77	@ Tag_CPU_arch_profile
	.eabi_attribute	8, 0	@ Tag_ARM_ISA_use
	.eabi_attribute	9, 3	@ Tag_THUMB_ISA_use
	.fpu	fpv5-d16
	.arch_extension	mve.fp
	.eabi_attribute	36, 1	@ Tag_FP_HP_extension
	.eabi_attribute	48, 2	@ Tag_MVE_arch
	.eabi_attribute	46, 1	@ Tag_DSP_extension
	.eabi_attribute	34, 1	@ Tag_CPU_unaligned_access
	.eabi_attribute	17, 1	@ Tag_ABI_PCS_GOT_use
	.eabi_attribute	20, 2	@ Tag_ABI_FP_denormal
	.eabi_attribute	21, 0	@ Tag_ABI_FP_exceptions
	.eabi_attribute	23, 1	@ Tag_ABI_FP_number_model
	.eabi_attribute	24, 1	@ Tag_ABI_align_needed
	.eabi_attribute	25, 1	@ Tag_ABI_align_preserved
	.eabi_attribute	28, 1	@ Tag_ABI_VFP_args
	.eabi_attribute	38, 1	@ Tag_ABI_FP_16bit_format
	.eabi_attribute	18, 2	@ Tag_ABI_PCS_wchar_t
	.eabi_attribute	26, 1	@ Tag_ABI_enum_size
	.eabi_attribute	14, 0	@ Tag_ABI_PCS_R9_use
	.file	"lapjv.cpp"
	.file	1 "C:\\Users\\antia\\TING\\114\\chip\\ML_M55M1_SampleCode\\M55M1BSP-3.01.003\\SampleCode\\NuEdgeWise\\ObjectTracker_YOLOv8n_o\\KEIL" "../ByteTrack/include\\lapjv.h"
	.section	.text._Z12_ccrrt_densejPPdPiS1_S1_S_,"ax",%progbits
	.hidden	_Z12_ccrrt_densejPPdPiS1_S1_S_  @ -- Begin function _Z12_ccrrt_densejPPdPiS1_S1_S_
	.globl	_Z12_ccrrt_densejPPdPiS1_S1_S_
	.p2align	3
	.type	_Z12_ccrrt_densejPPdPiS1_S1_S_,%function
	.code	16                              @ @_Z12_ccrrt_densejPPdPiS1_S1_S_
	.thumb_func
_Z12_ccrrt_densejPPdPiS1_S1_S_:
.Lfunc_begin0:
	.file	2 "C:\\Users\\antia\\TING\\114\\chip\\ML_M55M1_SampleCode\\M55M1BSP-3.01.003\\SampleCode\\NuEdgeWise\\ObjectTracker_YOLOv8n_o\\KEIL" "../ByteTrack/lapjv.cpp"
	.loc	2 11 0                          @ ../ByteTrack/lapjv.cpp:11:0
	.fnstart
	.cfi_sections .debug_frame
	.cfi_startproc
@ %bb.0:
	@DEBUG_VALUE: _ccrrt_dense:n <- $r0
	@DEBUG_VALUE: _ccrrt_dense:cost <- $r1
	@DEBUG_VALUE: _ccrrt_dense:free_rows <- $r2
	@DEBUG_VALUE: _ccrrt_dense:x <- $r3
	.save	{r4, r5, r6, r7, r8, r9, r10, r11, lr}
	push.w	{r4, r5, r6, r7, r8, r9, r10, r11, lr}
	.cfi_def_cfa_offset 36
	.cfi_offset lr, -4
	.cfi_offset r11, -8
	.cfi_offset r10, -12
	.cfi_offset r9, -16
	.cfi_offset r8, -20
	.cfi_offset r7, -24
	.cfi_offset r6, -28
	.cfi_offset r5, -32
	.cfi_offset r4, -36
	.pad	#20
	sub	sp, #20
	.cfi_def_cfa_offset 56
.Ltmp0:
	@DEBUG_VALUE: _ccrrt_dense:y <- [DW_OP_plus_uconst 56] [$sp+0]
	@DEBUG_VALUE: _ccrrt_dense:v <- [DW_OP_plus_uconst 60] [$sp+0]
	@DEBUG_VALUE: _ccrrt_dense:x <- [DW_OP_plus_uconst 12] [$sp+0]
	ldrd	r7, r5, [sp, #56]
.Ltmp1:
	@DEBUG_VALUE: i <- 0
	mov	r11, r0
.Ltmp2:
	@DEBUG_VALUE: _ccrrt_dense:n <- $r11
	.loc	2 15 2 prologue_end             @ ../ByteTrack/lapjv.cpp:15:2
	cmp	r0, #0
	mov	r9, r1
.Ltmp3:
	@DEBUG_VALUE: _ccrrt_dense:cost <- $r9
	@DEBUG_VALUE: _ccrrt_dense:cost <- $r9
	.loc	2 0 2 is_stmt 0                 @ ../ByteTrack/lapjv.cpp:0:2
	strd	r2, r3, [sp, #8]                @ 8-byte Folded Spill
.Ltmp4:
	@DEBUG_VALUE: _ccrrt_dense:free_rows <- [DW_OP_plus_uconst 8] [$sp+0]
	.loc	2 15 2                          @ ../ByteTrack/lapjv.cpp:15:2
	beq.w	.LBB0_18
.Ltmp5:
@ %bb.1:
	@DEBUG_VALUE: _ccrrt_dense:free_rows <- [DW_OP_plus_uconst 8] [$sp+0]
	@DEBUG_VALUE: _ccrrt_dense:cost <- $r9
	@DEBUG_VALUE: _ccrrt_dense:n <- $r11
	@DEBUG_VALUE: i <- 0
	@DEBUG_VALUE: _ccrrt_dense:x <- [DW_OP_plus_uconst 12] [$sp+0]
	@DEBUG_VALUE: _ccrrt_dense:v <- [DW_OP_plus_uconst 60] [$sp+0]
	@DEBUG_VALUE: _ccrrt_dense:y <- [DW_OP_plus_uconst 56] [$sp+0]
	bic	r1, r11, #3
	movw	r3, #33920
	and	r10, r11, #3
	subs	r0, r1, #4
	movs	r6, #0
	cmp.w	r11, #4
	movt	r3, #16686
	mov.w	r8, #0
	str	r0, [sp, #16]                   @ 4-byte Spill
	blo	.LBB0_4
.Ltmp6:
@ %bb.2:
	@DEBUG_VALUE: _ccrrt_dense:free_rows <- [DW_OP_plus_uconst 8] [$sp+0]
	@DEBUG_VALUE: _ccrrt_dense:cost <- $r9
	@DEBUG_VALUE: _ccrrt_dense:n <- $r11
	@DEBUG_VALUE: i <- 0
	@DEBUG_VALUE: _ccrrt_dense:x <- [DW_OP_plus_uconst 12] [$sp+0]
	@DEBUG_VALUE: _ccrrt_dense:v <- [DW_OP_plus_uconst 60] [$sp+0]
	@DEBUG_VALUE: _ccrrt_dense:y <- [DW_OP_plus_uconst 56] [$sp+0]
	ldr	r2, [sp, #16]                   @ 4-byte Reload
	movs	r0, #1
	mov	r8, r1
	add.w	r4, r7, #8
	add.w	lr, r0, r2, lsr #2
	add.w	r0, r5, #16
	mov.w	r12, #-1
	ldr	r2, [sp, #12]                   @ 4-byte Reload
	adds	r2, #8
.Ltmp7:
	.loc	2 0 2                           @ :0:2
.Ltmp8:
	.p2align	2
.LBB0_3:                                @ =>This Inner Loop Header: Depth=1
	@DEBUG_VALUE: _ccrrt_dense:free_rows <- [DW_OP_plus_uconst 8] [$sp+0]
	@DEBUG_VALUE: _ccrrt_dense:cost <- $r9
	@DEBUG_VALUE: _ccrrt_dense:n <- $r11
	@DEBUG_VALUE: _ccrrt_dense:x <- [DW_OP_plus_uconst 12] [$sp+0]
	@DEBUG_VALUE: _ccrrt_dense:v <- [DW_OP_plus_uconst 60] [$sp+0]
	@DEBUG_VALUE: _ccrrt_dense:y <- [DW_OP_plus_uconst 56] [$sp+0]
	@DEBUG_VALUE: i <- undef
	.loc	2 16 8 is_stmt 1                @ ../ByteTrack/lapjv.cpp:16:8
	str	r12, [r2, #-8]
	.loc	2 17 8                          @ ../ByteTrack/lapjv.cpp:17:8
	strd	r6, r3, [r0, #-16]
	.loc	2 18 8                          @ ../ByteTrack/lapjv.cpp:18:8
	str	r6, [r4, #-8]
	.loc	2 16 8                          @ ../ByteTrack/lapjv.cpp:16:8
	str	r12, [r2, #-4]
	.loc	2 17 8                          @ ../ByteTrack/lapjv.cpp:17:8
	strd	r6, r3, [r0, #-8]
	.loc	2 18 8                          @ ../ByteTrack/lapjv.cpp:18:8
	str	r6, [r4, #-4]
	.loc	2 16 8                          @ ../ByteTrack/lapjv.cpp:16:8
	str.w	r12, [r2]
	.loc	2 17 8                          @ ../ByteTrack/lapjv.cpp:17:8
	strd	r6, r3, [r0]
	.loc	2 18 8                          @ ../ByteTrack/lapjv.cpp:18:8
	str	r6, [r4]
	.loc	2 16 8                          @ ../ByteTrack/lapjv.cpp:16:8
	str.w	r12, [r2, #4]
.Ltmp9:
	.loc	2 15 2                          @ ../ByteTrack/lapjv.cpp:15:2
	adds	r2, #16
.Ltmp10:
	.loc	2 17 8                          @ ../ByteTrack/lapjv.cpp:17:8
	strd	r6, r3, [r0, #8]
	.loc	2 18 8                          @ ../ByteTrack/lapjv.cpp:18:8
	str	r6, [r4, #4]
.Ltmp11:
	.loc	2 15 2                          @ ../ByteTrack/lapjv.cpp:15:2
	adds	r0, #32
	adds	r4, #16
	le	lr, .LBB0_3
.Ltmp12:
.LBB0_4:
	@DEBUG_VALUE: _ccrrt_dense:free_rows <- [DW_OP_plus_uconst 8] [$sp+0]
	@DEBUG_VALUE: _ccrrt_dense:cost <- $r9
	@DEBUG_VALUE: _ccrrt_dense:n <- $r11
	@DEBUG_VALUE: _ccrrt_dense:x <- [DW_OP_plus_uconst 12] [$sp+0]
	@DEBUG_VALUE: _ccrrt_dense:v <- [DW_OP_plus_uconst 60] [$sp+0]
	@DEBUG_VALUE: _ccrrt_dense:y <- [DW_OP_plus_uconst 56] [$sp+0]
	cmp.w	r10, #0
	beq	.LBB0_8
.Ltmp13:
@ %bb.5:
	@DEBUG_VALUE: _ccrrt_dense:free_rows <- [DW_OP_plus_uconst 8] [$sp+0]
	@DEBUG_VALUE: _ccrrt_dense:cost <- $r9
	@DEBUG_VALUE: _ccrrt_dense:n <- $r11
	@DEBUG_VALUE: _ccrrt_dense:x <- [DW_OP_plus_uconst 12] [$sp+0]
	@DEBUG_VALUE: _ccrrt_dense:v <- [DW_OP_plus_uconst 60] [$sp+0]
	@DEBUG_VALUE: _ccrrt_dense:y <- [DW_OP_plus_uconst 56] [$sp+0]
	@DEBUG_VALUE: i <- $r8
	.loc	2 16 8                          @ ../ByteTrack/lapjv.cpp:16:8
	ldr	r0, [sp, #12]                   @ 4-byte Reload
	mov.w	r2, #-1
	.loc	2 17 3                          @ ../ByteTrack/lapjv.cpp:17:3
	add.w	r6, r5, r8, lsl #3
	.loc	2 16 8                          @ ../ByteTrack/lapjv.cpp:16:8
	str.w	r2, [r0, r8, lsl #2]
	movs	r0, #0
.Ltmp14:
	.loc	2 15 2                          @ ../ByteTrack/lapjv.cpp:15:2
	cmp.w	r10, #1
.Ltmp15:
	.loc	2 17 8                          @ ../ByteTrack/lapjv.cpp:17:8
	str.w	r0, [r5, r8, lsl #3]
	str	r3, [r6, #4]
	.loc	2 18 8                          @ ../ByteTrack/lapjv.cpp:18:8
	str.w	r0, [r7, r8, lsl #2]
.Ltmp16:
	@DEBUG_VALUE: i <- [DW_OP_plus_uconst 1, DW_OP_stack_value] $r8
	.loc	2 15 2                          @ ../ByteTrack/lapjv.cpp:15:2
	beq	.LBB0_8
.Ltmp17:
@ %bb.6:
	@DEBUG_VALUE: i <- [DW_OP_plus_uconst 1, DW_OP_stack_value] $r8
	@DEBUG_VALUE: _ccrrt_dense:free_rows <- [DW_OP_plus_uconst 8] [$sp+0]
	@DEBUG_VALUE: _ccrrt_dense:cost <- $r9
	@DEBUG_VALUE: _ccrrt_dense:n <- $r11
	@DEBUG_VALUE: _ccrrt_dense:x <- [DW_OP_plus_uconst 12] [$sp+0]
	@DEBUG_VALUE: _ccrrt_dense:v <- [DW_OP_plus_uconst 60] [$sp+0]
	@DEBUG_VALUE: _ccrrt_dense:y <- [DW_OP_plus_uconst 56] [$sp+0]
	.loc	2 16 8                          @ ../ByteTrack/lapjv.cpp:16:8
	ldr	r7, [sp, #12]                   @ 4-byte Reload
.Ltmp18:
	.loc	2 15 29                         @ ../ByteTrack/lapjv.cpp:15:29
	add.w	r6, r8, #1
.Ltmp19:
	@DEBUG_VALUE: i <- $r6
	.loc	2 15 2 is_stmt 0                @ ../ByteTrack/lapjv.cpp:15:2
	cmp.w	r10, #2
.Ltmp20:
	.loc	2 16 8 is_stmt 1                @ ../ByteTrack/lapjv.cpp:16:8
	str.w	r2, [r7, r6, lsl #2]
	ldr	r7, [sp, #56]
	.loc	2 17 3                          @ ../ByteTrack/lapjv.cpp:17:3
	add.w	r2, r5, r6, lsl #3
	.loc	2 17 8 is_stmt 0                @ ../ByteTrack/lapjv.cpp:17:8
	str.w	r0, [r5, r6, lsl #3]
	str	r3, [r2, #4]
	.loc	2 18 8 is_stmt 1                @ ../ByteTrack/lapjv.cpp:18:8
	str.w	r0, [r7, r6, lsl #2]
.Ltmp21:
	@DEBUG_VALUE: i <- [DW_OP_plus_uconst 2, DW_OP_stack_value] $r8
	.loc	2 15 2                          @ ../ByteTrack/lapjv.cpp:15:2
	beq	.LBB0_8
.Ltmp22:
@ %bb.7:
	@DEBUG_VALUE: i <- [DW_OP_plus_uconst 2, DW_OP_stack_value] $r8
	@DEBUG_VALUE: _ccrrt_dense:free_rows <- [DW_OP_plus_uconst 8] [$sp+0]
	@DEBUG_VALUE: _ccrrt_dense:cost <- $r9
	@DEBUG_VALUE: _ccrrt_dense:n <- $r11
	@DEBUG_VALUE: _ccrrt_dense:x <- [DW_OP_plus_uconst 12] [$sp+0]
	@DEBUG_VALUE: _ccrrt_dense:v <- [DW_OP_plus_uconst 60] [$sp+0]
	@DEBUG_VALUE: _ccrrt_dense:y <- [DW_OP_plus_uconst 56] [$sp+0]
	.loc	2 16 8                          @ ../ByteTrack/lapjv.cpp:16:8
	ldr	r7, [sp, #12]                   @ 4-byte Reload
.Ltmp23:
	.loc	2 15 29                         @ ../ByteTrack/lapjv.cpp:15:29
	add.w	r0, r8, #2
.Ltmp24:
	@DEBUG_VALUE: i <- $r0
	.loc	2 0 29 is_stmt 0                @ ../ByteTrack/lapjv.cpp:0:29
	mov.w	r2, #-1
.Ltmp25:
	.loc	2 17 3 is_stmt 1                @ ../ByteTrack/lapjv.cpp:17:3
	add.w	r6, r5, r0, lsl #3
	.loc	2 16 8                          @ ../ByteTrack/lapjv.cpp:16:8
	str.w	r2, [r7, r0, lsl #2]
	movs	r2, #0
	ldr	r7, [sp, #56]
	.loc	2 17 8                          @ ../ByteTrack/lapjv.cpp:17:8
	str.w	r2, [r5, r0, lsl #3]
	str	r3, [r6, #4]
	.loc	2 18 8                          @ ../ByteTrack/lapjv.cpp:18:8
	str.w	r2, [r7, r0, lsl #2]
.Ltmp26:
	@DEBUG_VALUE: i <- [DW_OP_plus_uconst 3, DW_OP_stack_value] undef
.LBB0_8:
	@DEBUG_VALUE: _ccrrt_dense:free_rows <- [DW_OP_plus_uconst 8] [$sp+0]
	@DEBUG_VALUE: _ccrrt_dense:cost <- $r9
	@DEBUG_VALUE: _ccrrt_dense:n <- $r11
	@DEBUG_VALUE: _ccrrt_dense:x <- [DW_OP_plus_uconst 12] [$sp+0]
	@DEBUG_VALUE: _ccrrt_dense:v <- [DW_OP_plus_uconst 60] [$sp+0]
	@DEBUG_VALUE: _ccrrt_dense:y <- [DW_OP_plus_uconst 56] [$sp+0]
	.loc	2 20 2                          @ ../ByteTrack/lapjv.cpp:20:2
	ldr	r2, [sp, #16]                   @ 4-byte Reload
	movs	r0, #1
	add.w	r8, r7, #8
	movs	r3, #0
	add.w	r0, r0, r2, lsr #2
	str	r0, [sp, #16]                   @ 4-byte Spill
	b	.LBB0_10
.Ltmp27:
	.loc	2 0 2 is_stmt 0                 @ :0:2
.Ltmp28:
	.p2align	2
.LBB0_9:                                @   in Loop: Header=BB0_10 Depth=1
	@DEBUG_VALUE: i <- $r3
	@DEBUG_VALUE: _ccrrt_dense:free_rows <- [DW_OP_plus_uconst 8] [$sp+0]
	@DEBUG_VALUE: _ccrrt_dense:cost <- $r9
	@DEBUG_VALUE: _ccrrt_dense:n <- $r11
	@DEBUG_VALUE: _ccrrt_dense:x <- [DW_OP_plus_uconst 12] [$sp+0]
	@DEBUG_VALUE: _ccrrt_dense:v <- [DW_OP_plus_uconst 60] [$sp+0]
	@DEBUG_VALUE: _ccrrt_dense:y <- [DW_OP_plus_uconst 56] [$sp+0]
	.loc	2 20 29                         @ ../ByteTrack/lapjv.cpp:20:29
	adds	r3, #1
.Ltmp29:
	@DEBUG_VALUE: i <- $r3
	.loc	2 20 2                          @ ../ByteTrack/lapjv.cpp:20:2
	cmp	r3, r11
	beq.w	.LBB0_18
.Ltmp30:
.LBB0_10:                               @ =>This Loop Header: Depth=1
                                        @     Child Loop BB0_13 Depth 2
	@DEBUG_VALUE: _ccrrt_dense:free_rows <- [DW_OP_plus_uconst 8] [$sp+0]
	@DEBUG_VALUE: _ccrrt_dense:cost <- $r9
	@DEBUG_VALUE: _ccrrt_dense:n <- $r11
	@DEBUG_VALUE: _ccrrt_dense:x <- [DW_OP_plus_uconst 12] [$sp+0]
	@DEBUG_VALUE: _ccrrt_dense:v <- [DW_OP_plus_uconst 60] [$sp+0]
	@DEBUG_VALUE: _ccrrt_dense:y <- [DW_OP_plus_uconst 56] [$sp+0]
	@DEBUG_VALUE: i <- $r3
	.loc	2 0 2                           @ ../ByteTrack/lapjv.cpp:0:2
	ldr.w	r4, [r9, r3, lsl #2]
.Ltmp31:
	@DEBUG_VALUE: j <- 0
	.loc	2 21 3 is_stmt 1                @ ../ByteTrack/lapjv.cpp:21:3
	cmp.w	r11, #4
	bhs	.LBB0_12
.Ltmp32:
@ %bb.11:                               @   in Loop: Header=BB0_10 Depth=1
	@DEBUG_VALUE: j <- 0
	@DEBUG_VALUE: i <- $r3
	@DEBUG_VALUE: _ccrrt_dense:free_rows <- [DW_OP_plus_uconst 8] [$sp+0]
	@DEBUG_VALUE: _ccrrt_dense:cost <- $r9
	@DEBUG_VALUE: _ccrrt_dense:n <- $r11
	@DEBUG_VALUE: _ccrrt_dense:x <- [DW_OP_plus_uconst 12] [$sp+0]
	@DEBUG_VALUE: _ccrrt_dense:v <- [DW_OP_plus_uconst 60] [$sp+0]
	@DEBUG_VALUE: _ccrrt_dense:y <- [DW_OP_plus_uconst 56] [$sp+0]
	.loc	2 0 3 is_stmt 0                 @ ../ByteTrack/lapjv.cpp:0:3
	movs	r0, #0
	b	.LBB0_14
.Ltmp33:
	.p2align	2
.LBB0_12:                               @   in Loop: Header=BB0_10 Depth=1
	@DEBUG_VALUE: j <- 0
	@DEBUG_VALUE: i <- $r3
	@DEBUG_VALUE: _ccrrt_dense:free_rows <- [DW_OP_plus_uconst 8] [$sp+0]
	@DEBUG_VALUE: _ccrrt_dense:cost <- $r9
	@DEBUG_VALUE: _ccrrt_dense:n <- $r11
	@DEBUG_VALUE: _ccrrt_dense:x <- [DW_OP_plus_uconst 12] [$sp+0]
	@DEBUG_VALUE: _ccrrt_dense:v <- [DW_OP_plus_uconst 60] [$sp+0]
	@DEBUG_VALUE: _ccrrt_dense:y <- [DW_OP_plus_uconst 56] [$sp+0]
	.loc	2 21 3                          @ ../ByteTrack/lapjv.cpp:21:3
	ldr	r0, [sp, #16]                   @ 4-byte Reload
	movs	r2, #0
	mov	r6, r8
	dls	lr, r0
.Ltmp34:
	.loc	2 0 3                           @ :0:3
.Ltmp35:
	.p2align	2
.LBB0_13:                               @   Parent Loop BB0_10 Depth=1
                                        @ =>  This Inner Loop Header: Depth=2
	@DEBUG_VALUE: i <- $r3
	@DEBUG_VALUE: _ccrrt_dense:free_rows <- [DW_OP_plus_uconst 8] [$sp+0]
	@DEBUG_VALUE: _ccrrt_dense:cost <- $r9
	@DEBUG_VALUE: _ccrrt_dense:n <- $r11
	@DEBUG_VALUE: _ccrrt_dense:x <- [DW_OP_plus_uconst 12] [$sp+0]
	@DEBUG_VALUE: _ccrrt_dense:v <- [DW_OP_plus_uconst 60] [$sp+0]
	@DEBUG_VALUE: _ccrrt_dense:y <- [DW_OP_plus_uconst 56] [$sp+0]
	@DEBUG_VALUE: j <- [DW_OP_consts 32, DW_OP_div, DW_OP_consts 4, DW_OP_mul, DW_OP_stack_value] $r2
	.loc	2 22 21 is_stmt 1               @ ../ByteTrack/lapjv.cpp:22:21
	add.w	r12, r4, r2
.Ltmp36:
	.loc	2 23 12                         @ ../ByteTrack/lapjv.cpp:23:12
	adds	r0, r5, r2
.Ltmp37:
	.loc	2 21 3                          @ ../ByteTrack/lapjv.cpp:21:3
	adds	r2, #32
.Ltmp38:
	.loc	2 22 21                         @ ../ByteTrack/lapjv.cpp:22:21
	vldr	d0, [r12]
.Ltmp39:
	@DEBUG_VALUE: c <- $d0
	.loc	2 23 12                         @ ../ByteTrack/lapjv.cpp:23:12
	vldr	d1, [r0]
.Ltmp40:
	.loc	2 23 8 is_stmt 0                @ ../ByteTrack/lapjv.cpp:23:8
	vcmp.f64	d0, d1
	vmrs	APSR_nzcv, fpscr
.Ltmp41:
	.loc	2 24 10 is_stmt 1               @ ../ByteTrack/lapjv.cpp:24:10
	itt	lt
	vstrlt	d0, [r0]
	.loc	2 25 10                         @ ../ByteTrack/lapjv.cpp:25:10
	strlt	r3, [r6, #-8]
.Ltmp42:
	@DEBUG_VALUE: j <- [DW_OP_consts 32, DW_OP_div, DW_OP_consts 4, DW_OP_mul, DW_OP_consts 1, DW_OP_plus, DW_OP_stack_value] $r2
	.loc	2 22 21                         @ ../ByteTrack/lapjv.cpp:22:21
	vldr	d0, [r12, #8]
.Ltmp43:
	@DEBUG_VALUE: c <- $d0
	.loc	2 23 12                         @ ../ByteTrack/lapjv.cpp:23:12
	vldr	d1, [r0, #8]
.Ltmp44:
	.loc	2 23 8 is_stmt 0                @ ../ByteTrack/lapjv.cpp:23:8
	vcmp.f64	d0, d1
	vmrs	APSR_nzcv, fpscr
.Ltmp45:
	.loc	2 24 10 is_stmt 1               @ ../ByteTrack/lapjv.cpp:24:10
	itt	lt
	vstrlt	d0, [r0, #8]
	.loc	2 25 10                         @ ../ByteTrack/lapjv.cpp:25:10
	strlt	r3, [r6, #-4]
.Ltmp46:
	@DEBUG_VALUE: j <- [DW_OP_consts 32, DW_OP_div, DW_OP_consts 4, DW_OP_mul, DW_OP_consts 2, DW_OP_plus, DW_OP_stack_value] $r2
	.loc	2 22 21                         @ ../ByteTrack/lapjv.cpp:22:21
	vldr	d0, [r12, #16]
.Ltmp47:
	@DEBUG_VALUE: c <- $d0
	.loc	2 23 12                         @ ../ByteTrack/lapjv.cpp:23:12
	vldr	d1, [r0, #16]
.Ltmp48:
	.loc	2 23 8 is_stmt 0                @ ../ByteTrack/lapjv.cpp:23:8
	vcmp.f64	d0, d1
	vmrs	APSR_nzcv, fpscr
.Ltmp49:
	.loc	2 24 10 is_stmt 1               @ ../ByteTrack/lapjv.cpp:24:10
	itt	lt
	vstrlt	d0, [r0, #16]
	.loc	2 25 10                         @ ../ByteTrack/lapjv.cpp:25:10
	strlt	r3, [r6]
.Ltmp50:
	@DEBUG_VALUE: j <- [DW_OP_consts 32, DW_OP_div, DW_OP_consts 4, DW_OP_mul, DW_OP_consts 3, DW_OP_plus, DW_OP_stack_value] $r2
	.loc	2 22 21                         @ ../ByteTrack/lapjv.cpp:22:21
	vldr	d0, [r12, #24]
.Ltmp51:
	@DEBUG_VALUE: c <- $d0
	.loc	2 23 12                         @ ../ByteTrack/lapjv.cpp:23:12
	vldr	d1, [r0, #24]
.Ltmp52:
	.loc	2 23 8 is_stmt 0                @ ../ByteTrack/lapjv.cpp:23:8
	vcmp.f64	d0, d1
	vmrs	APSR_nzcv, fpscr
.Ltmp53:
	.loc	2 24 10 is_stmt 1               @ ../ByteTrack/lapjv.cpp:24:10
	itt	lt
	vstrlt	d0, [r0, #24]
	.loc	2 25 10                         @ ../ByteTrack/lapjv.cpp:25:10
	strlt	r3, [r6, #4]
.Ltmp54:
	@DEBUG_VALUE: j <- [DW_OP_consts 32, DW_OP_div, DW_OP_consts 4, DW_OP_mul, DW_OP_consts 4, DW_OP_plus, DW_OP_stack_value] $r2
	.loc	2 21 3                          @ ../ByteTrack/lapjv.cpp:21:3
	adds	r6, #16
	mov	r0, r1
	le	lr, .LBB0_13
.Ltmp55:
.LBB0_14:                               @   in Loop: Header=BB0_10 Depth=1
	@DEBUG_VALUE: i <- $r3
	@DEBUG_VALUE: _ccrrt_dense:free_rows <- [DW_OP_plus_uconst 8] [$sp+0]
	@DEBUG_VALUE: _ccrrt_dense:cost <- $r9
	@DEBUG_VALUE: _ccrrt_dense:n <- $r11
	@DEBUG_VALUE: _ccrrt_dense:x <- [DW_OP_plus_uconst 12] [$sp+0]
	@DEBUG_VALUE: _ccrrt_dense:v <- [DW_OP_plus_uconst 60] [$sp+0]
	@DEBUG_VALUE: _ccrrt_dense:y <- [DW_OP_plus_uconst 56] [$sp+0]
	.loc	2 23 8                          @ ../ByteTrack/lapjv.cpp:23:8
	cmp.w	r10, #0
	beq	.LBB0_9
.Ltmp56:
@ %bb.15:                               @   in Loop: Header=BB0_10 Depth=1
	@DEBUG_VALUE: i <- $r3
	@DEBUG_VALUE: _ccrrt_dense:free_rows <- [DW_OP_plus_uconst 8] [$sp+0]
	@DEBUG_VALUE: _ccrrt_dense:cost <- $r9
	@DEBUG_VALUE: _ccrrt_dense:n <- $r11
	@DEBUG_VALUE: _ccrrt_dense:x <- [DW_OP_plus_uconst 12] [$sp+0]
	@DEBUG_VALUE: _ccrrt_dense:v <- [DW_OP_plus_uconst 60] [$sp+0]
	@DEBUG_VALUE: _ccrrt_dense:y <- [DW_OP_plus_uconst 56] [$sp+0]
	@DEBUG_VALUE: j <- $r0
	.loc	2 22 21                         @ ../ByteTrack/lapjv.cpp:22:21
	add.w	r6, r4, r0, lsl #3
.Ltmp57:
	.loc	2 23 12                         @ ../ByteTrack/lapjv.cpp:23:12
	add.w	r2, r5, r0, lsl #3
.Ltmp58:
	.loc	2 22 21                         @ ../ByteTrack/lapjv.cpp:22:21
	vldr	d0, [r6]
.Ltmp59:
	@DEBUG_VALUE: c <- $d0
	.loc	2 23 12                         @ ../ByteTrack/lapjv.cpp:23:12
	vldr	d1, [r2]
.Ltmp60:
	.loc	2 23 8 is_stmt 0                @ ../ByteTrack/lapjv.cpp:23:8
	vcmp.f64	d0, d1
	vmrs	APSR_nzcv, fpscr
.Ltmp61:
	.loc	2 24 10 is_stmt 1               @ ../ByteTrack/lapjv.cpp:24:10
	itt	lt
	vstrlt	d0, [r2]
	.loc	2 25 10                         @ ../ByteTrack/lapjv.cpp:25:10
	strlt.w	r3, [r7, r0, lsl #2]
.Ltmp62:
	@DEBUG_VALUE: j <- undef
	.loc	2 21 3                          @ ../ByteTrack/lapjv.cpp:21:3
	cmp.w	r10, #1
	beq	.LBB0_9
.Ltmp63:
@ %bb.16:                               @   in Loop: Header=BB0_10 Depth=1
	@DEBUG_VALUE: c <- $d0
	@DEBUG_VALUE: i <- $r3
	@DEBUG_VALUE: _ccrrt_dense:free_rows <- [DW_OP_plus_uconst 8] [$sp+0]
	@DEBUG_VALUE: _ccrrt_dense:cost <- $r9
	@DEBUG_VALUE: _ccrrt_dense:n <- $r11
	@DEBUG_VALUE: _ccrrt_dense:x <- [DW_OP_plus_uconst 12] [$sp+0]
	@DEBUG_VALUE: _ccrrt_dense:v <- [DW_OP_plus_uconst 60] [$sp+0]
	@DEBUG_VALUE: _ccrrt_dense:y <- [DW_OP_plus_uconst 56] [$sp+0]
	.loc	2 0 0 is_stmt 0                 @ ../ByteTrack/lapjv.cpp:0:0
	adds	r2, r0, #1
.Ltmp64:
	@DEBUG_VALUE: j <- $r2
	.loc	2 22 21 is_stmt 1               @ ../ByteTrack/lapjv.cpp:22:21
	add.w	r7, r4, r2, lsl #3
.Ltmp65:
	.loc	2 23 12                         @ ../ByteTrack/lapjv.cpp:23:12
	add.w	r6, r5, r2, lsl #3
.Ltmp66:
	.loc	2 22 21                         @ ../ByteTrack/lapjv.cpp:22:21
	vldr	d0, [r7]
.Ltmp67:
	@DEBUG_VALUE: c <- $d0
	.loc	2 23 12                         @ ../ByteTrack/lapjv.cpp:23:12
	vldr	d1, [r6]
	ldr	r7, [sp, #56]
.Ltmp68:
	.loc	2 23 8 is_stmt 0                @ ../ByteTrack/lapjv.cpp:23:8
	vcmp.f64	d0, d1
	vmrs	APSR_nzcv, fpscr
	@DEBUG_VALUE: j <- $r2
.Ltmp69:
	.loc	2 24 10 is_stmt 1               @ ../ByteTrack/lapjv.cpp:24:10
	itt	lt
	vstrlt	d0, [r6]
	.loc	2 25 10                         @ ../ByteTrack/lapjv.cpp:25:10
	strlt.w	r3, [r7, r2, lsl #2]
.Ltmp70:
	@DEBUG_VALUE: j <- undef
	.loc	2 21 3                          @ ../ByteTrack/lapjv.cpp:21:3
	cmp.w	r10, #2
	beq.w	.LBB0_9
.Ltmp71:
@ %bb.17:                               @   in Loop: Header=BB0_10 Depth=1
	@DEBUG_VALUE: c <- $d0
	@DEBUG_VALUE: i <- $r3
	@DEBUG_VALUE: _ccrrt_dense:free_rows <- [DW_OP_plus_uconst 8] [$sp+0]
	@DEBUG_VALUE: _ccrrt_dense:cost <- $r9
	@DEBUG_VALUE: _ccrrt_dense:n <- $r11
	@DEBUG_VALUE: _ccrrt_dense:x <- [DW_OP_plus_uconst 12] [$sp+0]
	@DEBUG_VALUE: _ccrrt_dense:v <- [DW_OP_plus_uconst 60] [$sp+0]
	@DEBUG_VALUE: _ccrrt_dense:y <- [DW_OP_plus_uconst 56] [$sp+0]
	.loc	2 0 0 is_stmt 0                 @ ../ByteTrack/lapjv.cpp:0:0
	adds	r0, #2
.Ltmp72:
	@DEBUG_VALUE: j <- $r0
	.loc	2 22 21 is_stmt 1               @ ../ByteTrack/lapjv.cpp:22:21
	add.w	r7, r4, r0, lsl #3
.Ltmp73:
	.loc	2 23 12                         @ ../ByteTrack/lapjv.cpp:23:12
	add.w	r2, r5, r0, lsl #3
.Ltmp74:
	.loc	2 22 21                         @ ../ByteTrack/lapjv.cpp:22:21
	vldr	d0, [r7]
.Ltmp75:
	@DEBUG_VALUE: c <- $d0
	.loc	2 23 12                         @ ../ByteTrack/lapjv.cpp:23:12
	vldr	d1, [r2]
	ldr	r7, [sp, #56]
.Ltmp76:
	.loc	2 23 8 is_stmt 0                @ ../ByteTrack/lapjv.cpp:23:8
	vcmp.f64	d0, d1
	vmrs	APSR_nzcv, fpscr
	@DEBUG_VALUE: j <- $r0
.Ltmp77:
	.loc	2 24 10 is_stmt 1               @ ../ByteTrack/lapjv.cpp:24:10
	itt	lt
	vstrlt	d0, [r2]
	.loc	2 25 10                         @ ../ByteTrack/lapjv.cpp:25:10
	strlt.w	r3, [r7, r0, lsl #2]
	b	.LBB0_9
.Ltmp78:
.LBB0_18:
	@DEBUG_VALUE: _ccrrt_dense:free_rows <- [DW_OP_plus_uconst 8] [$sp+0]
	@DEBUG_VALUE: _ccrrt_dense:cost <- $r9
	@DEBUG_VALUE: _ccrrt_dense:n <- $r11
	@DEBUG_VALUE: _ccrrt_dense:x <- [DW_OP_plus_uconst 12] [$sp+0]
	@DEBUG_VALUE: _ccrrt_dense:v <- [DW_OP_plus_uconst 60] [$sp+0]
	@DEBUG_VALUE: _ccrrt_dense:y <- [DW_OP_plus_uconst 56] [$sp+0]
	.loc	2 32 2                          @ ../ByteTrack/lapjv.cpp:32:2
	mov	r0, r11
	bl	malloc
.Ltmp79:
	@DEBUG_VALUE: _ccrrt_dense:unique <- $r0
	.loc	2 32 2 is_stmt 0                @ ../ByteTrack/lapjv.cpp:32:2
	cmp	r0, #0
	mov.w	r4, #-1
	beq.w	.LBB0_50
.Ltmp80:
@ %bb.19:
	@DEBUG_VALUE: _ccrrt_dense:unique <- $r0
	@DEBUG_VALUE: _ccrrt_dense:free_rows <- [DW_OP_plus_uconst 8] [$sp+0]
	@DEBUG_VALUE: _ccrrt_dense:cost <- $r9
	@DEBUG_VALUE: _ccrrt_dense:n <- $r11
	@DEBUG_VALUE: _ccrrt_dense:x <- [DW_OP_plus_uconst 12] [$sp+0]
	@DEBUG_VALUE: _ccrrt_dense:v <- [DW_OP_plus_uconst 60] [$sp+0]
	@DEBUG_VALUE: _ccrrt_dense:y <- [DW_OP_plus_uconst 56] [$sp+0]
	.loc	2 33 2 is_stmt 1                @ ../ByteTrack/lapjv.cpp:33:2
	mov	r1, r11
	movs	r2, #1
	.loc	2 0 0 is_stmt 0                 @ ../ByteTrack/lapjv.cpp:0:0
	mov	r10, r0
.Ltmp81:
	@DEBUG_VALUE: _ccrrt_dense:unique <- $r10
	movs	r6, #1
	.loc	2 33 2                          @ ../ByteTrack/lapjv.cpp:33:2
	bl	__aeabi_memset
.Ltmp82:
	@DEBUG_VALUE: j <- $r11
	.loc	2 36 3 is_stmt 1                @ ../ByteTrack/lapjv.cpp:36:3
	cmp.w	r11, #1
	add.w	r0, r11, #1
	csel	r1, r11, r6, lt
	sub.w	lr, r0, r1
	movs	r2, #0
	add.w	r1, r7, r11, lsl #2
	ldr	r6, [sp, #12]                   @ 4-byte Reload
	subs	r1, #4
.Ltmp83:
	.loc	2 0 3 is_stmt 0                 @ :0:3
.Ltmp84:
	.p2align	2
.LBB0_20:                               @ =>This Inner Loop Header: Depth=1
	@DEBUG_VALUE: _ccrrt_dense:unique <- $r10
	@DEBUG_VALUE: _ccrrt_dense:free_rows <- [DW_OP_plus_uconst 8] [$sp+0]
	@DEBUG_VALUE: _ccrrt_dense:cost <- $r9
	@DEBUG_VALUE: _ccrrt_dense:n <- $r11
	@DEBUG_VALUE: _ccrrt_dense:x <- [DW_OP_plus_uconst 12] [$sp+0]
	@DEBUG_VALUE: _ccrrt_dense:v <- [DW_OP_plus_uconst 60] [$sp+0]
	@DEBUG_VALUE: _ccrrt_dense:y <- [DW_OP_plus_uconst 56] [$sp+0]
	@DEBUG_VALUE: j <- [DW_OP_constu 2, DW_OP_minus, DW_OP_stack_value] $r0
	.loc	2 38 20 is_stmt 1               @ ../ByteTrack/lapjv.cpp:38:20
	ldr	r3, [r1]
.Ltmp85:
	@DEBUG_VALUE: i <- $r3
	.loc	2 39 8                          @ ../ByteTrack/lapjv.cpp:39:8
	ldr.w	r7, [r6, r3, lsl #2]
.Ltmp86:
	.loc	2 39 8 is_stmt 0                @ ../ByteTrack/lapjv.cpp:39:8
	cmp.w	r7, #-1
.Ltmp87:
	.loc	2 43 15 is_stmt 1               @ ../ByteTrack/lapjv.cpp:43:15
	ittee	gt
	strbgt.w	r2, [r10, r3]
	.loc	2 44 10                         @ ../ByteTrack/lapjv.cpp:44:10
	strgt	r4, [r1]
.Ltmp88:
	.loc	2 0 0 is_stmt 0                 @ ../ByteTrack/lapjv.cpp:0:0
	suble	r7, r0, #2
.Ltmp89:
	.loc	2 40 10 is_stmt 1               @ ../ByteTrack/lapjv.cpp:40:10
	strle.w	r7, [r6, r3, lsl #2]
.Ltmp90:
	.loc	2 46 14                         @ ../ByteTrack/lapjv.cpp:46:14
	subs	r0, #1
.Ltmp91:
	subs	r1, #4
.Ltmp92:
	.loc	2 46 3 is_stmt 0                @ ../ByteTrack/lapjv.cpp:46:3
	le	lr, .LBB0_20
.Ltmp93:
@ %bb.21:
	@DEBUG_VALUE: _ccrrt_dense:unique <- $r10
	@DEBUG_VALUE: _ccrrt_dense:free_rows <- [DW_OP_plus_uconst 8] [$sp+0]
	@DEBUG_VALUE: _ccrrt_dense:cost <- $r9
	@DEBUG_VALUE: _ccrrt_dense:n <- $r11
	@DEBUG_VALUE: _ccrrt_dense:x <- [DW_OP_plus_uconst 12] [$sp+0]
	@DEBUG_VALUE: _ccrrt_dense:v <- [DW_OP_plus_uconst 60] [$sp+0]
	@DEBUG_VALUE: _ccrrt_dense:y <- [DW_OP_plus_uconst 56] [$sp+0]
	@DEBUG_VALUE: _ccrrt_dense:n_free_rows <- 0
	@DEBUG_VALUE: i <- 0
	.loc	2 49 2 is_stmt 1                @ ../ByteTrack/lapjv.cpp:49:2
	cmp.w	r11, #0
	beq.w	.LBB0_48
.Ltmp94:
@ %bb.22:
	@DEBUG_VALUE: i <- 0
	@DEBUG_VALUE: _ccrrt_dense:n_free_rows <- 0
	@DEBUG_VALUE: _ccrrt_dense:unique <- $r10
	@DEBUG_VALUE: _ccrrt_dense:free_rows <- [DW_OP_plus_uconst 8] [$sp+0]
	@DEBUG_VALUE: _ccrrt_dense:cost <- $r9
	@DEBUG_VALUE: _ccrrt_dense:n <- $r11
	@DEBUG_VALUE: _ccrrt_dense:x <- [DW_OP_plus_uconst 12] [$sp+0]
	@DEBUG_VALUE: _ccrrt_dense:v <- [DW_OP_plus_uconst 60] [$sp+0]
	@DEBUG_VALUE: _ccrrt_dense:y <- [DW_OP_plus_uconst 56] [$sp+0]
	.loc	2 0 2 is_stmt 0                 @ ../ByteTrack/lapjv.cpp:0:2
	bic	r0, r11, #3
	movs	r1, #1
	.loc	2 49 2                          @ ../ByteTrack/lapjv.cpp:49:2
	subs	r0, #4
	and	r7, r11, #3
	add.w	r0, r1, r0, lsr #2
	vldr	d0, .LCPI0_0
	movs	r4, #0
	movs	r1, #0
	str	r0, [sp, #4]                    @ 4-byte Spill
	str	r7, [sp, #16]                   @ 4-byte Spill
	b	.LBB0_25
.Ltmp95:
	.loc	2 0 2                           @ :0:2
.Ltmp96:
	.p2align	2
.LBB0_23:                               @   in Loop: Header=BB0_25 Depth=1
	@DEBUG_VALUE: i <- $r1
	@DEBUG_VALUE: _ccrrt_dense:n_free_rows <- $r4
	@DEBUG_VALUE: _ccrrt_dense:unique <- $r10
	@DEBUG_VALUE: _ccrrt_dense:free_rows <- [DW_OP_plus_uconst 8] [$sp+0]
	@DEBUG_VALUE: _ccrrt_dense:cost <- $r9
	@DEBUG_VALUE: _ccrrt_dense:n <- $r11
	@DEBUG_VALUE: _ccrrt_dense:x <- [DW_OP_plus_uconst 12] [$sp+0]
	@DEBUG_VALUE: _ccrrt_dense:v <- [DW_OP_plus_uconst 60] [$sp+0]
	@DEBUG_VALUE: _ccrrt_dense:y <- [DW_OP_plus_uconst 56] [$sp+0]
	.loc	2 66 4 is_stmt 1                @ ../ByteTrack/lapjv.cpp:66:4
	add.w	r0, r5, r2, lsl #3
	ldr	r6, [sp, #12]                   @ 4-byte Reload
	.loc	2 66 9 is_stmt 0                @ ../ByteTrack/lapjv.cpp:66:9
	vldr	d2, [r0]
	vsub.f64	d1, d2, d1
	vstr	d1, [r0]
.Ltmp97:
.LBB0_24:                               @   in Loop: Header=BB0_25 Depth=1
	@DEBUG_VALUE: i <- $r1
	@DEBUG_VALUE: _ccrrt_dense:n_free_rows <- $r4
	@DEBUG_VALUE: _ccrrt_dense:unique <- $r10
	@DEBUG_VALUE: _ccrrt_dense:free_rows <- [DW_OP_plus_uconst 8] [$sp+0]
	@DEBUG_VALUE: _ccrrt_dense:cost <- $r9
	@DEBUG_VALUE: _ccrrt_dense:n <- $r11
	@DEBUG_VALUE: _ccrrt_dense:x <- [DW_OP_plus_uconst 12] [$sp+0]
	@DEBUG_VALUE: _ccrrt_dense:v <- [DW_OP_plus_uconst 60] [$sp+0]
	@DEBUG_VALUE: _ccrrt_dense:y <- [DW_OP_plus_uconst 56] [$sp+0]
	@DEBUG_VALUE: _ccrrt_dense:n_free_rows <- $r4
	.loc	2 49 29 is_stmt 1               @ ../ByteTrack/lapjv.cpp:49:29
	adds	r1, #1
.Ltmp98:
	@DEBUG_VALUE: i <- $r1
	.loc	2 49 2 is_stmt 0                @ ../ByteTrack/lapjv.cpp:49:2
	cmp	r1, r11
	beq.w	.LBB0_49
.Ltmp99:
.LBB0_25:                               @ =>This Loop Header: Depth=1
                                        @     Child Loop BB0_40 Depth 2
	@DEBUG_VALUE: _ccrrt_dense:unique <- $r10
	@DEBUG_VALUE: _ccrrt_dense:free_rows <- [DW_OP_plus_uconst 8] [$sp+0]
	@DEBUG_VALUE: _ccrrt_dense:cost <- $r9
	@DEBUG_VALUE: _ccrrt_dense:n <- $r11
	@DEBUG_VALUE: _ccrrt_dense:x <- [DW_OP_plus_uconst 12] [$sp+0]
	@DEBUG_VALUE: _ccrrt_dense:v <- [DW_OP_plus_uconst 60] [$sp+0]
	@DEBUG_VALUE: _ccrrt_dense:y <- [DW_OP_plus_uconst 56] [$sp+0]
	@DEBUG_VALUE: _ccrrt_dense:n_free_rows <- $r4
	@DEBUG_VALUE: i <- $r1
	.loc	2 50 7 is_stmt 1                @ ../ByteTrack/lapjv.cpp:50:7
	ldr.w	r2, [r6, r1, lsl #2]
.Ltmp100:
	.loc	2 50 7 is_stmt 0                @ ../ByteTrack/lapjv.cpp:50:7
	cmp.w	r2, #-1
	ble	.LBB0_37
.Ltmp101:
@ %bb.26:                               @   in Loop: Header=BB0_25 Depth=1
	@DEBUG_VALUE: i <- $r1
	@DEBUG_VALUE: _ccrrt_dense:n_free_rows <- $r4
	@DEBUG_VALUE: _ccrrt_dense:unique <- $r10
	@DEBUG_VALUE: _ccrrt_dense:free_rows <- [DW_OP_plus_uconst 8] [$sp+0]
	@DEBUG_VALUE: _ccrrt_dense:cost <- $r9
	@DEBUG_VALUE: _ccrrt_dense:n <- $r11
	@DEBUG_VALUE: _ccrrt_dense:x <- [DW_OP_plus_uconst 12] [$sp+0]
	@DEBUG_VALUE: _ccrrt_dense:v <- [DW_OP_plus_uconst 60] [$sp+0]
	@DEBUG_VALUE: _ccrrt_dense:y <- [DW_OP_plus_uconst 56] [$sp+0]
	.loc	2 53 12 is_stmt 1               @ ../ByteTrack/lapjv.cpp:53:12
	ldrb.w	r0, [r10, r1]
.Ltmp102:
	.loc	2 53 12 is_stmt 0               @ ../ByteTrack/lapjv.cpp:53:12
	cmp	r0, #0
	beq	.LBB0_24
.Ltmp103:
@ %bb.27:                               @   in Loop: Header=BB0_25 Depth=1
	@DEBUG_VALUE: i <- $r1
	@DEBUG_VALUE: _ccrrt_dense:n_free_rows <- $r4
	@DEBUG_VALUE: _ccrrt_dense:unique <- $r10
	@DEBUG_VALUE: _ccrrt_dense:free_rows <- [DW_OP_plus_uconst 8] [$sp+0]
	@DEBUG_VALUE: _ccrrt_dense:cost <- $r9
	@DEBUG_VALUE: _ccrrt_dense:n <- $r11
	@DEBUG_VALUE: _ccrrt_dense:x <- [DW_OP_plus_uconst 12] [$sp+0]
	@DEBUG_VALUE: _ccrrt_dense:v <- [DW_OP_plus_uconst 60] [$sp+0]
	@DEBUG_VALUE: _ccrrt_dense:y <- [DW_OP_plus_uconst 56] [$sp+0]
	@DEBUG_VALUE: j2 <- 0
	@DEBUG_VALUE: min <- 1.000000e+06
	.loc	2 56 4 is_stmt 1                @ ../ByteTrack/lapjv.cpp:56:4
	cmp.w	r11, #4
	bhs	.LBB0_38
.Ltmp104:
@ %bb.28:                               @   in Loop: Header=BB0_25 Depth=1
	@DEBUG_VALUE: min <- 1.000000e+06
	@DEBUG_VALUE: j2 <- 0
	@DEBUG_VALUE: i <- $r1
	@DEBUG_VALUE: _ccrrt_dense:n_free_rows <- $r4
	@DEBUG_VALUE: _ccrrt_dense:unique <- $r10
	@DEBUG_VALUE: _ccrrt_dense:free_rows <- [DW_OP_plus_uconst 8] [$sp+0]
	@DEBUG_VALUE: _ccrrt_dense:cost <- $r9
	@DEBUG_VALUE: _ccrrt_dense:n <- $r11
	@DEBUG_VALUE: _ccrrt_dense:x <- [DW_OP_plus_uconst 12] [$sp+0]
	@DEBUG_VALUE: _ccrrt_dense:v <- [DW_OP_plus_uconst 60] [$sp+0]
	@DEBUG_VALUE: _ccrrt_dense:y <- [DW_OP_plus_uconst 56] [$sp+0]
	.loc	2 0 4 is_stmt 0                 @ ../ByteTrack/lapjv.cpp:0:4
	mov.w	r8, #0
	vmov.f64	d1, d0
.Ltmp105:
.LBB0_29:                               @   in Loop: Header=BB0_25 Depth=1
	@DEBUG_VALUE: i <- $r1
	@DEBUG_VALUE: _ccrrt_dense:n_free_rows <- $r4
	@DEBUG_VALUE: _ccrrt_dense:unique <- $r10
	@DEBUG_VALUE: _ccrrt_dense:free_rows <- [DW_OP_plus_uconst 8] [$sp+0]
	@DEBUG_VALUE: _ccrrt_dense:cost <- $r9
	@DEBUG_VALUE: _ccrrt_dense:n <- $r11
	@DEBUG_VALUE: _ccrrt_dense:x <- [DW_OP_plus_uconst 12] [$sp+0]
	@DEBUG_VALUE: _ccrrt_dense:v <- [DW_OP_plus_uconst 60] [$sp+0]
	@DEBUG_VALUE: _ccrrt_dense:y <- [DW_OP_plus_uconst 56] [$sp+0]
	ldr	r7, [sp, #16]                   @ 4-byte Reload
.Ltmp106:
	.loc	2 57 9 is_stmt 1                @ ../ByteTrack/lapjv.cpp:57:9
	cmp	r7, #0
	beq	.LBB0_23
.Ltmp107:
@ %bb.30:                               @   in Loop: Header=BB0_25 Depth=1
	@DEBUG_VALUE: i <- $r1
	@DEBUG_VALUE: _ccrrt_dense:n_free_rows <- $r4
	@DEBUG_VALUE: _ccrrt_dense:unique <- $r10
	@DEBUG_VALUE: _ccrrt_dense:free_rows <- [DW_OP_plus_uconst 8] [$sp+0]
	@DEBUG_VALUE: _ccrrt_dense:cost <- $r9
	@DEBUG_VALUE: _ccrrt_dense:n <- $r11
	@DEBUG_VALUE: _ccrrt_dense:x <- [DW_OP_plus_uconst 12] [$sp+0]
	@DEBUG_VALUE: _ccrrt_dense:v <- [DW_OP_plus_uconst 60] [$sp+0]
	@DEBUG_VALUE: _ccrrt_dense:y <- [DW_OP_plus_uconst 56] [$sp+0]
	@DEBUG_VALUE: j2 <- $r8
	@DEBUG_VALUE: min <- $d1
	cmp	r8, r2
	beq	.LBB0_32
.Ltmp108:
@ %bb.31:                               @   in Loop: Header=BB0_25 Depth=1
	@DEBUG_VALUE: j2 <- $r8
	@DEBUG_VALUE: min <- $d1
	@DEBUG_VALUE: i <- $r1
	@DEBUG_VALUE: _ccrrt_dense:n_free_rows <- $r4
	@DEBUG_VALUE: _ccrrt_dense:unique <- $r10
	@DEBUG_VALUE: _ccrrt_dense:free_rows <- [DW_OP_plus_uconst 8] [$sp+0]
	@DEBUG_VALUE: _ccrrt_dense:cost <- $r9
	@DEBUG_VALUE: _ccrrt_dense:n <- $r11
	@DEBUG_VALUE: _ccrrt_dense:x <- [DW_OP_plus_uconst 12] [$sp+0]
	@DEBUG_VALUE: _ccrrt_dense:v <- [DW_OP_plus_uconst 60] [$sp+0]
	@DEBUG_VALUE: _ccrrt_dense:y <- [DW_OP_plus_uconst 56] [$sp+0]
	.loc	2 60 22                         @ ../ByteTrack/lapjv.cpp:60:22
	ldr.w	r0, [r9, r1, lsl #2]
	.loc	2 60 36 is_stmt 0               @ ../ByteTrack/lapjv.cpp:60:36
	add.w	r3, r5, r8, lsl #3
	.loc	2 60 22                         @ ../ByteTrack/lapjv.cpp:60:22
	add.w	r0, r0, r8, lsl #3
	.loc	2 60 36                         @ ../ByteTrack/lapjv.cpp:60:36
	vldr	d3, [r3]
	.loc	2 60 22                         @ ../ByteTrack/lapjv.cpp:60:22
	vldr	d2, [r0]
	.loc	2 60 34                         @ ../ByteTrack/lapjv.cpp:60:34
	vsub.f64	d2, d2, d3
.Ltmp109:
	@DEBUG_VALUE: c <- $d2
	.loc	2 61 9 is_stmt 1                @ ../ByteTrack/lapjv.cpp:61:9
	vminnm.f64	d1, d2, d1
.Ltmp110:
	@DEBUG_VALUE: min <- $d1
.LBB0_32:                               @   in Loop: Header=BB0_25 Depth=1
	@DEBUG_VALUE: j2 <- $r8
	@DEBUG_VALUE: min <- $d1
	@DEBUG_VALUE: i <- $r1
	@DEBUG_VALUE: _ccrrt_dense:n_free_rows <- $r4
	@DEBUG_VALUE: _ccrrt_dense:unique <- $r10
	@DEBUG_VALUE: _ccrrt_dense:free_rows <- [DW_OP_plus_uconst 8] [$sp+0]
	@DEBUG_VALUE: _ccrrt_dense:cost <- $r9
	@DEBUG_VALUE: _ccrrt_dense:n <- $r11
	@DEBUG_VALUE: _ccrrt_dense:x <- [DW_OP_plus_uconst 12] [$sp+0]
	@DEBUG_VALUE: _ccrrt_dense:v <- [DW_OP_plus_uconst 60] [$sp+0]
	@DEBUG_VALUE: _ccrrt_dense:y <- [DW_OP_plus_uconst 56] [$sp+0]
	@DEBUG_VALUE: j2 <- undef
	@DEBUG_VALUE: min <- $d1
	.loc	2 56 4                          @ ../ByteTrack/lapjv.cpp:56:4
	cmp	r7, #1
	beq	.LBB0_23
.Ltmp111:
@ %bb.33:                               @   in Loop: Header=BB0_25 Depth=1
	@DEBUG_VALUE: min <- $d1
	@DEBUG_VALUE: i <- $r1
	@DEBUG_VALUE: _ccrrt_dense:n_free_rows <- $r4
	@DEBUG_VALUE: _ccrrt_dense:unique <- $r10
	@DEBUG_VALUE: _ccrrt_dense:free_rows <- [DW_OP_plus_uconst 8] [$sp+0]
	@DEBUG_VALUE: _ccrrt_dense:cost <- $r9
	@DEBUG_VALUE: _ccrrt_dense:n <- $r11
	@DEBUG_VALUE: _ccrrt_dense:x <- [DW_OP_plus_uconst 12] [$sp+0]
	@DEBUG_VALUE: _ccrrt_dense:v <- [DW_OP_plus_uconst 60] [$sp+0]
	@DEBUG_VALUE: _ccrrt_dense:y <- [DW_OP_plus_uconst 56] [$sp+0]
	.loc	2 0 0 is_stmt 0                 @ ../ByteTrack/lapjv.cpp:0:0
	add.w	r0, r8, #1
	@DEBUG_VALUE: min <- $d1
.Ltmp112:
	@DEBUG_VALUE: j2 <- $r0
	.loc	2 57 9 is_stmt 1                @ ../ByteTrack/lapjv.cpp:57:9
	cmp	r0, r2
	beq	.LBB0_35
.Ltmp113:
@ %bb.34:                               @   in Loop: Header=BB0_25 Depth=1
	@DEBUG_VALUE: min <- $d1
	@DEBUG_VALUE: j2 <- $r0
	@DEBUG_VALUE: i <- $r1
	@DEBUG_VALUE: _ccrrt_dense:n_free_rows <- $r4
	@DEBUG_VALUE: _ccrrt_dense:unique <- $r10
	@DEBUG_VALUE: _ccrrt_dense:free_rows <- [DW_OP_plus_uconst 8] [$sp+0]
	@DEBUG_VALUE: _ccrrt_dense:cost <- $r9
	@DEBUG_VALUE: _ccrrt_dense:n <- $r11
	@DEBUG_VALUE: _ccrrt_dense:x <- [DW_OP_plus_uconst 12] [$sp+0]
	@DEBUG_VALUE: _ccrrt_dense:v <- [DW_OP_plus_uconst 60] [$sp+0]
	@DEBUG_VALUE: _ccrrt_dense:y <- [DW_OP_plus_uconst 56] [$sp+0]
	.loc	2 60 22                         @ ../ByteTrack/lapjv.cpp:60:22
	ldr.w	r3, [r9, r1, lsl #2]
	add.w	r3, r3, r0, lsl #3
	.loc	2 60 36 is_stmt 0               @ ../ByteTrack/lapjv.cpp:60:36
	add.w	r0, r5, r0, lsl #3
.Ltmp114:
	.loc	2 60 22                         @ ../ByteTrack/lapjv.cpp:60:22
	vldr	d2, [r3]
	.loc	2 60 36                         @ ../ByteTrack/lapjv.cpp:60:36
	vldr	d3, [r0]
	.loc	2 60 34                         @ ../ByteTrack/lapjv.cpp:60:34
	vsub.f64	d2, d2, d3
.Ltmp115:
	@DEBUG_VALUE: c <- $d2
	.loc	2 61 9 is_stmt 1                @ ../ByteTrack/lapjv.cpp:61:9
	vminnm.f64	d1, d2, d1
.Ltmp116:
	@DEBUG_VALUE: min <- $d1
.LBB0_35:                               @   in Loop: Header=BB0_25 Depth=1
	@DEBUG_VALUE: min <- $d1
	@DEBUG_VALUE: i <- $r1
	@DEBUG_VALUE: _ccrrt_dense:n_free_rows <- $r4
	@DEBUG_VALUE: _ccrrt_dense:unique <- $r10
	@DEBUG_VALUE: _ccrrt_dense:free_rows <- [DW_OP_plus_uconst 8] [$sp+0]
	@DEBUG_VALUE: _ccrrt_dense:cost <- $r9
	@DEBUG_VALUE: _ccrrt_dense:n <- $r11
	@DEBUG_VALUE: _ccrrt_dense:x <- [DW_OP_plus_uconst 12] [$sp+0]
	@DEBUG_VALUE: _ccrrt_dense:v <- [DW_OP_plus_uconst 60] [$sp+0]
	@DEBUG_VALUE: _ccrrt_dense:y <- [DW_OP_plus_uconst 56] [$sp+0]
	@DEBUG_VALUE: j2 <- undef
	@DEBUG_VALUE: min <- $d1
	.loc	2 56 4                          @ ../ByteTrack/lapjv.cpp:56:4
	cmp	r7, #2
	.loc	2 56 0 is_stmt 0                @ ../ByteTrack/lapjv.cpp:56:0
	itt	ne
	addne.w	r0, r8, #2
.Ltmp117:
	@DEBUG_VALUE: j2 <- $r0
	.loc	2 56 4                          @ ../ByteTrack/lapjv.cpp:56:4
	cmpne	r0, r2
	beq	.LBB0_23
.Ltmp118:
@ %bb.36:                               @   in Loop: Header=BB0_25 Depth=1
	@DEBUG_VALUE: min <- $d1
	@DEBUG_VALUE: j2 <- $r0
	@DEBUG_VALUE: i <- $r1
	@DEBUG_VALUE: _ccrrt_dense:n_free_rows <- $r4
	@DEBUG_VALUE: _ccrrt_dense:unique <- $r10
	@DEBUG_VALUE: _ccrrt_dense:free_rows <- [DW_OP_plus_uconst 8] [$sp+0]
	@DEBUG_VALUE: _ccrrt_dense:cost <- $r9
	@DEBUG_VALUE: _ccrrt_dense:n <- $r11
	@DEBUG_VALUE: _ccrrt_dense:x <- [DW_OP_plus_uconst 12] [$sp+0]
	@DEBUG_VALUE: _ccrrt_dense:v <- [DW_OP_plus_uconst 60] [$sp+0]
	@DEBUG_VALUE: _ccrrt_dense:y <- [DW_OP_plus_uconst 56] [$sp+0]
	.loc	2 60 22 is_stmt 1               @ ../ByteTrack/lapjv.cpp:60:22
	ldr.w	r3, [r9, r1, lsl #2]
	add.w	r3, r3, r0, lsl #3
	.loc	2 60 36 is_stmt 0               @ ../ByteTrack/lapjv.cpp:60:36
	add.w	r0, r5, r0, lsl #3
.Ltmp119:
	.loc	2 60 22                         @ ../ByteTrack/lapjv.cpp:60:22
	vldr	d2, [r3]
	.loc	2 60 36                         @ ../ByteTrack/lapjv.cpp:60:36
	vldr	d3, [r0]
	.loc	2 60 34                         @ ../ByteTrack/lapjv.cpp:60:34
	vsub.f64	d2, d2, d3
.Ltmp120:
	@DEBUG_VALUE: c <- $d2
	.loc	2 61 9 is_stmt 1                @ ../ByteTrack/lapjv.cpp:61:9
	vminnm.f64	d1, d2, d1
.Ltmp121:
	@DEBUG_VALUE: min <- $d1
	.loc	2 0 9 is_stmt 0                 @ ../ByteTrack/lapjv.cpp:0:9
	b	.LBB0_23
.Ltmp122:
	.p2align	2
.LBB0_37:                               @   in Loop: Header=BB0_25 Depth=1
	@DEBUG_VALUE: i <- $r1
	@DEBUG_VALUE: _ccrrt_dense:n_free_rows <- $r4
	@DEBUG_VALUE: _ccrrt_dense:unique <- $r10
	@DEBUG_VALUE: _ccrrt_dense:free_rows <- [DW_OP_plus_uconst 8] [$sp+0]
	@DEBUG_VALUE: _ccrrt_dense:cost <- $r9
	@DEBUG_VALUE: _ccrrt_dense:n <- $r11
	@DEBUG_VALUE: _ccrrt_dense:x <- [DW_OP_plus_uconst 12] [$sp+0]
	@DEBUG_VALUE: _ccrrt_dense:v <- [DW_OP_plus_uconst 60] [$sp+0]
	@DEBUG_VALUE: _ccrrt_dense:y <- [DW_OP_plus_uconst 56] [$sp+0]
	.loc	2 51 29 is_stmt 1               @ ../ByteTrack/lapjv.cpp:51:29
	ldr	r0, [sp, #8]                    @ 4-byte Reload
	str.w	r1, [r0, r4, lsl #2]
	.loc	2 51 25 is_stmt 0               @ ../ByteTrack/lapjv.cpp:51:25
	adds	r4, #1
.Ltmp123:
	@DEBUG_VALUE: _ccrrt_dense:n_free_rows <- $r4
	.loc	2 52 3 is_stmt 1                @ ../ByteTrack/lapjv.cpp:52:3
	b	.LBB0_24
.Ltmp124:
.LBB0_38:                               @   in Loop: Header=BB0_25 Depth=1
	@DEBUG_VALUE: min <- 1.000000e+06
	@DEBUG_VALUE: j2 <- 0
	@DEBUG_VALUE: i <- $r1
	@DEBUG_VALUE: _ccrrt_dense:n_free_rows <- $r4
	@DEBUG_VALUE: _ccrrt_dense:unique <- $r10
	@DEBUG_VALUE: _ccrrt_dense:free_rows <- [DW_OP_plus_uconst 8] [$sp+0]
	@DEBUG_VALUE: _ccrrt_dense:cost <- $r9
	@DEBUG_VALUE: _ccrrt_dense:n <- $r11
	@DEBUG_VALUE: _ccrrt_dense:x <- [DW_OP_plus_uconst 12] [$sp+0]
	@DEBUG_VALUE: _ccrrt_dense:v <- [DW_OP_plus_uconst 60] [$sp+0]
	@DEBUG_VALUE: _ccrrt_dense:y <- [DW_OP_plus_uconst 56] [$sp+0]
	.loc	2 56 4                          @ ../ByteTrack/lapjv.cpp:56:4
	ldr	r0, [sp, #4]                    @ 4-byte Reload
	movs	r3, #24
	vmov.f64	d1, d0
	mov	lr, r0
	movs	r0, #0
	b	.LBB0_40
.Ltmp125:
	.loc	2 0 4 is_stmt 0                 @ :0:4
.Ltmp126:
	.p2align	2
.LBB0_39:                               @   in Loop: Header=BB0_40 Depth=2
	@DEBUG_VALUE: j2 <- [DW_OP_constu 3, DW_OP_or, DW_OP_stack_value] $r0
	@DEBUG_VALUE: min <- $d1
	@DEBUG_VALUE: i <- $r1
	@DEBUG_VALUE: _ccrrt_dense:n_free_rows <- $r4
	@DEBUG_VALUE: _ccrrt_dense:unique <- $r10
	@DEBUG_VALUE: _ccrrt_dense:free_rows <- [DW_OP_plus_uconst 8] [$sp+0]
	@DEBUG_VALUE: _ccrrt_dense:cost <- $r9
	@DEBUG_VALUE: _ccrrt_dense:n <- $r11
	@DEBUG_VALUE: _ccrrt_dense:x <- [DW_OP_plus_uconst 12] [$sp+0]
	@DEBUG_VALUE: _ccrrt_dense:v <- [DW_OP_plus_uconst 60] [$sp+0]
	@DEBUG_VALUE: _ccrrt_dense:y <- [DW_OP_plus_uconst 56] [$sp+0]
	@DEBUG_VALUE: min <- $d1
	.loc	2 56 34                         @ ../ByteTrack/lapjv.cpp:56:34
	add.w	r8, r0, #4
.Ltmp127:
	@DEBUG_VALUE: j2 <- $r8
	.loc	2 56 4                          @ ../ByteTrack/lapjv.cpp:56:4
	adds	r3, #32
	add.w	r0, r12, #1
	subs.w	lr, lr, #1
	bne	.LBB0_40
	b	.LBB0_29
.Ltmp128:
.LBB0_40:                               @   Parent Loop BB0_25 Depth=1
                                        @ =>  This Inner Loop Header: Depth=2
	@DEBUG_VALUE: i <- $r1
	@DEBUG_VALUE: _ccrrt_dense:n_free_rows <- $r4
	@DEBUG_VALUE: _ccrrt_dense:unique <- $r10
	@DEBUG_VALUE: _ccrrt_dense:free_rows <- [DW_OP_plus_uconst 8] [$sp+0]
	@DEBUG_VALUE: _ccrrt_dense:cost <- $r9
	@DEBUG_VALUE: _ccrrt_dense:n <- $r11
	@DEBUG_VALUE: _ccrrt_dense:x <- [DW_OP_plus_uconst 12] [$sp+0]
	@DEBUG_VALUE: _ccrrt_dense:v <- [DW_OP_plus_uconst 60] [$sp+0]
	@DEBUG_VALUE: _ccrrt_dense:y <- [DW_OP_plus_uconst 56] [$sp+0]
	@DEBUG_VALUE: j2 <- $r0
	@DEBUG_VALUE: min <- $d1
	.loc	2 57 9 is_stmt 1                @ ../ByteTrack/lapjv.cpp:57:9
	cmp	r2, r0
	beq	.LBB0_42
.Ltmp129:
@ %bb.41:                               @   in Loop: Header=BB0_40 Depth=2
	@DEBUG_VALUE: min <- $d1
	@DEBUG_VALUE: j2 <- $r0
	@DEBUG_VALUE: i <- $r1
	@DEBUG_VALUE: _ccrrt_dense:n_free_rows <- $r4
	@DEBUG_VALUE: _ccrrt_dense:unique <- $r10
	@DEBUG_VALUE: _ccrrt_dense:free_rows <- [DW_OP_plus_uconst 8] [$sp+0]
	@DEBUG_VALUE: _ccrrt_dense:cost <- $r9
	@DEBUG_VALUE: _ccrrt_dense:n <- $r11
	@DEBUG_VALUE: _ccrrt_dense:x <- [DW_OP_plus_uconst 12] [$sp+0]
	@DEBUG_VALUE: _ccrrt_dense:v <- [DW_OP_plus_uconst 60] [$sp+0]
	@DEBUG_VALUE: _ccrrt_dense:y <- [DW_OP_plus_uconst 56] [$sp+0]
	.loc	2 60 22                         @ ../ByteTrack/lapjv.cpp:60:22
	ldr.w	r7, [r9, r1, lsl #2]
	add	r7, r3
	vldr	d2, [r7, #-24]
	.loc	2 60 36 is_stmt 0               @ ../ByteTrack/lapjv.cpp:60:36
	adds	r7, r5, r3
	vldr	d3, [r7, #-24]
	.loc	2 60 34                         @ ../ByteTrack/lapjv.cpp:60:34
	vsub.f64	d2, d2, d3
.Ltmp130:
	@DEBUG_VALUE: c <- $d2
	.loc	2 61 9 is_stmt 1                @ ../ByteTrack/lapjv.cpp:61:9
	vminnm.f64	d1, d2, d1
.Ltmp131:
	@DEBUG_VALUE: min <- $d1
.LBB0_42:                               @   in Loop: Header=BB0_40 Depth=2
	@DEBUG_VALUE: min <- $d1
	@DEBUG_VALUE: j2 <- $r0
	@DEBUG_VALUE: i <- $r1
	@DEBUG_VALUE: _ccrrt_dense:n_free_rows <- $r4
	@DEBUG_VALUE: _ccrrt_dense:unique <- $r10
	@DEBUG_VALUE: _ccrrt_dense:free_rows <- [DW_OP_plus_uconst 8] [$sp+0]
	@DEBUG_VALUE: _ccrrt_dense:cost <- $r9
	@DEBUG_VALUE: _ccrrt_dense:n <- $r11
	@DEBUG_VALUE: _ccrrt_dense:x <- [DW_OP_plus_uconst 12] [$sp+0]
	@DEBUG_VALUE: _ccrrt_dense:v <- [DW_OP_plus_uconst 60] [$sp+0]
	@DEBUG_VALUE: _ccrrt_dense:y <- [DW_OP_plus_uconst 56] [$sp+0]
	@DEBUG_VALUE: j2 <- [DW_OP_constu 1, DW_OP_or, DW_OP_stack_value] $r0
	@DEBUG_VALUE: min <- $d1
	.loc	2 57 12                         @ ../ByteTrack/lapjv.cpp:57:12
	adds	r6, r0, #1
.Ltmp132:
	.loc	2 57 9 is_stmt 0                @ ../ByteTrack/lapjv.cpp:57:9
	cmp	r6, r2
	beq	.LBB0_44
.Ltmp133:
@ %bb.43:                               @   in Loop: Header=BB0_40 Depth=2
	@DEBUG_VALUE: j2 <- [DW_OP_constu 1, DW_OP_or, DW_OP_stack_value] $r0
	@DEBUG_VALUE: min <- $d1
	@DEBUG_VALUE: i <- $r1
	@DEBUG_VALUE: _ccrrt_dense:n_free_rows <- $r4
	@DEBUG_VALUE: _ccrrt_dense:unique <- $r10
	@DEBUG_VALUE: _ccrrt_dense:free_rows <- [DW_OP_plus_uconst 8] [$sp+0]
	@DEBUG_VALUE: _ccrrt_dense:cost <- $r9
	@DEBUG_VALUE: _ccrrt_dense:n <- $r11
	@DEBUG_VALUE: _ccrrt_dense:x <- [DW_OP_plus_uconst 12] [$sp+0]
	@DEBUG_VALUE: _ccrrt_dense:v <- [DW_OP_plus_uconst 60] [$sp+0]
	@DEBUG_VALUE: _ccrrt_dense:y <- [DW_OP_plus_uconst 56] [$sp+0]
	.loc	2 60 22 is_stmt 1               @ ../ByteTrack/lapjv.cpp:60:22
	ldr.w	r7, [r9, r1, lsl #2]
	add	r7, r3
	vldr	d2, [r7, #-16]
	.loc	2 60 36 is_stmt 0               @ ../ByteTrack/lapjv.cpp:60:36
	adds	r7, r5, r3
	vldr	d3, [r7, #-16]
	.loc	2 60 34                         @ ../ByteTrack/lapjv.cpp:60:34
	vsub.f64	d2, d2, d3
.Ltmp134:
	@DEBUG_VALUE: c <- $d2
	.loc	2 61 9 is_stmt 1                @ ../ByteTrack/lapjv.cpp:61:9
	vminnm.f64	d1, d2, d1
.Ltmp135:
	@DEBUG_VALUE: min <- $d1
.LBB0_44:                               @   in Loop: Header=BB0_40 Depth=2
	@DEBUG_VALUE: j2 <- [DW_OP_constu 1, DW_OP_or, DW_OP_stack_value] $r0
	@DEBUG_VALUE: min <- $d1
	@DEBUG_VALUE: i <- $r1
	@DEBUG_VALUE: _ccrrt_dense:n_free_rows <- $r4
	@DEBUG_VALUE: _ccrrt_dense:unique <- $r10
	@DEBUG_VALUE: _ccrrt_dense:free_rows <- [DW_OP_plus_uconst 8] [$sp+0]
	@DEBUG_VALUE: _ccrrt_dense:cost <- $r9
	@DEBUG_VALUE: _ccrrt_dense:n <- $r11
	@DEBUG_VALUE: _ccrrt_dense:x <- [DW_OP_plus_uconst 12] [$sp+0]
	@DEBUG_VALUE: _ccrrt_dense:v <- [DW_OP_plus_uconst 60] [$sp+0]
	@DEBUG_VALUE: _ccrrt_dense:y <- [DW_OP_plus_uconst 56] [$sp+0]
	@DEBUG_VALUE: j2 <- [DW_OP_constu 2, DW_OP_or, DW_OP_stack_value] $r0
	@DEBUG_VALUE: min <- $d1
	.loc	2 57 12                         @ ../ByteTrack/lapjv.cpp:57:12
	adds	r6, #1
.Ltmp136:
	.loc	2 57 9 is_stmt 0                @ ../ByteTrack/lapjv.cpp:57:9
	cmp	r6, r2
	beq	.LBB0_46
.Ltmp137:
@ %bb.45:                               @   in Loop: Header=BB0_40 Depth=2
	@DEBUG_VALUE: j2 <- [DW_OP_constu 2, DW_OP_or, DW_OP_stack_value] $r0
	@DEBUG_VALUE: min <- $d1
	@DEBUG_VALUE: i <- $r1
	@DEBUG_VALUE: _ccrrt_dense:n_free_rows <- $r4
	@DEBUG_VALUE: _ccrrt_dense:unique <- $r10
	@DEBUG_VALUE: _ccrrt_dense:free_rows <- [DW_OP_plus_uconst 8] [$sp+0]
	@DEBUG_VALUE: _ccrrt_dense:cost <- $r9
	@DEBUG_VALUE: _ccrrt_dense:n <- $r11
	@DEBUG_VALUE: _ccrrt_dense:x <- [DW_OP_plus_uconst 12] [$sp+0]
	@DEBUG_VALUE: _ccrrt_dense:v <- [DW_OP_plus_uconst 60] [$sp+0]
	@DEBUG_VALUE: _ccrrt_dense:y <- [DW_OP_plus_uconst 56] [$sp+0]
	.loc	2 60 22 is_stmt 1               @ ../ByteTrack/lapjv.cpp:60:22
	ldr.w	r7, [r9, r1, lsl #2]
	add	r7, r3
	vldr	d2, [r7, #-8]
	.loc	2 60 36 is_stmt 0               @ ../ByteTrack/lapjv.cpp:60:36
	adds	r7, r5, r3
	vldr	d3, [r7, #-8]
	.loc	2 60 34                         @ ../ByteTrack/lapjv.cpp:60:34
	vsub.f64	d2, d2, d3
.Ltmp138:
	@DEBUG_VALUE: c <- $d2
	.loc	2 61 9 is_stmt 1                @ ../ByteTrack/lapjv.cpp:61:9
	vminnm.f64	d1, d2, d1
.Ltmp139:
	@DEBUG_VALUE: min <- $d1
.LBB0_46:                               @   in Loop: Header=BB0_40 Depth=2
	@DEBUG_VALUE: j2 <- [DW_OP_constu 2, DW_OP_or, DW_OP_stack_value] $r0
	@DEBUG_VALUE: min <- $d1
	@DEBUG_VALUE: i <- $r1
	@DEBUG_VALUE: _ccrrt_dense:n_free_rows <- $r4
	@DEBUG_VALUE: _ccrrt_dense:unique <- $r10
	@DEBUG_VALUE: _ccrrt_dense:free_rows <- [DW_OP_plus_uconst 8] [$sp+0]
	@DEBUG_VALUE: _ccrrt_dense:cost <- $r9
	@DEBUG_VALUE: _ccrrt_dense:n <- $r11
	@DEBUG_VALUE: _ccrrt_dense:x <- [DW_OP_plus_uconst 12] [$sp+0]
	@DEBUG_VALUE: _ccrrt_dense:v <- [DW_OP_plus_uconst 60] [$sp+0]
	@DEBUG_VALUE: _ccrrt_dense:y <- [DW_OP_plus_uconst 56] [$sp+0]
	@DEBUG_VALUE: j2 <- [DW_OP_constu 3, DW_OP_or, DW_OP_stack_value] $r0
	@DEBUG_VALUE: min <- $d1
	.loc	2 57 12                         @ ../ByteTrack/lapjv.cpp:57:12
	add.w	r12, r6, #1
.Ltmp140:
	.loc	2 57 9 is_stmt 0                @ ../ByteTrack/lapjv.cpp:57:9
	cmp	r12, r2
	beq	.LBB0_39
.Ltmp141:
@ %bb.47:                               @   in Loop: Header=BB0_40 Depth=2
	@DEBUG_VALUE: j2 <- [DW_OP_constu 3, DW_OP_or, DW_OP_stack_value] $r0
	@DEBUG_VALUE: min <- $d1
	@DEBUG_VALUE: i <- $r1
	@DEBUG_VALUE: _ccrrt_dense:n_free_rows <- $r4
	@DEBUG_VALUE: _ccrrt_dense:unique <- $r10
	@DEBUG_VALUE: _ccrrt_dense:free_rows <- [DW_OP_plus_uconst 8] [$sp+0]
	@DEBUG_VALUE: _ccrrt_dense:cost <- $r9
	@DEBUG_VALUE: _ccrrt_dense:n <- $r11
	@DEBUG_VALUE: _ccrrt_dense:x <- [DW_OP_plus_uconst 12] [$sp+0]
	@DEBUG_VALUE: _ccrrt_dense:v <- [DW_OP_plus_uconst 60] [$sp+0]
	@DEBUG_VALUE: _ccrrt_dense:y <- [DW_OP_plus_uconst 56] [$sp+0]
	.loc	2 60 22 is_stmt 1               @ ../ByteTrack/lapjv.cpp:60:22
	ldr.w	r6, [r9, r1, lsl #2]
	add	r6, r3
	vldr	d2, [r6]
	.loc	2 60 36 is_stmt 0               @ ../ByteTrack/lapjv.cpp:60:36
	adds	r6, r5, r3
	vldr	d3, [r6]
	.loc	2 60 34                         @ ../ByteTrack/lapjv.cpp:60:34
	vsub.f64	d2, d2, d3
.Ltmp142:
	@DEBUG_VALUE: c <- $d2
	.loc	2 61 9 is_stmt 1                @ ../ByteTrack/lapjv.cpp:61:9
	vminnm.f64	d1, d2, d1
.Ltmp143:
	@DEBUG_VALUE: min <- $d1
	.loc	2 0 9 is_stmt 0                 @ ../ByteTrack/lapjv.cpp:0:9
	b	.LBB0_39
.Ltmp144:
.LBB0_48:
	@DEBUG_VALUE: i <- 0
	@DEBUG_VALUE: _ccrrt_dense:n_free_rows <- 0
	@DEBUG_VALUE: _ccrrt_dense:unique <- $r10
	@DEBUG_VALUE: _ccrrt_dense:free_rows <- [DW_OP_plus_uconst 8] [$sp+0]
	@DEBUG_VALUE: _ccrrt_dense:cost <- $r9
	@DEBUG_VALUE: _ccrrt_dense:n <- $r11
	@DEBUG_VALUE: _ccrrt_dense:x <- [DW_OP_plus_uconst 12] [$sp+0]
	@DEBUG_VALUE: _ccrrt_dense:v <- [DW_OP_plus_uconst 60] [$sp+0]
	@DEBUG_VALUE: _ccrrt_dense:y <- [DW_OP_plus_uconst 56] [$sp+0]
	movs	r4, #0
.Ltmp145:
.LBB0_49:
	@DEBUG_VALUE: _ccrrt_dense:unique <- $r10
	@DEBUG_VALUE: _ccrrt_dense:free_rows <- [DW_OP_plus_uconst 8] [$sp+0]
	@DEBUG_VALUE: _ccrrt_dense:cost <- $r9
	@DEBUG_VALUE: _ccrrt_dense:n <- $r11
	@DEBUG_VALUE: _ccrrt_dense:x <- [DW_OP_plus_uconst 12] [$sp+0]
	@DEBUG_VALUE: _ccrrt_dense:v <- [DW_OP_plus_uconst 60] [$sp+0]
	@DEBUG_VALUE: _ccrrt_dense:y <- [DW_OP_plus_uconst 56] [$sp+0]
	.loc	2 69 2 is_stmt 1                @ ../ByteTrack/lapjv.cpp:69:2
	mov	r0, r10
	bl	free
.Ltmp146:
	@DEBUG_VALUE: _ccrrt_dense:unique <- 0
.LBB0_50:
	@DEBUG_VALUE: _ccrrt_dense:free_rows <- [DW_OP_plus_uconst 8] [$sp+0]
	@DEBUG_VALUE: _ccrrt_dense:cost <- $r9
	@DEBUG_VALUE: _ccrrt_dense:n <- $r11
	@DEBUG_VALUE: _ccrrt_dense:x <- [DW_OP_plus_uconst 12] [$sp+0]
	@DEBUG_VALUE: _ccrrt_dense:v <- [DW_OP_plus_uconst 60] [$sp+0]
	@DEBUG_VALUE: _ccrrt_dense:y <- [DW_OP_plus_uconst 56] [$sp+0]
	.loc	2 71 1                          @ ../ByteTrack/lapjv.cpp:71:1
	mov	r0, r4
	.loc	2 71 1 epilogue_begin is_stmt 0 @ ../ByteTrack/lapjv.cpp:71:1
	add	sp, #20
	pop.w	{r4, r5, r6, r7, r8, r9, r10, r11, pc}
.Ltmp147:
	.loc	2 0 1                           @ :0:1
.Ltmp148:
	.p2align	3
@ %bb.51:
.LCPI0_0:
	.long	0                               @ double 1.0E+6
	.long	1093567616
.Lfunc_end0:
	.size	_Z12_ccrrt_densejPPdPiS1_S1_S_, .Lfunc_end0-_Z12_ccrrt_densejPPdPiS1_S1_S_
	.cfi_endproc
	.cantunwind
	.fnend
                                        @ -- End function
	.section	.text._Z11_carr_densejPPdjPiS1_S1_S_,"ax",%progbits
	.hidden	_Z11_carr_densejPPdjPiS1_S1_S_  @ -- Begin function _Z11_carr_densejPPdjPiS1_S1_S_
	.globl	_Z11_carr_densejPPdjPiS1_S1_S_
	.p2align	3
	.type	_Z11_carr_densejPPdjPiS1_S1_S_,%function
	.code	16                              @ @_Z11_carr_densejPPdjPiS1_S1_S_
	.thumb_func
_Z11_carr_densejPPdjPiS1_S1_S_:
.Lfunc_begin1:
	.loc	2 80 0 is_stmt 1                @ ../ByteTrack/lapjv.cpp:80:0
	.fnstart
	.cfi_startproc
@ %bb.0:
	@DEBUG_VALUE: _carr_dense:n <- $r0
	@DEBUG_VALUE: _carr_dense:cost <- $r1
	@DEBUG_VALUE: _carr_dense:n_free_rows <- $r2
	@DEBUG_VALUE: _carr_dense:free_rows <- $r3
	@DEBUG_VALUE: _carr_dense:free_rows <- $r3
	.save	{r4, r5, r6, r7, r8, r9, r10, r11, lr}
	push.w	{r4, r5, r6, r7, r8, r9, r10, r11, lr}
	.cfi_def_cfa_offset 36
	.cfi_offset lr, -4
	.cfi_offset r11, -8
	.cfi_offset r10, -12
	.cfi_offset r9, -16
	.cfi_offset r8, -20
	.cfi_offset r7, -24
	.cfi_offset r6, -28
	.cfi_offset r5, -32
	.cfi_offset r4, -36
	.pad	#36
	sub	sp, #36
	.cfi_def_cfa_offset 72
.Ltmp149:
	@DEBUG_VALUE: _carr_dense:x <- [DW_OP_plus_uconst 72] [$sp+0]
	@DEBUG_VALUE: _carr_dense:y <- [DW_OP_plus_uconst 76] [$sp+0]
	@DEBUG_VALUE: _carr_dense:v <- [DW_OP_plus_uconst 80] [$sp+0]
	.loc	2 88 2 prologue_end             @ ../ByteTrack/lapjv.cpp:88:2
	cmp	r2, #0
.Ltmp150:
	@DEBUG_VALUE: _carr_dense:rr_cnt <- 0
	@DEBUG_VALUE: _carr_dense:new_free_rows <- 0
	@DEBUG_VALUE: _carr_dense:current <- 0
	@DEBUG_VALUE: _carr_dense:n <- $r0
	.loc	2 0 2 is_stmt 0                 @ ../ByteTrack/lapjv.cpp:0:2
	str	r1, [sp, #24]                   @ 4-byte Spill
.Ltmp151:
	@DEBUG_VALUE: _carr_dense:cost <- [DW_OP_plus_uconst 24] [$sp+0]
	@DEBUG_VALUE: _carr_dense:cost <- [DW_OP_plus_uconst 24] [$sp+0]
	.loc	2 88 2                          @ ../ByteTrack/lapjv.cpp:88:2
	beq.w	.LBB1_36
.Ltmp152:
@ %bb.1:
	@DEBUG_VALUE: _carr_dense:cost <- [DW_OP_plus_uconst 24] [$sp+0]
	@DEBUG_VALUE: _carr_dense:current <- 0
	@DEBUG_VALUE: _carr_dense:new_free_rows <- 0
	@DEBUG_VALUE: _carr_dense:rr_cnt <- 0
	@DEBUG_VALUE: _carr_dense:v <- [DW_OP_plus_uconst 80] [$sp+0]
	@DEBUG_VALUE: _carr_dense:y <- [DW_OP_plus_uconst 76] [$sp+0]
	@DEBUG_VALUE: _carr_dense:x <- [DW_OP_plus_uconst 72] [$sp+0]
	@DEBUG_VALUE: _carr_dense:free_rows <- $r3
	@DEBUG_VALUE: _carr_dense:n_free_rows <- $r2
	@DEBUG_VALUE: _carr_dense:n <- $r0
	.loc	2 0 2                           @ ../ByteTrack/lapjv.cpp:0:2
	mov	r12, r3
.Ltmp153:
	@DEBUG_VALUE: _carr_dense:free_rows <- $r12
	.loc	2 88 2                          @ ../ByteTrack/lapjv.cpp:88:2
	subs	r3, r0, #1
	ldrd	lr, r11, [sp, #76]
	subs	r4, r0, #2
	bic	r7, r3, #3
	mov	r1, r0
.Ltmp154:
	@DEBUG_VALUE: _carr_dense:n <- $r1
	subs	r6, r7, #4
	movs	r7, #1
	str	r4, [sp, #12]                   @ 4-byte Spill
	movs	r0, #0
	add.w	r4, r7, r6, lsr #2
	and	r3, r3, #3
	movs	r6, #0
	vldr	d0, .LCPI1_0
	str	r3, [sp, #16]                   @ 4-byte Spill
	movs	r3, #0
	str	r4, [sp]                        @ 4-byte Spill
	str	r3, [sp, #20]                   @ 4-byte Spill
	strd	r1, r2, [sp, #4]                @ 8-byte Folded Spill
	b	.LBB1_6
.Ltmp155:
	.loc	2 0 2                           @ :0:2
.Ltmp156:
	.p2align	2
.LBB1_2:                                @   in Loop: Header=BB1_6 Depth=1
	@DEBUG_VALUE: i0 <- $r4
	@DEBUG_VALUE: _carr_dense:rr_cnt <- $r6
	@DEBUG_VALUE: _carr_dense:current <- $r7
	@DEBUG_VALUE: free_i <- [DW_OP_plus_uconst 28] [$sp+0]
	@DEBUG_VALUE: _carr_dense:new_free_rows <- [DW_OP_plus_uconst 20] [$sp+0]
	@DEBUG_VALUE: _carr_dense:cost <- [DW_OP_plus_uconst 24] [$sp+0]
	@DEBUG_VALUE: _carr_dense:v <- [DW_OP_plus_uconst 80] [$sp+0]
	@DEBUG_VALUE: _carr_dense:y <- [DW_OP_plus_uconst 76] [$sp+0]
	@DEBUG_VALUE: _carr_dense:x <- [DW_OP_plus_uconst 72] [$sp+0]
	.loc	2 140 8 is_stmt 1               @ ../ByteTrack/lapjv.cpp:140:8
	cmp	r4, #0
	bmi	.LBB1_4
.Ltmp157:
.LBB1_3:                                @   in Loop: Header=BB1_6 Depth=1
	@DEBUG_VALUE: i0 <- $r4
	@DEBUG_VALUE: _carr_dense:rr_cnt <- $r6
	@DEBUG_VALUE: _carr_dense:current <- $r7
	@DEBUG_VALUE: free_i <- [DW_OP_plus_uconst 28] [$sp+0]
	@DEBUG_VALUE: _carr_dense:new_free_rows <- [DW_OP_plus_uconst 20] [$sp+0]
	@DEBUG_VALUE: _carr_dense:cost <- [DW_OP_plus_uconst 24] [$sp+0]
	@DEBUG_VALUE: _carr_dense:v <- [DW_OP_plus_uconst 80] [$sp+0]
	@DEBUG_VALUE: _carr_dense:y <- [DW_OP_plus_uconst 76] [$sp+0]
	@DEBUG_VALUE: _carr_dense:x <- [DW_OP_plus_uconst 72] [$sp+0]
	.loc	2 0 8 is_stmt 0                 @ ../ByteTrack/lapjv.cpp:0:8
	ldr	r3, [sp, #20]                   @ 4-byte Reload
	str.w	r4, [r12, r3, lsl #2]
	adds	r3, #1
.Ltmp158:
	@DEBUG_VALUE: _carr_dense:new_free_rows <- $r3
	str	r3, [sp, #20]                   @ 4-byte Spill
.Ltmp159:
	@DEBUG_VALUE: _carr_dense:new_free_rows <- [DW_OP_plus_uconst 20] [$sp+0]
	@DEBUG_VALUE: _carr_dense:new_free_rows <- [DW_OP_plus_uconst 20] [$sp+0]
.LBB1_4:                                @   in Loop: Header=BB1_6 Depth=1
	@DEBUG_VALUE: i0 <- $r4
	@DEBUG_VALUE: _carr_dense:rr_cnt <- $r6
	@DEBUG_VALUE: _carr_dense:current <- $r7
	@DEBUG_VALUE: free_i <- [DW_OP_plus_uconst 28] [$sp+0]
	@DEBUG_VALUE: _carr_dense:new_free_rows <- [DW_OP_plus_uconst 20] [$sp+0]
	@DEBUG_VALUE: _carr_dense:cost <- [DW_OP_plus_uconst 24] [$sp+0]
	@DEBUG_VALUE: _carr_dense:v <- [DW_OP_plus_uconst 80] [$sp+0]
	@DEBUG_VALUE: _carr_dense:y <- [DW_OP_plus_uconst 76] [$sp+0]
	@DEBUG_VALUE: _carr_dense:x <- [DW_OP_plus_uconst 72] [$sp+0]
	mov	r0, r7
.Ltmp160:
.LBB1_5:                                @   in Loop: Header=BB1_6 Depth=1
	@DEBUG_VALUE: i0 <- $r4
	@DEBUG_VALUE: _carr_dense:rr_cnt <- $r6
	@DEBUG_VALUE: free_i <- [DW_OP_plus_uconst 28] [$sp+0]
	@DEBUG_VALUE: _carr_dense:new_free_rows <- [DW_OP_plus_uconst 20] [$sp+0]
	@DEBUG_VALUE: _carr_dense:cost <- [DW_OP_plus_uconst 24] [$sp+0]
	@DEBUG_VALUE: _carr_dense:v <- [DW_OP_plus_uconst 80] [$sp+0]
	@DEBUG_VALUE: _carr_dense:y <- [DW_OP_plus_uconst 76] [$sp+0]
	@DEBUG_VALUE: _carr_dense:x <- [DW_OP_plus_uconst 72] [$sp+0]
	@DEBUG_VALUE: _carr_dense:current <- $r0
	@DEBUG_VALUE: _carr_dense:new_free_rows <- [DW_OP_plus_uconst 20] [$sp+0]
	@DEBUG_VALUE: j1 <- $r8
	.loc	2 144 13 is_stmt 1              @ ../ByteTrack/lapjv.cpp:144:13
	ldr	r3, [sp, #72]
	ldr	r4, [sp, #28]                   @ 4-byte Reload
.Ltmp161:
	.loc	2 88 2                          @ ../ByteTrack/lapjv.cpp:88:2
	cmp	r0, r2
.Ltmp162:
	.loc	2 144 13                        @ ../ByteTrack/lapjv.cpp:144:13
	str.w	r8, [r3, r4, lsl #2]
	.loc	2 145 9                         @ ../ByteTrack/lapjv.cpp:145:9
	str.w	r4, [lr, r8, lsl #2]
.Ltmp163:
	@DEBUG_VALUE: _carr_dense:rr_cnt <- $r6
	.loc	2 88 2                          @ ../ByteTrack/lapjv.cpp:88:2
	bhs.w	.LBB1_37
.Ltmp164:
.LBB1_6:                                @ =>This Loop Header: Depth=1
                                        @     Child Loop BB1_12 Depth 2
	@DEBUG_VALUE: _carr_dense:cost <- [DW_OP_plus_uconst 24] [$sp+0]
	@DEBUG_VALUE: _carr_dense:v <- [DW_OP_plus_uconst 80] [$sp+0]
	@DEBUG_VALUE: _carr_dense:y <- [DW_OP_plus_uconst 76] [$sp+0]
	@DEBUG_VALUE: _carr_dense:x <- [DW_OP_plus_uconst 72] [$sp+0]
	@DEBUG_VALUE: _carr_dense:current <- undef
	@DEBUG_VALUE: _carr_dense:new_free_rows <- [DW_OP_plus_uconst 20] [$sp+0]
	@DEBUG_VALUE: _carr_dense:rr_cnt <- undef
	.loc	2 96 24                         @ ../ByteTrack/lapjv.cpp:96:24
	ldr.w	r3, [r12, r0, lsl #2]
.Ltmp165:
	@DEBUG_VALUE: j1 <- 0
	@DEBUG_VALUE: free_i <- $r3
	.loc	2 98 8                          @ ../ByteTrack/lapjv.cpp:98:8
	ldr	r7, [sp, #24]                   @ 4-byte Reload
	.loc	2 98 26 is_stmt 0               @ ../ByteTrack/lapjv.cpp:98:26
	vldr	d3, [r11]
	.loc	2 98 8                          @ ../ByteTrack/lapjv.cpp:98:8
	ldr.w	r10, [r7, r3, lsl #2]
.Ltmp166:
	.loc	2 101 3 is_stmt 1               @ ../ByteTrack/lapjv.cpp:101:3
	cmp	r1, #2
.Ltmp167:
	.loc	2 98 8                          @ ../ByteTrack/lapjv.cpp:98:8
	vldr	d1, [r10]
	str	r6, [sp, #32]                   @ 4-byte Spill
	.loc	2 98 24 is_stmt 0               @ ../ByteTrack/lapjv.cpp:98:24
	vsub.f64	d1, d1, d3
.Ltmp168:
	@DEBUG_VALUE: j <- 1
	@DEBUG_VALUE: v2 <- 1.000000e+06
	@DEBUG_VALUE: j2 <- -1
	@DEBUG_VALUE: v1 <- $d1
	.loc	2 0 24                          @ ../ByteTrack/lapjv.cpp:0:24
	str	r3, [sp, #28]                   @ 4-byte Spill
.Ltmp169:
	@DEBUG_VALUE: free_i <- [DW_OP_plus_uconst 28] [$sp+0]
	@DEBUG_VALUE: free_i <- [DW_OP_plus_uconst 28] [$sp+0]
	@DEBUG_VALUE: free_i <- [DW_OP_plus_uconst 28] [$sp+0]
	.loc	2 101 3 is_stmt 1               @ ../ByteTrack/lapjv.cpp:101:3
	blo	.LBB1_9
.Ltmp170:
@ %bb.7:                                @   in Loop: Header=BB1_6 Depth=1
	@DEBUG_VALUE: free_i <- [DW_OP_plus_uconst 28] [$sp+0]
	@DEBUG_VALUE: v1 <- $d1
	@DEBUG_VALUE: j2 <- -1
	@DEBUG_VALUE: v2 <- 1.000000e+06
	@DEBUG_VALUE: j <- 1
	@DEBUG_VALUE: j1 <- 0
	@DEBUG_VALUE: _carr_dense:new_free_rows <- [DW_OP_plus_uconst 20] [$sp+0]
	@DEBUG_VALUE: _carr_dense:cost <- [DW_OP_plus_uconst 24] [$sp+0]
	@DEBUG_VALUE: _carr_dense:v <- [DW_OP_plus_uconst 80] [$sp+0]
	@DEBUG_VALUE: _carr_dense:y <- [DW_OP_plus_uconst 76] [$sp+0]
	@DEBUG_VALUE: _carr_dense:x <- [DW_OP_plus_uconst 72] [$sp+0]
	ldr	r3, [sp, #12]                   @ 4-byte Reload
	cmp	r3, #3
	bhs	.LBB1_10
.Ltmp171:
@ %bb.8:                                @   in Loop: Header=BB1_6 Depth=1
	@DEBUG_VALUE: free_i <- [DW_OP_plus_uconst 28] [$sp+0]
	@DEBUG_VALUE: v1 <- $d1
	@DEBUG_VALUE: j2 <- -1
	@DEBUG_VALUE: v2 <- 1.000000e+06
	@DEBUG_VALUE: j <- 1
	@DEBUG_VALUE: j1 <- 0
	@DEBUG_VALUE: _carr_dense:new_free_rows <- [DW_OP_plus_uconst 20] [$sp+0]
	@DEBUG_VALUE: _carr_dense:cost <- [DW_OP_plus_uconst 24] [$sp+0]
	@DEBUG_VALUE: _carr_dense:v <- [DW_OP_plus_uconst 80] [$sp+0]
	@DEBUG_VALUE: _carr_dense:y <- [DW_OP_plus_uconst 76] [$sp+0]
	@DEBUG_VALUE: _carr_dense:x <- [DW_OP_plus_uconst 72] [$sp+0]
	.loc	2 0 3 is_stmt 0                 @ ../ByteTrack/lapjv.cpp:0:3
	mov.w	r8, #0
	mov.w	r9, #-1
	movs	r5, #1
	vmov.f64	d2, d0
	.loc	2 101 3                         @ ../ByteTrack/lapjv.cpp:101:3
	b	.LBB1_21
.Ltmp172:
	.loc	2 0 3                           @ :0:3
.Ltmp173:
	.p2align	2
.LBB1_9:                                @   in Loop: Header=BB1_6 Depth=1
	@DEBUG_VALUE: free_i <- [DW_OP_plus_uconst 28] [$sp+0]
	@DEBUG_VALUE: v1 <- $d1
	@DEBUG_VALUE: j2 <- -1
	@DEBUG_VALUE: v2 <- 1.000000e+06
	@DEBUG_VALUE: j <- 1
	@DEBUG_VALUE: j1 <- 0
	@DEBUG_VALUE: _carr_dense:new_free_rows <- [DW_OP_plus_uconst 20] [$sp+0]
	@DEBUG_VALUE: _carr_dense:cost <- [DW_OP_plus_uconst 24] [$sp+0]
	@DEBUG_VALUE: _carr_dense:v <- [DW_OP_plus_uconst 80] [$sp+0]
	@DEBUG_VALUE: _carr_dense:y <- [DW_OP_plus_uconst 76] [$sp+0]
	@DEBUG_VALUE: _carr_dense:x <- [DW_OP_plus_uconst 72] [$sp+0]
	mov.w	r9, #-1
	mov.w	r8, #0
	vmov.f64	d2, d0
	.loc	2 101 3                         @ ../ByteTrack/lapjv.cpp:101:3
	b	.LBB1_31
.Ltmp174:
	.loc	2 0 3                           @ :0:3
.Ltmp175:
	.p2align	2
.LBB1_10:                               @   in Loop: Header=BB1_6 Depth=1
	@DEBUG_VALUE: free_i <- [DW_OP_plus_uconst 28] [$sp+0]
	@DEBUG_VALUE: v1 <- $d1
	@DEBUG_VALUE: j2 <- -1
	@DEBUG_VALUE: v2 <- 1.000000e+06
	@DEBUG_VALUE: j <- 1
	@DEBUG_VALUE: j1 <- 0
	@DEBUG_VALUE: _carr_dense:new_free_rows <- [DW_OP_plus_uconst 20] [$sp+0]
	@DEBUG_VALUE: _carr_dense:cost <- [DW_OP_plus_uconst 24] [$sp+0]
	@DEBUG_VALUE: _carr_dense:v <- [DW_OP_plus_uconst 80] [$sp+0]
	@DEBUG_VALUE: _carr_dense:y <- [DW_OP_plus_uconst 76] [$sp+0]
	@DEBUG_VALUE: _carr_dense:x <- [DW_OP_plus_uconst 72] [$sp+0]
	.loc	2 101 3                         @ ../ByteTrack/lapjv.cpp:101:3
	ldr	r1, [sp]                        @ 4-byte Reload
	mov	r3, lr
	mov	r7, r12
.Ltmp176:
	@DEBUG_VALUE: _carr_dense:free_rows <- $r7
	.loc	2 0 3                           @ ../ByteTrack/lapjv.cpp:0:3
	mov.w	r9, #-1
	.loc	2 101 3                         @ ../ByteTrack/lapjv.cpp:101:3
	mov	lr, r1
	movs	r4, #0
	vmov.f64	d2, d0
	mov.w	r8, #0
	movs	r1, #0
	b	.LBB1_12
.Ltmp177:
	.loc	2 0 3                           @ :0:3
.Ltmp178:
	.p2align	2
.LBB1_11:                               @   in Loop: Header=BB1_12 Depth=2
	@DEBUG_VALUE: j <- [DW_OP_consts 32, DW_OP_div, DW_OP_consts 4, DW_OP_mul, DW_OP_consts 4, DW_OP_plus, DW_OP_stack_value] $r4
	@DEBUG_VALUE: free_i <- [DW_OP_plus_uconst 28] [$sp+0]
	@DEBUG_VALUE: _carr_dense:new_free_rows <- [DW_OP_plus_uconst 20] [$sp+0]
	@DEBUG_VALUE: _carr_dense:cost <- [DW_OP_plus_uconst 24] [$sp+0]
	@DEBUG_VALUE: _carr_dense:v <- [DW_OP_plus_uconst 80] [$sp+0]
	@DEBUG_VALUE: _carr_dense:y <- [DW_OP_plus_uconst 76] [$sp+0]
	@DEBUG_VALUE: _carr_dense:x <- [DW_OP_plus_uconst 72] [$sp+0]
	@DEBUG_VALUE: j1 <- $r8
	@DEBUG_VALUE: v1 <- $d1
	@DEBUG_VALUE: j2 <- $r9
	@DEBUG_VALUE: v2 <- $d2
	@DEBUG_VALUE: j <- [DW_OP_consts 32, DW_OP_div, DW_OP_consts 4, DW_OP_mul, DW_OP_consts 5, DW_OP_plus, DW_OP_stack_value] $r4
	.loc	2 101 3                         @ ../ByteTrack/lapjv.cpp:101:3
	adds	r4, #32
.Ltmp179:
	subs.w	lr, lr, #1
	bne	.LBB1_12
	b	.LBB1_20
.Ltmp180:
.LBB1_12:                               @   Parent Loop BB1_6 Depth=1
                                        @ =>  This Inner Loop Header: Depth=2
	@DEBUG_VALUE: free_i <- [DW_OP_plus_uconst 28] [$sp+0]
	@DEBUG_VALUE: v1 <- $d1
	@DEBUG_VALUE: _carr_dense:new_free_rows <- [DW_OP_plus_uconst 20] [$sp+0]
	@DEBUG_VALUE: _carr_dense:cost <- [DW_OP_plus_uconst 24] [$sp+0]
	@DEBUG_VALUE: _carr_dense:v <- [DW_OP_plus_uconst 80] [$sp+0]
	@DEBUG_VALUE: _carr_dense:y <- [DW_OP_plus_uconst 76] [$sp+0]
	@DEBUG_VALUE: _carr_dense:x <- [DW_OP_plus_uconst 72] [$sp+0]
	@DEBUG_VALUE: j1 <- $r8
	@DEBUG_VALUE: v1 <- $d1
	@DEBUG_VALUE: j2 <- $r9
	@DEBUG_VALUE: v2 <- $d2
	@DEBUG_VALUE: j <- [DW_OP_consts 32, DW_OP_div, DW_OP_consts 4, DW_OP_mul, DW_OP_consts 1, DW_OP_plus, DW_OP_stack_value] $r4
	.loc	2 103 21 is_stmt 1              @ ../ByteTrack/lapjv.cpp:103:21
	add.w	r12, r10, r4
	.loc	2 103 39 is_stmt 0              @ ../ByteTrack/lapjv.cpp:103:39
	add.w	r2, r11, r4
.Ltmp181:
	@DEBUG_VALUE: _carr_dense:n_free_rows <- [DW_OP_LLVM_entry_value 1] $r2
	.loc	2 103 21                        @ ../ByteTrack/lapjv.cpp:103:21
	vldr	d3, [r12, #8]
	.loc	2 103 39                        @ ../ByteTrack/lapjv.cpp:103:39
	vldr	d4, [r2, #8]
	.loc	2 103 37                        @ ../ByteTrack/lapjv.cpp:103:37
	vsub.f64	d3, d3, d4
.Ltmp182:
	@DEBUG_VALUE: c <- $d3
	.loc	2 104 8 is_stmt 1               @ ../ByteTrack/lapjv.cpp:104:8
	vcmp.f64	d3, d2
	vmrs	APSR_nzcv, fpscr
	bge	.LBB1_14
.Ltmp183:
@ %bb.13:                               @   in Loop: Header=BB1_12 Depth=2
	@DEBUG_VALUE: c <- $d3
	@DEBUG_VALUE: j <- [DW_OP_consts 32, DW_OP_div, DW_OP_consts 4, DW_OP_mul, DW_OP_consts 1, DW_OP_plus, DW_OP_stack_value] $r4
	@DEBUG_VALUE: v2 <- $d2
	@DEBUG_VALUE: j2 <- $r9
	@DEBUG_VALUE: j1 <- $r8
	@DEBUG_VALUE: free_i <- [DW_OP_plus_uconst 28] [$sp+0]
	@DEBUG_VALUE: v1 <- $d1
	@DEBUG_VALUE: _carr_dense:new_free_rows <- [DW_OP_plus_uconst 20] [$sp+0]
	@DEBUG_VALUE: _carr_dense:cost <- [DW_OP_plus_uconst 24] [$sp+0]
	@DEBUG_VALUE: _carr_dense:v <- [DW_OP_plus_uconst 80] [$sp+0]
	@DEBUG_VALUE: _carr_dense:y <- [DW_OP_plus_uconst 76] [$sp+0]
	@DEBUG_VALUE: _carr_dense:x <- [DW_OP_plus_uconst 72] [$sp+0]
	.loc	2 0 8 is_stmt 0                 @ ../ByteTrack/lapjv.cpp:0:8
	vcmp.f64	d3, d1
	adds	r5, r1, #1
	vmrs	APSR_nzcv, fpscr
	vmaxnm.f64	d2, d3, d1
.Ltmp184:
	vminnm.f64	d1, d3, d1
.Ltmp185:
	csel	r9, r8, r5, lt
.Ltmp186:
	csel	r8, r5, r8, lt
.Ltmp187:
.LBB1_14:                               @   in Loop: Header=BB1_12 Depth=2
	@DEBUG_VALUE: c <- $d3
	@DEBUG_VALUE: j <- [DW_OP_consts 32, DW_OP_div, DW_OP_consts 4, DW_OP_mul, DW_OP_consts 1, DW_OP_plus, DW_OP_stack_value] $r4
	@DEBUG_VALUE: free_i <- [DW_OP_plus_uconst 28] [$sp+0]
	@DEBUG_VALUE: _carr_dense:new_free_rows <- [DW_OP_plus_uconst 20] [$sp+0]
	@DEBUG_VALUE: _carr_dense:cost <- [DW_OP_plus_uconst 24] [$sp+0]
	@DEBUG_VALUE: _carr_dense:v <- [DW_OP_plus_uconst 80] [$sp+0]
	@DEBUG_VALUE: _carr_dense:y <- [DW_OP_plus_uconst 76] [$sp+0]
	@DEBUG_VALUE: _carr_dense:x <- [DW_OP_plus_uconst 72] [$sp+0]
	@DEBUG_VALUE: j1 <- $r8
	@DEBUG_VALUE: v1 <- $d1
	@DEBUG_VALUE: j2 <- $r9
	@DEBUG_VALUE: v2 <- $d2
	@DEBUG_VALUE: j <- [DW_OP_consts 32, DW_OP_div, DW_OP_consts 4, DW_OP_mul, DW_OP_consts 2, DW_OP_plus, DW_OP_stack_value] $r4
	.loc	2 103 21 is_stmt 1              @ ../ByteTrack/lapjv.cpp:103:21
	vldr	d3, [r12, #16]
.Ltmp188:
	.loc	2 103 39 is_stmt 0              @ ../ByteTrack/lapjv.cpp:103:39
	vldr	d4, [r2, #16]
	.loc	2 103 37                        @ ../ByteTrack/lapjv.cpp:103:37
	vsub.f64	d3, d3, d4
.Ltmp189:
	@DEBUG_VALUE: c <- $d3
	.loc	2 104 8 is_stmt 1               @ ../ByteTrack/lapjv.cpp:104:8
	vcmp.f64	d3, d2
	vmrs	APSR_nzcv, fpscr
	bge	.LBB1_16
.Ltmp190:
@ %bb.15:                               @   in Loop: Header=BB1_12 Depth=2
	@DEBUG_VALUE: j <- [DW_OP_consts 32, DW_OP_div, DW_OP_consts 4, DW_OP_mul, DW_OP_consts 2, DW_OP_plus, DW_OP_stack_value] $r4
	@DEBUG_VALUE: c <- $d3
	@DEBUG_VALUE: v2 <- $d2
	@DEBUG_VALUE: j2 <- $r9
	@DEBUG_VALUE: j1 <- $r8
	@DEBUG_VALUE: free_i <- [DW_OP_plus_uconst 28] [$sp+0]
	@DEBUG_VALUE: v1 <- $d1
	@DEBUG_VALUE: _carr_dense:new_free_rows <- [DW_OP_plus_uconst 20] [$sp+0]
	@DEBUG_VALUE: _carr_dense:cost <- [DW_OP_plus_uconst 24] [$sp+0]
	@DEBUG_VALUE: _carr_dense:v <- [DW_OP_plus_uconst 80] [$sp+0]
	@DEBUG_VALUE: _carr_dense:y <- [DW_OP_plus_uconst 76] [$sp+0]
	@DEBUG_VALUE: _carr_dense:x <- [DW_OP_plus_uconst 72] [$sp+0]
	.loc	2 0 8 is_stmt 0                 @ ../ByteTrack/lapjv.cpp:0:8
	vcmp.f64	d3, d1
	adds	r5, r1, #2
	vmrs	APSR_nzcv, fpscr
	vmaxnm.f64	d2, d3, d1
.Ltmp191:
	vminnm.f64	d1, d3, d1
.Ltmp192:
	csel	r9, r8, r5, lt
.Ltmp193:
	csel	r8, r5, r8, lt
.Ltmp194:
.LBB1_16:                               @   in Loop: Header=BB1_12 Depth=2
	@DEBUG_VALUE: j <- [DW_OP_consts 32, DW_OP_div, DW_OP_consts 4, DW_OP_mul, DW_OP_consts 2, DW_OP_plus, DW_OP_stack_value] $r4
	@DEBUG_VALUE: c <- $d3
	@DEBUG_VALUE: free_i <- [DW_OP_plus_uconst 28] [$sp+0]
	@DEBUG_VALUE: _carr_dense:new_free_rows <- [DW_OP_plus_uconst 20] [$sp+0]
	@DEBUG_VALUE: _carr_dense:cost <- [DW_OP_plus_uconst 24] [$sp+0]
	@DEBUG_VALUE: _carr_dense:v <- [DW_OP_plus_uconst 80] [$sp+0]
	@DEBUG_VALUE: _carr_dense:y <- [DW_OP_plus_uconst 76] [$sp+0]
	@DEBUG_VALUE: _carr_dense:x <- [DW_OP_plus_uconst 72] [$sp+0]
	@DEBUG_VALUE: j1 <- $r8
	@DEBUG_VALUE: v1 <- $d1
	@DEBUG_VALUE: j2 <- $r9
	@DEBUG_VALUE: v2 <- $d2
	@DEBUG_VALUE: j <- [DW_OP_consts 32, DW_OP_div, DW_OP_consts 4, DW_OP_mul, DW_OP_consts 3, DW_OP_plus, DW_OP_stack_value] $r4
	.loc	2 103 21 is_stmt 1              @ ../ByteTrack/lapjv.cpp:103:21
	vldr	d3, [r12, #24]
.Ltmp195:
	.loc	2 103 39 is_stmt 0              @ ../ByteTrack/lapjv.cpp:103:39
	vldr	d4, [r2, #24]
	.loc	2 103 37                        @ ../ByteTrack/lapjv.cpp:103:37
	vsub.f64	d3, d3, d4
.Ltmp196:
	@DEBUG_VALUE: c <- $d3
	.loc	2 104 8 is_stmt 1               @ ../ByteTrack/lapjv.cpp:104:8
	vcmp.f64	d3, d2
	vmrs	APSR_nzcv, fpscr
	bge	.LBB1_18
.Ltmp197:
@ %bb.17:                               @   in Loop: Header=BB1_12 Depth=2
	@DEBUG_VALUE: j <- [DW_OP_consts 32, DW_OP_div, DW_OP_consts 4, DW_OP_mul, DW_OP_consts 3, DW_OP_plus, DW_OP_stack_value] $r4
	@DEBUG_VALUE: c <- $d3
	@DEBUG_VALUE: v2 <- $d2
	@DEBUG_VALUE: j2 <- $r9
	@DEBUG_VALUE: j1 <- $r8
	@DEBUG_VALUE: free_i <- [DW_OP_plus_uconst 28] [$sp+0]
	@DEBUG_VALUE: v1 <- $d1
	@DEBUG_VALUE: _carr_dense:new_free_rows <- [DW_OP_plus_uconst 20] [$sp+0]
	@DEBUG_VALUE: _carr_dense:cost <- [DW_OP_plus_uconst 24] [$sp+0]
	@DEBUG_VALUE: _carr_dense:v <- [DW_OP_plus_uconst 80] [$sp+0]
	@DEBUG_VALUE: _carr_dense:y <- [DW_OP_plus_uconst 76] [$sp+0]
	@DEBUG_VALUE: _carr_dense:x <- [DW_OP_plus_uconst 72] [$sp+0]
	.loc	2 0 8 is_stmt 0                 @ ../ByteTrack/lapjv.cpp:0:8
	vcmp.f64	d3, d1
	adds	r5, r1, #3
	vmrs	APSR_nzcv, fpscr
	vmaxnm.f64	d2, d3, d1
.Ltmp198:
	vminnm.f64	d1, d3, d1
.Ltmp199:
	csel	r9, r8, r5, lt
.Ltmp200:
	csel	r8, r5, r8, lt
.Ltmp201:
.LBB1_18:                               @   in Loop: Header=BB1_12 Depth=2
	@DEBUG_VALUE: j <- [DW_OP_consts 32, DW_OP_div, DW_OP_consts 4, DW_OP_mul, DW_OP_consts 3, DW_OP_plus, DW_OP_stack_value] $r4
	@DEBUG_VALUE: c <- $d3
	@DEBUG_VALUE: free_i <- [DW_OP_plus_uconst 28] [$sp+0]
	@DEBUG_VALUE: _carr_dense:new_free_rows <- [DW_OP_plus_uconst 20] [$sp+0]
	@DEBUG_VALUE: _carr_dense:cost <- [DW_OP_plus_uconst 24] [$sp+0]
	@DEBUG_VALUE: _carr_dense:v <- [DW_OP_plus_uconst 80] [$sp+0]
	@DEBUG_VALUE: _carr_dense:y <- [DW_OP_plus_uconst 76] [$sp+0]
	@DEBUG_VALUE: _carr_dense:x <- [DW_OP_plus_uconst 72] [$sp+0]
	@DEBUG_VALUE: j1 <- $r8
	@DEBUG_VALUE: v1 <- $d1
	@DEBUG_VALUE: j2 <- $r9
	@DEBUG_VALUE: v2 <- $d2
	@DEBUG_VALUE: j <- [DW_OP_consts 32, DW_OP_div, DW_OP_consts 4, DW_OP_mul, DW_OP_consts 4, DW_OP_plus, DW_OP_stack_value] $r4
	.loc	2 103 21 is_stmt 1              @ ../ByteTrack/lapjv.cpp:103:21
	vldr	d3, [r12, #32]
.Ltmp202:
	.loc	2 103 39 is_stmt 0              @ ../ByteTrack/lapjv.cpp:103:39
	vldr	d4, [r2, #32]
	.loc	2 103 21                        @ ../ByteTrack/lapjv.cpp:103:21
	adds	r1, #4
	.loc	2 103 37                        @ ../ByteTrack/lapjv.cpp:103:37
	vsub.f64	d3, d3, d4
.Ltmp203:
	@DEBUG_VALUE: c <- $d3
	.loc	2 104 8 is_stmt 1               @ ../ByteTrack/lapjv.cpp:104:8
	vcmp.f64	d3, d2
	vmrs	APSR_nzcv, fpscr
	bge	.LBB1_11
.Ltmp204:
@ %bb.19:                               @   in Loop: Header=BB1_12 Depth=2
	@DEBUG_VALUE: j <- [DW_OP_consts 32, DW_OP_div, DW_OP_consts 4, DW_OP_mul, DW_OP_consts 4, DW_OP_plus, DW_OP_stack_value] $r4
	@DEBUG_VALUE: c <- $d3
	@DEBUG_VALUE: v2 <- $d2
	@DEBUG_VALUE: j2 <- $r9
	@DEBUG_VALUE: j1 <- $r8
	@DEBUG_VALUE: free_i <- [DW_OP_plus_uconst 28] [$sp+0]
	@DEBUG_VALUE: v1 <- $d1
	@DEBUG_VALUE: _carr_dense:new_free_rows <- [DW_OP_plus_uconst 20] [$sp+0]
	@DEBUG_VALUE: _carr_dense:cost <- [DW_OP_plus_uconst 24] [$sp+0]
	@DEBUG_VALUE: _carr_dense:v <- [DW_OP_plus_uconst 80] [$sp+0]
	@DEBUG_VALUE: _carr_dense:y <- [DW_OP_plus_uconst 76] [$sp+0]
	@DEBUG_VALUE: _carr_dense:x <- [DW_OP_plus_uconst 72] [$sp+0]
	.loc	2 0 8 is_stmt 0                 @ ../ByteTrack/lapjv.cpp:0:8
	vcmp.f64	d3, d1
	vmrs	APSR_nzcv, fpscr
	vmaxnm.f64	d2, d3, d1
.Ltmp205:
	vminnm.f64	d1, d3, d1
.Ltmp206:
	csel	r9, r8, r1, lt
.Ltmp207:
	csel	r8, r1, r8, lt
.Ltmp208:
	b	.LBB1_11
.Ltmp209:
	.p2align	2
.LBB1_20:                               @   in Loop: Header=BB1_6 Depth=1
	@DEBUG_VALUE: v2 <- $d2
	@DEBUG_VALUE: j2 <- $r9
	@DEBUG_VALUE: j1 <- $r8
	@DEBUG_VALUE: free_i <- [DW_OP_plus_uconst 28] [$sp+0]
	@DEBUG_VALUE: v1 <- $d1
	@DEBUG_VALUE: _carr_dense:new_free_rows <- [DW_OP_plus_uconst 20] [$sp+0]
	@DEBUG_VALUE: _carr_dense:cost <- [DW_OP_plus_uconst 24] [$sp+0]
	@DEBUG_VALUE: _carr_dense:v <- [DW_OP_plus_uconst 80] [$sp+0]
	@DEBUG_VALUE: _carr_dense:y <- [DW_OP_plus_uconst 76] [$sp+0]
	@DEBUG_VALUE: _carr_dense:x <- [DW_OP_plus_uconst 72] [$sp+0]
	.loc	2 104 8                         @ ../ByteTrack/lapjv.cpp:104:8
	adds	r5, r1, #1
	ldrd	r1, r2, [sp, #4]                @ 8-byte Folded Reload
	mov	r12, r7
	mov	lr, r3
.Ltmp210:
.LBB1_21:                               @   in Loop: Header=BB1_6 Depth=1
	@DEBUG_VALUE: free_i <- [DW_OP_plus_uconst 28] [$sp+0]
	@DEBUG_VALUE: v1 <- $d1
	@DEBUG_VALUE: _carr_dense:new_free_rows <- [DW_OP_plus_uconst 20] [$sp+0]
	@DEBUG_VALUE: _carr_dense:cost <- [DW_OP_plus_uconst 24] [$sp+0]
	@DEBUG_VALUE: _carr_dense:v <- [DW_OP_plus_uconst 80] [$sp+0]
	@DEBUG_VALUE: _carr_dense:y <- [DW_OP_plus_uconst 76] [$sp+0]
	@DEBUG_VALUE: _carr_dense:x <- [DW_OP_plus_uconst 72] [$sp+0]
	ldr	r3, [sp, #16]                   @ 4-byte Reload
	cmp	r3, #0
	beq	.LBB1_30
.Ltmp211:
@ %bb.22:                               @   in Loop: Header=BB1_6 Depth=1
	@DEBUG_VALUE: free_i <- [DW_OP_plus_uconst 28] [$sp+0]
	@DEBUG_VALUE: v1 <- $d1
	@DEBUG_VALUE: _carr_dense:new_free_rows <- [DW_OP_plus_uconst 20] [$sp+0]
	@DEBUG_VALUE: _carr_dense:cost <- [DW_OP_plus_uconst 24] [$sp+0]
	@DEBUG_VALUE: _carr_dense:v <- [DW_OP_plus_uconst 80] [$sp+0]
	@DEBUG_VALUE: _carr_dense:y <- [DW_OP_plus_uconst 76] [$sp+0]
	@DEBUG_VALUE: _carr_dense:x <- [DW_OP_plus_uconst 72] [$sp+0]
	@DEBUG_VALUE: j1 <- $r8
	@DEBUG_VALUE: v1 <- $d1
	@DEBUG_VALUE: j2 <- $r9
	@DEBUG_VALUE: v2 <- $d2
	@DEBUG_VALUE: j <- $r5
	.loc	2 103 21 is_stmt 1              @ ../ByteTrack/lapjv.cpp:103:21
	add.w	r3, r10, r5, lsl #3
	.loc	2 103 39 is_stmt 0              @ ../ByteTrack/lapjv.cpp:103:39
	add.w	r4, r11, r5, lsl #3
	.loc	2 103 21                        @ ../ByteTrack/lapjv.cpp:103:21
	vldr	d3, [r3]
	.loc	2 103 39                        @ ../ByteTrack/lapjv.cpp:103:39
	vldr	d4, [r4]
	.loc	2 103 37                        @ ../ByteTrack/lapjv.cpp:103:37
	vsub.f64	d3, d3, d4
.Ltmp212:
	@DEBUG_VALUE: c <- $d3
	.loc	2 104 8 is_stmt 1               @ ../ByteTrack/lapjv.cpp:104:8
	vcmp.f64	d3, d2
	vmrs	APSR_nzcv, fpscr
	bge	.LBB1_24
.Ltmp213:
@ %bb.23:                               @   in Loop: Header=BB1_6 Depth=1
	@DEBUG_VALUE: j <- $r5
	@DEBUG_VALUE: c <- $d3
	@DEBUG_VALUE: v2 <- $d2
	@DEBUG_VALUE: j2 <- $r9
	@DEBUG_VALUE: j1 <- $r8
	@DEBUG_VALUE: free_i <- [DW_OP_plus_uconst 28] [$sp+0]
	@DEBUG_VALUE: v1 <- $d1
	@DEBUG_VALUE: _carr_dense:new_free_rows <- [DW_OP_plus_uconst 20] [$sp+0]
	@DEBUG_VALUE: _carr_dense:cost <- [DW_OP_plus_uconst 24] [$sp+0]
	@DEBUG_VALUE: _carr_dense:v <- [DW_OP_plus_uconst 80] [$sp+0]
	@DEBUG_VALUE: _carr_dense:y <- [DW_OP_plus_uconst 76] [$sp+0]
	@DEBUG_VALUE: _carr_dense:x <- [DW_OP_plus_uconst 72] [$sp+0]
	.loc	2 0 8 is_stmt 0                 @ ../ByteTrack/lapjv.cpp:0:8
	vcmp.f64	d3, d1
	vmrs	APSR_nzcv, fpscr
	vmaxnm.f64	d2, d3, d1
.Ltmp214:
	vminnm.f64	d1, d3, d1
.Ltmp215:
	csel	r9, r8, r5, lt
.Ltmp216:
	csel	r8, r5, r8, lt
.Ltmp217:
.LBB1_24:                               @   in Loop: Header=BB1_6 Depth=1
	@DEBUG_VALUE: j <- $r5
	@DEBUG_VALUE: free_i <- [DW_OP_plus_uconst 28] [$sp+0]
	@DEBUG_VALUE: _carr_dense:new_free_rows <- [DW_OP_plus_uconst 20] [$sp+0]
	@DEBUG_VALUE: _carr_dense:cost <- [DW_OP_plus_uconst 24] [$sp+0]
	@DEBUG_VALUE: _carr_dense:v <- [DW_OP_plus_uconst 80] [$sp+0]
	@DEBUG_VALUE: _carr_dense:y <- [DW_OP_plus_uconst 76] [$sp+0]
	@DEBUG_VALUE: _carr_dense:x <- [DW_OP_plus_uconst 72] [$sp+0]
	@DEBUG_VALUE: j1 <- $r8
	@DEBUG_VALUE: v1 <- $d1
	@DEBUG_VALUE: j2 <- $r9
	@DEBUG_VALUE: v2 <- $d2
	@DEBUG_VALUE: j <- undef
	.loc	2 101 3 is_stmt 1               @ ../ByteTrack/lapjv.cpp:101:3
	ldr	r3, [sp, #16]                   @ 4-byte Reload
	cmp	r3, #1
	beq	.LBB1_30
.Ltmp218:
@ %bb.25:                               @   in Loop: Header=BB1_6 Depth=1
	@DEBUG_VALUE: v2 <- $d2
	@DEBUG_VALUE: j2 <- $r9
	@DEBUG_VALUE: j1 <- $r8
	@DEBUG_VALUE: free_i <- [DW_OP_plus_uconst 28] [$sp+0]
	@DEBUG_VALUE: v1 <- $d1
	@DEBUG_VALUE: _carr_dense:new_free_rows <- [DW_OP_plus_uconst 20] [$sp+0]
	@DEBUG_VALUE: _carr_dense:cost <- [DW_OP_plus_uconst 24] [$sp+0]
	@DEBUG_VALUE: _carr_dense:v <- [DW_OP_plus_uconst 80] [$sp+0]
	@DEBUG_VALUE: _carr_dense:y <- [DW_OP_plus_uconst 76] [$sp+0]
	@DEBUG_VALUE: _carr_dense:x <- [DW_OP_plus_uconst 72] [$sp+0]
	.loc	2 0 0 is_stmt 0                 @ ../ByteTrack/lapjv.cpp:0:0
	adds	r3, r5, #1
.Ltmp219:
	@DEBUG_VALUE: j <- $r3
	@DEBUG_VALUE: v2 <- $d2
	@DEBUG_VALUE: j2 <- $r9
	@DEBUG_VALUE: v1 <- $d1
	@DEBUG_VALUE: j1 <- $r8
	.loc	2 103 21 is_stmt 1              @ ../ByteTrack/lapjv.cpp:103:21
	add.w	r4, r10, r3, lsl #3
	.loc	2 103 39 is_stmt 0              @ ../ByteTrack/lapjv.cpp:103:39
	add.w	r7, r11, r3, lsl #3
	.loc	2 103 21                        @ ../ByteTrack/lapjv.cpp:103:21
	vldr	d3, [r4]
	.loc	2 103 39                        @ ../ByteTrack/lapjv.cpp:103:39
	vldr	d4, [r7]
	.loc	2 103 37                        @ ../ByteTrack/lapjv.cpp:103:37
	vsub.f64	d3, d3, d4
.Ltmp220:
	@DEBUG_VALUE: c <- $d3
	.loc	2 104 8 is_stmt 1               @ ../ByteTrack/lapjv.cpp:104:8
	vcmp.f64	d3, d2
	vmrs	APSR_nzcv, fpscr
	bge	.LBB1_27
.Ltmp221:
@ %bb.26:                               @   in Loop: Header=BB1_6 Depth=1
	@DEBUG_VALUE: j <- $r3
	@DEBUG_VALUE: c <- $d3
	@DEBUG_VALUE: v2 <- $d2
	@DEBUG_VALUE: j2 <- $r9
	@DEBUG_VALUE: j1 <- $r8
	@DEBUG_VALUE: free_i <- [DW_OP_plus_uconst 28] [$sp+0]
	@DEBUG_VALUE: v1 <- $d1
	@DEBUG_VALUE: _carr_dense:new_free_rows <- [DW_OP_plus_uconst 20] [$sp+0]
	@DEBUG_VALUE: _carr_dense:cost <- [DW_OP_plus_uconst 24] [$sp+0]
	@DEBUG_VALUE: _carr_dense:v <- [DW_OP_plus_uconst 80] [$sp+0]
	@DEBUG_VALUE: _carr_dense:y <- [DW_OP_plus_uconst 76] [$sp+0]
	@DEBUG_VALUE: _carr_dense:x <- [DW_OP_plus_uconst 72] [$sp+0]
	.loc	2 0 8 is_stmt 0                 @ ../ByteTrack/lapjv.cpp:0:8
	vcmp.f64	d3, d1
	vmrs	APSR_nzcv, fpscr
	vmaxnm.f64	d2, d3, d1
.Ltmp222:
	vminnm.f64	d1, d3, d1
.Ltmp223:
	csel	r9, r8, r3, lt
.Ltmp224:
	csel	r8, r3, r8, lt
.Ltmp225:
.LBB1_27:                               @   in Loop: Header=BB1_6 Depth=1
	@DEBUG_VALUE: j <- $r3
	@DEBUG_VALUE: free_i <- [DW_OP_plus_uconst 28] [$sp+0]
	@DEBUG_VALUE: _carr_dense:new_free_rows <- [DW_OP_plus_uconst 20] [$sp+0]
	@DEBUG_VALUE: _carr_dense:cost <- [DW_OP_plus_uconst 24] [$sp+0]
	@DEBUG_VALUE: _carr_dense:v <- [DW_OP_plus_uconst 80] [$sp+0]
	@DEBUG_VALUE: _carr_dense:y <- [DW_OP_plus_uconst 76] [$sp+0]
	@DEBUG_VALUE: _carr_dense:x <- [DW_OP_plus_uconst 72] [$sp+0]
	@DEBUG_VALUE: j1 <- $r8
	@DEBUG_VALUE: v1 <- $d1
	@DEBUG_VALUE: j2 <- $r9
	@DEBUG_VALUE: v2 <- $d2
	@DEBUG_VALUE: j <- undef
	.loc	2 101 3 is_stmt 1               @ ../ByteTrack/lapjv.cpp:101:3
	ldr	r3, [sp, #16]                   @ 4-byte Reload
	cmp	r3, #2
	beq	.LBB1_30
.Ltmp226:
@ %bb.28:                               @   in Loop: Header=BB1_6 Depth=1
	@DEBUG_VALUE: v2 <- $d2
	@DEBUG_VALUE: j2 <- $r9
	@DEBUG_VALUE: j1 <- $r8
	@DEBUG_VALUE: free_i <- [DW_OP_plus_uconst 28] [$sp+0]
	@DEBUG_VALUE: v1 <- $d1
	@DEBUG_VALUE: _carr_dense:new_free_rows <- [DW_OP_plus_uconst 20] [$sp+0]
	@DEBUG_VALUE: _carr_dense:cost <- [DW_OP_plus_uconst 24] [$sp+0]
	@DEBUG_VALUE: _carr_dense:v <- [DW_OP_plus_uconst 80] [$sp+0]
	@DEBUG_VALUE: _carr_dense:y <- [DW_OP_plus_uconst 76] [$sp+0]
	@DEBUG_VALUE: _carr_dense:x <- [DW_OP_plus_uconst 72] [$sp+0]
	.loc	2 0 0 is_stmt 0                 @ ../ByteTrack/lapjv.cpp:0:0
	adds	r7, r5, #2
.Ltmp227:
	@DEBUG_VALUE: j <- $r7
	@DEBUG_VALUE: v2 <- $d2
	@DEBUG_VALUE: j2 <- $r9
	@DEBUG_VALUE: v1 <- $d1
	@DEBUG_VALUE: j1 <- $r8
	.loc	2 103 21 is_stmt 1              @ ../ByteTrack/lapjv.cpp:103:21
	add.w	r3, r10, r7, lsl #3
	.loc	2 103 39 is_stmt 0              @ ../ByteTrack/lapjv.cpp:103:39
	add.w	r5, r11, r7, lsl #3
	.loc	2 103 21                        @ ../ByteTrack/lapjv.cpp:103:21
	vldr	d3, [r3]
	.loc	2 103 39                        @ ../ByteTrack/lapjv.cpp:103:39
	vldr	d4, [r5]
	.loc	2 103 37                        @ ../ByteTrack/lapjv.cpp:103:37
	vsub.f64	d3, d3, d4
.Ltmp228:
	@DEBUG_VALUE: c <- $d3
	.loc	2 104 8 is_stmt 1               @ ../ByteTrack/lapjv.cpp:104:8
	vcmp.f64	d3, d2
	vmrs	APSR_nzcv, fpscr
	bge	.LBB1_30
.Ltmp229:
@ %bb.29:                               @   in Loop: Header=BB1_6 Depth=1
	@DEBUG_VALUE: j <- $r7
	@DEBUG_VALUE: c <- $d3
	@DEBUG_VALUE: v2 <- $d2
	@DEBUG_VALUE: j2 <- $r9
	@DEBUG_VALUE: j1 <- $r8
	@DEBUG_VALUE: free_i <- [DW_OP_plus_uconst 28] [$sp+0]
	@DEBUG_VALUE: v1 <- $d1
	@DEBUG_VALUE: _carr_dense:new_free_rows <- [DW_OP_plus_uconst 20] [$sp+0]
	@DEBUG_VALUE: _carr_dense:cost <- [DW_OP_plus_uconst 24] [$sp+0]
	@DEBUG_VALUE: _carr_dense:v <- [DW_OP_plus_uconst 80] [$sp+0]
	@DEBUG_VALUE: _carr_dense:y <- [DW_OP_plus_uconst 76] [$sp+0]
	@DEBUG_VALUE: _carr_dense:x <- [DW_OP_plus_uconst 72] [$sp+0]
	.loc	2 0 8 is_stmt 0                 @ ../ByteTrack/lapjv.cpp:0:8
	vcmp.f64	d3, d1
	vmrs	APSR_nzcv, fpscr
	vmaxnm.f64	d2, d3, d1
.Ltmp230:
	vminnm.f64	d1, d3, d1
.Ltmp231:
	csel	r9, r8, r7, lt
.Ltmp232:
	csel	r8, r7, r8, lt
.Ltmp233:
	.p2align	2
.LBB1_30:                               @   in Loop: Header=BB1_6 Depth=1
	@DEBUG_VALUE: free_i <- [DW_OP_plus_uconst 28] [$sp+0]
	@DEBUG_VALUE: _carr_dense:new_free_rows <- [DW_OP_plus_uconst 20] [$sp+0]
	@DEBUG_VALUE: _carr_dense:cost <- [DW_OP_plus_uconst 24] [$sp+0]
	@DEBUG_VALUE: _carr_dense:v <- [DW_OP_plus_uconst 80] [$sp+0]
	@DEBUG_VALUE: _carr_dense:y <- [DW_OP_plus_uconst 76] [$sp+0]
	@DEBUG_VALUE: _carr_dense:x <- [DW_OP_plus_uconst 72] [$sp+0]
	add.w	r3, r11, r8, lsl #3
	.loc	2 118 12 is_stmt 1              @ ../ByteTrack/lapjv.cpp:118:12
	vldr	d3, [r3]
.Ltmp234:
.LBB1_31:                               @   in Loop: Header=BB1_6 Depth=1
	@DEBUG_VALUE: free_i <- [DW_OP_plus_uconst 28] [$sp+0]
	@DEBUG_VALUE: _carr_dense:new_free_rows <- [DW_OP_plus_uconst 20] [$sp+0]
	@DEBUG_VALUE: _carr_dense:cost <- [DW_OP_plus_uconst 24] [$sp+0]
	@DEBUG_VALUE: _carr_dense:v <- [DW_OP_plus_uconst 80] [$sp+0]
	@DEBUG_VALUE: _carr_dense:y <- [DW_OP_plus_uconst 76] [$sp+0]
	@DEBUG_VALUE: _carr_dense:x <- [DW_OP_plus_uconst 72] [$sp+0]
	.loc	2 0 0 is_stmt 0                 @ ../ByteTrack/lapjv.cpp:0:0
	adds	r7, r0, #1
.Ltmp235:
	@DEBUG_VALUE: _carr_dense:current <- $r7
	ldr	r6, [sp, #32]                   @ 4-byte Reload
.Ltmp236:
	.loc	2 121 24 is_stmt 1              @ ../ByteTrack/lapjv.cpp:121:24
	mul	r5, r7, r1
.Ltmp237:
	.loc	2 0 0 is_stmt 0                 @ ../ByteTrack/lapjv.cpp:0:0
	adds	r6, #1
.Ltmp238:
	@DEBUG_VALUE: _carr_dense:rr_cnt <- $r6
	.loc	2 117 8 is_stmt 1               @ ../ByteTrack/lapjv.cpp:117:8
	ldr.w	r4, [lr, r8, lsl #2]
.Ltmp239:
	@DEBUG_VALUE: v1_lowers <- undef
	@DEBUG_VALUE: v1_new <- undef
	@DEBUG_VALUE: i0 <- $r4
	.loc	2 121 7                         @ ../ByteTrack/lapjv.cpp:121:7
	cmp	r6, r5
	bhs.w	.LBB1_2
.Ltmp240:
@ %bb.32:                               @   in Loop: Header=BB1_6 Depth=1
	@DEBUG_VALUE: i0 <- $r4
	@DEBUG_VALUE: _carr_dense:rr_cnt <- $r6
	@DEBUG_VALUE: _carr_dense:current <- $r7
	@DEBUG_VALUE: free_i <- [DW_OP_plus_uconst 28] [$sp+0]
	@DEBUG_VALUE: _carr_dense:new_free_rows <- [DW_OP_plus_uconst 20] [$sp+0]
	@DEBUG_VALUE: _carr_dense:cost <- [DW_OP_plus_uconst 24] [$sp+0]
	@DEBUG_VALUE: _carr_dense:v <- [DW_OP_plus_uconst 80] [$sp+0]
	@DEBUG_VALUE: _carr_dense:y <- [DW_OP_plus_uconst 76] [$sp+0]
	@DEBUG_VALUE: _carr_dense:x <- [DW_OP_plus_uconst 72] [$sp+0]
	.loc	2 0 0 is_stmt 0                 @ ../ByteTrack/lapjv.cpp:0:0
	vsub.f64	d1, d1, d2
	vadd.f64	d1, d1, d3
.Ltmp241:
	@DEBUG_VALUE: v1_lowers <- undef
	@DEBUG_VALUE: v1_new <- $d1
	.loc	2 122 8 is_stmt 1               @ ../ByteTrack/lapjv.cpp:122:8
	vcmp.f64	d1, d3
	vmrs	APSR_nzcv, fpscr
	bge	.LBB1_35
.Ltmp242:
@ %bb.33:                               @   in Loop: Header=BB1_6 Depth=1
	@DEBUG_VALUE: v1_new <- $d1
	@DEBUG_VALUE: i0 <- $r4
	@DEBUG_VALUE: _carr_dense:rr_cnt <- $r6
	@DEBUG_VALUE: _carr_dense:current <- $r7
	@DEBUG_VALUE: free_i <- [DW_OP_plus_uconst 28] [$sp+0]
	@DEBUG_VALUE: _carr_dense:new_free_rows <- [DW_OP_plus_uconst 20] [$sp+0]
	@DEBUG_VALUE: _carr_dense:cost <- [DW_OP_plus_uconst 24] [$sp+0]
	@DEBUG_VALUE: _carr_dense:v <- [DW_OP_plus_uconst 80] [$sp+0]
	@DEBUG_VALUE: _carr_dense:y <- [DW_OP_plus_uconst 76] [$sp+0]
	@DEBUG_VALUE: _carr_dense:x <- [DW_OP_plus_uconst 72] [$sp+0]
	.loc	2 0 0 is_stmt 0                 @ ../ByteTrack/lapjv.cpp:0:0
	add.w	r5, r11, r8, lsl #3
.Ltmp243:
	.loc	2 129 8 is_stmt 1               @ ../ByteTrack/lapjv.cpp:129:8
	cmp	r4, #0
.Ltmp244:
	.loc	2 123 11                        @ ../ByteTrack/lapjv.cpp:123:11
	vstr	d1, [r5]
.Ltmp245:
	@DEBUG_VALUE: i0 <- $r4
	@DEBUG_VALUE: j1 <- $r8
	.loc	2 129 8                         @ ../ByteTrack/lapjv.cpp:129:8
	bmi.w	.LBB1_4
.Ltmp246:
@ %bb.34:                               @   in Loop: Header=BB1_6 Depth=1
	@DEBUG_VALUE: v1_new <- $d1
	@DEBUG_VALUE: i0 <- $r4
	@DEBUG_VALUE: _carr_dense:rr_cnt <- $r6
	@DEBUG_VALUE: _carr_dense:current <- $r7
	@DEBUG_VALUE: j1 <- $r8
	@DEBUG_VALUE: free_i <- [DW_OP_plus_uconst 28] [$sp+0]
	@DEBUG_VALUE: _carr_dense:new_free_rows <- [DW_OP_plus_uconst 20] [$sp+0]
	@DEBUG_VALUE: _carr_dense:cost <- [DW_OP_plus_uconst 24] [$sp+0]
	@DEBUG_VALUE: _carr_dense:v <- [DW_OP_plus_uconst 80] [$sp+0]
	@DEBUG_VALUE: _carr_dense:y <- [DW_OP_plus_uconst 76] [$sp+0]
	@DEBUG_VALUE: _carr_dense:x <- [DW_OP_plus_uconst 72] [$sp+0]
	@DEBUG_VALUE: _carr_dense:current <- $r0
	.loc	2 131 27                        @ ../ByteTrack/lapjv.cpp:131:27
	str.w	r4, [r12, r0, lsl #2]
	b	.LBB1_5
.Ltmp247:
	.loc	2 0 27 is_stmt 0                @ :0:27
.Ltmp248:
	.p2align	2
.LBB1_35:                               @   in Loop: Header=BB1_6 Depth=1
	@DEBUG_VALUE: v1_new <- $d1
	@DEBUG_VALUE: i0 <- $r4
	@DEBUG_VALUE: _carr_dense:rr_cnt <- $r6
	@DEBUG_VALUE: _carr_dense:current <- $r7
	@DEBUG_VALUE: free_i <- [DW_OP_plus_uconst 28] [$sp+0]
	@DEBUG_VALUE: _carr_dense:new_free_rows <- [DW_OP_plus_uconst 20] [$sp+0]
	@DEBUG_VALUE: _carr_dense:cost <- [DW_OP_plus_uconst 24] [$sp+0]
	@DEBUG_VALUE: _carr_dense:v <- [DW_OP_plus_uconst 80] [$sp+0]
	@DEBUG_VALUE: _carr_dense:y <- [DW_OP_plus_uconst 76] [$sp+0]
	@DEBUG_VALUE: _carr_dense:x <- [DW_OP_plus_uconst 72] [$sp+0]
	.loc	2 125 21 is_stmt 1              @ ../ByteTrack/lapjv.cpp:125:21
	cmp	r4, #0
	ittt	pl
	cmppl.w	r9, #0
.Ltmp249:
	@DEBUG_VALUE: j1 <- $r9
	.loc	2 127 10                        @ ../ByteTrack/lapjv.cpp:127:10
	ldrpl.w	r4, [lr, r9, lsl #2]
.Ltmp250:
	@DEBUG_VALUE: i0 <- $r4
	.loc	2 0 10 is_stmt 0                @ ../ByteTrack/lapjv.cpp:0:10
	movpl	r8, r9
.Ltmp251:
	@DEBUG_VALUE: j1 <- $r8
	@DEBUG_VALUE: j1 <- $r8
	@DEBUG_VALUE: i0 <- $r4
	.loc	2 129 8 is_stmt 1               @ ../ByteTrack/lapjv.cpp:129:8
	cmp.w	r4, #-1
	bgt.w	.LBB1_3
	b	.LBB1_4
.Ltmp252:
.LBB1_36:
	@DEBUG_VALUE: _carr_dense:cost <- [DW_OP_plus_uconst 24] [$sp+0]
	@DEBUG_VALUE: _carr_dense:current <- 0
	@DEBUG_VALUE: _carr_dense:new_free_rows <- 0
	@DEBUG_VALUE: _carr_dense:rr_cnt <- 0
	@DEBUG_VALUE: _carr_dense:v <- [DW_OP_plus_uconst 80] [$sp+0]
	@DEBUG_VALUE: _carr_dense:y <- [DW_OP_plus_uconst 76] [$sp+0]
	@DEBUG_VALUE: _carr_dense:x <- [DW_OP_plus_uconst 72] [$sp+0]
	@DEBUG_VALUE: _carr_dense:free_rows <- $r3
	@DEBUG_VALUE: _carr_dense:n_free_rows <- $r2
	@DEBUG_VALUE: _carr_dense:n <- $r0
	.loc	2 0 8 is_stmt 0                 @ ../ByteTrack/lapjv.cpp:0:8
	movs	r0, #0
.Ltmp253:
	.loc	2 88 2 is_stmt 1                @ ../ByteTrack/lapjv.cpp:88:2
	str	r0, [sp, #20]                   @ 4-byte Spill
.Ltmp254:
.LBB1_37:
	@DEBUG_VALUE: _carr_dense:cost <- [DW_OP_plus_uconst 24] [$sp+0]
	@DEBUG_VALUE: _carr_dense:v <- [DW_OP_plus_uconst 80] [$sp+0]
	@DEBUG_VALUE: _carr_dense:y <- [DW_OP_plus_uconst 76] [$sp+0]
	@DEBUG_VALUE: _carr_dense:x <- [DW_OP_plus_uconst 72] [$sp+0]
	.loc	2 147 2                         @ ../ByteTrack/lapjv.cpp:147:2
	ldr	r0, [sp, #20]                   @ 4-byte Reload
	.loc	2 147 2 epilogue_begin is_stmt 0 @ ../ByteTrack/lapjv.cpp:147:2
	add	sp, #36
	pop.w	{r4, r5, r6, r7, r8, r9, r10, r11, pc}
.Ltmp255:
	.loc	2 0 2                           @ :0:2
.Ltmp256:
	.p2align	3
@ %bb.38:
.LCPI1_0:
	.long	0                               @ double 1.0E+6
	.long	1093567616
.Lfunc_end1:
	.size	_Z11_carr_densejPPdjPiS1_S1_S_, .Lfunc_end1-_Z11_carr_densejPPdjPiS1_S1_S_
	.cfi_endproc
	.cantunwind
	.fnend
                                        @ -- End function
	.section	.text._Z11_find_densejjPdPiS0_,"ax",%progbits
	.hidden	_Z11_find_densejjPdPiS0_        @ -- Begin function _Z11_find_densejjPdPiS0_
	.globl	_Z11_find_densejjPdPiS0_
	.p2align	2
	.type	_Z11_find_densejjPdPiS0_,%function
	.code	16                              @ @_Z11_find_densejjPdPiS0_
	.thumb_func
_Z11_find_densejjPdPiS0_:
.Lfunc_begin2:
	.loc	2 154 0 is_stmt 1               @ ../ByteTrack/lapjv.cpp:154:0
	.fnstart
	.cfi_startproc
@ %bb.0:
	@DEBUG_VALUE: _find_dense:n <- $r0
	@DEBUG_VALUE: _find_dense:lo <- $r1
	@DEBUG_VALUE: _find_dense:d <- $r2
	@DEBUG_VALUE: _find_dense:cols <- $r3
	.save	{r4, r5, r6, r7, lr}
	push	{r4, r5, r6, r7, lr}
	.cfi_def_cfa_offset 20
	.cfi_offset lr, -4
	.cfi_offset r7, -8
	.cfi_offset r6, -12
	.cfi_offset r5, -16
	.cfi_offset r4, -20
.Ltmp257:
	@DEBUG_VALUE: _find_dense:y <- [DW_OP_plus_uconst 20] [$sp+0]
	mov	r12, r0
.Ltmp258:
	@DEBUG_VALUE: _find_dense:n <- $r12
	.loc	2 155 17 prologue_end           @ ../ByteTrack/lapjv.cpp:155:17
	adds	r0, r1, #1
.Ltmp259:
	@DEBUG_VALUE: _find_dense:hi <- $r0
	@DEBUG_VALUE: k <- $r0
	.loc	2 157 2                         @ ../ByteTrack/lapjv.cpp:157:2
	cmp	r0, r12
	bhs.w	.LBB2_23
.Ltmp260:
@ %bb.1:
	@DEBUG_VALUE: k <- $r0
	@DEBUG_VALUE: _find_dense:hi <- $r0
	@DEBUG_VALUE: _find_dense:n <- $r12
	@DEBUG_VALUE: _find_dense:y <- [DW_OP_plus_uconst 20] [$sp+0]
	@DEBUG_VALUE: _find_dense:cols <- $r3
	@DEBUG_VALUE: _find_dense:d <- $r2
	@DEBUG_VALUE: _find_dense:lo <- $r1
	.loc	2 156 18                        @ ../ByteTrack/lapjv.cpp:156:18
	ldr.w	r6, [r3, r1, lsl #2]
.Ltmp261:
	.loc	2 157 2                         @ ../ByteTrack/lapjv.cpp:157:2
	sub.w	r4, r12, r1
.Ltmp262:
	.loc	2 156 16                        @ ../ByteTrack/lapjv.cpp:156:16
	add.w	r6, r2, r6, lsl #3
.Ltmp263:
	.loc	2 157 2                         @ ../ByteTrack/lapjv.cpp:157:2
	sub.w	lr, r4, #2
.Ltmp264:
	.loc	2 156 16                        @ ../ByteTrack/lapjv.cpp:156:16
	vldr	d0, [r6]
.Ltmp265:
	@DEBUG_VALUE: _find_dense:mind <- $d0
	.loc	2 157 2                         @ ../ByteTrack/lapjv.cpp:157:2
	mvns	r6, r1
	add	r6, r12
	ands	r5, r6, #3
	beq	.LBB2_11
.Ltmp266:
@ %bb.2:
	@DEBUG_VALUE: _find_dense:mind <- $d0
	@DEBUG_VALUE: k <- $r0
	@DEBUG_VALUE: _find_dense:hi <- $r0
	@DEBUG_VALUE: _find_dense:n <- $r12
	@DEBUG_VALUE: _find_dense:y <- [DW_OP_plus_uconst 20] [$sp+0]
	@DEBUG_VALUE: _find_dense:cols <- $r3
	@DEBUG_VALUE: _find_dense:d <- $r2
	@DEBUG_VALUE: _find_dense:lo <- $r1
	@DEBUG_VALUE: k <- $r0
	@DEBUG_VALUE: _find_dense:hi <- $r0
	@DEBUG_VALUE: _find_dense:mind <- $d0
	.loc	2 158 13                        @ ../ByteTrack/lapjv.cpp:158:13
	ldr.w	r4, [r3, r0, lsl #2]
.Ltmp267:
	@DEBUG_VALUE: j <- $r4
	.loc	2 159 7                         @ ../ByteTrack/lapjv.cpp:159:7
	add.w	r6, r2, r4, lsl #3
	vldr	d1, [r6]
.Ltmp268:
	.loc	2 159 7 is_stmt 0               @ ../ByteTrack/lapjv.cpp:159:7
	vcmp.f64	d1, d0
	vmrs	APSR_nzcv, fpscr
	bgt	.LBB2_4
.Ltmp269:
@ %bb.3:
	@DEBUG_VALUE: j <- $r4
	@DEBUG_VALUE: _find_dense:mind <- $d0
	@DEBUG_VALUE: k <- $r0
	@DEBUG_VALUE: _find_dense:hi <- $r0
	@DEBUG_VALUE: _find_dense:n <- $r12
	@DEBUG_VALUE: _find_dense:y <- [DW_OP_plus_uconst 20] [$sp+0]
	@DEBUG_VALUE: _find_dense:cols <- $r3
	@DEBUG_VALUE: _find_dense:d <- $r2
	@DEBUG_VALUE: _find_dense:lo <- $r1
	.loc	2 160 8 is_stmt 1               @ ../ByteTrack/lapjv.cpp:160:8
	vcmp.f64	d1, d0
	vmrs	APSR_nzcv, fpscr
	csel	r6, r1, r0, lt
.Ltmp270:
	@DEBUG_VALUE: _find_dense:mind <- undef
	@DEBUG_VALUE: _find_dense:hi <- $r6
	.loc	2 164 14                        @ ../ByteTrack/lapjv.cpp:164:14
	ldr.w	r7, [r3, r6, lsl #2]
	.loc	2 160 8                         @ ../ByteTrack/lapjv.cpp:160:8
	vminnm.f64	d0, d1, d0
	.loc	2 164 12                        @ ../ByteTrack/lapjv.cpp:164:12
	str.w	r7, [r3, r0, lsl #2]
	.loc	2 165 11                        @ ../ByteTrack/lapjv.cpp:165:11
	adds	r0, r6, #1
.Ltmp271:
	@DEBUG_VALUE: _find_dense:hi <- $r0
	.loc	2 165 15 is_stmt 0              @ ../ByteTrack/lapjv.cpp:165:15
	str.w	r4, [r3, r6, lsl #2]
.Ltmp272:
.LBB2_4:
	@DEBUG_VALUE: _find_dense:hi <- $r0
	@DEBUG_VALUE: _find_dense:n <- $r12
	@DEBUG_VALUE: _find_dense:y <- [DW_OP_plus_uconst 20] [$sp+0]
	@DEBUG_VALUE: _find_dense:cols <- $r3
	@DEBUG_VALUE: _find_dense:d <- $r2
	@DEBUG_VALUE: _find_dense:lo <- $r1
	@DEBUG_VALUE: _find_dense:hi <- $r0
	@DEBUG_VALUE: _find_dense:mind <- $d0
	.loc	2 157 2 is_stmt 1               @ ../ByteTrack/lapjv.cpp:157:2
	cmp	r5, #1
.Ltmp273:
	.loc	2 157 30 is_stmt 0              @ ../ByteTrack/lapjv.cpp:157:30
	add.w	r4, r1, #2
.Ltmp274:
	@DEBUG_VALUE: k <- $r4
	.loc	2 157 2                         @ ../ByteTrack/lapjv.cpp:157:2
	beq	.LBB2_12
.Ltmp275:
@ %bb.5:
	@DEBUG_VALUE: k <- $r4
	@DEBUG_VALUE: _find_dense:mind <- $d0
	@DEBUG_VALUE: _find_dense:hi <- $r0
	@DEBUG_VALUE: _find_dense:n <- $r12
	@DEBUG_VALUE: _find_dense:y <- [DW_OP_plus_uconst 20] [$sp+0]
	@DEBUG_VALUE: _find_dense:cols <- $r3
	@DEBUG_VALUE: _find_dense:d <- $r2
	@DEBUG_VALUE: _find_dense:lo <- $r1
	@DEBUG_VALUE: k <- $r4
	@DEBUG_VALUE: _find_dense:hi <- $r0
	@DEBUG_VALUE: _find_dense:mind <- $d0
	.loc	2 158 13 is_stmt 1              @ ../ByteTrack/lapjv.cpp:158:13
	ldr.w	r6, [r3, r4, lsl #2]
.Ltmp276:
	@DEBUG_VALUE: j <- $r6
	.loc	2 159 7                         @ ../ByteTrack/lapjv.cpp:159:7
	add.w	r7, r2, r6, lsl #3
	vldr	d1, [r7]
.Ltmp277:
	.loc	2 159 7 is_stmt 0               @ ../ByteTrack/lapjv.cpp:159:7
	vcmp.f64	d1, d0
	vmrs	APSR_nzcv, fpscr
	bgt	.LBB2_7
.Ltmp278:
@ %bb.6:
	@DEBUG_VALUE: j <- $r6
	@DEBUG_VALUE: k <- $r4
	@DEBUG_VALUE: _find_dense:mind <- $d0
	@DEBUG_VALUE: _find_dense:hi <- $r0
	@DEBUG_VALUE: _find_dense:n <- $r12
	@DEBUG_VALUE: _find_dense:y <- [DW_OP_plus_uconst 20] [$sp+0]
	@DEBUG_VALUE: _find_dense:cols <- $r3
	@DEBUG_VALUE: _find_dense:d <- $r2
	@DEBUG_VALUE: _find_dense:lo <- $r1
	.loc	2 160 8 is_stmt 1               @ ../ByteTrack/lapjv.cpp:160:8
	vcmp.f64	d1, d0
	vmrs	APSR_nzcv, fpscr
	csel	r7, r1, r0, lt
.Ltmp279:
	@DEBUG_VALUE: _find_dense:mind <- undef
	@DEBUG_VALUE: _find_dense:hi <- $r7
	.loc	2 164 14                        @ ../ByteTrack/lapjv.cpp:164:14
	ldr.w	r0, [r3, r7, lsl #2]
	.loc	2 160 8                         @ ../ByteTrack/lapjv.cpp:160:8
	vminnm.f64	d0, d1, d0
	.loc	2 164 12                        @ ../ByteTrack/lapjv.cpp:164:12
	str.w	r0, [r3, r4, lsl #2]
	.loc	2 165 11                        @ ../ByteTrack/lapjv.cpp:165:11
	adds	r0, r7, #1
.Ltmp280:
	@DEBUG_VALUE: _find_dense:hi <- $r0
	.loc	2 165 15 is_stmt 0              @ ../ByteTrack/lapjv.cpp:165:15
	str.w	r6, [r3, r7, lsl #2]
.Ltmp281:
.LBB2_7:
	@DEBUG_VALUE: k <- $r4
	@DEBUG_VALUE: _find_dense:hi <- $r0
	@DEBUG_VALUE: _find_dense:n <- $r12
	@DEBUG_VALUE: _find_dense:y <- [DW_OP_plus_uconst 20] [$sp+0]
	@DEBUG_VALUE: _find_dense:cols <- $r3
	@DEBUG_VALUE: _find_dense:d <- $r2
	@DEBUG_VALUE: _find_dense:lo <- $r1
	@DEBUG_VALUE: _find_dense:hi <- $r0
	@DEBUG_VALUE: _find_dense:mind <- $d0
	.loc	2 157 2 is_stmt 1               @ ../ByteTrack/lapjv.cpp:157:2
	cmp	r5, #2
.Ltmp282:
	.loc	2 157 30 is_stmt 0              @ ../ByteTrack/lapjv.cpp:157:30
	add.w	r4, r1, #3
.Ltmp283:
	@DEBUG_VALUE: k <- $r4
	.loc	2 157 2                         @ ../ByteTrack/lapjv.cpp:157:2
	beq	.LBB2_12
.Ltmp284:
@ %bb.8:
	@DEBUG_VALUE: k <- $r4
	@DEBUG_VALUE: _find_dense:mind <- $d0
	@DEBUG_VALUE: _find_dense:hi <- $r0
	@DEBUG_VALUE: _find_dense:n <- $r12
	@DEBUG_VALUE: _find_dense:y <- [DW_OP_plus_uconst 20] [$sp+0]
	@DEBUG_VALUE: _find_dense:cols <- $r3
	@DEBUG_VALUE: _find_dense:d <- $r2
	@DEBUG_VALUE: _find_dense:lo <- $r1
	@DEBUG_VALUE: k <- $r4
	@DEBUG_VALUE: _find_dense:hi <- $r0
	@DEBUG_VALUE: _find_dense:mind <- $d0
	.loc	2 158 13 is_stmt 1              @ ../ByteTrack/lapjv.cpp:158:13
	ldr.w	r5, [r3, r4, lsl #2]
.Ltmp285:
	@DEBUG_VALUE: j <- $r5
	.loc	2 159 7                         @ ../ByteTrack/lapjv.cpp:159:7
	add.w	r6, r2, r5, lsl #3
	vldr	d1, [r6]
.Ltmp286:
	.loc	2 159 7 is_stmt 0               @ ../ByteTrack/lapjv.cpp:159:7
	vcmp.f64	d1, d0
	vmrs	APSR_nzcv, fpscr
	bgt	.LBB2_10
.Ltmp287:
@ %bb.9:
	@DEBUG_VALUE: j <- $r5
	@DEBUG_VALUE: k <- $r4
	@DEBUG_VALUE: _find_dense:mind <- $d0
	@DEBUG_VALUE: _find_dense:hi <- $r0
	@DEBUG_VALUE: _find_dense:n <- $r12
	@DEBUG_VALUE: _find_dense:y <- [DW_OP_plus_uconst 20] [$sp+0]
	@DEBUG_VALUE: _find_dense:cols <- $r3
	@DEBUG_VALUE: _find_dense:d <- $r2
	@DEBUG_VALUE: _find_dense:lo <- $r1
	.loc	2 160 8 is_stmt 1               @ ../ByteTrack/lapjv.cpp:160:8
	vcmp.f64	d1, d0
	vmrs	APSR_nzcv, fpscr
	csel	r6, r1, r0, lt
.Ltmp288:
	@DEBUG_VALUE: _find_dense:mind <- undef
	@DEBUG_VALUE: _find_dense:hi <- $r6
	.loc	2 164 14                        @ ../ByteTrack/lapjv.cpp:164:14
	ldr.w	r0, [r3, r6, lsl #2]
	.loc	2 160 8                         @ ../ByteTrack/lapjv.cpp:160:8
	vminnm.f64	d0, d1, d0
	.loc	2 164 12                        @ ../ByteTrack/lapjv.cpp:164:12
	str.w	r0, [r3, r4, lsl #2]
	.loc	2 165 11                        @ ../ByteTrack/lapjv.cpp:165:11
	adds	r0, r6, #1
.Ltmp289:
	@DEBUG_VALUE: _find_dense:hi <- $r0
	.loc	2 165 15 is_stmt 0              @ ../ByteTrack/lapjv.cpp:165:15
	str.w	r5, [r3, r6, lsl #2]
.Ltmp290:
.LBB2_10:
	@DEBUG_VALUE: k <- $r4
	@DEBUG_VALUE: _find_dense:hi <- $r0
	@DEBUG_VALUE: _find_dense:n <- $r12
	@DEBUG_VALUE: _find_dense:y <- [DW_OP_plus_uconst 20] [$sp+0]
	@DEBUG_VALUE: _find_dense:cols <- $r3
	@DEBUG_VALUE: _find_dense:d <- $r2
	@DEBUG_VALUE: _find_dense:lo <- $r1
	@DEBUG_VALUE: _find_dense:hi <- $r0
	@DEBUG_VALUE: _find_dense:mind <- $d0
	.loc	2 157 30 is_stmt 1              @ ../ByteTrack/lapjv.cpp:157:30
	adds	r4, r1, #4
.Ltmp291:
	@DEBUG_VALUE: k <- $r4
	.loc	2 0 30 is_stmt 0                @ ../ByteTrack/lapjv.cpp:0:30
	b	.LBB2_12
.Ltmp292:
.LBB2_11:
	@DEBUG_VALUE: _find_dense:mind <- $d0
	@DEBUG_VALUE: k <- $r0
	@DEBUG_VALUE: _find_dense:hi <- $r0
	@DEBUG_VALUE: _find_dense:n <- $r12
	@DEBUG_VALUE: _find_dense:y <- [DW_OP_plus_uconst 20] [$sp+0]
	@DEBUG_VALUE: _find_dense:cols <- $r3
	@DEBUG_VALUE: _find_dense:d <- $r2
	@DEBUG_VALUE: _find_dense:lo <- $r1
	mov	r4, r0
.Ltmp293:
.LBB2_12:
	@DEBUG_VALUE: _find_dense:mind <- $d0
	@DEBUG_VALUE: _find_dense:hi <- $r0
	@DEBUG_VALUE: _find_dense:n <- $r12
	@DEBUG_VALUE: _find_dense:y <- [DW_OP_plus_uconst 20] [$sp+0]
	@DEBUG_VALUE: _find_dense:cols <- $r3
	@DEBUG_VALUE: _find_dense:d <- $r2
	@DEBUG_VALUE: _find_dense:lo <- $r1
	.loc	2 157 2                         @ ../ByteTrack/lapjv.cpp:157:2
	cmp.w	lr, #3
.Ltmp294:
	.loc	2 168 2 is_stmt 1               @ ../ByteTrack/lapjv.cpp:168:2
	it	lo
	.loc	2 168 2 epilogue_begin is_stmt 0 @ ../ByteTrack/lapjv.cpp:168:2
	poplo	{r4, r5, r6, r7, pc}
.Ltmp295:
.LBB2_13:
	@DEBUG_VALUE: _find_dense:mind <- $d0
	@DEBUG_VALUE: _find_dense:hi <- $r0
	@DEBUG_VALUE: _find_dense:n <- $r12
	@DEBUG_VALUE: _find_dense:y <- [DW_OP_plus_uconst 20] [$sp+0]
	@DEBUG_VALUE: _find_dense:cols <- $r3
	@DEBUG_VALUE: _find_dense:d <- $r2
	@DEBUG_VALUE: _find_dense:lo <- $r1
	.loc	2 0 2                           @ ../ByteTrack/lapjv.cpp:0:2
	sub.w	r7, r12, r4
	movs	r6, #1
	subs	r7, #4
.Ltmp296:
	.loc	2 157 2 is_stmt 1               @ ../ByteTrack/lapjv.cpp:157:2
	add.w	lr, r6, r7, lsr #2
	add.w	r7, r3, r4, lsl #2
	mov	lr, lr
	add.w	r12, r7, #8
.Ltmp297:
	.loc	2 0 2 is_stmt 0                 @ ../ByteTrack/lapjv.cpp:0:2
	b	.LBB2_15
.Ltmp298:
	.p2align	2
.LBB2_14:                               @   in Loop: Header=BB2_15 Depth=1
	@DEBUG_VALUE: k <- [DW_OP_plus_uconst 3, DW_OP_stack_value] $r12
	@DEBUG_VALUE: _find_dense:hi <- $r0
	@DEBUG_VALUE: _find_dense:y <- [DW_OP_plus_uconst 20] [$sp+0]
	@DEBUG_VALUE: _find_dense:cols <- $r3
	@DEBUG_VALUE: _find_dense:d <- $r2
	@DEBUG_VALUE: _find_dense:lo <- $r1
	@DEBUG_VALUE: k <- [DW_OP_LLVM_arg 0, DW_OP_consts 8, DW_OP_consts 4, DW_OP_LLVM_arg 0, DW_OP_mul, DW_OP_plus, DW_OP_LLVM_arg 0, DW_OP_plus, DW_OP_minus, DW_OP_consts 16, DW_OP_div, DW_OP_consts 4, DW_OP_mul, DW_OP_consts 4, DW_OP_LLVM_arg 0, DW_OP_plus, DW_OP_plus, DW_OP_stack_value] undef
	@DEBUG_VALUE: _find_dense:hi <- $r0
	@DEBUG_VALUE: _find_dense:mind <- $d0
	.loc	2 157 24                        @ ../ByteTrack/lapjv.cpp:157:24
	add.w	r12, r12, #16
.Ltmp299:
	.loc	2 157 2                         @ ../ByteTrack/lapjv.cpp:157:2
	subs.w	lr, lr, #1
	bne	.LBB2_15
	b	.LBB2_23
.Ltmp300:
.LBB2_15:                               @ =>This Inner Loop Header: Depth=1
	@DEBUG_VALUE: _find_dense:mind <- $d0
	@DEBUG_VALUE: _find_dense:hi <- $r0
	@DEBUG_VALUE: _find_dense:y <- [DW_OP_plus_uconst 20] [$sp+0]
	@DEBUG_VALUE: _find_dense:cols <- $r3
	@DEBUG_VALUE: _find_dense:d <- $r2
	@DEBUG_VALUE: _find_dense:lo <- $r1
	@DEBUG_VALUE: k <- [DW_OP_LLVM_arg 0, DW_OP_consts 8, DW_OP_consts 4, DW_OP_LLVM_arg 0, DW_OP_mul, DW_OP_plus, DW_OP_LLVM_arg 0, DW_OP_plus, DW_OP_minus, DW_OP_consts 16, DW_OP_div, DW_OP_consts 4, DW_OP_mul, DW_OP_LLVM_arg 0, DW_OP_plus, DW_OP_stack_value] undef
	@DEBUG_VALUE: _find_dense:hi <- $r0
	@DEBUG_VALUE: _find_dense:mind <- $d0
	.loc	2 158 13 is_stmt 1              @ ../ByteTrack/lapjv.cpp:158:13
	ldr	r4, [r12, #-8]
.Ltmp301:
	@DEBUG_VALUE: j <- $r4
	.loc	2 159 7                         @ ../ByteTrack/lapjv.cpp:159:7
	add.w	r5, r2, r4, lsl #3
	vldr	d1, [r5]
.Ltmp302:
	.loc	2 159 7 is_stmt 0               @ ../ByteTrack/lapjv.cpp:159:7
	vcmp.f64	d1, d0
	vmrs	APSR_nzcv, fpscr
	bgt	.LBB2_17
.Ltmp303:
@ %bb.16:                               @   in Loop: Header=BB2_15 Depth=1
	@DEBUG_VALUE: j <- $r4
	@DEBUG_VALUE: _find_dense:mind <- $d0
	@DEBUG_VALUE: _find_dense:hi <- $r0
	@DEBUG_VALUE: _find_dense:y <- [DW_OP_plus_uconst 20] [$sp+0]
	@DEBUG_VALUE: _find_dense:cols <- $r3
	@DEBUG_VALUE: _find_dense:d <- $r2
	@DEBUG_VALUE: _find_dense:lo <- $r1
	.loc	2 160 8 is_stmt 1               @ ../ByteTrack/lapjv.cpp:160:8
	vcmp.f64	d1, d0
	vmrs	APSR_nzcv, fpscr
	csel	r5, r1, r0, lt
.Ltmp304:
	@DEBUG_VALUE: _find_dense:mind <- undef
	@DEBUG_VALUE: _find_dense:hi <- $r5
	.loc	2 164 14                        @ ../ByteTrack/lapjv.cpp:164:14
	ldr.w	r0, [r3, r5, lsl #2]
	.loc	2 160 8                         @ ../ByteTrack/lapjv.cpp:160:8
	vminnm.f64	d0, d1, d0
	.loc	2 164 12                        @ ../ByteTrack/lapjv.cpp:164:12
	str	r0, [r12, #-8]
	.loc	2 165 11                        @ ../ByteTrack/lapjv.cpp:165:11
	adds	r0, r5, #1
.Ltmp305:
	@DEBUG_VALUE: _find_dense:hi <- $r0
	.loc	2 165 15 is_stmt 0              @ ../ByteTrack/lapjv.cpp:165:15
	str.w	r4, [r3, r5, lsl #2]
.Ltmp306:
.LBB2_17:                               @   in Loop: Header=BB2_15 Depth=1
	@DEBUG_VALUE: j <- $r4
	@DEBUG_VALUE: _find_dense:hi <- $r0
	@DEBUG_VALUE: _find_dense:y <- [DW_OP_plus_uconst 20] [$sp+0]
	@DEBUG_VALUE: _find_dense:cols <- $r3
	@DEBUG_VALUE: _find_dense:d <- $r2
	@DEBUG_VALUE: _find_dense:lo <- $r1
	@DEBUG_VALUE: k <- [DW_OP_plus_uconst 1, DW_OP_stack_value] $r12
	@DEBUG_VALUE: _find_dense:hi <- $r0
	@DEBUG_VALUE: _find_dense:mind <- $d0
	.loc	2 158 13 is_stmt 1              @ ../ByteTrack/lapjv.cpp:158:13
	ldr	r4, [r12, #-4]
.Ltmp307:
	@DEBUG_VALUE: j <- $r4
	.loc	2 159 7                         @ ../ByteTrack/lapjv.cpp:159:7
	add.w	r5, r2, r4, lsl #3
	vldr	d1, [r5]
.Ltmp308:
	.loc	2 159 7 is_stmt 0               @ ../ByteTrack/lapjv.cpp:159:7
	vcmp.f64	d1, d0
	vmrs	APSR_nzcv, fpscr
	bgt	.LBB2_19
.Ltmp309:
@ %bb.18:                               @   in Loop: Header=BB2_15 Depth=1
	@DEBUG_VALUE: k <- [DW_OP_plus_uconst 1, DW_OP_stack_value] $r12
	@DEBUG_VALUE: j <- $r4
	@DEBUG_VALUE: _find_dense:mind <- $d0
	@DEBUG_VALUE: _find_dense:hi <- $r0
	@DEBUG_VALUE: _find_dense:y <- [DW_OP_plus_uconst 20] [$sp+0]
	@DEBUG_VALUE: _find_dense:cols <- $r3
	@DEBUG_VALUE: _find_dense:d <- $r2
	@DEBUG_VALUE: _find_dense:lo <- $r1
	.loc	2 160 8 is_stmt 1               @ ../ByteTrack/lapjv.cpp:160:8
	vcmp.f64	d1, d0
	vmrs	APSR_nzcv, fpscr
	csel	r5, r1, r0, lt
.Ltmp310:
	@DEBUG_VALUE: _find_dense:mind <- undef
	@DEBUG_VALUE: _find_dense:hi <- $r5
	.loc	2 164 14                        @ ../ByteTrack/lapjv.cpp:164:14
	ldr.w	r0, [r3, r5, lsl #2]
	.loc	2 160 8                         @ ../ByteTrack/lapjv.cpp:160:8
	vminnm.f64	d0, d1, d0
	.loc	2 164 12                        @ ../ByteTrack/lapjv.cpp:164:12
	str	r0, [r12, #-4]
	.loc	2 165 11                        @ ../ByteTrack/lapjv.cpp:165:11
	adds	r0, r5, #1
.Ltmp311:
	@DEBUG_VALUE: _find_dense:hi <- $r0
	.loc	2 165 15 is_stmt 0              @ ../ByteTrack/lapjv.cpp:165:15
	str.w	r4, [r3, r5, lsl #2]
.Ltmp312:
.LBB2_19:                               @   in Loop: Header=BB2_15 Depth=1
	@DEBUG_VALUE: k <- [DW_OP_plus_uconst 1, DW_OP_stack_value] $r12
	@DEBUG_VALUE: j <- $r4
	@DEBUG_VALUE: _find_dense:hi <- $r0
	@DEBUG_VALUE: _find_dense:y <- [DW_OP_plus_uconst 20] [$sp+0]
	@DEBUG_VALUE: _find_dense:cols <- $r3
	@DEBUG_VALUE: _find_dense:d <- $r2
	@DEBUG_VALUE: _find_dense:lo <- $r1
	@DEBUG_VALUE: k <- [DW_OP_plus_uconst 2, DW_OP_stack_value] $r12
	@DEBUG_VALUE: _find_dense:hi <- $r0
	@DEBUG_VALUE: _find_dense:mind <- $d0
	.loc	2 158 13 is_stmt 1              @ ../ByteTrack/lapjv.cpp:158:13
	ldr.w	r4, [r12]
.Ltmp313:
	@DEBUG_VALUE: j <- $r4
	.loc	2 159 7                         @ ../ByteTrack/lapjv.cpp:159:7
	add.w	r5, r2, r4, lsl #3
	vldr	d1, [r5]
.Ltmp314:
	.loc	2 159 7 is_stmt 0               @ ../ByteTrack/lapjv.cpp:159:7
	vcmp.f64	d1, d0
	vmrs	APSR_nzcv, fpscr
	bgt	.LBB2_21
.Ltmp315:
@ %bb.20:                               @   in Loop: Header=BB2_15 Depth=1
	@DEBUG_VALUE: k <- [DW_OP_plus_uconst 2, DW_OP_stack_value] $r12
	@DEBUG_VALUE: j <- $r4
	@DEBUG_VALUE: _find_dense:mind <- $d0
	@DEBUG_VALUE: _find_dense:hi <- $r0
	@DEBUG_VALUE: _find_dense:y <- [DW_OP_plus_uconst 20] [$sp+0]
	@DEBUG_VALUE: _find_dense:cols <- $r3
	@DEBUG_VALUE: _find_dense:d <- $r2
	@DEBUG_VALUE: _find_dense:lo <- $r1
	.loc	2 160 8 is_stmt 1               @ ../ByteTrack/lapjv.cpp:160:8
	vcmp.f64	d1, d0
	vmrs	APSR_nzcv, fpscr
	csel	r5, r1, r0, lt
.Ltmp316:
	@DEBUG_VALUE: _find_dense:mind <- undef
	@DEBUG_VALUE: _find_dense:hi <- $r5
	.loc	2 164 14                        @ ../ByteTrack/lapjv.cpp:164:14
	ldr.w	r0, [r3, r5, lsl #2]
	.loc	2 160 8                         @ ../ByteTrack/lapjv.cpp:160:8
	vminnm.f64	d0, d1, d0
	.loc	2 164 12                        @ ../ByteTrack/lapjv.cpp:164:12
	str.w	r0, [r12]
	.loc	2 165 11                        @ ../ByteTrack/lapjv.cpp:165:11
	adds	r0, r5, #1
.Ltmp317:
	@DEBUG_VALUE: _find_dense:hi <- $r0
	.loc	2 165 15 is_stmt 0              @ ../ByteTrack/lapjv.cpp:165:15
	str.w	r4, [r3, r5, lsl #2]
.Ltmp318:
.LBB2_21:                               @   in Loop: Header=BB2_15 Depth=1
	@DEBUG_VALUE: k <- [DW_OP_plus_uconst 2, DW_OP_stack_value] $r12
	@DEBUG_VALUE: j <- $r4
	@DEBUG_VALUE: _find_dense:hi <- $r0
	@DEBUG_VALUE: _find_dense:y <- [DW_OP_plus_uconst 20] [$sp+0]
	@DEBUG_VALUE: _find_dense:cols <- $r3
	@DEBUG_VALUE: _find_dense:d <- $r2
	@DEBUG_VALUE: _find_dense:lo <- $r1
	@DEBUG_VALUE: k <- [DW_OP_plus_uconst 3, DW_OP_stack_value] $r12
	@DEBUG_VALUE: _find_dense:hi <- $r0
	@DEBUG_VALUE: _find_dense:mind <- $d0
	.loc	2 158 13 is_stmt 1              @ ../ByteTrack/lapjv.cpp:158:13
	ldr.w	r4, [r12, #4]
.Ltmp319:
	@DEBUG_VALUE: j <- $r4
	.loc	2 159 7                         @ ../ByteTrack/lapjv.cpp:159:7
	add.w	r5, r2, r4, lsl #3
	vldr	d1, [r5]
.Ltmp320:
	.loc	2 159 7 is_stmt 0               @ ../ByteTrack/lapjv.cpp:159:7
	vcmp.f64	d1, d0
	vmrs	APSR_nzcv, fpscr
	bgt	.LBB2_14
.Ltmp321:
@ %bb.22:                               @   in Loop: Header=BB2_15 Depth=1
	@DEBUG_VALUE: k <- [DW_OP_plus_uconst 3, DW_OP_stack_value] $r12
	@DEBUG_VALUE: j <- $r4
	@DEBUG_VALUE: _find_dense:mind <- $d0
	@DEBUG_VALUE: _find_dense:hi <- $r0
	@DEBUG_VALUE: _find_dense:y <- [DW_OP_plus_uconst 20] [$sp+0]
	@DEBUG_VALUE: _find_dense:cols <- $r3
	@DEBUG_VALUE: _find_dense:d <- $r2
	@DEBUG_VALUE: _find_dense:lo <- $r1
	.loc	2 160 8 is_stmt 1               @ ../ByteTrack/lapjv.cpp:160:8
	vcmp.f64	d1, d0
	vmrs	APSR_nzcv, fpscr
	csel	r5, r1, r0, lt
.Ltmp322:
	@DEBUG_VALUE: _find_dense:mind <- undef
	@DEBUG_VALUE: _find_dense:hi <- $r5
	.loc	2 164 14                        @ ../ByteTrack/lapjv.cpp:164:14
	ldr.w	r0, [r3, r5, lsl #2]
	.loc	2 160 8                         @ ../ByteTrack/lapjv.cpp:160:8
	vminnm.f64	d0, d1, d0
	.loc	2 164 12                        @ ../ByteTrack/lapjv.cpp:164:12
	str.w	r0, [r12, #4]
	.loc	2 165 11                        @ ../ByteTrack/lapjv.cpp:165:11
	adds	r0, r5, #1
.Ltmp323:
	@DEBUG_VALUE: _find_dense:hi <- $r0
	.loc	2 165 15 is_stmt 0              @ ../ByteTrack/lapjv.cpp:165:15
	str.w	r4, [r3, r5, lsl #2]
	b	.LBB2_14
.Ltmp324:
.LBB2_23:
	@DEBUG_VALUE: _find_dense:hi <- $r0
	@DEBUG_VALUE: _find_dense:y <- [DW_OP_plus_uconst 20] [$sp+0]
	@DEBUG_VALUE: _find_dense:cols <- $r3
	@DEBUG_VALUE: _find_dense:d <- $r2
	@DEBUG_VALUE: _find_dense:lo <- $r1
	.loc	2 168 2 epilogue_begin is_stmt 1 @ ../ByteTrack/lapjv.cpp:168:2
	pop	{r4, r5, r6, r7, pc}
.Ltmp325:
.Lfunc_end2:
	.size	_Z11_find_densejjPdPiS0_, .Lfunc_end2-_Z11_find_densejjPdPiS0_
	.cfi_endproc
	.cantunwind
	.fnend
                                        @ -- End function
	.section	.text._Z11_scan_densejPPdPjS1_S_PiS2_S2_S_,"ax",%progbits
	.hidden	_Z11_scan_densejPPdPjS1_S_PiS2_S2_S_ @ -- Begin function _Z11_scan_densejPPdPjS1_S_PiS2_S2_S_
	.globl	_Z11_scan_densejPPdPjS1_S_PiS2_S2_S_
	.p2align	2
	.type	_Z11_scan_densejPPdPjS1_S_PiS2_S2_S_,%function
	.code	16                              @ @_Z11_scan_densejPPdPjS1_S_PiS2_S2_S_
	.thumb_func
_Z11_scan_densejPPdPjS1_S_PiS2_S2_S_:
.Lfunc_begin3:
	.loc	2 178 0                         @ ../ByteTrack/lapjv.cpp:178:0
	.fnstart
	.cfi_startproc
@ %bb.0:
	@DEBUG_VALUE: _scan_dense:n <- $r0
	@DEBUG_VALUE: _scan_dense:cost <- $r1
	@DEBUG_VALUE: _scan_dense:plo <- $r2
	@DEBUG_VALUE: _scan_dense:phi <- $r3
	.save	{r4, r5, r6, r7, r8, r9, r10, r11, lr}
	push.w	{r4, r5, r6, r7, r8, r9, r10, r11, lr}
	.cfi_def_cfa_offset 36
	.cfi_offset lr, -4
	.cfi_offset r11, -8
	.cfi_offset r10, -12
	.cfi_offset r9, -16
	.cfi_offset r8, -20
	.cfi_offset r7, -24
	.cfi_offset r6, -28
	.cfi_offset r5, -32
	.cfi_offset r4, -36
	.pad	#16
	sub	sp, #16
	.cfi_def_cfa_offset 52
.Ltmp326:
	@DEBUG_VALUE: _scan_dense:d <- [DW_OP_plus_uconst 52] [$sp+0]
	@DEBUG_VALUE: _scan_dense:cols <- [DW_OP_plus_uconst 56] [$sp+0]
	@DEBUG_VALUE: _scan_dense:pred <- [DW_OP_plus_uconst 60] [$sp+0]
	@DEBUG_VALUE: _scan_dense:y <- [DW_OP_plus_uconst 64] [$sp+0]
	@DEBUG_VALUE: _scan_dense:v <- [DW_OP_plus_uconst 68] [$sp+0]
	.loc	2 179 14 prologue_end           @ ../ByteTrack/lapjv.cpp:179:14
	ldr.w	lr, [r2]
.Ltmp327:
	@DEBUG_VALUE: _scan_dense:lo <- $lr
	.loc	2 180 14                        @ ../ByteTrack/lapjv.cpp:180:14
	ldr	r4, [r3]
.Ltmp328:
	@DEBUG_VALUE: _scan_dense:hi <- $r4
	.loc	2 0 14 is_stmt 0                @ ../ByteTrack/lapjv.cpp:0:14
	str	r2, [sp]                        @ 4-byte Spill
.Ltmp329:
	@DEBUG_VALUE: _scan_dense:plo <- [$sp+0]
	@DEBUG_VALUE: _scan_dense:plo <- [$sp+0]
	.loc	2 183 2 is_stmt 1               @ ../ByteTrack/lapjv.cpp:183:2
	cmp	lr, r4
	str	r3, [sp, #4]                    @ 4-byte Spill
.Ltmp330:
	@DEBUG_VALUE: _scan_dense:phi <- [DW_OP_plus_uconst 4] [$sp+0]
	@DEBUG_VALUE: _scan_dense:phi <- [DW_OP_plus_uconst 4] [$sp+0]
	.loc	2 0 2 is_stmt 0                 @ ../ByteTrack/lapjv.cpp:0:2
	str	r1, [sp, #8]                    @ 4-byte Spill
.Ltmp331:
	@DEBUG_VALUE: _scan_dense:cost <- [DW_OP_plus_uconst 8] [$sp+0]
	@DEBUG_VALUE: _scan_dense:cost <- [DW_OP_plus_uconst 8] [$sp+0]
	.loc	2 183 2                         @ ../ByteTrack/lapjv.cpp:183:2
	bne	.LBB3_3
.Ltmp332:
.LBB3_1:
	@DEBUG_VALUE: _scan_dense:cost <- [DW_OP_plus_uconst 8] [$sp+0]
	@DEBUG_VALUE: _scan_dense:phi <- [DW_OP_plus_uconst 4] [$sp+0]
	@DEBUG_VALUE: _scan_dense:plo <- [$sp+0]
	@DEBUG_VALUE: _scan_dense:hi <- $r4
	@DEBUG_VALUE: _scan_dense:lo <- $lr
	@DEBUG_VALUE: _scan_dense:v <- [DW_OP_plus_uconst 68] [$sp+0]
	@DEBUG_VALUE: _scan_dense:y <- [DW_OP_plus_uconst 64] [$sp+0]
	@DEBUG_VALUE: _scan_dense:pred <- [DW_OP_plus_uconst 60] [$sp+0]
	@DEBUG_VALUE: _scan_dense:cols <- [DW_OP_plus_uconst 56] [$sp+0]
	@DEBUG_VALUE: _scan_dense:d <- [DW_OP_plus_uconst 52] [$sp+0]
	.loc	2 206 7 is_stmt 1               @ ../ByteTrack/lapjv.cpp:206:7
	ldr	r0, [sp]                        @ 4-byte Reload
	mov.w	r12, #-1
	str.w	lr, [r0]
	.loc	2 207 7                         @ ../ByteTrack/lapjv.cpp:207:7
	ldr	r0, [sp, #4]                    @ 4-byte Reload
	str.w	lr, [r0]
.Ltmp333:
.LBB3_2:
	@DEBUG_VALUE: _scan_dense:cost <- [DW_OP_plus_uconst 8] [$sp+0]
	@DEBUG_VALUE: _scan_dense:phi <- [DW_OP_plus_uconst 4] [$sp+0]
	@DEBUG_VALUE: _scan_dense:plo <- [$sp+0]
	@DEBUG_VALUE: _scan_dense:hi <- $r4
	@DEBUG_VALUE: _scan_dense:v <- [DW_OP_plus_uconst 68] [$sp+0]
	@DEBUG_VALUE: _scan_dense:y <- [DW_OP_plus_uconst 64] [$sp+0]
	@DEBUG_VALUE: _scan_dense:pred <- [DW_OP_plus_uconst 60] [$sp+0]
	@DEBUG_VALUE: _scan_dense:cols <- [DW_OP_plus_uconst 56] [$sp+0]
	@DEBUG_VALUE: _scan_dense:d <- [DW_OP_plus_uconst 52] [$sp+0]
	.loc	2 209 1                         @ ../ByteTrack/lapjv.cpp:209:1
	mov	r0, r12
	.loc	2 209 1 epilogue_begin is_stmt 0 @ ../ByteTrack/lapjv.cpp:209:1
	add	sp, #16
	pop.w	{r4, r5, r6, r7, r8, r9, r10, r11, pc}
.Ltmp334:
.LBB3_3:
	@DEBUG_VALUE: _scan_dense:cost <- [DW_OP_plus_uconst 8] [$sp+0]
	@DEBUG_VALUE: _scan_dense:phi <- [DW_OP_plus_uconst 4] [$sp+0]
	@DEBUG_VALUE: _scan_dense:plo <- [$sp+0]
	@DEBUG_VALUE: _scan_dense:hi <- $r4
	@DEBUG_VALUE: _scan_dense:lo <- $lr
	@DEBUG_VALUE: _scan_dense:v <- [DW_OP_plus_uconst 68] [$sp+0]
	@DEBUG_VALUE: _scan_dense:y <- [DW_OP_plus_uconst 64] [$sp+0]
	@DEBUG_VALUE: _scan_dense:pred <- [DW_OP_plus_uconst 60] [$sp+0]
	@DEBUG_VALUE: _scan_dense:cols <- [DW_OP_plus_uconst 56] [$sp+0]
	@DEBUG_VALUE: _scan_dense:d <- [DW_OP_plus_uconst 52] [$sp+0]
	@DEBUG_VALUE: _scan_dense:n <- $r0
	.loc	2 0 1                           @ ../ByteTrack/lapjv.cpp:0:1
	ldr.w	r11, [sp, #68]
	ldr.w	r9, [sp, #60]
	ldrd	r7, r10, [sp, #52]
	str	r0, [sp, #12]                   @ 4-byte Spill
	.loc	2 183 2 is_stmt 1               @ ../ByteTrack/lapjv.cpp:183:2
	b	.LBB3_5
.Ltmp335:
	.loc	2 0 2 is_stmt 0                 @ :0:2
.Ltmp336:
	.p2align	2
.LBB3_4:                                @   in Loop: Header=BB3_5 Depth=1
	@DEBUG_VALUE: _scan_dense:cost <- [DW_OP_plus_uconst 8] [$sp+0]
	@DEBUG_VALUE: _scan_dense:phi <- [DW_OP_plus_uconst 4] [$sp+0]
	@DEBUG_VALUE: _scan_dense:plo <- [$sp+0]
	@DEBUG_VALUE: _scan_dense:hi <- $r4
	@DEBUG_VALUE: _scan_dense:v <- [DW_OP_plus_uconst 68] [$sp+0]
	@DEBUG_VALUE: _scan_dense:y <- [DW_OP_plus_uconst 64] [$sp+0]
	@DEBUG_VALUE: _scan_dense:pred <- [DW_OP_plus_uconst 60] [$sp+0]
	@DEBUG_VALUE: _scan_dense:cols <- [DW_OP_plus_uconst 56] [$sp+0]
	@DEBUG_VALUE: _scan_dense:d <- [DW_OP_plus_uconst 52] [$sp+0]
	add.w	lr, lr, #1
	@DEBUG_VALUE: _scan_dense:hi <- $r4
.Ltmp337:
	@DEBUG_VALUE: _scan_dense:lo <- $lr
	ldr	r0, [sp, #12]                   @ 4-byte Reload
	.loc	2 183 2                         @ ../ByteTrack/lapjv.cpp:183:2
	cmp	lr, r4
	beq	.LBB3_1
.Ltmp338:
.LBB3_5:                                @ =>This Loop Header: Depth=1
                                        @     Child Loop BB3_8 Depth 2
	@DEBUG_VALUE: _scan_dense:cost <- [DW_OP_plus_uconst 8] [$sp+0]
	@DEBUG_VALUE: _scan_dense:phi <- [DW_OP_plus_uconst 4] [$sp+0]
	@DEBUG_VALUE: _scan_dense:plo <- [$sp+0]
	@DEBUG_VALUE: _scan_dense:hi <- $r4
	@DEBUG_VALUE: _scan_dense:lo <- $lr
	@DEBUG_VALUE: _scan_dense:v <- [DW_OP_plus_uconst 68] [$sp+0]
	@DEBUG_VALUE: _scan_dense:y <- [DW_OP_plus_uconst 64] [$sp+0]
	@DEBUG_VALUE: _scan_dense:pred <- [DW_OP_plus_uconst 60] [$sp+0]
	@DEBUG_VALUE: _scan_dense:cols <- [DW_OP_plus_uconst 56] [$sp+0]
	@DEBUG_VALUE: _scan_dense:d <- [DW_OP_plus_uconst 52] [$sp+0]
	@DEBUG_VALUE: _scan_dense:lo <- undef
	@DEBUG_VALUE: _scan_dense:hi <- $r4
	@DEBUG_VALUE: j <- undef
	@DEBUG_VALUE: i <- undef
	@DEBUG_VALUE: mind <- undef
	@DEBUG_VALUE: _scan_dense:h <- undef
	@DEBUG_VALUE: k <- $r4
	.loc	2 190 3 is_stmt 1               @ ../ByteTrack/lapjv.cpp:190:3
	cmp	r0, r4
	bls	.LBB3_4
.Ltmp339:
@ %bb.6:                                @   in Loop: Header=BB3_5 Depth=1
	@DEBUG_VALUE: k <- $r4
	@DEBUG_VALUE: _scan_dense:cost <- [DW_OP_plus_uconst 8] [$sp+0]
	@DEBUG_VALUE: _scan_dense:phi <- [DW_OP_plus_uconst 4] [$sp+0]
	@DEBUG_VALUE: _scan_dense:plo <- [$sp+0]
	@DEBUG_VALUE: _scan_dense:hi <- $r4
	@DEBUG_VALUE: _scan_dense:v <- [DW_OP_plus_uconst 68] [$sp+0]
	@DEBUG_VALUE: _scan_dense:y <- [DW_OP_plus_uconst 64] [$sp+0]
	@DEBUG_VALUE: _scan_dense:pred <- [DW_OP_plus_uconst 60] [$sp+0]
	@DEBUG_VALUE: _scan_dense:cols <- [DW_OP_plus_uconst 56] [$sp+0]
	@DEBUG_VALUE: _scan_dense:d <- [DW_OP_plus_uconst 52] [$sp+0]
	.loc	2 0 0 is_stmt 0                 @ ../ByteTrack/lapjv.cpp:0:0
	ldr.w	r2, [r10, lr, lsl #2]
.Ltmp340:
	@DEBUG_VALUE: j <- $r2
	ldr.w	r12, [sp, #64]
	.loc	2 187 0 is_stmt 1               @ ../ByteTrack/lapjv.cpp:187:0
	ldr	r1, [sp, #8]                    @ 4-byte Reload
	.loc	2 0 0 is_stmt 0                 @ ../ByteTrack/lapjv.cpp:0:0
	ldr.w	r6, [r12, r2, lsl #2]
.Ltmp341:
	@DEBUG_VALUE: i <- $r6
	.loc	2 187 20                        @ ../ByteTrack/lapjv.cpp:187:20
	add.w	r3, r11, r2, lsl #3
	.loc	2 187 0                         @ ../ByteTrack/lapjv.cpp:187:0
	ldr.w	r5, [r1, r6, lsl #2]
	.loc	2 187 20                        @ ../ByteTrack/lapjv.cpp:187:20
	vldr	d0, [r3]
	.loc	2 187 7                         @ ../ByteTrack/lapjv.cpp:187:7
	add.w	r1, r5, r2, lsl #3
.Ltmp342:
	.loc	2 190 3 is_stmt 1               @ ../ByteTrack/lapjv.cpp:190:3
	add.w	r8, r10, r4, lsl #2
.Ltmp343:
	.loc	2 187 7                         @ ../ByteTrack/lapjv.cpp:187:7
	vldr	d1, [r1]
	.loc	2 0 0 is_stmt 0                 @ ../ByteTrack/lapjv.cpp:0:0
	add.w	r1, r7, r2, lsl #3
	vsub.f64	d1, d0, d1
	vldr	d0, [r1]
.Ltmp344:
	@DEBUG_VALUE: mind <- $d0
	.loc	2 190 3 is_stmt 1               @ ../ByteTrack/lapjv.cpp:190:3
	subs	r3, r0, r4
	mov	r0, r12
.Ltmp345:
	@DEBUG_VALUE: _scan_dense:n <- [DW_OP_LLVM_entry_value 1] $r0
	.loc	2 0 3 is_stmt 0                 @ ../ByteTrack/lapjv.cpp:0:3
	vadd.f64	d1, d0, d1
	b	.LBB3_8
.Ltmp346:
	.p2align	2
.LBB3_7:                                @   in Loop: Header=BB3_8 Depth=2
	@DEBUG_VALUE: _scan_dense:cred_ij <- $d2
	@DEBUG_VALUE: j <- $r12
	@DEBUG_VALUE: mind <- $d0
	@DEBUG_VALUE: i <- $r6
	@DEBUG_VALUE: _scan_dense:cost <- [DW_OP_plus_uconst 8] [$sp+0]
	@DEBUG_VALUE: _scan_dense:phi <- [DW_OP_plus_uconst 4] [$sp+0]
	@DEBUG_VALUE: _scan_dense:plo <- [$sp+0]
	@DEBUG_VALUE: _scan_dense:hi <- $r4
	@DEBUG_VALUE: _scan_dense:v <- [DW_OP_plus_uconst 68] [$sp+0]
	@DEBUG_VALUE: _scan_dense:y <- [DW_OP_plus_uconst 64] [$sp+0]
	@DEBUG_VALUE: _scan_dense:pred <- [DW_OP_plus_uconst 60] [$sp+0]
	@DEBUG_VALUE: _scan_dense:cols <- [DW_OP_plus_uconst 56] [$sp+0]
	@DEBUG_VALUE: _scan_dense:d <- [DW_OP_plus_uconst 52] [$sp+0]
	@DEBUG_VALUE: _scan_dense:hi <- $r4
	@DEBUG_VALUE: k <- [DW_OP_LLVM_arg 0, DW_OP_consts 18446744073709551615, DW_OP_LLVM_arg 1, DW_OP_mul, DW_OP_LLVM_arg 2, DW_OP_plus_uconst 12, DW_OP_deref, DW_OP_plus, DW_OP_minus, DW_OP_consts 18446744073709551615, DW_OP_div, DW_OP_consts 1, DW_OP_LLVM_arg 1, DW_OP_plus, DW_OP_plus, DW_OP_stack_value] $r3, $r4, $sp
	.loc	2 190 25                        @ ../ByteTrack/lapjv.cpp:190:25
	subs	r3, #1
.Ltmp347:
	add.w	r8, r8, #4
.Ltmp348:
	.loc	2 190 3                         @ ../ByteTrack/lapjv.cpp:190:3
	beq	.LBB3_4
.Ltmp349:
.LBB3_8:                                @   Parent Loop BB3_5 Depth=1
                                        @ =>  This Inner Loop Header: Depth=2
	@DEBUG_VALUE: mind <- $d0
	@DEBUG_VALUE: i <- $r6
	@DEBUG_VALUE: _scan_dense:cost <- [DW_OP_plus_uconst 8] [$sp+0]
	@DEBUG_VALUE: _scan_dense:phi <- [DW_OP_plus_uconst 4] [$sp+0]
	@DEBUG_VALUE: _scan_dense:plo <- [$sp+0]
	@DEBUG_VALUE: _scan_dense:hi <- $r4
	@DEBUG_VALUE: _scan_dense:v <- [DW_OP_plus_uconst 68] [$sp+0]
	@DEBUG_VALUE: _scan_dense:y <- [DW_OP_plus_uconst 64] [$sp+0]
	@DEBUG_VALUE: _scan_dense:pred <- [DW_OP_plus_uconst 60] [$sp+0]
	@DEBUG_VALUE: _scan_dense:cols <- [DW_OP_plus_uconst 56] [$sp+0]
	@DEBUG_VALUE: _scan_dense:d <- [DW_OP_plus_uconst 52] [$sp+0]
	@DEBUG_VALUE: _scan_dense:hi <- $r4
	@DEBUG_VALUE: k <- [DW_OP_LLVM_arg 0, DW_OP_consts 18446744073709551615, DW_OP_LLVM_arg 1, DW_OP_mul, DW_OP_LLVM_arg 2, DW_OP_plus_uconst 12, DW_OP_deref, DW_OP_plus, DW_OP_minus, DW_OP_consts 18446744073709551615, DW_OP_div, DW_OP_LLVM_arg 1, DW_OP_plus, DW_OP_stack_value] $r3, $r4, $sp
	.loc	2 191 8 is_stmt 1               @ ../ByteTrack/lapjv.cpp:191:8
	ldr.w	r12, [r8]
.Ltmp350:
	@DEBUG_VALUE: j <- $r12
	.loc	2 192 14                        @ ../ByteTrack/lapjv.cpp:192:14
	add.w	r1, r5, r12, lsl #3
	.loc	2 192 27 is_stmt 0              @ ../ByteTrack/lapjv.cpp:192:27
	add.w	r2, r11, r12, lsl #3
	.loc	2 192 14                        @ ../ByteTrack/lapjv.cpp:192:14
	vldr	d2, [r1]
	.loc	2 192 27                        @ ../ByteTrack/lapjv.cpp:192:27
	vldr	d3, [r2]
.Ltmp351:
	.loc	2 193 18 is_stmt 1              @ ../ByteTrack/lapjv.cpp:193:18
	add.w	r2, r7, r12, lsl #3
.Ltmp352:
	.loc	2 192 25                        @ ../ByteTrack/lapjv.cpp:192:25
	vsub.f64	d2, d2, d3
.Ltmp353:
	.loc	2 193 18                        @ ../ByteTrack/lapjv.cpp:193:18
	vldr	d3, [r2]
.Ltmp354:
	.loc	2 192 32                        @ ../ByteTrack/lapjv.cpp:192:32
	vadd.f64	d2, d1, d2
.Ltmp355:
	@DEBUG_VALUE: _scan_dense:cred_ij <- $d2
	.loc	2 193 8                         @ ../ByteTrack/lapjv.cpp:193:8
	vcmp.f64	d2, d3
	vmrs	APSR_nzcv, fpscr
	bge	.LBB3_7
.Ltmp356:
@ %bb.9:                                @   in Loop: Header=BB3_8 Depth=2
	@DEBUG_VALUE: _scan_dense:cred_ij <- $d2
	@DEBUG_VALUE: j <- $r12
	@DEBUG_VALUE: k <- [DW_OP_LLVM_arg 0, DW_OP_consts 18446744073709551615, DW_OP_LLVM_arg 1, DW_OP_mul, DW_OP_LLVM_arg 2, DW_OP_plus_uconst 12, DW_OP_deref, DW_OP_plus, DW_OP_minus, DW_OP_consts 18446744073709551615, DW_OP_div, DW_OP_LLVM_arg 1, DW_OP_plus, DW_OP_stack_value] $r3, $r4, $sp
	@DEBUG_VALUE: mind <- $d0
	@DEBUG_VALUE: i <- $r6
	@DEBUG_VALUE: _scan_dense:cost <- [DW_OP_plus_uconst 8] [$sp+0]
	@DEBUG_VALUE: _scan_dense:phi <- [DW_OP_plus_uconst 4] [$sp+0]
	@DEBUG_VALUE: _scan_dense:plo <- [$sp+0]
	@DEBUG_VALUE: _scan_dense:hi <- $r4
	@DEBUG_VALUE: _scan_dense:v <- [DW_OP_plus_uconst 68] [$sp+0]
	@DEBUG_VALUE: _scan_dense:y <- [DW_OP_plus_uconst 64] [$sp+0]
	@DEBUG_VALUE: _scan_dense:pred <- [DW_OP_plus_uconst 60] [$sp+0]
	@DEBUG_VALUE: _scan_dense:cols <- [DW_OP_plus_uconst 56] [$sp+0]
	@DEBUG_VALUE: _scan_dense:d <- [DW_OP_plus_uconst 52] [$sp+0]
	.loc	2 196 9                         @ ../ByteTrack/lapjv.cpp:196:9
	vcmp.f64	d2, d0
	vmrs	APSR_nzcv, fpscr
	.loc	2 195 13                        @ ../ByteTrack/lapjv.cpp:195:13
	str.w	r6, [r9, r12, lsl #2]
	.loc	2 194 10                        @ ../ByteTrack/lapjv.cpp:194:10
	vstr	d2, [r2]
	.loc	2 196 9                         @ ../ByteTrack/lapjv.cpp:196:9
	bne	.LBB3_7
.Ltmp357:
@ %bb.10:                               @   in Loop: Header=BB3_8 Depth=2
	@DEBUG_VALUE: _scan_dense:cred_ij <- $d2
	@DEBUG_VALUE: j <- $r12
	@DEBUG_VALUE: k <- [DW_OP_LLVM_arg 0, DW_OP_consts 18446744073709551615, DW_OP_LLVM_arg 1, DW_OP_mul, DW_OP_LLVM_arg 2, DW_OP_plus_uconst 12, DW_OP_deref, DW_OP_plus, DW_OP_minus, DW_OP_consts 18446744073709551615, DW_OP_div, DW_OP_LLVM_arg 1, DW_OP_plus, DW_OP_stack_value] $r3, $r4, $sp
	@DEBUG_VALUE: mind <- $d0
	@DEBUG_VALUE: i <- $r6
	@DEBUG_VALUE: _scan_dense:cost <- [DW_OP_plus_uconst 8] [$sp+0]
	@DEBUG_VALUE: _scan_dense:phi <- [DW_OP_plus_uconst 4] [$sp+0]
	@DEBUG_VALUE: _scan_dense:plo <- [$sp+0]
	@DEBUG_VALUE: _scan_dense:hi <- $r4
	@DEBUG_VALUE: _scan_dense:v <- [DW_OP_plus_uconst 68] [$sp+0]
	@DEBUG_VALUE: _scan_dense:y <- [DW_OP_plus_uconst 64] [$sp+0]
	@DEBUG_VALUE: _scan_dense:pred <- [DW_OP_plus_uconst 60] [$sp+0]
	@DEBUG_VALUE: _scan_dense:cols <- [DW_OP_plus_uconst 56] [$sp+0]
	@DEBUG_VALUE: _scan_dense:d <- [DW_OP_plus_uconst 52] [$sp+0]
	.loc	2 197 10                        @ ../ByteTrack/lapjv.cpp:197:10
	ldr.w	r1, [r0, r12, lsl #2]
.Ltmp358:
	.loc	2 197 10 is_stmt 0              @ ../ByteTrack/lapjv.cpp:197:10
	cmp	r1, #0
	bmi	.LBB3_2
.Ltmp359:
@ %bb.11:                               @   in Loop: Header=BB3_8 Depth=2
	@DEBUG_VALUE: _scan_dense:cred_ij <- $d2
	@DEBUG_VALUE: j <- $r12
	@DEBUG_VALUE: k <- [DW_OP_LLVM_arg 0, DW_OP_consts 18446744073709551615, DW_OP_LLVM_arg 1, DW_OP_mul, DW_OP_LLVM_arg 2, DW_OP_plus_uconst 12, DW_OP_deref, DW_OP_plus, DW_OP_minus, DW_OP_consts 18446744073709551615, DW_OP_div, DW_OP_LLVM_arg 1, DW_OP_plus, DW_OP_stack_value] $r3, $r4, $sp
	@DEBUG_VALUE: mind <- $d0
	@DEBUG_VALUE: i <- $r6
	@DEBUG_VALUE: _scan_dense:cost <- [DW_OP_plus_uconst 8] [$sp+0]
	@DEBUG_VALUE: _scan_dense:phi <- [DW_OP_plus_uconst 4] [$sp+0]
	@DEBUG_VALUE: _scan_dense:plo <- [$sp+0]
	@DEBUG_VALUE: _scan_dense:hi <- $r4
	@DEBUG_VALUE: _scan_dense:v <- [DW_OP_plus_uconst 68] [$sp+0]
	@DEBUG_VALUE: _scan_dense:y <- [DW_OP_plus_uconst 64] [$sp+0]
	@DEBUG_VALUE: _scan_dense:pred <- [DW_OP_plus_uconst 60] [$sp+0]
	@DEBUG_VALUE: _scan_dense:cols <- [DW_OP_plus_uconst 56] [$sp+0]
	@DEBUG_VALUE: _scan_dense:d <- [DW_OP_plus_uconst 52] [$sp+0]
	.loc	2 200 16 is_stmt 1              @ ../ByteTrack/lapjv.cpp:200:16
	ldr.w	r1, [r10, r4, lsl #2]
	.loc	2 200 14 is_stmt 0              @ ../ByteTrack/lapjv.cpp:200:14
	str.w	r1, [r8]
	.loc	2 201 17 is_stmt 1              @ ../ByteTrack/lapjv.cpp:201:17
	str.w	r12, [r10, r4, lsl #2]
	.loc	2 201 13 is_stmt 0              @ ../ByteTrack/lapjv.cpp:201:13
	adds	r4, #1
.Ltmp360:
	@DEBUG_VALUE: _scan_dense:hi <- $r4
	.loc	2 0 13                          @ ../ByteTrack/lapjv.cpp:0:13
	b	.LBB3_7
.Ltmp361:
.Lfunc_end3:
	.size	_Z11_scan_densejPPdPjS1_S_PiS2_S2_S_, .Lfunc_end3-_Z11_scan_densejPPdPjS1_S_PiS2_S2_S_
	.cfi_endproc
	.cantunwind
	.fnend
                                        @ -- End function
	.section	.text._Z15find_path_densejPPdiPiS_S1_,"ax",%progbits
	.hidden	_Z15find_path_densejPPdiPiS_S1_ @ -- Begin function _Z15find_path_densejPPdiPiS_S1_
	.globl	_Z15find_path_densejPPdiPiS_S1_
	.p2align	2
	.type	_Z15find_path_densejPPdiPiS_S1_,%function
	.code	16                              @ @_Z15find_path_densejPPdiPiS_S1_
	.thumb_func
_Z15find_path_densejPPdiPiS_S1_:
.Lfunc_begin4:
	.loc	2 223 0 is_stmt 1               @ ../ByteTrack/lapjv.cpp:223:0
	.fnstart
	.cfi_startproc
@ %bb.0:
	@DEBUG_VALUE: find_path_dense:n <- $r0
	@DEBUG_VALUE: find_path_dense:cost <- $r1
	@DEBUG_VALUE: find_path_dense:start_i <- $r2
	@DEBUG_VALUE: find_path_dense:y <- $r3
	.save	{r4, r5, r6, r7, r8, r9, r10, r11, lr}
	push.w	{r4, r5, r6, r7, r8, r9, r10, r11, lr}
	.cfi_def_cfa_offset 36
	.cfi_offset lr, -4
	.cfi_offset r11, -8
	.cfi_offset r10, -12
	.cfi_offset r9, -16
	.cfi_offset r8, -20
	.cfi_offset r7, -24
	.cfi_offset r6, -28
	.cfi_offset r5, -32
	.cfi_offset r4, -36
	.pad	#36
	sub	sp, #36
	.cfi_def_cfa_offset 72
.Ltmp362:
	@DEBUG_VALUE: find_path_dense:v <- [DW_OP_plus_uconst 72] [$sp+0]
	@DEBUG_VALUE: find_path_dense:pred <- [DW_OP_plus_uconst 76] [$sp+0]
	mov	r4, r0
.Ltmp363:
	@DEBUG_VALUE: find_path_dense:n_ready <- 0
	@DEBUG_VALUE: find_path_dense:final_j <- -1
	@DEBUG_VALUE: find_path_dense:hi <- 0
	@DEBUG_VALUE: find_path_dense:lo <- 0
	@DEBUG_VALUE: find_path_dense:n <- $r4
	.loc	2 230 2 prologue_end            @ ../ByteTrack/lapjv.cpp:230:2
	lsls	r0, r0, #2
	mov	r11, r3
.Ltmp364:
	@DEBUG_VALUE: find_path_dense:y <- $r11
	@DEBUG_VALUE: find_path_dense:y <- $r11
	.loc	2 0 2 is_stmt 0                 @ ../ByteTrack/lapjv.cpp:0:2
	mov	r10, r2
.Ltmp365:
	@DEBUG_VALUE: find_path_dense:start_i <- $r10
	@DEBUG_VALUE: find_path_dense:start_i <- $r10
	str	r1, [sp, #24]                   @ 4-byte Spill
.Ltmp366:
	@DEBUG_VALUE: find_path_dense:cost <- [DW_OP_plus_uconst 24] [$sp+0]
	@DEBUG_VALUE: find_path_dense:cost <- [DW_OP_plus_uconst 24] [$sp+0]
	.loc	2 230 2                         @ ../ByteTrack/lapjv.cpp:230:2
	bl	malloc
.Ltmp367:
	@DEBUG_VALUE: find_path_dense:cols <- $r0
	.loc	2 230 2                         @ ../ByteTrack/lapjv.cpp:230:2
	cbz	r0, .LBB4_5
.Ltmp368:
@ %bb.1:
	@DEBUG_VALUE: find_path_dense:cols <- $r0
	@DEBUG_VALUE: find_path_dense:cost <- [DW_OP_plus_uconst 24] [$sp+0]
	@DEBUG_VALUE: find_path_dense:start_i <- $r10
	@DEBUG_VALUE: find_path_dense:y <- $r11
	@DEBUG_VALUE: find_path_dense:n <- $r4
	@DEBUG_VALUE: find_path_dense:lo <- 0
	@DEBUG_VALUE: find_path_dense:hi <- 0
	@DEBUG_VALUE: find_path_dense:final_j <- -1
	@DEBUG_VALUE: find_path_dense:n_ready <- 0
	@DEBUG_VALUE: find_path_dense:pred <- [DW_OP_plus_uconst 76] [$sp+0]
	@DEBUG_VALUE: find_path_dense:v <- [DW_OP_plus_uconst 72] [$sp+0]
	.loc	2 0 2                           @ ../ByteTrack/lapjv.cpp:0:2
	mov	r6, r0
.Ltmp369:
	@DEBUG_VALUE: find_path_dense:cols <- $r6
	.loc	2 231 2 is_stmt 1               @ ../ByteTrack/lapjv.cpp:231:2
	lsls	r0, r4, #3
	bl	malloc
.Ltmp370:
	@DEBUG_VALUE: find_path_dense:d <- $r0
	.loc	2 231 2 is_stmt 0               @ ../ByteTrack/lapjv.cpp:231:2
	cbz	r0, .LBB4_5
.Ltmp371:
@ %bb.2:
	@DEBUG_VALUE: find_path_dense:d <- $r0
	@DEBUG_VALUE: find_path_dense:cols <- $r6
	@DEBUG_VALUE: find_path_dense:cost <- [DW_OP_plus_uconst 24] [$sp+0]
	@DEBUG_VALUE: find_path_dense:start_i <- $r10
	@DEBUG_VALUE: find_path_dense:y <- $r11
	@DEBUG_VALUE: find_path_dense:n <- $r4
	@DEBUG_VALUE: find_path_dense:lo <- 0
	@DEBUG_VALUE: find_path_dense:hi <- 0
	@DEBUG_VALUE: find_path_dense:final_j <- -1
	@DEBUG_VALUE: find_path_dense:n_ready <- 0
	@DEBUG_VALUE: find_path_dense:pred <- [DW_OP_plus_uconst 76] [$sp+0]
	@DEBUG_VALUE: find_path_dense:v <- [DW_OP_plus_uconst 72] [$sp+0]
	.loc	2 0 2                           @ ../ByteTrack/lapjv.cpp:0:2
	ldr.w	r9, [sp, #72]
.Ltmp372:
	@DEBUG_VALUE: i <- 0
	mov	r8, r0
.Ltmp373:
	@DEBUG_VALUE: find_path_dense:d <- $r8
	@DEBUG_VALUE: find_path_dense:d <- $r8
	.loc	2 233 2 is_stmt 1               @ ../ByteTrack/lapjv.cpp:233:2
	cmp	r4, #0
	mov	r0, r6
	str	r4, [sp, #32]                   @ 4-byte Spill
.Ltmp374:
	@DEBUG_VALUE: find_path_dense:n <- [DW_OP_plus_uconst 32] [$sp+0]
	beq.w	.LBB4_12
.Ltmp375:
@ %bb.3:
	@DEBUG_VALUE: find_path_dense:n <- [DW_OP_plus_uconst 32] [$sp+0]
	@DEBUG_VALUE: find_path_dense:d <- $r8
	@DEBUG_VALUE: i <- 0
	@DEBUG_VALUE: find_path_dense:cols <- $r6
	@DEBUG_VALUE: find_path_dense:cost <- [DW_OP_plus_uconst 24] [$sp+0]
	@DEBUG_VALUE: find_path_dense:start_i <- $r10
	@DEBUG_VALUE: find_path_dense:y <- $r11
	@DEBUG_VALUE: find_path_dense:lo <- 0
	@DEBUG_VALUE: find_path_dense:hi <- 0
	@DEBUG_VALUE: find_path_dense:final_j <- -1
	@DEBUG_VALUE: find_path_dense:n_ready <- 0
	@DEBUG_VALUE: find_path_dense:pred <- [DW_OP_plus_uconst 76] [$sp+0]
	@DEBUG_VALUE: find_path_dense:v <- [DW_OP_plus_uconst 72] [$sp+0]
	.loc	2 0 2 is_stmt 0                 @ ../ByteTrack/lapjv.cpp:0:2
	ldr	r1, [sp, #24]                   @ 4-byte Reload
	ldr.w	r4, [r1, r10, lsl #2]
	ldr	r1, [sp, #32]                   @ 4-byte Reload
.Ltmp376:
	@DEBUG_VALUE: find_path_dense:n <- $r1
	.loc	2 233 2                         @ ../ByteTrack/lapjv.cpp:233:2
	cmp	r1, #4
	and	r12, r1, #3
	bhs	.LBB4_6
.Ltmp377:
@ %bb.4:
	@DEBUG_VALUE: find_path_dense:n <- $r1
	@DEBUG_VALUE: find_path_dense:d <- $r8
	@DEBUG_VALUE: i <- 0
	@DEBUG_VALUE: find_path_dense:cols <- $r6
	@DEBUG_VALUE: find_path_dense:cost <- [DW_OP_plus_uconst 24] [$sp+0]
	@DEBUG_VALUE: find_path_dense:start_i <- $r10
	@DEBUG_VALUE: find_path_dense:y <- $r11
	@DEBUG_VALUE: find_path_dense:lo <- 0
	@DEBUG_VALUE: find_path_dense:hi <- 0
	@DEBUG_VALUE: find_path_dense:final_j <- -1
	@DEBUG_VALUE: find_path_dense:n_ready <- 0
	@DEBUG_VALUE: find_path_dense:pred <- [DW_OP_plus_uconst 76] [$sp+0]
	@DEBUG_VALUE: find_path_dense:v <- [DW_OP_plus_uconst 72] [$sp+0]
	.loc	2 0 2                           @ ../ByteTrack/lapjv.cpp:0:2
	movs	r3, #0
	b	.LBB4_8
.Ltmp378:
.LBB4_5:
	@DEBUG_VALUE: find_path_dense:cost <- [DW_OP_plus_uconst 24] [$sp+0]
	@DEBUG_VALUE: find_path_dense:start_i <- $r10
	@DEBUG_VALUE: find_path_dense:y <- $r11
	@DEBUG_VALUE: find_path_dense:n <- $r4
	@DEBUG_VALUE: find_path_dense:lo <- 0
	@DEBUG_VALUE: find_path_dense:hi <- 0
	@DEBUG_VALUE: find_path_dense:final_j <- -1
	@DEBUG_VALUE: find_path_dense:n_ready <- 0
	@DEBUG_VALUE: find_path_dense:pred <- [DW_OP_plus_uconst 76] [$sp+0]
	@DEBUG_VALUE: find_path_dense:v <- [DW_OP_plus_uconst 72] [$sp+0]
	mov.w	r6, #-1
	.loc	2 231 2 is_stmt 1               @ ../ByteTrack/lapjv.cpp:231:2
	b	.LBB4_72
.Ltmp379:
.LBB4_6:
	@DEBUG_VALUE: find_path_dense:n <- $r1
	@DEBUG_VALUE: find_path_dense:d <- $r8
	@DEBUG_VALUE: i <- 0
	@DEBUG_VALUE: find_path_dense:cols <- $r6
	@DEBUG_VALUE: find_path_dense:cost <- [DW_OP_plus_uconst 24] [$sp+0]
	@DEBUG_VALUE: find_path_dense:start_i <- $r10
	@DEBUG_VALUE: find_path_dense:y <- $r11
	@DEBUG_VALUE: find_path_dense:lo <- 0
	@DEBUG_VALUE: find_path_dense:hi <- 0
	@DEBUG_VALUE: find_path_dense:final_j <- -1
	@DEBUG_VALUE: find_path_dense:n_ready <- 0
	@DEBUG_VALUE: find_path_dense:pred <- [DW_OP_plus_uconst 76] [$sp+0]
	@DEBUG_VALUE: find_path_dense:v <- [DW_OP_plus_uconst 72] [$sp+0]
	.loc	2 0 2 is_stmt 0                 @ ../ByteTrack/lapjv.cpp:0:2
	bic	r1, r1, #3
.Ltmp380:
	@DEBUG_VALUE: find_path_dense:n <- [DW_OP_LLVM_entry_value 1] $r0
	movs	r2, #1
	subs	r1, #4
.Ltmp381:
	.loc	2 233 2 is_stmt 1               @ ../ByteTrack/lapjv.cpp:233:2
	add.w	r7, r0, #8
	add.w	lr, r2, r1, lsr #2
	ldr	r1, [sp, #76]
	movs	r2, #0
	movs	r3, #0
	add.w	r6, r1, #8
.Ltmp382:
	.loc	2 0 2 is_stmt 0                 @ :0:2
.Ltmp383:
	.p2align	2
.LBB4_7:                                @ =>This Inner Loop Header: Depth=1
	@DEBUG_VALUE: find_path_dense:n <- [DW_OP_LLVM_entry_value 1] $r0
	@DEBUG_VALUE: find_path_dense:d <- $r8
	@DEBUG_VALUE: find_path_dense:cost <- [DW_OP_plus_uconst 24] [$sp+0]
	@DEBUG_VALUE: find_path_dense:start_i <- $r10
	@DEBUG_VALUE: find_path_dense:y <- $r11
	@DEBUG_VALUE: find_path_dense:lo <- 0
	@DEBUG_VALUE: find_path_dense:hi <- 0
	@DEBUG_VALUE: find_path_dense:final_j <- -1
	@DEBUG_VALUE: find_path_dense:n_ready <- 0
	@DEBUG_VALUE: find_path_dense:pred <- [DW_OP_plus_uconst 76] [$sp+0]
	@DEBUG_VALUE: find_path_dense:v <- [DW_OP_plus_uconst 72] [$sp+0]
	@DEBUG_VALUE: i <- $r3
	.loc	2 236 10 is_stmt 1              @ ../ByteTrack/lapjv.cpp:236:10
	adds	r1, r4, r2
	.loc	2 236 29 is_stmt 0              @ ../ByteTrack/lapjv.cpp:236:29
	add.w	r5, r9, r2
	.loc	2 236 10                        @ ../ByteTrack/lapjv.cpp:236:10
	vldmia	r1, {d0, d1, d2, d3}
	.loc	2 236 29                        @ ../ByteTrack/lapjv.cpp:236:29
	vldmia	r5, {d4, d5, d6, d7}
	.loc	2 234 11 is_stmt 1              @ ../ByteTrack/lapjv.cpp:234:11
	adds	r5, r3, #1
	str	r3, [r7, #-8]
	.loc	2 236 27                        @ ../ByteTrack/lapjv.cpp:236:27
	vsub.f64	d0, d0, d4
	.loc	2 234 11                        @ ../ByteTrack/lapjv.cpp:234:11
	str	r5, [r7, #-4]
	adds	r5, r3, #2
	str	r5, [r7]
	adds	r5, r3, #3
	.loc	2 235 11                        @ ../ByteTrack/lapjv.cpp:235:11
	str	r10, [r6, #-8]
.Ltmp384:
	.loc	2 233 29                        @ ../ByteTrack/lapjv.cpp:233:29
	adds	r3, #4
.Ltmp385:
	@DEBUG_VALUE: i <- $r3
	.loc	2 236 8                         @ ../ByteTrack/lapjv.cpp:236:8
	add.w	r1, r8, r2
.Ltmp386:
	@DEBUG_VALUE: i <- [DW_OP_constu 1, DW_OP_or, DW_OP_stack_value] $r3
	.loc	2 233 2                         @ ../ByteTrack/lapjv.cpp:233:2
	adds	r2, #32
.Ltmp387:
	.loc	2 235 11                        @ ../ByteTrack/lapjv.cpp:235:11
	str	r10, [r6, #-4]
	str.w	r10, [r6]
	.loc	2 234 11                        @ ../ByteTrack/lapjv.cpp:234:11
	str	r5, [r7, #4]
.Ltmp388:
	.loc	2 233 2                         @ ../ByteTrack/lapjv.cpp:233:2
	adds	r7, #16
.Ltmp389:
	.loc	2 235 11                        @ ../ByteTrack/lapjv.cpp:235:11
	str.w	r10, [r6, #4]
.Ltmp390:
	.loc	2 233 2                         @ ../ByteTrack/lapjv.cpp:233:2
	adds	r6, #16
.Ltmp391:
	.loc	2 236 27                        @ ../ByteTrack/lapjv.cpp:236:27
	vsub.f64	d1, d1, d5
.Ltmp392:
	@DEBUG_VALUE: i <- [DW_OP_constu 2, DW_OP_or, DW_OP_stack_value] $r3
	vsub.f64	d2, d2, d6
.Ltmp393:
	@DEBUG_VALUE: i <- [DW_OP_constu 3, DW_OP_or, DW_OP_stack_value] $r3
	vsub.f64	d3, d3, d7
	.loc	2 236 8 is_stmt 0               @ ../ByteTrack/lapjv.cpp:236:8
	vstmia	r1, {d0, d1, d2, d3}
.Ltmp394:
	.loc	2 233 2 is_stmt 1               @ ../ByteTrack/lapjv.cpp:233:2
	le	lr, .LBB4_7
.Ltmp395:
.LBB4_8:
	@DEBUG_VALUE: find_path_dense:d <- $r8
	@DEBUG_VALUE: find_path_dense:cost <- [DW_OP_plus_uconst 24] [$sp+0]
	@DEBUG_VALUE: find_path_dense:start_i <- $r10
	@DEBUG_VALUE: find_path_dense:y <- $r11
	@DEBUG_VALUE: find_path_dense:lo <- 0
	@DEBUG_VALUE: find_path_dense:hi <- 0
	@DEBUG_VALUE: find_path_dense:final_j <- -1
	@DEBUG_VALUE: find_path_dense:n_ready <- 0
	@DEBUG_VALUE: find_path_dense:pred <- [DW_OP_plus_uconst 76] [$sp+0]
	@DEBUG_VALUE: find_path_dense:v <- [DW_OP_plus_uconst 72] [$sp+0]
	cmp.w	r12, #0
	beq	.LBB4_12
.Ltmp396:
@ %bb.9:
	@DEBUG_VALUE: find_path_dense:d <- $r8
	@DEBUG_VALUE: find_path_dense:cost <- [DW_OP_plus_uconst 24] [$sp+0]
	@DEBUG_VALUE: find_path_dense:start_i <- $r10
	@DEBUG_VALUE: find_path_dense:y <- $r11
	@DEBUG_VALUE: find_path_dense:lo <- 0
	@DEBUG_VALUE: find_path_dense:hi <- 0
	@DEBUG_VALUE: find_path_dense:final_j <- -1
	@DEBUG_VALUE: find_path_dense:n_ready <- 0
	@DEBUG_VALUE: find_path_dense:pred <- [DW_OP_plus_uconst 76] [$sp+0]
	@DEBUG_VALUE: find_path_dense:v <- [DW_OP_plus_uconst 72] [$sp+0]
	@DEBUG_VALUE: i <- $r3
	.loc	2 236 10                        @ ../ByteTrack/lapjv.cpp:236:10
	add.w	r1, r4, r3, lsl #3
	.loc	2 236 29 is_stmt 0              @ ../ByteTrack/lapjv.cpp:236:29
	add.w	r2, r9, r3, lsl #3
	.loc	2 236 10                        @ ../ByteTrack/lapjv.cpp:236:10
	vldr	d0, [r1]
	.loc	2 236 29                        @ ../ByteTrack/lapjv.cpp:236:29
	vldr	d1, [r2]
	.loc	2 235 11 is_stmt 1              @ ../ByteTrack/lapjv.cpp:235:11
	ldr	r1, [sp, #76]
	.loc	2 236 27                        @ ../ByteTrack/lapjv.cpp:236:27
	vsub.f64	d0, d0, d1
	.loc	2 235 11                        @ ../ByteTrack/lapjv.cpp:235:11
	str.w	r10, [r1, r3, lsl #2]
	.loc	2 236 3                         @ ../ByteTrack/lapjv.cpp:236:3
	add.w	r1, r8, r3, lsl #3
.Ltmp397:
	.loc	2 233 2                         @ ../ByteTrack/lapjv.cpp:233:2
	cmp.w	r12, #1
.Ltmp398:
	.loc	2 234 11                        @ ../ByteTrack/lapjv.cpp:234:11
	str.w	r3, [r0, r3, lsl #2]
	.loc	2 236 8                         @ ../ByteTrack/lapjv.cpp:236:8
	vstr	d0, [r1]
.Ltmp399:
	@DEBUG_VALUE: i <- [DW_OP_plus_uconst 1, DW_OP_stack_value] $r3
	.loc	2 0 8 is_stmt 0                 @ ../ByteTrack/lapjv.cpp:0:8
	beq	.LBB4_12
.Ltmp400:
@ %bb.10:
	@DEBUG_VALUE: i <- [DW_OP_plus_uconst 1, DW_OP_stack_value] $r3
	@DEBUG_VALUE: find_path_dense:d <- $r8
	@DEBUG_VALUE: find_path_dense:cost <- [DW_OP_plus_uconst 24] [$sp+0]
	@DEBUG_VALUE: find_path_dense:start_i <- $r10
	@DEBUG_VALUE: find_path_dense:y <- $r11
	@DEBUG_VALUE: find_path_dense:lo <- 0
	@DEBUG_VALUE: find_path_dense:hi <- 0
	@DEBUG_VALUE: find_path_dense:final_j <- -1
	@DEBUG_VALUE: find_path_dense:n_ready <- 0
	@DEBUG_VALUE: find_path_dense:pred <- [DW_OP_plus_uconst 76] [$sp+0]
	@DEBUG_VALUE: find_path_dense:v <- [DW_OP_plus_uconst 72] [$sp+0]
	.loc	2 233 29 is_stmt 1              @ ../ByteTrack/lapjv.cpp:233:29
	adds	r1, r3, #1
.Ltmp401:
	@DEBUG_VALUE: i <- $r1
	.loc	2 233 2 is_stmt 0               @ ../ByteTrack/lapjv.cpp:233:2
	cmp.w	r12, #2
.Ltmp402:
	.loc	2 236 10 is_stmt 1              @ ../ByteTrack/lapjv.cpp:236:10
	add.w	r2, r4, r1, lsl #3
	.loc	2 236 29 is_stmt 0              @ ../ByteTrack/lapjv.cpp:236:29
	add.w	r7, r9, r1, lsl #3
	.loc	2 236 10                        @ ../ByteTrack/lapjv.cpp:236:10
	vldr	d0, [r2]
	.loc	2 236 29                        @ ../ByteTrack/lapjv.cpp:236:29
	vldr	d1, [r7]
	.loc	2 235 11 is_stmt 1              @ ../ByteTrack/lapjv.cpp:235:11
	ldr	r2, [sp, #76]
	.loc	2 236 27                        @ ../ByteTrack/lapjv.cpp:236:27
	vsub.f64	d0, d0, d1
	.loc	2 234 11                        @ ../ByteTrack/lapjv.cpp:234:11
	str.w	r1, [r0, r1, lsl #2]
	.loc	2 235 11                        @ ../ByteTrack/lapjv.cpp:235:11
	str.w	r10, [r2, r1, lsl #2]
	.loc	2 236 3                         @ ../ByteTrack/lapjv.cpp:236:3
	add.w	r1, r8, r1, lsl #3
.Ltmp403:
	.loc	2 236 8 is_stmt 0               @ ../ByteTrack/lapjv.cpp:236:8
	vstr	d0, [r1]
.Ltmp404:
	@DEBUG_VALUE: i <- [DW_OP_plus_uconst 2, DW_OP_stack_value] $r3
	.loc	2 0 8                           @ ../ByteTrack/lapjv.cpp:0:8
	beq	.LBB4_12
.Ltmp405:
@ %bb.11:
	@DEBUG_VALUE: i <- [DW_OP_plus_uconst 2, DW_OP_stack_value] $r3
	@DEBUG_VALUE: find_path_dense:d <- $r8
	@DEBUG_VALUE: find_path_dense:cost <- [DW_OP_plus_uconst 24] [$sp+0]
	@DEBUG_VALUE: find_path_dense:start_i <- $r10
	@DEBUG_VALUE: find_path_dense:y <- $r11
	@DEBUG_VALUE: find_path_dense:lo <- 0
	@DEBUG_VALUE: find_path_dense:hi <- 0
	@DEBUG_VALUE: find_path_dense:final_j <- -1
	@DEBUG_VALUE: find_path_dense:n_ready <- 0
	@DEBUG_VALUE: find_path_dense:pred <- [DW_OP_plus_uconst 76] [$sp+0]
	@DEBUG_VALUE: find_path_dense:v <- [DW_OP_plus_uconst 72] [$sp+0]
	.loc	2 233 29 is_stmt 1              @ ../ByteTrack/lapjv.cpp:233:29
	adds	r1, r3, #2
.Ltmp406:
	@DEBUG_VALUE: i <- $r1
	.loc	2 236 10                        @ ../ByteTrack/lapjv.cpp:236:10
	add.w	r2, r4, r1, lsl #3
	.loc	2 236 29 is_stmt 0              @ ../ByteTrack/lapjv.cpp:236:29
	add.w	r3, r9, r1, lsl #3
	.loc	2 236 10                        @ ../ByteTrack/lapjv.cpp:236:10
	vldr	d0, [r2]
	.loc	2 236 29                        @ ../ByteTrack/lapjv.cpp:236:29
	vldr	d1, [r3]
	.loc	2 236 3                         @ ../ByteTrack/lapjv.cpp:236:3
	add.w	r2, r8, r1, lsl #3
	.loc	2 236 27                        @ ../ByteTrack/lapjv.cpp:236:27
	vsub.f64	d0, d0, d1
	.loc	2 235 11 is_stmt 1              @ ../ByteTrack/lapjv.cpp:235:11
	ldr	r3, [sp, #76]
	.loc	2 234 11                        @ ../ByteTrack/lapjv.cpp:234:11
	str.w	r1, [r0, r1, lsl #2]
	.loc	2 235 11                        @ ../ByteTrack/lapjv.cpp:235:11
	str.w	r10, [r3, r1, lsl #2]
	.loc	2 236 8                         @ ../ByteTrack/lapjv.cpp:236:8
	vstr	d0, [r2]
.Ltmp407:
	@DEBUG_VALUE: i <- [DW_OP_plus_uconst 3, DW_OP_stack_value] undef
.LBB4_12:
	@DEBUG_VALUE: find_path_dense:d <- $r8
	@DEBUG_VALUE: find_path_dense:cost <- [DW_OP_plus_uconst 24] [$sp+0]
	@DEBUG_VALUE: find_path_dense:start_i <- $r10
	@DEBUG_VALUE: find_path_dense:y <- $r11
	@DEBUG_VALUE: find_path_dense:lo <- 0
	@DEBUG_VALUE: find_path_dense:hi <- 0
	@DEBUG_VALUE: find_path_dense:final_j <- -1
	@DEBUG_VALUE: find_path_dense:n_ready <- 0
	@DEBUG_VALUE: find_path_dense:pred <- [DW_OP_plus_uconst 76] [$sp+0]
	@DEBUG_VALUE: find_path_dense:v <- [DW_OP_plus_uconst 72] [$sp+0]
	.loc	2 0 8 is_stmt 0                 @ ../ByteTrack/lapjv.cpp:0:8
	ldr	r1, [sp, #32]                   @ 4-byte Reload
	mov.w	r10, #0
.Ltmp408:
	@DEBUG_VALUE: find_path_dense:start_i <- [DW_OP_LLVM_entry_value 1] $r2
	movs	r4, #0
.Ltmp409:
	.loc	2 157 2 is_stmt 1               @ ../ByteTrack/lapjv.cpp:157:2
	subs	r2, r1, #2
	subs	r1, #4
.Ltmp410:
	.loc	2 239 2                         @ ../ByteTrack/lapjv.cpp:239:2
	str	r2, [sp, #8]                    @ 4-byte Spill
	adds	r2, r0, #4
	str	r2, [sp]                        @ 4-byte Spill
	add.w	r2, r0, #8
	str	r1, [sp, #4]                    @ 4-byte Spill
	movs	r1, #0
.Ltmp411:
	.loc	2 157 2                         @ ../ByteTrack/lapjv.cpp:157:2
	str	r2, [sp, #12]                   @ 4-byte Spill
	str	r1, [sp, #20]                   @ 4-byte Spill
	b	.LBB4_15
.Ltmp412:
	.loc	2 0 2 is_stmt 0                 @ :0:2
.Ltmp413:
	.p2align	2
.LBB4_13:                               @   in Loop: Header=BB4_15 Depth=1
	@DEBUG_VALUE: _scan_dense:cred_ij <- $d2
	@DEBUG_VALUE: j <- $r6
	@DEBUG_VALUE: k <- [DW_OP_LLVM_arg 0, DW_OP_consts 18446744073709551615, DW_OP_LLVM_arg 1, DW_OP_mul, DW_OP_LLVM_arg 2, DW_OP_plus_uconst 32, DW_OP_deref, DW_OP_plus, DW_OP_minus, DW_OP_consts 18446744073709551615, DW_OP_div, DW_OP_LLVM_arg 1, DW_OP_plus, DW_OP_stack_value] $r1, $r3, $sp
	@DEBUG_VALUE: mind <- $d0
	@DEBUG_VALUE: i <- $r7
	@DEBUG_VALUE: _scan_dense:hi <- $r3
	@DEBUG_VALUE: _scan_dense:v <- $r9
	@DEBUG_VALUE: _scan_dense:y <- $r11
	@DEBUG_VALUE: _scan_dense:cols <- $r0
	@DEBUG_VALUE: _scan_dense:d <- $r8
	@DEBUG_VALUE: _scan_dense:cost <- [DW_OP_plus_uconst 24] [$sp+0]
	@DEBUG_VALUE: _scan_dense:n <- [DW_OP_plus_uconst 32] [$sp+0]
	@DEBUG_VALUE: find_path_dense:start_i <- [DW_OP_LLVM_entry_value 1] $r2
	@DEBUG_VALUE: find_path_dense:d <- $r8
	@DEBUG_VALUE: find_path_dense:cost <- [DW_OP_plus_uconst 24] [$sp+0]
	@DEBUG_VALUE: find_path_dense:y <- $r11
	@DEBUG_VALUE: find_path_dense:pred <- [DW_OP_plus_uconst 76] [$sp+0]
	@DEBUG_VALUE: find_path_dense:v <- [DW_OP_plus_uconst 72] [$sp+0]
	ldr	r4, [sp, #28]                   @ 4-byte Reload
	mov	r10, r12
.Ltmp414:
.LBB4_14:                               @   in Loop: Header=BB4_15 Depth=1
	@DEBUG_VALUE: find_path_dense:start_i <- [DW_OP_LLVM_entry_value 1] $r2
	@DEBUG_VALUE: find_path_dense:d <- $r8
	@DEBUG_VALUE: find_path_dense:cost <- [DW_OP_plus_uconst 24] [$sp+0]
	@DEBUG_VALUE: find_path_dense:y <- $r11
	@DEBUG_VALUE: find_path_dense:pred <- [DW_OP_plus_uconst 76] [$sp+0]
	@DEBUG_VALUE: find_path_dense:v <- [DW_OP_plus_uconst 72] [$sp+0]
	@DEBUG_VALUE: find_path_dense:lo <- $r4
	@DEBUG_VALUE: find_path_dense:hi <- $r10
	@DEBUG_VALUE: find_path_dense:final_j <- $r6
	@DEBUG_VALUE: find_path_dense:n_ready <- [DW_OP_plus_uconst 20] [$sp+0]
	.loc	2 239 2 is_stmt 1               @ ../ByteTrack/lapjv.cpp:239:2
	adds	r1, r6, #1
	mov	r1, r4
	bne.w	.LBB4_62
.Ltmp415:
.LBB4_15:                               @ =>This Loop Header: Depth=1
                                        @     Child Loop BB4_36 Depth 2
                                        @     Child Loop BB4_45 Depth 2
                                        @     Child Loop BB4_54 Depth 2
                                        @       Child Loop BB4_57 Depth 3
	@DEBUG_VALUE: find_path_dense:start_i <- [DW_OP_LLVM_entry_value 1] $r2
	@DEBUG_VALUE: find_path_dense:d <- $r8
	@DEBUG_VALUE: find_path_dense:cost <- [DW_OP_plus_uconst 24] [$sp+0]
	@DEBUG_VALUE: find_path_dense:y <- $r11
	@DEBUG_VALUE: find_path_dense:pred <- [DW_OP_plus_uconst 76] [$sp+0]
	@DEBUG_VALUE: find_path_dense:v <- [DW_OP_plus_uconst 72] [$sp+0]
	@DEBUG_VALUE: find_path_dense:lo <- $r4
	@DEBUG_VALUE: find_path_dense:hi <- $r10
	@DEBUG_VALUE: find_path_dense:n_ready <- [DW_OP_plus_uconst 20] [$sp+0]
	.loc	2 241 7                         @ ../ByteTrack/lapjv.cpp:241:7
	cmp	r4, r10
	str	r4, [sp, #28]                   @ 4-byte Spill
	bne	.LBB4_27
.Ltmp416:
@ %bb.16:                               @   in Loop: Header=BB4_15 Depth=1
	@DEBUG_VALUE: find_path_dense:n_ready <- [DW_OP_plus_uconst 20] [$sp+0]
	@DEBUG_VALUE: find_path_dense:hi <- $r10
	@DEBUG_VALUE: find_path_dense:lo <- $r4
	@DEBUG_VALUE: find_path_dense:start_i <- [DW_OP_LLVM_entry_value 1] $r2
	@DEBUG_VALUE: find_path_dense:d <- $r8
	@DEBUG_VALUE: find_path_dense:cost <- [DW_OP_plus_uconst 24] [$sp+0]
	@DEBUG_VALUE: find_path_dense:y <- $r11
	@DEBUG_VALUE: find_path_dense:pred <- [DW_OP_plus_uconst 76] [$sp+0]
	@DEBUG_VALUE: find_path_dense:v <- [DW_OP_plus_uconst 72] [$sp+0]
	@DEBUG_VALUE: find_path_dense:n_ready <- $r4
	@DEBUG_VALUE: _find_dense:n <- [DW_OP_plus_uconst 32] [$sp+0]
	@DEBUG_VALUE: _find_dense:lo <- $r4
	@DEBUG_VALUE: _find_dense:d <- $r8
	@DEBUG_VALUE: _find_dense:cols <- $r0
	@DEBUG_VALUE: _find_dense:y <- $r11
	.loc	2 0 7 is_stmt 0                 @ ../ByteTrack/lapjv.cpp:0:7
	ldr	r2, [sp, #32]                   @ 4-byte Reload
	@DEBUG_VALUE: k <- $r12
.Ltmp417:
	.loc	2 155 17 is_stmt 1              @ ../ByteTrack/lapjv.cpp:155:17
	add.w	r12, r10, #1
.Ltmp418:
	@DEBUG_VALUE: _find_dense:mind <- undef
	@DEBUG_VALUE: _find_dense:hi <- $r12
	.loc	2 0 17 is_stmt 0                @ ../ByteTrack/lapjv.cpp:0:17
	mvn.w	r7, r10
.Ltmp419:
	.loc	2 157 2 is_stmt 1               @ ../ByteTrack/lapjv.cpp:157:2
	cmp	r12, r2
	bhs	.LBB4_30
.Ltmp420:
@ %bb.17:                               @   in Loop: Header=BB4_15 Depth=1
	@DEBUG_VALUE: _find_dense:hi <- $r12
	@DEBUG_VALUE: _find_dense:y <- $r11
	@DEBUG_VALUE: _find_dense:cols <- $r0
	@DEBUG_VALUE: _find_dense:d <- $r8
	@DEBUG_VALUE: _find_dense:lo <- $r4
	@DEBUG_VALUE: _find_dense:n <- [DW_OP_plus_uconst 32] [$sp+0]
	@DEBUG_VALUE: find_path_dense:n_ready <- $r4
	@DEBUG_VALUE: find_path_dense:hi <- $r10
	@DEBUG_VALUE: find_path_dense:lo <- $r4
	@DEBUG_VALUE: find_path_dense:start_i <- [DW_OP_LLVM_entry_value 1] $r2
	@DEBUG_VALUE: find_path_dense:d <- $r8
	@DEBUG_VALUE: find_path_dense:cost <- [DW_OP_plus_uconst 24] [$sp+0]
	@DEBUG_VALUE: find_path_dense:y <- $r11
	@DEBUG_VALUE: find_path_dense:pred <- [DW_OP_plus_uconst 76] [$sp+0]
	@DEBUG_VALUE: find_path_dense:v <- [DW_OP_plus_uconst 72] [$sp+0]
	.loc	2 156 18                        @ ../ByteTrack/lapjv.cpp:156:18
	ldr.w	r1, [r0, r10, lsl #2]
	.loc	2 156 16 is_stmt 0              @ ../ByteTrack/lapjv.cpp:156:16
	add.w	r1, r8, r1, lsl #3
	vldr	d0, [r1]
.Ltmp421:
	@DEBUG_VALUE: _find_dense:mind <- $d0
	.loc	2 157 2 is_stmt 1               @ ../ByteTrack/lapjv.cpp:157:2
	adds	r1, r2, r7
	ands	r6, r1, #3
	beq	.LBB4_28
.Ltmp422:
@ %bb.18:                               @   in Loop: Header=BB4_15 Depth=1
	@DEBUG_VALUE: _find_dense:mind <- $d0
	@DEBUG_VALUE: _find_dense:hi <- $r12
	@DEBUG_VALUE: _find_dense:y <- $r11
	@DEBUG_VALUE: _find_dense:cols <- $r0
	@DEBUG_VALUE: _find_dense:d <- $r8
	@DEBUG_VALUE: _find_dense:lo <- $r4
	@DEBUG_VALUE: _find_dense:n <- [DW_OP_plus_uconst 32] [$sp+0]
	@DEBUG_VALUE: find_path_dense:n_ready <- $r4
	@DEBUG_VALUE: find_path_dense:hi <- $r10
	@DEBUG_VALUE: find_path_dense:lo <- $r4
	@DEBUG_VALUE: find_path_dense:start_i <- [DW_OP_LLVM_entry_value 1] $r2
	@DEBUG_VALUE: find_path_dense:d <- $r8
	@DEBUG_VALUE: find_path_dense:cost <- [DW_OP_plus_uconst 24] [$sp+0]
	@DEBUG_VALUE: find_path_dense:y <- $r11
	@DEBUG_VALUE: find_path_dense:pred <- [DW_OP_plus_uconst 76] [$sp+0]
	@DEBUG_VALUE: find_path_dense:v <- [DW_OP_plus_uconst 72] [$sp+0]
	@DEBUG_VALUE: k <- $r12
	@DEBUG_VALUE: _find_dense:hi <- $r12
	@DEBUG_VALUE: _find_dense:mind <- $d0
	.loc	2 158 13                        @ ../ByteTrack/lapjv.cpp:158:13
	ldr.w	r1, [r0, r12, lsl #2]
.Ltmp423:
	@DEBUG_VALUE: j <- $r1
	.loc	2 159 7                         @ ../ByteTrack/lapjv.cpp:159:7
	add.w	r2, r8, r1, lsl #3
	vldr	d1, [r2]
.Ltmp424:
	.loc	2 159 7 is_stmt 0               @ ../ByteTrack/lapjv.cpp:159:7
	vcmp.f64	d1, d0
	vmrs	APSR_nzcv, fpscr
	bgt	.LBB4_20
.Ltmp425:
@ %bb.19:                               @   in Loop: Header=BB4_15 Depth=1
	@DEBUG_VALUE: j <- $r1
	@DEBUG_VALUE: _find_dense:mind <- $d0
	@DEBUG_VALUE: _find_dense:hi <- $r12
	@DEBUG_VALUE: k <- $r12
	@DEBUG_VALUE: _find_dense:y <- $r11
	@DEBUG_VALUE: _find_dense:cols <- $r0
	@DEBUG_VALUE: _find_dense:d <- $r8
	@DEBUG_VALUE: _find_dense:lo <- $r4
	@DEBUG_VALUE: _find_dense:n <- [DW_OP_plus_uconst 32] [$sp+0]
	@DEBUG_VALUE: find_path_dense:n_ready <- $r4
	@DEBUG_VALUE: find_path_dense:hi <- $r10
	@DEBUG_VALUE: find_path_dense:lo <- $r4
	@DEBUG_VALUE: find_path_dense:start_i <- [DW_OP_LLVM_entry_value 1] $r2
	@DEBUG_VALUE: find_path_dense:d <- $r8
	@DEBUG_VALUE: find_path_dense:cost <- [DW_OP_plus_uconst 24] [$sp+0]
	@DEBUG_VALUE: find_path_dense:y <- $r11
	@DEBUG_VALUE: find_path_dense:pred <- [DW_OP_plus_uconst 76] [$sp+0]
	@DEBUG_VALUE: find_path_dense:v <- [DW_OP_plus_uconst 72] [$sp+0]
	.loc	2 160 8 is_stmt 1               @ ../ByteTrack/lapjv.cpp:160:8
	vcmp.f64	d1, d0
	vmrs	APSR_nzcv, fpscr
	csel	r2, r10, r12, lt
.Ltmp426:
	@DEBUG_VALUE: _find_dense:mind <- undef
	@DEBUG_VALUE: _find_dense:hi <- $r2
	.loc	2 164 14                        @ ../ByteTrack/lapjv.cpp:164:14
	ldr.w	r3, [r0, r2, lsl #2]
	.loc	2 160 8                         @ ../ByteTrack/lapjv.cpp:160:8
	vminnm.f64	d0, d1, d0
	.loc	2 164 12                        @ ../ByteTrack/lapjv.cpp:164:12
	str.w	r3, [r0, r12, lsl #2]
	.loc	2 165 11                        @ ../ByteTrack/lapjv.cpp:165:11
	add.w	r12, r2, #1
.Ltmp427:
	@DEBUG_VALUE: _find_dense:hi <- $r12
	.loc	2 165 15 is_stmt 0              @ ../ByteTrack/lapjv.cpp:165:15
	str.w	r1, [r0, r2, lsl #2]
.Ltmp428:
.LBB4_20:                               @   in Loop: Header=BB4_15 Depth=1
	@DEBUG_VALUE: _find_dense:hi <- $r12
	@DEBUG_VALUE: _find_dense:y <- $r11
	@DEBUG_VALUE: _find_dense:cols <- $r0
	@DEBUG_VALUE: _find_dense:d <- $r8
	@DEBUG_VALUE: _find_dense:lo <- $r4
	@DEBUG_VALUE: _find_dense:n <- [DW_OP_plus_uconst 32] [$sp+0]
	@DEBUG_VALUE: find_path_dense:n_ready <- $r4
	@DEBUG_VALUE: find_path_dense:hi <- $r10
	@DEBUG_VALUE: find_path_dense:lo <- $r4
	@DEBUG_VALUE: find_path_dense:start_i <- [DW_OP_LLVM_entry_value 1] $r2
	@DEBUG_VALUE: find_path_dense:d <- $r8
	@DEBUG_VALUE: find_path_dense:cost <- [DW_OP_plus_uconst 24] [$sp+0]
	@DEBUG_VALUE: find_path_dense:y <- $r11
	@DEBUG_VALUE: find_path_dense:pred <- [DW_OP_plus_uconst 76] [$sp+0]
	@DEBUG_VALUE: find_path_dense:v <- [DW_OP_plus_uconst 72] [$sp+0]
	@DEBUG_VALUE: _find_dense:hi <- $r12
	@DEBUG_VALUE: _find_dense:mind <- $d0
	.loc	2 157 2 is_stmt 1               @ ../ByteTrack/lapjv.cpp:157:2
	cmp	r6, #1
.Ltmp429:
	.loc	2 157 30 is_stmt 0              @ ../ByteTrack/lapjv.cpp:157:30
	add.w	r3, r10, #2
.Ltmp430:
	@DEBUG_VALUE: k <- $r3
	.loc	2 157 2                         @ ../ByteTrack/lapjv.cpp:157:2
	beq	.LBB4_29
.Ltmp431:
@ %bb.21:                               @   in Loop: Header=BB4_15 Depth=1
	@DEBUG_VALUE: k <- $r3
	@DEBUG_VALUE: _find_dense:mind <- $d0
	@DEBUG_VALUE: _find_dense:hi <- $r12
	@DEBUG_VALUE: _find_dense:y <- $r11
	@DEBUG_VALUE: _find_dense:cols <- $r0
	@DEBUG_VALUE: _find_dense:d <- $r8
	@DEBUG_VALUE: _find_dense:lo <- $r4
	@DEBUG_VALUE: _find_dense:n <- [DW_OP_plus_uconst 32] [$sp+0]
	@DEBUG_VALUE: find_path_dense:n_ready <- $r4
	@DEBUG_VALUE: find_path_dense:hi <- $r10
	@DEBUG_VALUE: find_path_dense:lo <- $r4
	@DEBUG_VALUE: find_path_dense:start_i <- [DW_OP_LLVM_entry_value 1] $r2
	@DEBUG_VALUE: find_path_dense:d <- $r8
	@DEBUG_VALUE: find_path_dense:cost <- [DW_OP_plus_uconst 24] [$sp+0]
	@DEBUG_VALUE: find_path_dense:y <- $r11
	@DEBUG_VALUE: find_path_dense:pred <- [DW_OP_plus_uconst 76] [$sp+0]
	@DEBUG_VALUE: find_path_dense:v <- [DW_OP_plus_uconst 72] [$sp+0]
	@DEBUG_VALUE: k <- $r3
	@DEBUG_VALUE: _find_dense:hi <- $r12
	@DEBUG_VALUE: _find_dense:mind <- $d0
	.loc	2 158 13 is_stmt 1              @ ../ByteTrack/lapjv.cpp:158:13
	ldr.w	r1, [r0, r3, lsl #2]
.Ltmp432:
	@DEBUG_VALUE: j <- $r1
	.loc	2 159 7                         @ ../ByteTrack/lapjv.cpp:159:7
	add.w	r2, r8, r1, lsl #3
	vldr	d1, [r2]
.Ltmp433:
	.loc	2 159 7 is_stmt 0               @ ../ByteTrack/lapjv.cpp:159:7
	vcmp.f64	d1, d0
	vmrs	APSR_nzcv, fpscr
	bgt	.LBB4_23
.Ltmp434:
@ %bb.22:                               @   in Loop: Header=BB4_15 Depth=1
	@DEBUG_VALUE: k <- $r3
	@DEBUG_VALUE: j <- $r1
	@DEBUG_VALUE: _find_dense:mind <- $d0
	@DEBUG_VALUE: _find_dense:hi <- $r12
	@DEBUG_VALUE: _find_dense:y <- $r11
	@DEBUG_VALUE: _find_dense:cols <- $r0
	@DEBUG_VALUE: _find_dense:d <- $r8
	@DEBUG_VALUE: _find_dense:lo <- $r4
	@DEBUG_VALUE: _find_dense:n <- [DW_OP_plus_uconst 32] [$sp+0]
	@DEBUG_VALUE: find_path_dense:n_ready <- $r4
	@DEBUG_VALUE: find_path_dense:hi <- $r10
	@DEBUG_VALUE: find_path_dense:lo <- $r4
	@DEBUG_VALUE: find_path_dense:start_i <- [DW_OP_LLVM_entry_value 1] $r2
	@DEBUG_VALUE: find_path_dense:d <- $r8
	@DEBUG_VALUE: find_path_dense:cost <- [DW_OP_plus_uconst 24] [$sp+0]
	@DEBUG_VALUE: find_path_dense:y <- $r11
	@DEBUG_VALUE: find_path_dense:pred <- [DW_OP_plus_uconst 76] [$sp+0]
	@DEBUG_VALUE: find_path_dense:v <- [DW_OP_plus_uconst 72] [$sp+0]
	.loc	2 160 8 is_stmt 1               @ ../ByteTrack/lapjv.cpp:160:8
	vcmp.f64	d1, d0
	vmrs	APSR_nzcv, fpscr
	csel	r2, r10, r12, lt
.Ltmp435:
	@DEBUG_VALUE: _find_dense:mind <- undef
	@DEBUG_VALUE: _find_dense:hi <- $r2
	.loc	2 164 14                        @ ../ByteTrack/lapjv.cpp:164:14
	ldr.w	r5, [r0, r2, lsl #2]
	.loc	2 165 11                        @ ../ByteTrack/lapjv.cpp:165:11
	add.w	r12, r2, #1
.Ltmp436:
	@DEBUG_VALUE: _find_dense:hi <- $r12
	.loc	2 160 8                         @ ../ByteTrack/lapjv.cpp:160:8
	vminnm.f64	d0, d1, d0
	.loc	2 164 12                        @ ../ByteTrack/lapjv.cpp:164:12
	str.w	r5, [r0, r3, lsl #2]
	.loc	2 165 15                        @ ../ByteTrack/lapjv.cpp:165:15
	str.w	r1, [r0, r2, lsl #2]
.Ltmp437:
.LBB4_23:                               @   in Loop: Header=BB4_15 Depth=1
	@DEBUG_VALUE: k <- $r3
	@DEBUG_VALUE: _find_dense:hi <- $r12
	@DEBUG_VALUE: _find_dense:y <- $r11
	@DEBUG_VALUE: _find_dense:cols <- $r0
	@DEBUG_VALUE: _find_dense:d <- $r8
	@DEBUG_VALUE: _find_dense:lo <- $r4
	@DEBUG_VALUE: _find_dense:n <- [DW_OP_plus_uconst 32] [$sp+0]
	@DEBUG_VALUE: find_path_dense:n_ready <- $r4
	@DEBUG_VALUE: find_path_dense:hi <- $r10
	@DEBUG_VALUE: find_path_dense:lo <- $r4
	@DEBUG_VALUE: find_path_dense:start_i <- [DW_OP_LLVM_entry_value 1] $r2
	@DEBUG_VALUE: find_path_dense:d <- $r8
	@DEBUG_VALUE: find_path_dense:cost <- [DW_OP_plus_uconst 24] [$sp+0]
	@DEBUG_VALUE: find_path_dense:y <- $r11
	@DEBUG_VALUE: find_path_dense:pred <- [DW_OP_plus_uconst 76] [$sp+0]
	@DEBUG_VALUE: find_path_dense:v <- [DW_OP_plus_uconst 72] [$sp+0]
	@DEBUG_VALUE: _find_dense:hi <- $r12
	@DEBUG_VALUE: _find_dense:mind <- $d0
	.loc	2 157 2                         @ ../ByteTrack/lapjv.cpp:157:2
	cmp	r6, #2
.Ltmp438:
	.loc	2 157 30 is_stmt 0              @ ../ByteTrack/lapjv.cpp:157:30
	add.w	r3, r10, #3
.Ltmp439:
	@DEBUG_VALUE: k <- $r3
	.loc	2 157 2                         @ ../ByteTrack/lapjv.cpp:157:2
	beq	.LBB4_29
.Ltmp440:
@ %bb.24:                               @   in Loop: Header=BB4_15 Depth=1
	@DEBUG_VALUE: k <- $r3
	@DEBUG_VALUE: _find_dense:mind <- $d0
	@DEBUG_VALUE: _find_dense:hi <- $r12
	@DEBUG_VALUE: _find_dense:y <- $r11
	@DEBUG_VALUE: _find_dense:cols <- $r0
	@DEBUG_VALUE: _find_dense:d <- $r8
	@DEBUG_VALUE: _find_dense:lo <- $r4
	@DEBUG_VALUE: _find_dense:n <- [DW_OP_plus_uconst 32] [$sp+0]
	@DEBUG_VALUE: find_path_dense:n_ready <- $r4
	@DEBUG_VALUE: find_path_dense:hi <- $r10
	@DEBUG_VALUE: find_path_dense:lo <- $r4
	@DEBUG_VALUE: find_path_dense:start_i <- [DW_OP_LLVM_entry_value 1] $r2
	@DEBUG_VALUE: find_path_dense:d <- $r8
	@DEBUG_VALUE: find_path_dense:cost <- [DW_OP_plus_uconst 24] [$sp+0]
	@DEBUG_VALUE: find_path_dense:y <- $r11
	@DEBUG_VALUE: find_path_dense:pred <- [DW_OP_plus_uconst 76] [$sp+0]
	@DEBUG_VALUE: find_path_dense:v <- [DW_OP_plus_uconst 72] [$sp+0]
	@DEBUG_VALUE: k <- $r3
	@DEBUG_VALUE: _find_dense:hi <- $r12
	@DEBUG_VALUE: _find_dense:mind <- $d0
	.loc	2 158 13 is_stmt 1              @ ../ByteTrack/lapjv.cpp:158:13
	ldr.w	r1, [r0, r3, lsl #2]
.Ltmp441:
	@DEBUG_VALUE: j <- $r1
	.loc	2 159 7                         @ ../ByteTrack/lapjv.cpp:159:7
	add.w	r2, r8, r1, lsl #3
	vldr	d1, [r2]
.Ltmp442:
	.loc	2 159 7 is_stmt 0               @ ../ByteTrack/lapjv.cpp:159:7
	vcmp.f64	d1, d0
	vmrs	APSR_nzcv, fpscr
	bgt	.LBB4_26
.Ltmp443:
@ %bb.25:                               @   in Loop: Header=BB4_15 Depth=1
	@DEBUG_VALUE: k <- $r3
	@DEBUG_VALUE: j <- $r1
	@DEBUG_VALUE: _find_dense:mind <- $d0
	@DEBUG_VALUE: _find_dense:hi <- $r12
	@DEBUG_VALUE: _find_dense:y <- $r11
	@DEBUG_VALUE: _find_dense:cols <- $r0
	@DEBUG_VALUE: _find_dense:d <- $r8
	@DEBUG_VALUE: _find_dense:lo <- $r4
	@DEBUG_VALUE: _find_dense:n <- [DW_OP_plus_uconst 32] [$sp+0]
	@DEBUG_VALUE: find_path_dense:n_ready <- $r4
	@DEBUG_VALUE: find_path_dense:hi <- $r10
	@DEBUG_VALUE: find_path_dense:lo <- $r4
	@DEBUG_VALUE: find_path_dense:start_i <- [DW_OP_LLVM_entry_value 1] $r2
	@DEBUG_VALUE: find_path_dense:d <- $r8
	@DEBUG_VALUE: find_path_dense:cost <- [DW_OP_plus_uconst 24] [$sp+0]
	@DEBUG_VALUE: find_path_dense:y <- $r11
	@DEBUG_VALUE: find_path_dense:pred <- [DW_OP_plus_uconst 76] [$sp+0]
	@DEBUG_VALUE: find_path_dense:v <- [DW_OP_plus_uconst 72] [$sp+0]
	.loc	2 160 8 is_stmt 1               @ ../ByteTrack/lapjv.cpp:160:8
	vcmp.f64	d1, d0
	vmrs	APSR_nzcv, fpscr
	csel	r2, r10, r12, lt
.Ltmp444:
	@DEBUG_VALUE: _find_dense:mind <- undef
	@DEBUG_VALUE: _find_dense:hi <- $r2
	.loc	2 164 14                        @ ../ByteTrack/lapjv.cpp:164:14
	ldr.w	r6, [r0, r2, lsl #2]
	.loc	2 165 11                        @ ../ByteTrack/lapjv.cpp:165:11
	add.w	r12, r2, #1
.Ltmp445:
	@DEBUG_VALUE: _find_dense:hi <- $r12
	.loc	2 160 8                         @ ../ByteTrack/lapjv.cpp:160:8
	vminnm.f64	d0, d1, d0
	.loc	2 164 12                        @ ../ByteTrack/lapjv.cpp:164:12
	str.w	r6, [r0, r3, lsl #2]
	.loc	2 165 15                        @ ../ByteTrack/lapjv.cpp:165:15
	str.w	r1, [r0, r2, lsl #2]
.Ltmp446:
.LBB4_26:                               @   in Loop: Header=BB4_15 Depth=1
	@DEBUG_VALUE: k <- $r3
	@DEBUG_VALUE: _find_dense:hi <- $r12
	@DEBUG_VALUE: _find_dense:y <- $r11
	@DEBUG_VALUE: _find_dense:cols <- $r0
	@DEBUG_VALUE: _find_dense:d <- $r8
	@DEBUG_VALUE: _find_dense:lo <- $r4
	@DEBUG_VALUE: _find_dense:n <- [DW_OP_plus_uconst 32] [$sp+0]
	@DEBUG_VALUE: find_path_dense:n_ready <- $r4
	@DEBUG_VALUE: find_path_dense:hi <- $r10
	@DEBUG_VALUE: find_path_dense:lo <- $r4
	@DEBUG_VALUE: find_path_dense:start_i <- [DW_OP_LLVM_entry_value 1] $r2
	@DEBUG_VALUE: find_path_dense:d <- $r8
	@DEBUG_VALUE: find_path_dense:cost <- [DW_OP_plus_uconst 24] [$sp+0]
	@DEBUG_VALUE: find_path_dense:y <- $r11
	@DEBUG_VALUE: find_path_dense:pred <- [DW_OP_plus_uconst 76] [$sp+0]
	@DEBUG_VALUE: find_path_dense:v <- [DW_OP_plus_uconst 72] [$sp+0]
	@DEBUG_VALUE: _find_dense:hi <- $r12
	@DEBUG_VALUE: _find_dense:mind <- $d0
	.loc	2 157 30                        @ ../ByteTrack/lapjv.cpp:157:30
	add.w	r3, r10, #4
.Ltmp447:
	@DEBUG_VALUE: k <- $r3
	.loc	2 0 30 is_stmt 0                @ ../ByteTrack/lapjv.cpp:0:30
	b	.LBB4_29
.Ltmp448:
	.p2align	2
.LBB4_27:                               @   in Loop: Header=BB4_15 Depth=1
	@DEBUG_VALUE: find_path_dense:n_ready <- [DW_OP_plus_uconst 20] [$sp+0]
	@DEBUG_VALUE: find_path_dense:hi <- $r10
	@DEBUG_VALUE: find_path_dense:lo <- $r4
	@DEBUG_VALUE: find_path_dense:start_i <- [DW_OP_LLVM_entry_value 1] $r2
	@DEBUG_VALUE: find_path_dense:d <- $r8
	@DEBUG_VALUE: find_path_dense:cost <- [DW_OP_plus_uconst 24] [$sp+0]
	@DEBUG_VALUE: find_path_dense:y <- $r11
	@DEBUG_VALUE: find_path_dense:pred <- [DW_OP_plus_uconst 76] [$sp+0]
	@DEBUG_VALUE: find_path_dense:v <- [DW_OP_plus_uconst 72] [$sp+0]
	mov	r12, r10
	.loc	2 241 7 is_stmt 1               @ ../ByteTrack/lapjv.cpp:241:7
	b	.LBB4_51
.Ltmp449:
.LBB4_28:                               @   in Loop: Header=BB4_15 Depth=1
	@DEBUG_VALUE: _find_dense:mind <- $d0
	@DEBUG_VALUE: _find_dense:hi <- $r12
	@DEBUG_VALUE: _find_dense:y <- $r11
	@DEBUG_VALUE: _find_dense:cols <- $r0
	@DEBUG_VALUE: _find_dense:d <- $r8
	@DEBUG_VALUE: _find_dense:lo <- $r4
	@DEBUG_VALUE: _find_dense:n <- [DW_OP_plus_uconst 32] [$sp+0]
	@DEBUG_VALUE: find_path_dense:n_ready <- $r4
	@DEBUG_VALUE: find_path_dense:hi <- $r10
	@DEBUG_VALUE: find_path_dense:lo <- $r4
	@DEBUG_VALUE: find_path_dense:start_i <- [DW_OP_LLVM_entry_value 1] $r2
	@DEBUG_VALUE: find_path_dense:d <- $r8
	@DEBUG_VALUE: find_path_dense:cost <- [DW_OP_plus_uconst 24] [$sp+0]
	@DEBUG_VALUE: find_path_dense:y <- $r11
	@DEBUG_VALUE: find_path_dense:pred <- [DW_OP_plus_uconst 76] [$sp+0]
	@DEBUG_VALUE: find_path_dense:v <- [DW_OP_plus_uconst 72] [$sp+0]
	.loc	2 0 7 is_stmt 0                 @ ../ByteTrack/lapjv.cpp:0:7
	mov	r3, r12
.Ltmp450:
.LBB4_29:                               @   in Loop: Header=BB4_15 Depth=1
	@DEBUG_VALUE: _find_dense:mind <- $d0
	@DEBUG_VALUE: _find_dense:hi <- $r12
	@DEBUG_VALUE: _find_dense:y <- $r11
	@DEBUG_VALUE: _find_dense:cols <- $r0
	@DEBUG_VALUE: _find_dense:d <- $r8
	@DEBUG_VALUE: _find_dense:lo <- $r4
	@DEBUG_VALUE: _find_dense:n <- [DW_OP_plus_uconst 32] [$sp+0]
	@DEBUG_VALUE: find_path_dense:n_ready <- $r4
	@DEBUG_VALUE: find_path_dense:hi <- $r10
	@DEBUG_VALUE: find_path_dense:lo <- $r4
	@DEBUG_VALUE: find_path_dense:start_i <- [DW_OP_LLVM_entry_value 1] $r2
	@DEBUG_VALUE: find_path_dense:d <- $r8
	@DEBUG_VALUE: find_path_dense:cost <- [DW_OP_plus_uconst 24] [$sp+0]
	@DEBUG_VALUE: find_path_dense:y <- $r11
	@DEBUG_VALUE: find_path_dense:pred <- [DW_OP_plus_uconst 76] [$sp+0]
	@DEBUG_VALUE: find_path_dense:v <- [DW_OP_plus_uconst 72] [$sp+0]
	.loc	2 157 2 is_stmt 1               @ ../ByteTrack/lapjv.cpp:157:2
	ldr	r1, [sp, #8]                    @ 4-byte Reload
	sub.w	r1, r1, r10
	cmp	r1, #3
	bhs	.LBB4_34
.Ltmp451:
.LBB4_30:                               @   in Loop: Header=BB4_15 Depth=1
	@DEBUG_VALUE: find_path_dense:n_ready <- $r4
	@DEBUG_VALUE: find_path_dense:hi <- $r10
	@DEBUG_VALUE: find_path_dense:lo <- $r4
	@DEBUG_VALUE: find_path_dense:start_i <- [DW_OP_LLVM_entry_value 1] $r2
	@DEBUG_VALUE: find_path_dense:d <- $r8
	@DEBUG_VALUE: find_path_dense:cost <- [DW_OP_plus_uconst 24] [$sp+0]
	@DEBUG_VALUE: find_path_dense:y <- $r11
	@DEBUG_VALUE: find_path_dense:pred <- [DW_OP_plus_uconst 76] [$sp+0]
	@DEBUG_VALUE: find_path_dense:v <- [DW_OP_plus_uconst 72] [$sp+0]
	@DEBUG_VALUE: find_path_dense:hi <- $r12
	@DEBUG_VALUE: find_path_dense:final_j <- -1
	@DEBUG_VALUE: k <- $r4
	.loc	2 247 4                         @ ../ByteTrack/lapjv.cpp:247:4
	cmp	r12, r10
	bls	.LBB4_33
.Ltmp452:
@ %bb.31:                               @   in Loop: Header=BB4_15 Depth=1
	@DEBUG_VALUE: k <- $r4
	@DEBUG_VALUE: find_path_dense:hi <- $r12
	@DEBUG_VALUE: find_path_dense:n_ready <- $r4
	@DEBUG_VALUE: find_path_dense:lo <- $r4
	@DEBUG_VALUE: find_path_dense:start_i <- [DW_OP_LLVM_entry_value 1] $r2
	@DEBUG_VALUE: find_path_dense:d <- $r8
	@DEBUG_VALUE: find_path_dense:cost <- [DW_OP_plus_uconst 24] [$sp+0]
	@DEBUG_VALUE: find_path_dense:y <- $r11
	@DEBUG_VALUE: find_path_dense:final_j <- -1
	@DEBUG_VALUE: find_path_dense:pred <- [DW_OP_plus_uconst 76] [$sp+0]
	@DEBUG_VALUE: find_path_dense:v <- [DW_OP_plus_uconst 72] [$sp+0]
	add.w	r1, r12, r7
	cmp	r1, #3
	sub.w	r1, r12, r10
	strd	r10, r1, [sp, #16]              @ 8-byte Folded Spill
	bhs.w	.LBB4_44
.Ltmp453:
@ %bb.32:                               @   in Loop: Header=BB4_15 Depth=1
	@DEBUG_VALUE: k <- $r4
	@DEBUG_VALUE: find_path_dense:hi <- $r12
	@DEBUG_VALUE: find_path_dense:n_ready <- $r4
	@DEBUG_VALUE: find_path_dense:lo <- $r4
	@DEBUG_VALUE: find_path_dense:start_i <- [DW_OP_LLVM_entry_value 1] $r2
	@DEBUG_VALUE: find_path_dense:d <- $r8
	@DEBUG_VALUE: find_path_dense:cost <- [DW_OP_plus_uconst 24] [$sp+0]
	@DEBUG_VALUE: find_path_dense:y <- $r11
	@DEBUG_VALUE: find_path_dense:final_j <- -1
	@DEBUG_VALUE: find_path_dense:pred <- [DW_OP_plus_uconst 76] [$sp+0]
	@DEBUG_VALUE: find_path_dense:v <- [DW_OP_plus_uconst 72] [$sp+0]
	.loc	2 0 4 is_stmt 0                 @ ../ByteTrack/lapjv.cpp:0:4
	mov.w	r6, #-1
	mov	r3, r10
	b	.LBB4_46
.Ltmp454:
	.p2align	2
.LBB4_33:                               @   in Loop: Header=BB4_15 Depth=1
	@DEBUG_VALUE: k <- $r4
	@DEBUG_VALUE: find_path_dense:hi <- $r12
	@DEBUG_VALUE: find_path_dense:n_ready <- $r4
	@DEBUG_VALUE: find_path_dense:lo <- $r4
	@DEBUG_VALUE: find_path_dense:start_i <- [DW_OP_LLVM_entry_value 1] $r2
	@DEBUG_VALUE: find_path_dense:d <- $r8
	@DEBUG_VALUE: find_path_dense:cost <- [DW_OP_plus_uconst 24] [$sp+0]
	@DEBUG_VALUE: find_path_dense:y <- $r11
	@DEBUG_VALUE: find_path_dense:final_j <- -1
	@DEBUG_VALUE: find_path_dense:pred <- [DW_OP_plus_uconst 76] [$sp+0]
	@DEBUG_VALUE: find_path_dense:v <- [DW_OP_plus_uconst 72] [$sp+0]
	str.w	r10, [sp, #20]                  @ 4-byte Spill
	.loc	2 247 4                         @ ../ByteTrack/lapjv.cpp:247:4
	b	.LBB4_51
.Ltmp455:
.LBB4_34:                               @   in Loop: Header=BB4_15 Depth=1
	@DEBUG_VALUE: _find_dense:mind <- $d0
	@DEBUG_VALUE: _find_dense:hi <- $r12
	@DEBUG_VALUE: _find_dense:y <- $r11
	@DEBUG_VALUE: _find_dense:cols <- $r0
	@DEBUG_VALUE: _find_dense:d <- $r8
	@DEBUG_VALUE: _find_dense:lo <- $r4
	@DEBUG_VALUE: _find_dense:n <- [DW_OP_plus_uconst 32] [$sp+0]
	@DEBUG_VALUE: find_path_dense:n_ready <- $r4
	@DEBUG_VALUE: find_path_dense:hi <- $r10
	@DEBUG_VALUE: find_path_dense:lo <- $r4
	@DEBUG_VALUE: find_path_dense:start_i <- [DW_OP_LLVM_entry_value 1] $r2
	@DEBUG_VALUE: find_path_dense:d <- $r8
	@DEBUG_VALUE: find_path_dense:cost <- [DW_OP_plus_uconst 24] [$sp+0]
	@DEBUG_VALUE: find_path_dense:y <- $r11
	@DEBUG_VALUE: find_path_dense:pred <- [DW_OP_plus_uconst 76] [$sp+0]
	@DEBUG_VALUE: find_path_dense:v <- [DW_OP_plus_uconst 72] [$sp+0]
	.loc	2 157 2 is_stmt 1               @ ../ByteTrack/lapjv.cpp:157:2
	ldr	r1, [sp, #4]                    @ 4-byte Reload
	movs	r2, #1
	subs	r1, r1, r3
	add.w	lr, r2, r1, lsr #2
	mov	lr, lr
	ldr	r1, [sp, #12]                   @ 4-byte Reload
	add.w	r6, r1, r3, lsl #2
	b	.LBB4_36
.Ltmp456:
	.loc	2 0 2 is_stmt 0                 @ :0:2
.Ltmp457:
	.p2align	2
.LBB4_35:                               @   in Loop: Header=BB4_36 Depth=2
	@DEBUG_VALUE: k <- [DW_OP_plus_uconst 3, DW_OP_stack_value] $r6
	@DEBUG_VALUE: _find_dense:hi <- $r12
	@DEBUG_VALUE: _find_dense:y <- $r11
	@DEBUG_VALUE: _find_dense:cols <- $r0
	@DEBUG_VALUE: _find_dense:d <- $r8
	@DEBUG_VALUE: _find_dense:lo <- $r4
	@DEBUG_VALUE: _find_dense:n <- [DW_OP_plus_uconst 32] [$sp+0]
	@DEBUG_VALUE: find_path_dense:n_ready <- $r4
	@DEBUG_VALUE: find_path_dense:hi <- $r10
	@DEBUG_VALUE: find_path_dense:lo <- $r4
	@DEBUG_VALUE: find_path_dense:start_i <- [DW_OP_LLVM_entry_value 1] $r2
	@DEBUG_VALUE: find_path_dense:d <- $r8
	@DEBUG_VALUE: find_path_dense:cost <- [DW_OP_plus_uconst 24] [$sp+0]
	@DEBUG_VALUE: find_path_dense:y <- $r11
	@DEBUG_VALUE: find_path_dense:pred <- [DW_OP_plus_uconst 76] [$sp+0]
	@DEBUG_VALUE: find_path_dense:v <- [DW_OP_plus_uconst 72] [$sp+0]
	@DEBUG_VALUE: k <- [DW_OP_LLVM_arg 0, DW_OP_consts 8, DW_OP_consts 4, DW_OP_LLVM_arg 0, DW_OP_mul, DW_OP_plus, DW_OP_LLVM_arg 0, DW_OP_plus, DW_OP_minus, DW_OP_consts 16, DW_OP_div, DW_OP_consts 4, DW_OP_mul, DW_OP_consts 4, DW_OP_LLVM_arg 0, DW_OP_plus, DW_OP_plus, DW_OP_stack_value] undef
	@DEBUG_VALUE: _find_dense:hi <- $r12
	@DEBUG_VALUE: _find_dense:mind <- $d0
	.loc	2 157 24                        @ ../ByteTrack/lapjv.cpp:157:24
	adds	r6, #16
.Ltmp458:
	.loc	2 157 2                         @ ../ByteTrack/lapjv.cpp:157:2
	subs.w	lr, lr, #1
	bne	.LBB4_36
	b	.LBB4_30
.Ltmp459:
.LBB4_36:                               @   Parent Loop BB4_15 Depth=1
                                        @ =>  This Inner Loop Header: Depth=2
	@DEBUG_VALUE: _find_dense:mind <- $d0
	@DEBUG_VALUE: _find_dense:hi <- $r12
	@DEBUG_VALUE: _find_dense:y <- $r11
	@DEBUG_VALUE: _find_dense:cols <- $r0
	@DEBUG_VALUE: _find_dense:d <- $r8
	@DEBUG_VALUE: _find_dense:lo <- $r4
	@DEBUG_VALUE: _find_dense:n <- [DW_OP_plus_uconst 32] [$sp+0]
	@DEBUG_VALUE: find_path_dense:n_ready <- $r4
	@DEBUG_VALUE: find_path_dense:hi <- $r10
	@DEBUG_VALUE: find_path_dense:lo <- $r4
	@DEBUG_VALUE: find_path_dense:start_i <- [DW_OP_LLVM_entry_value 1] $r2
	@DEBUG_VALUE: find_path_dense:d <- $r8
	@DEBUG_VALUE: find_path_dense:cost <- [DW_OP_plus_uconst 24] [$sp+0]
	@DEBUG_VALUE: find_path_dense:y <- $r11
	@DEBUG_VALUE: find_path_dense:pred <- [DW_OP_plus_uconst 76] [$sp+0]
	@DEBUG_VALUE: find_path_dense:v <- [DW_OP_plus_uconst 72] [$sp+0]
	@DEBUG_VALUE: k <- [DW_OP_LLVM_arg 0, DW_OP_consts 8, DW_OP_consts 4, DW_OP_LLVM_arg 0, DW_OP_mul, DW_OP_plus, DW_OP_LLVM_arg 0, DW_OP_plus, DW_OP_minus, DW_OP_consts 16, DW_OP_div, DW_OP_consts 4, DW_OP_mul, DW_OP_LLVM_arg 0, DW_OP_plus, DW_OP_stack_value] undef
	@DEBUG_VALUE: _find_dense:hi <- $r12
	@DEBUG_VALUE: _find_dense:mind <- $d0
	.loc	2 158 13 is_stmt 1              @ ../ByteTrack/lapjv.cpp:158:13
	ldr	r1, [r6, #-8]
.Ltmp460:
	@DEBUG_VALUE: j <- $r1
	.loc	2 159 7                         @ ../ByteTrack/lapjv.cpp:159:7
	add.w	r2, r8, r1, lsl #3
	vldr	d1, [r2]
.Ltmp461:
	.loc	2 159 7 is_stmt 0               @ ../ByteTrack/lapjv.cpp:159:7
	vcmp.f64	d1, d0
	vmrs	APSR_nzcv, fpscr
	bgt	.LBB4_38
.Ltmp462:
@ %bb.37:                               @   in Loop: Header=BB4_36 Depth=2
	@DEBUG_VALUE: j <- $r1
	@DEBUG_VALUE: _find_dense:mind <- $d0
	@DEBUG_VALUE: _find_dense:hi <- $r12
	@DEBUG_VALUE: _find_dense:y <- $r11
	@DEBUG_VALUE: _find_dense:cols <- $r0
	@DEBUG_VALUE: _find_dense:d <- $r8
	@DEBUG_VALUE: _find_dense:lo <- $r4
	@DEBUG_VALUE: _find_dense:n <- [DW_OP_plus_uconst 32] [$sp+0]
	@DEBUG_VALUE: find_path_dense:n_ready <- $r4
	@DEBUG_VALUE: find_path_dense:hi <- $r10
	@DEBUG_VALUE: find_path_dense:lo <- $r4
	@DEBUG_VALUE: find_path_dense:start_i <- [DW_OP_LLVM_entry_value 1] $r2
	@DEBUG_VALUE: find_path_dense:d <- $r8
	@DEBUG_VALUE: find_path_dense:cost <- [DW_OP_plus_uconst 24] [$sp+0]
	@DEBUG_VALUE: find_path_dense:y <- $r11
	@DEBUG_VALUE: find_path_dense:pred <- [DW_OP_plus_uconst 76] [$sp+0]
	@DEBUG_VALUE: find_path_dense:v <- [DW_OP_plus_uconst 72] [$sp+0]
	.loc	2 160 8 is_stmt 1               @ ../ByteTrack/lapjv.cpp:160:8
	vcmp.f64	d1, d0
	vmrs	APSR_nzcv, fpscr
	csel	r2, r10, r12, lt
.Ltmp463:
	@DEBUG_VALUE: _find_dense:mind <- undef
	@DEBUG_VALUE: _find_dense:hi <- $r2
	.loc	2 164 14                        @ ../ByteTrack/lapjv.cpp:164:14
	ldr.w	r3, [r0, r2, lsl #2]
	.loc	2 165 11                        @ ../ByteTrack/lapjv.cpp:165:11
	add.w	r12, r2, #1
.Ltmp464:
	@DEBUG_VALUE: _find_dense:hi <- $r12
	.loc	2 160 8                         @ ../ByteTrack/lapjv.cpp:160:8
	vminnm.f64	d0, d1, d0
	.loc	2 164 12                        @ ../ByteTrack/lapjv.cpp:164:12
	str	r3, [r6, #-8]
	.loc	2 165 15                        @ ../ByteTrack/lapjv.cpp:165:15
	str.w	r1, [r0, r2, lsl #2]
.Ltmp465:
.LBB4_38:                               @   in Loop: Header=BB4_36 Depth=2
	@DEBUG_VALUE: j <- $r1
	@DEBUG_VALUE: _find_dense:hi <- $r12
	@DEBUG_VALUE: _find_dense:y <- $r11
	@DEBUG_VALUE: _find_dense:cols <- $r0
	@DEBUG_VALUE: _find_dense:d <- $r8
	@DEBUG_VALUE: _find_dense:lo <- $r4
	@DEBUG_VALUE: _find_dense:n <- [DW_OP_plus_uconst 32] [$sp+0]
	@DEBUG_VALUE: find_path_dense:n_ready <- $r4
	@DEBUG_VALUE: find_path_dense:hi <- $r10
	@DEBUG_VALUE: find_path_dense:lo <- $r4
	@DEBUG_VALUE: find_path_dense:start_i <- [DW_OP_LLVM_entry_value 1] $r2
	@DEBUG_VALUE: find_path_dense:d <- $r8
	@DEBUG_VALUE: find_path_dense:cost <- [DW_OP_plus_uconst 24] [$sp+0]
	@DEBUG_VALUE: find_path_dense:y <- $r11
	@DEBUG_VALUE: find_path_dense:pred <- [DW_OP_plus_uconst 76] [$sp+0]
	@DEBUG_VALUE: find_path_dense:v <- [DW_OP_plus_uconst 72] [$sp+0]
	@DEBUG_VALUE: k <- [DW_OP_plus_uconst 1, DW_OP_stack_value] $r6
	@DEBUG_VALUE: _find_dense:hi <- $r12
	@DEBUG_VALUE: _find_dense:mind <- $d0
	.loc	2 158 13                        @ ../ByteTrack/lapjv.cpp:158:13
	ldr	r1, [r6, #-4]
.Ltmp466:
	@DEBUG_VALUE: j <- $r1
	.loc	2 159 7                         @ ../ByteTrack/lapjv.cpp:159:7
	add.w	r2, r8, r1, lsl #3
	vldr	d1, [r2]
.Ltmp467:
	.loc	2 159 7 is_stmt 0               @ ../ByteTrack/lapjv.cpp:159:7
	vcmp.f64	d1, d0
	vmrs	APSR_nzcv, fpscr
	bgt	.LBB4_40
.Ltmp468:
@ %bb.39:                               @   in Loop: Header=BB4_36 Depth=2
	@DEBUG_VALUE: k <- [DW_OP_plus_uconst 1, DW_OP_stack_value] $r6
	@DEBUG_VALUE: j <- $r1
	@DEBUG_VALUE: _find_dense:mind <- $d0
	@DEBUG_VALUE: _find_dense:hi <- $r12
	@DEBUG_VALUE: _find_dense:y <- $r11
	@DEBUG_VALUE: _find_dense:cols <- $r0
	@DEBUG_VALUE: _find_dense:d <- $r8
	@DEBUG_VALUE: _find_dense:lo <- $r4
	@DEBUG_VALUE: _find_dense:n <- [DW_OP_plus_uconst 32] [$sp+0]
	@DEBUG_VALUE: find_path_dense:n_ready <- $r4
	@DEBUG_VALUE: find_path_dense:hi <- $r10
	@DEBUG_VALUE: find_path_dense:lo <- $r4
	@DEBUG_VALUE: find_path_dense:start_i <- [DW_OP_LLVM_entry_value 1] $r2
	@DEBUG_VALUE: find_path_dense:d <- $r8
	@DEBUG_VALUE: find_path_dense:cost <- [DW_OP_plus_uconst 24] [$sp+0]
	@DEBUG_VALUE: find_path_dense:y <- $r11
	@DEBUG_VALUE: find_path_dense:pred <- [DW_OP_plus_uconst 76] [$sp+0]
	@DEBUG_VALUE: find_path_dense:v <- [DW_OP_plus_uconst 72] [$sp+0]
	.loc	2 160 8 is_stmt 1               @ ../ByteTrack/lapjv.cpp:160:8
	vcmp.f64	d1, d0
	vmrs	APSR_nzcv, fpscr
	csel	r2, r10, r12, lt
.Ltmp469:
	@DEBUG_VALUE: _find_dense:mind <- undef
	@DEBUG_VALUE: _find_dense:hi <- $r2
	.loc	2 164 14                        @ ../ByteTrack/lapjv.cpp:164:14
	ldr.w	r3, [r0, r2, lsl #2]
	.loc	2 165 11                        @ ../ByteTrack/lapjv.cpp:165:11
	add.w	r12, r2, #1
.Ltmp470:
	@DEBUG_VALUE: _find_dense:hi <- $r12
	.loc	2 160 8                         @ ../ByteTrack/lapjv.cpp:160:8
	vminnm.f64	d0, d1, d0
	.loc	2 164 12                        @ ../ByteTrack/lapjv.cpp:164:12
	str	r3, [r6, #-4]
	.loc	2 165 15                        @ ../ByteTrack/lapjv.cpp:165:15
	str.w	r1, [r0, r2, lsl #2]
.Ltmp471:
.LBB4_40:                               @   in Loop: Header=BB4_36 Depth=2
	@DEBUG_VALUE: k <- [DW_OP_plus_uconst 1, DW_OP_stack_value] $r6
	@DEBUG_VALUE: j <- $r1
	@DEBUG_VALUE: _find_dense:hi <- $r12
	@DEBUG_VALUE: _find_dense:y <- $r11
	@DEBUG_VALUE: _find_dense:cols <- $r0
	@DEBUG_VALUE: _find_dense:d <- $r8
	@DEBUG_VALUE: _find_dense:lo <- $r4
	@DEBUG_VALUE: _find_dense:n <- [DW_OP_plus_uconst 32] [$sp+0]
	@DEBUG_VALUE: find_path_dense:n_ready <- $r4
	@DEBUG_VALUE: find_path_dense:hi <- $r10
	@DEBUG_VALUE: find_path_dense:lo <- $r4
	@DEBUG_VALUE: find_path_dense:start_i <- [DW_OP_LLVM_entry_value 1] $r2
	@DEBUG_VALUE: find_path_dense:d <- $r8
	@DEBUG_VALUE: find_path_dense:cost <- [DW_OP_plus_uconst 24] [$sp+0]
	@DEBUG_VALUE: find_path_dense:y <- $r11
	@DEBUG_VALUE: find_path_dense:pred <- [DW_OP_plus_uconst 76] [$sp+0]
	@DEBUG_VALUE: find_path_dense:v <- [DW_OP_plus_uconst 72] [$sp+0]
	@DEBUG_VALUE: k <- [DW_OP_plus_uconst 2, DW_OP_stack_value] $r6
	@DEBUG_VALUE: _find_dense:hi <- $r12
	@DEBUG_VALUE: _find_dense:mind <- $d0
	.loc	2 158 13                        @ ../ByteTrack/lapjv.cpp:158:13
	ldr	r1, [r6]
.Ltmp472:
	@DEBUG_VALUE: j <- $r1
	.loc	2 159 7                         @ ../ByteTrack/lapjv.cpp:159:7
	add.w	r2, r8, r1, lsl #3
	vldr	d1, [r2]
.Ltmp473:
	.loc	2 159 7 is_stmt 0               @ ../ByteTrack/lapjv.cpp:159:7
	vcmp.f64	d1, d0
	vmrs	APSR_nzcv, fpscr
	bgt	.LBB4_42
.Ltmp474:
@ %bb.41:                               @   in Loop: Header=BB4_36 Depth=2
	@DEBUG_VALUE: k <- [DW_OP_plus_uconst 2, DW_OP_stack_value] $r6
	@DEBUG_VALUE: j <- $r1
	@DEBUG_VALUE: _find_dense:mind <- $d0
	@DEBUG_VALUE: _find_dense:hi <- $r12
	@DEBUG_VALUE: _find_dense:y <- $r11
	@DEBUG_VALUE: _find_dense:cols <- $r0
	@DEBUG_VALUE: _find_dense:d <- $r8
	@DEBUG_VALUE: _find_dense:lo <- $r4
	@DEBUG_VALUE: _find_dense:n <- [DW_OP_plus_uconst 32] [$sp+0]
	@DEBUG_VALUE: find_path_dense:n_ready <- $r4
	@DEBUG_VALUE: find_path_dense:hi <- $r10
	@DEBUG_VALUE: find_path_dense:lo <- $r4
	@DEBUG_VALUE: find_path_dense:start_i <- [DW_OP_LLVM_entry_value 1] $r2
	@DEBUG_VALUE: find_path_dense:d <- $r8
	@DEBUG_VALUE: find_path_dense:cost <- [DW_OP_plus_uconst 24] [$sp+0]
	@DEBUG_VALUE: find_path_dense:y <- $r11
	@DEBUG_VALUE: find_path_dense:pred <- [DW_OP_plus_uconst 76] [$sp+0]
	@DEBUG_VALUE: find_path_dense:v <- [DW_OP_plus_uconst 72] [$sp+0]
	.loc	2 160 8 is_stmt 1               @ ../ByteTrack/lapjv.cpp:160:8
	vcmp.f64	d1, d0
	vmrs	APSR_nzcv, fpscr
	csel	r2, r10, r12, lt
.Ltmp475:
	@DEBUG_VALUE: _find_dense:mind <- undef
	@DEBUG_VALUE: _find_dense:hi <- $r2
	.loc	2 164 14                        @ ../ByteTrack/lapjv.cpp:164:14
	ldr.w	r3, [r0, r2, lsl #2]
	.loc	2 165 11                        @ ../ByteTrack/lapjv.cpp:165:11
	add.w	r12, r2, #1
.Ltmp476:
	@DEBUG_VALUE: _find_dense:hi <- $r12
	.loc	2 160 8                         @ ../ByteTrack/lapjv.cpp:160:8
	vminnm.f64	d0, d1, d0
	.loc	2 164 12                        @ ../ByteTrack/lapjv.cpp:164:12
	str	r3, [r6]
	.loc	2 165 15                        @ ../ByteTrack/lapjv.cpp:165:15
	str.w	r1, [r0, r2, lsl #2]
.Ltmp477:
.LBB4_42:                               @   in Loop: Header=BB4_36 Depth=2
	@DEBUG_VALUE: k <- [DW_OP_plus_uconst 2, DW_OP_stack_value] $r6
	@DEBUG_VALUE: j <- $r1
	@DEBUG_VALUE: _find_dense:hi <- $r12
	@DEBUG_VALUE: _find_dense:y <- $r11
	@DEBUG_VALUE: _find_dense:cols <- $r0
	@DEBUG_VALUE: _find_dense:d <- $r8
	@DEBUG_VALUE: _find_dense:lo <- $r4
	@DEBUG_VALUE: _find_dense:n <- [DW_OP_plus_uconst 32] [$sp+0]
	@DEBUG_VALUE: find_path_dense:n_ready <- $r4
	@DEBUG_VALUE: find_path_dense:hi <- $r10
	@DEBUG_VALUE: find_path_dense:lo <- $r4
	@DEBUG_VALUE: find_path_dense:start_i <- [DW_OP_LLVM_entry_value 1] $r2
	@DEBUG_VALUE: find_path_dense:d <- $r8
	@DEBUG_VALUE: find_path_dense:cost <- [DW_OP_plus_uconst 24] [$sp+0]
	@DEBUG_VALUE: find_path_dense:y <- $r11
	@DEBUG_VALUE: find_path_dense:pred <- [DW_OP_plus_uconst 76] [$sp+0]
	@DEBUG_VALUE: find_path_dense:v <- [DW_OP_plus_uconst 72] [$sp+0]
	@DEBUG_VALUE: k <- [DW_OP_plus_uconst 3, DW_OP_stack_value] $r6
	@DEBUG_VALUE: _find_dense:hi <- $r12
	@DEBUG_VALUE: _find_dense:mind <- $d0
	.loc	2 158 13                        @ ../ByteTrack/lapjv.cpp:158:13
	ldr	r1, [r6, #4]
.Ltmp478:
	@DEBUG_VALUE: j <- $r1
	.loc	2 159 7                         @ ../ByteTrack/lapjv.cpp:159:7
	add.w	r2, r8, r1, lsl #3
	vldr	d1, [r2]
.Ltmp479:
	.loc	2 159 7 is_stmt 0               @ ../ByteTrack/lapjv.cpp:159:7
	vcmp.f64	d1, d0
	vmrs	APSR_nzcv, fpscr
	bgt	.LBB4_35
.Ltmp480:
@ %bb.43:                               @   in Loop: Header=BB4_36 Depth=2
	@DEBUG_VALUE: k <- [DW_OP_plus_uconst 3, DW_OP_stack_value] $r6
	@DEBUG_VALUE: j <- $r1
	@DEBUG_VALUE: _find_dense:mind <- $d0
	@DEBUG_VALUE: _find_dense:hi <- $r12
	@DEBUG_VALUE: _find_dense:y <- $r11
	@DEBUG_VALUE: _find_dense:cols <- $r0
	@DEBUG_VALUE: _find_dense:d <- $r8
	@DEBUG_VALUE: _find_dense:lo <- $r4
	@DEBUG_VALUE: _find_dense:n <- [DW_OP_plus_uconst 32] [$sp+0]
	@DEBUG_VALUE: find_path_dense:n_ready <- $r4
	@DEBUG_VALUE: find_path_dense:hi <- $r10
	@DEBUG_VALUE: find_path_dense:lo <- $r4
	@DEBUG_VALUE: find_path_dense:start_i <- [DW_OP_LLVM_entry_value 1] $r2
	@DEBUG_VALUE: find_path_dense:d <- $r8
	@DEBUG_VALUE: find_path_dense:cost <- [DW_OP_plus_uconst 24] [$sp+0]
	@DEBUG_VALUE: find_path_dense:y <- $r11
	@DEBUG_VALUE: find_path_dense:pred <- [DW_OP_plus_uconst 76] [$sp+0]
	@DEBUG_VALUE: find_path_dense:v <- [DW_OP_plus_uconst 72] [$sp+0]
	.loc	2 160 8 is_stmt 1               @ ../ByteTrack/lapjv.cpp:160:8
	vcmp.f64	d1, d0
	vmrs	APSR_nzcv, fpscr
	csel	r2, r10, r12, lt
.Ltmp481:
	@DEBUG_VALUE: _find_dense:mind <- undef
	@DEBUG_VALUE: _find_dense:hi <- $r2
	.loc	2 164 14                        @ ../ByteTrack/lapjv.cpp:164:14
	ldr.w	r3, [r0, r2, lsl #2]
	.loc	2 165 11                        @ ../ByteTrack/lapjv.cpp:165:11
	add.w	r12, r2, #1
.Ltmp482:
	@DEBUG_VALUE: _find_dense:hi <- $r12
	.loc	2 160 8                         @ ../ByteTrack/lapjv.cpp:160:8
	vminnm.f64	d0, d1, d0
	.loc	2 164 12                        @ ../ByteTrack/lapjv.cpp:164:12
	str	r3, [r6, #4]
	.loc	2 165 15                        @ ../ByteTrack/lapjv.cpp:165:15
	str.w	r1, [r0, r2, lsl #2]
	b	.LBB4_35
.Ltmp483:
.LBB4_44:                               @   in Loop: Header=BB4_15 Depth=1
	@DEBUG_VALUE: k <- $r4
	@DEBUG_VALUE: find_path_dense:hi <- $r12
	@DEBUG_VALUE: find_path_dense:n_ready <- $r4
	@DEBUG_VALUE: find_path_dense:lo <- $r4
	@DEBUG_VALUE: find_path_dense:start_i <- [DW_OP_LLVM_entry_value 1] $r2
	@DEBUG_VALUE: find_path_dense:d <- $r8
	@DEBUG_VALUE: find_path_dense:cost <- [DW_OP_plus_uconst 24] [$sp+0]
	@DEBUG_VALUE: find_path_dense:y <- $r11
	@DEBUG_VALUE: find_path_dense:final_j <- -1
	@DEBUG_VALUE: find_path_dense:pred <- [DW_OP_plus_uconst 76] [$sp+0]
	@DEBUG_VALUE: find_path_dense:v <- [DW_OP_plus_uconst 72] [$sp+0]
	.loc	2 247 4                         @ ../ByteTrack/lapjv.cpp:247:4
	bic	r1, r1, #3
	movs	r2, #1
	subs	r1, #4
	mov.w	r6, #-1
	add.w	lr, r2, r1, lsr #2
	mov	r3, r10
	ldr	r1, [sp, #12]                   @ 4-byte Reload
	add.w	r1, r1, r10, lsl #2
.Ltmp484:
	.loc	2 0 4 is_stmt 0                 @ :0:4
.Ltmp485:
	.p2align	2
.LBB4_45:                               @   Parent Loop BB4_15 Depth=1
                                        @ =>  This Inner Loop Header: Depth=2
	@DEBUG_VALUE: find_path_dense:hi <- $r12
	@DEBUG_VALUE: find_path_dense:start_i <- [DW_OP_LLVM_entry_value 1] $r2
	@DEBUG_VALUE: find_path_dense:d <- $r8
	@DEBUG_VALUE: find_path_dense:cost <- [DW_OP_plus_uconst 24] [$sp+0]
	@DEBUG_VALUE: find_path_dense:y <- $r11
	@DEBUG_VALUE: find_path_dense:pred <- [DW_OP_plus_uconst 76] [$sp+0]
	@DEBUG_VALUE: find_path_dense:v <- [DW_OP_plus_uconst 72] [$sp+0]
	@DEBUG_VALUE: find_path_dense:final_j <- $r6
	@DEBUG_VALUE: k <- [DW_OP_plus_uconst 1, DW_OP_stack_value] $r3
	@DEBUG_VALUE: j <- undef
	.loc	2 248 21 is_stmt 1              @ ../ByteTrack/lapjv.cpp:248:21
	ldrd	r2, r5, [r1, #-8]
.Ltmp486:
	@DEBUG_VALUE: j <- $r5
	.loc	2 247 33                        @ ../ByteTrack/lapjv.cpp:247:33
	adds	r3, #4
.Ltmp487:
	@DEBUG_VALUE: k <- $r3
	.loc	2 248 21                        @ ../ByteTrack/lapjv.cpp:248:21
	ldr	r7, [r1]
.Ltmp488:
	.loc	2 249 9                         @ ../ByteTrack/lapjv.cpp:249:9
	ldr.w	r10, [r11, r2, lsl #2]
.Ltmp489:
	.loc	2 248 21                        @ ../ByteTrack/lapjv.cpp:248:21
	ldr.w	r9, [r1, #4]
.Ltmp490:
	.loc	2 247 4                         @ ../ByteTrack/lapjv.cpp:247:4
	adds	r1, #16
.Ltmp491:
	.loc	2 249 9                         @ ../ByteTrack/lapjv.cpp:249:9
	ldr.w	r4, [r11, r5, lsl #2]
.Ltmp492:
	.loc	2 249 9 is_stmt 0               @ ../ByteTrack/lapjv.cpp:249:9
	cmp.w	r10, #0
	csel	r2, r2, r6, mi
.Ltmp493:
	@DEBUG_VALUE: find_path_dense:final_j <- $r2
	cmp	r4, #0
.Ltmp494:
	.loc	2 249 9                         @ ../ByteTrack/lapjv.cpp:249:9
	ldr.w	r4, [r11, r7, lsl #2]
.Ltmp495:
	.loc	2 249 9                         @ ../ByteTrack/lapjv.cpp:249:9
	csel	r2, r5, r2, mi
.Ltmp496:
	@DEBUG_VALUE: j <- undef
	@DEBUG_VALUE: k <- [DW_OP_plus_uconst 2, DW_OP_stack_value] $r3
	@DEBUG_VALUE: find_path_dense:final_j <- $r2
	cmp	r4, #0
.Ltmp497:
	.loc	2 249 9                         @ ../ByteTrack/lapjv.cpp:249:9
	ldr.w	r4, [r11, r9, lsl #2]
.Ltmp498:
	.loc	2 249 9                         @ ../ByteTrack/lapjv.cpp:249:9
	csel	r2, r7, r2, mi
.Ltmp499:
	@DEBUG_VALUE: j <- $r9
	@DEBUG_VALUE: k <- [DW_OP_plus_uconst 3, DW_OP_stack_value] $r3
	@DEBUG_VALUE: find_path_dense:final_j <- $r2
	cmp	r4, #0
	csel	r6, r9, r2, mi
.Ltmp500:
	@DEBUG_VALUE: find_path_dense:final_j <- $r6
	.loc	2 247 4 is_stmt 1               @ ../ByteTrack/lapjv.cpp:247:4
	le	lr, .LBB4_45
.Ltmp501:
.LBB4_46:                               @   in Loop: Header=BB4_15 Depth=1
	@DEBUG_VALUE: find_path_dense:hi <- $r12
	@DEBUG_VALUE: find_path_dense:start_i <- [DW_OP_LLVM_entry_value 1] $r2
	@DEBUG_VALUE: find_path_dense:d <- $r8
	@DEBUG_VALUE: find_path_dense:cost <- [DW_OP_plus_uconst 24] [$sp+0]
	@DEBUG_VALUE: find_path_dense:y <- $r11
	@DEBUG_VALUE: find_path_dense:pred <- [DW_OP_plus_uconst 76] [$sp+0]
	@DEBUG_VALUE: find_path_dense:v <- [DW_OP_plus_uconst 72] [$sp+0]
	ldr	r1, [sp, #20]                   @ 4-byte Reload
	ands	r1, r1, #3
	beq	.LBB4_50
.Ltmp502:
@ %bb.47:                               @   in Loop: Header=BB4_15 Depth=1
	@DEBUG_VALUE: find_path_dense:hi <- $r12
	@DEBUG_VALUE: find_path_dense:start_i <- [DW_OP_LLVM_entry_value 1] $r2
	@DEBUG_VALUE: find_path_dense:d <- $r8
	@DEBUG_VALUE: find_path_dense:cost <- [DW_OP_plus_uconst 24] [$sp+0]
	@DEBUG_VALUE: find_path_dense:y <- $r11
	@DEBUG_VALUE: find_path_dense:pred <- [DW_OP_plus_uconst 76] [$sp+0]
	@DEBUG_VALUE: find_path_dense:v <- [DW_OP_plus_uconst 72] [$sp+0]
	@DEBUG_VALUE: find_path_dense:final_j <- $r6
	@DEBUG_VALUE: k <- $r3
	.loc	2 248 21                        @ ../ByteTrack/lapjv.cpp:248:21
	ldr.w	r2, [r0, r3, lsl #2]
.Ltmp503:
	@DEBUG_VALUE: j <- $r2
	.loc	2 249 9                         @ ../ByteTrack/lapjv.cpp:249:9
	ldr.w	r7, [r11, r2, lsl #2]
.Ltmp504:
	.loc	2 249 9 is_stmt 0               @ ../ByteTrack/lapjv.cpp:249:9
	cmp	r7, #0
	csel	r6, r2, r6, mi
.Ltmp505:
	@DEBUG_VALUE: k <- [DW_OP_plus_uconst 1, DW_OP_stack_value] $r3
	@DEBUG_VALUE: find_path_dense:final_j <- $r6
	.loc	2 247 4 is_stmt 1               @ ../ByteTrack/lapjv.cpp:247:4
	cmp	r1, #1
	beq	.LBB4_50
.Ltmp506:
@ %bb.48:                               @   in Loop: Header=BB4_15 Depth=1
	@DEBUG_VALUE: j <- $r2
	@DEBUG_VALUE: k <- [DW_OP_plus_uconst 1, DW_OP_stack_value] $r3
	@DEBUG_VALUE: find_path_dense:final_j <- $r6
	@DEBUG_VALUE: find_path_dense:hi <- $r12
	@DEBUG_VALUE: find_path_dense:start_i <- [DW_OP_LLVM_entry_value 1] $r2
	@DEBUG_VALUE: find_path_dense:d <- $r8
	@DEBUG_VALUE: find_path_dense:cost <- [DW_OP_plus_uconst 24] [$sp+0]
	@DEBUG_VALUE: find_path_dense:y <- $r11
	@DEBUG_VALUE: find_path_dense:pred <- [DW_OP_plus_uconst 76] [$sp+0]
	@DEBUG_VALUE: find_path_dense:v <- [DW_OP_plus_uconst 72] [$sp+0]
	@DEBUG_VALUE: find_path_dense:final_j <- undef
	@DEBUG_VALUE: k <- [DW_OP_plus_uconst 1, DW_OP_stack_value] $r3
	.loc	2 248 21                        @ ../ByteTrack/lapjv.cpp:248:21
	ldr	r2, [sp]                        @ 4-byte Reload
.Ltmp507:
	ldr.w	r2, [r2, r3, lsl #2]
.Ltmp508:
	@DEBUG_VALUE: j <- $r2
	.loc	2 249 9                         @ ../ByteTrack/lapjv.cpp:249:9
	ldr.w	r7, [r11, r2, lsl #2]
.Ltmp509:
	.loc	2 249 9 is_stmt 0               @ ../ByteTrack/lapjv.cpp:249:9
	cmp	r7, #0
	csel	r6, r2, r6, mi
.Ltmp510:
	@DEBUG_VALUE: k <- [DW_OP_plus_uconst 2, DW_OP_stack_value] $r3
	@DEBUG_VALUE: find_path_dense:final_j <- $r6
	.loc	2 247 4 is_stmt 1               @ ../ByteTrack/lapjv.cpp:247:4
	cmp	r1, #2
	beq	.LBB4_50
.Ltmp511:
@ %bb.49:                               @   in Loop: Header=BB4_15 Depth=1
	@DEBUG_VALUE: j <- $r2
	@DEBUG_VALUE: k <- [DW_OP_plus_uconst 2, DW_OP_stack_value] $r3
	@DEBUG_VALUE: find_path_dense:final_j <- $r6
	@DEBUG_VALUE: find_path_dense:hi <- $r12
	@DEBUG_VALUE: find_path_dense:start_i <- [DW_OP_LLVM_entry_value 1] $r2
	@DEBUG_VALUE: find_path_dense:d <- $r8
	@DEBUG_VALUE: find_path_dense:cost <- [DW_OP_plus_uconst 24] [$sp+0]
	@DEBUG_VALUE: find_path_dense:y <- $r11
	@DEBUG_VALUE: find_path_dense:pred <- [DW_OP_plus_uconst 76] [$sp+0]
	@DEBUG_VALUE: find_path_dense:v <- [DW_OP_plus_uconst 72] [$sp+0]
	@DEBUG_VALUE: find_path_dense:final_j <- undef
	@DEBUG_VALUE: k <- [DW_OP_plus_uconst 2, DW_OP_stack_value] $r3
	.loc	2 248 21                        @ ../ByteTrack/lapjv.cpp:248:21
	ldr	r1, [sp, #12]                   @ 4-byte Reload
	ldr.w	r1, [r1, r3, lsl #2]
.Ltmp512:
	@DEBUG_VALUE: j <- $r1
	.loc	2 249 9                         @ ../ByteTrack/lapjv.cpp:249:9
	ldr.w	r2, [r11, r1, lsl #2]
.Ltmp513:
	.loc	2 249 9 is_stmt 0               @ ../ByteTrack/lapjv.cpp:249:9
	cmp	r2, #0
	csel	r6, r1, r6, mi
.Ltmp514:
	@DEBUG_VALUE: k <- [DW_OP_plus_uconst 3, DW_OP_stack_value] undef
	@DEBUG_VALUE: find_path_dense:final_j <- $r6
	.loc	2 0 9                           @ :0:9
.Ltmp515:
	.p2align	2
.LBB4_50:                               @   in Loop: Header=BB4_15 Depth=1
	@DEBUG_VALUE: find_path_dense:hi <- $r12
	@DEBUG_VALUE: find_path_dense:start_i <- [DW_OP_LLVM_entry_value 1] $r2
	@DEBUG_VALUE: find_path_dense:d <- $r8
	@DEBUG_VALUE: find_path_dense:cost <- [DW_OP_plus_uconst 24] [$sp+0]
	@DEBUG_VALUE: find_path_dense:y <- $r11
	@DEBUG_VALUE: find_path_dense:pred <- [DW_OP_plus_uconst 76] [$sp+0]
	@DEBUG_VALUE: find_path_dense:v <- [DW_OP_plus_uconst 72] [$sp+0]
	@DEBUG_VALUE: find_path_dense:hi <- $r12
	@DEBUG_VALUE: find_path_dense:final_j <- $r6
	@DEBUG_VALUE: find_path_dense:n_ready <- [DW_OP_plus_uconst 28] [$sp+0]
	.loc	2 254 7 is_stmt 1               @ ../ByteTrack/lapjv.cpp:254:7
	adds	r1, r6, #1
	ldr.w	r9, [sp, #72]
	ldr	r1, [sp, #16]                   @ 4-byte Reload
	ldr	r4, [sp, #28]                   @ 4-byte Reload
.Ltmp516:
	@DEBUG_VALUE: find_path_dense:n_ready <- $r4
	.loc	2 0 7 is_stmt 0                 @ ../ByteTrack/lapjv.cpp:0:7
	str	r1, [sp, #20]                   @ 4-byte Spill
	bne	.LBB4_62
.Ltmp517:
.LBB4_51:                               @   in Loop: Header=BB4_15 Depth=1
	@DEBUG_VALUE: find_path_dense:start_i <- [DW_OP_LLVM_entry_value 1] $r2
	@DEBUG_VALUE: find_path_dense:d <- $r8
	@DEBUG_VALUE: find_path_dense:cost <- [DW_OP_plus_uconst 24] [$sp+0]
	@DEBUG_VALUE: find_path_dense:y <- $r11
	@DEBUG_VALUE: find_path_dense:pred <- [DW_OP_plus_uconst 76] [$sp+0]
	@DEBUG_VALUE: find_path_dense:v <- [DW_OP_plus_uconst 72] [$sp+0]
	@DEBUG_VALUE: _scan_dense:n <- [DW_OP_plus_uconst 32] [$sp+0]
	@DEBUG_VALUE: _scan_dense:cost <- [DW_OP_plus_uconst 24] [$sp+0]
	@DEBUG_VALUE: _scan_dense:plo <- undef
	@DEBUG_VALUE: _scan_dense:phi <- undef
	@DEBUG_VALUE: _scan_dense:d <- $r8
	@DEBUG_VALUE: _scan_dense:cols <- $r0
	@DEBUG_VALUE: _scan_dense:pred <- undef
	@DEBUG_VALUE: _scan_dense:y <- $r11
	@DEBUG_VALUE: _scan_dense:v <- $r9
	@DEBUG_VALUE: _scan_dense:hi <- $r12
	@DEBUG_VALUE: _scan_dense:lo <- $r4
	.loc	2 183 2 is_stmt 1               @ ../ByteTrack/lapjv.cpp:183:2
	cmp	r4, r12
	mov	r10, r4
.Ltmp518:
	@DEBUG_VALUE: _scan_dense:lo <- $r10
	@DEBUG_VALUE: _scan_dense:lo <- [DW_OP_plus_uconst 28] [$sp+0]
	.loc	2 0 2 is_stmt 0                 @ ../ByteTrack/lapjv.cpp:0:2
	mov	r3, r12
	bne	.LBB4_54
.Ltmp519:
@ %bb.52:                               @   in Loop: Header=BB4_15 Depth=1
	@DEBUG_VALUE: _scan_dense:lo <- [DW_OP_plus_uconst 28] [$sp+0]
	@DEBUG_VALUE: _scan_dense:hi <- $r12
	@DEBUG_VALUE: _scan_dense:v <- $r9
	@DEBUG_VALUE: _scan_dense:y <- $r11
	@DEBUG_VALUE: _scan_dense:cols <- $r0
	@DEBUG_VALUE: _scan_dense:d <- $r8
	@DEBUG_VALUE: _scan_dense:cost <- [DW_OP_plus_uconst 24] [$sp+0]
	@DEBUG_VALUE: _scan_dense:n <- [DW_OP_plus_uconst 32] [$sp+0]
	@DEBUG_VALUE: find_path_dense:start_i <- [DW_OP_LLVM_entry_value 1] $r2
	@DEBUG_VALUE: find_path_dense:d <- $r8
	@DEBUG_VALUE: find_path_dense:cost <- [DW_OP_plus_uconst 24] [$sp+0]
	@DEBUG_VALUE: find_path_dense:y <- $r11
	@DEBUG_VALUE: find_path_dense:pred <- [DW_OP_plus_uconst 76] [$sp+0]
	@DEBUG_VALUE: find_path_dense:v <- [DW_OP_plus_uconst 72] [$sp+0]
	ldr	r4, [sp, #28]                   @ 4-byte Reload
	mov.w	r6, #-1
	mov	r10, r4
	b	.LBB4_14
.Ltmp520:
	.p2align	2
.LBB4_53:                               @   in Loop: Header=BB4_54 Depth=2
	@DEBUG_VALUE: _scan_dense:hi <- $r3
	@DEBUG_VALUE: _scan_dense:v <- $r9
	@DEBUG_VALUE: _scan_dense:y <- $r11
	@DEBUG_VALUE: _scan_dense:cols <- $r0
	@DEBUG_VALUE: _scan_dense:d <- $r8
	@DEBUG_VALUE: _scan_dense:cost <- [DW_OP_plus_uconst 24] [$sp+0]
	@DEBUG_VALUE: _scan_dense:n <- [DW_OP_plus_uconst 32] [$sp+0]
	@DEBUG_VALUE: find_path_dense:start_i <- [DW_OP_LLVM_entry_value 1] $r2
	@DEBUG_VALUE: find_path_dense:d <- $r8
	@DEBUG_VALUE: find_path_dense:cost <- [DW_OP_plus_uconst 24] [$sp+0]
	@DEBUG_VALUE: find_path_dense:y <- $r11
	@DEBUG_VALUE: find_path_dense:pred <- [DW_OP_plus_uconst 76] [$sp+0]
	@DEBUG_VALUE: find_path_dense:v <- [DW_OP_plus_uconst 72] [$sp+0]
	add.w	r10, r10, #1
.Ltmp521:
	@DEBUG_VALUE: _scan_dense:lo <- $r10
	@DEBUG_VALUE: _scan_dense:hi <- $r3
	.loc	2 183 2                         @ ../ByteTrack/lapjv.cpp:183:2
	cmp	r10, r3
	beq	.LBB4_61
.Ltmp522:
.LBB4_54:                               @   Parent Loop BB4_15 Depth=1
                                        @ =>  This Loop Header: Depth=2
                                        @       Child Loop BB4_57 Depth 3
	@DEBUG_VALUE: _scan_dense:v <- $r9
	@DEBUG_VALUE: _scan_dense:y <- $r11
	@DEBUG_VALUE: _scan_dense:cols <- $r0
	@DEBUG_VALUE: _scan_dense:d <- $r8
	@DEBUG_VALUE: _scan_dense:cost <- [DW_OP_plus_uconst 24] [$sp+0]
	@DEBUG_VALUE: _scan_dense:n <- [DW_OP_plus_uconst 32] [$sp+0]
	@DEBUG_VALUE: find_path_dense:start_i <- [DW_OP_LLVM_entry_value 1] $r2
	@DEBUG_VALUE: find_path_dense:d <- $r8
	@DEBUG_VALUE: find_path_dense:cost <- [DW_OP_plus_uconst 24] [$sp+0]
	@DEBUG_VALUE: find_path_dense:y <- $r11
	@DEBUG_VALUE: find_path_dense:pred <- [DW_OP_plus_uconst 76] [$sp+0]
	@DEBUG_VALUE: find_path_dense:v <- [DW_OP_plus_uconst 72] [$sp+0]
	@DEBUG_VALUE: _scan_dense:hi <- $r3
	@DEBUG_VALUE: _scan_dense:lo <- undef
	@DEBUG_VALUE: j <- undef
	@DEBUG_VALUE: i <- undef
	@DEBUG_VALUE: mind <- undef
	@DEBUG_VALUE: _scan_dense:h <- undef
	@DEBUG_VALUE: k <- $r3
	.loc	2 0 2                           @ ../ByteTrack/lapjv.cpp:0:2
	ldr	r5, [sp, #32]                   @ 4-byte Reload
.Ltmp523:
	.loc	2 190 3 is_stmt 1               @ ../ByteTrack/lapjv.cpp:190:3
	cmp	r5, r3
	bls	.LBB4_53
.Ltmp524:
@ %bb.55:                               @   in Loop: Header=BB4_54 Depth=2
	@DEBUG_VALUE: k <- $r3
	@DEBUG_VALUE: _scan_dense:hi <- $r3
	@DEBUG_VALUE: _scan_dense:v <- $r9
	@DEBUG_VALUE: _scan_dense:y <- $r11
	@DEBUG_VALUE: _scan_dense:cols <- $r0
	@DEBUG_VALUE: _scan_dense:d <- $r8
	@DEBUG_VALUE: _scan_dense:cost <- [DW_OP_plus_uconst 24] [$sp+0]
	@DEBUG_VALUE: _scan_dense:n <- [DW_OP_plus_uconst 32] [$sp+0]
	@DEBUG_VALUE: find_path_dense:start_i <- [DW_OP_LLVM_entry_value 1] $r2
	@DEBUG_VALUE: find_path_dense:d <- $r8
	@DEBUG_VALUE: find_path_dense:cost <- [DW_OP_plus_uconst 24] [$sp+0]
	@DEBUG_VALUE: find_path_dense:y <- $r11
	@DEBUG_VALUE: find_path_dense:pred <- [DW_OP_plus_uconst 76] [$sp+0]
	@DEBUG_VALUE: find_path_dense:v <- [DW_OP_plus_uconst 72] [$sp+0]
	.loc	2 0 0 is_stmt 0                 @ ../ByteTrack/lapjv.cpp:0:0
	ldr.w	r1, [r0, r10, lsl #2]
.Ltmp525:
	@DEBUG_VALUE: j <- $r1
	.loc	2 187 0 is_stmt 1               @ ../ByteTrack/lapjv.cpp:187:0
	ldr	r2, [sp, #24]                   @ 4-byte Reload
	.loc	2 0 0 is_stmt 0                 @ ../ByteTrack/lapjv.cpp:0:0
	ldr.w	r7, [r11, r1, lsl #2]
.Ltmp526:
	@DEBUG_VALUE: i <- $r7
	.loc	2 187 0                         @ ../ByteTrack/lapjv.cpp:187:0
	ldr.w	lr, [r2, r7, lsl #2]
	.loc	2 187 20                        @ ../ByteTrack/lapjv.cpp:187:20
	add.w	r2, r9, r1, lsl #3
	.loc	2 187 7                         @ ../ByteTrack/lapjv.cpp:187:7
	add.w	r4, lr, r1, lsl #3
	.loc	2 187 20                        @ ../ByteTrack/lapjv.cpp:187:20
	vldr	d0, [r2]
	.loc	2 187 7                         @ ../ByteTrack/lapjv.cpp:187:7
	vldr	d1, [r4]
	.loc	2 0 0                           @ ../ByteTrack/lapjv.cpp:0:0
	add.w	r1, r8, r1, lsl #3
.Ltmp527:
	vsub.f64	d1, d0, d1
	vldr	d0, [r1]
.Ltmp528:
	@DEBUG_VALUE: mind <- $d0
	.loc	2 190 3 is_stmt 1               @ ../ByteTrack/lapjv.cpp:190:3
	add.w	r2, r0, r3, lsl #2
	subs	r1, r5, r3
	vadd.f64	d1, d0, d1
	b	.LBB4_57
.Ltmp529:
	.loc	2 0 3 is_stmt 0                 @ :0:3
.Ltmp530:
	.p2align	2
.LBB4_56:                               @   in Loop: Header=BB4_57 Depth=3
	@DEBUG_VALUE: _scan_dense:cred_ij <- $d2
	@DEBUG_VALUE: j <- $r6
	@DEBUG_VALUE: mind <- $d0
	@DEBUG_VALUE: i <- $r7
	@DEBUG_VALUE: _scan_dense:hi <- $r3
	@DEBUG_VALUE: _scan_dense:v <- $r9
	@DEBUG_VALUE: _scan_dense:y <- $r11
	@DEBUG_VALUE: _scan_dense:cols <- $r0
	@DEBUG_VALUE: _scan_dense:d <- $r8
	@DEBUG_VALUE: _scan_dense:cost <- [DW_OP_plus_uconst 24] [$sp+0]
	@DEBUG_VALUE: _scan_dense:n <- [DW_OP_plus_uconst 32] [$sp+0]
	@DEBUG_VALUE: find_path_dense:start_i <- [DW_OP_LLVM_entry_value 1] $r2
	@DEBUG_VALUE: find_path_dense:d <- $r8
	@DEBUG_VALUE: find_path_dense:cost <- [DW_OP_plus_uconst 24] [$sp+0]
	@DEBUG_VALUE: find_path_dense:y <- $r11
	@DEBUG_VALUE: find_path_dense:pred <- [DW_OP_plus_uconst 76] [$sp+0]
	@DEBUG_VALUE: find_path_dense:v <- [DW_OP_plus_uconst 72] [$sp+0]
	@DEBUG_VALUE: _scan_dense:hi <- $r3
	@DEBUG_VALUE: k <- [DW_OP_LLVM_arg 0, DW_OP_consts 18446744073709551615, DW_OP_LLVM_arg 1, DW_OP_mul, DW_OP_LLVM_arg 2, DW_OP_plus_uconst 32, DW_OP_deref, DW_OP_plus, DW_OP_minus, DW_OP_consts 18446744073709551615, DW_OP_div, DW_OP_consts 1, DW_OP_LLVM_arg 1, DW_OP_plus, DW_OP_plus, DW_OP_stack_value] $r1, $r3, $sp
	.loc	2 190 25                        @ ../ByteTrack/lapjv.cpp:190:25
	subs	r1, #1
.Ltmp531:
	add.w	r2, r2, #4
.Ltmp532:
	.loc	2 190 3                         @ ../ByteTrack/lapjv.cpp:190:3
	beq	.LBB4_53
.Ltmp533:
.LBB4_57:                               @   Parent Loop BB4_15 Depth=1
                                        @     Parent Loop BB4_54 Depth=2
                                        @ =>    This Inner Loop Header: Depth=3
	@DEBUG_VALUE: mind <- $d0
	@DEBUG_VALUE: i <- $r7
	@DEBUG_VALUE: _scan_dense:hi <- $r3
	@DEBUG_VALUE: _scan_dense:v <- $r9
	@DEBUG_VALUE: _scan_dense:y <- $r11
	@DEBUG_VALUE: _scan_dense:cols <- $r0
	@DEBUG_VALUE: _scan_dense:d <- $r8
	@DEBUG_VALUE: _scan_dense:cost <- [DW_OP_plus_uconst 24] [$sp+0]
	@DEBUG_VALUE: _scan_dense:n <- [DW_OP_plus_uconst 32] [$sp+0]
	@DEBUG_VALUE: find_path_dense:start_i <- [DW_OP_LLVM_entry_value 1] $r2
	@DEBUG_VALUE: find_path_dense:d <- $r8
	@DEBUG_VALUE: find_path_dense:cost <- [DW_OP_plus_uconst 24] [$sp+0]
	@DEBUG_VALUE: find_path_dense:y <- $r11
	@DEBUG_VALUE: find_path_dense:pred <- [DW_OP_plus_uconst 76] [$sp+0]
	@DEBUG_VALUE: find_path_dense:v <- [DW_OP_plus_uconst 72] [$sp+0]
	@DEBUG_VALUE: _scan_dense:hi <- $r3
	@DEBUG_VALUE: k <- [DW_OP_LLVM_arg 0, DW_OP_consts 18446744073709551615, DW_OP_LLVM_arg 1, DW_OP_mul, DW_OP_LLVM_arg 2, DW_OP_plus_uconst 32, DW_OP_deref, DW_OP_plus, DW_OP_minus, DW_OP_consts 18446744073709551615, DW_OP_div, DW_OP_LLVM_arg 1, DW_OP_plus, DW_OP_stack_value] $r1, $r3, $sp
	.loc	2 191 8 is_stmt 1               @ ../ByteTrack/lapjv.cpp:191:8
	ldr	r6, [r2]
.Ltmp534:
	@DEBUG_VALUE: j <- $r6
	.loc	2 192 14                        @ ../ByteTrack/lapjv.cpp:192:14
	add.w	r4, lr, r6, lsl #3
	.loc	2 192 27 is_stmt 0              @ ../ByteTrack/lapjv.cpp:192:27
	add.w	r5, r9, r6, lsl #3
	.loc	2 192 14                        @ ../ByteTrack/lapjv.cpp:192:14
	vldr	d2, [r4]
	.loc	2 192 27                        @ ../ByteTrack/lapjv.cpp:192:27
	vldr	d3, [r5]
.Ltmp535:
	.loc	2 193 18 is_stmt 1              @ ../ByteTrack/lapjv.cpp:193:18
	add.w	r5, r8, r6, lsl #3
.Ltmp536:
	.loc	2 192 25                        @ ../ByteTrack/lapjv.cpp:192:25
	vsub.f64	d2, d2, d3
.Ltmp537:
	.loc	2 193 18                        @ ../ByteTrack/lapjv.cpp:193:18
	vldr	d3, [r5]
.Ltmp538:
	.loc	2 192 32                        @ ../ByteTrack/lapjv.cpp:192:32
	vadd.f64	d2, d1, d2
.Ltmp539:
	@DEBUG_VALUE: _scan_dense:cred_ij <- $d2
	.loc	2 193 8                         @ ../ByteTrack/lapjv.cpp:193:8
	vcmp.f64	d2, d3
	vmrs	APSR_nzcv, fpscr
	bge	.LBB4_56
.Ltmp540:
@ %bb.58:                               @   in Loop: Header=BB4_57 Depth=3
	@DEBUG_VALUE: _scan_dense:cred_ij <- $d2
	@DEBUG_VALUE: j <- $r6
	@DEBUG_VALUE: k <- [DW_OP_LLVM_arg 0, DW_OP_consts 18446744073709551615, DW_OP_LLVM_arg 1, DW_OP_mul, DW_OP_LLVM_arg 2, DW_OP_plus_uconst 32, DW_OP_deref, DW_OP_plus, DW_OP_minus, DW_OP_consts 18446744073709551615, DW_OP_div, DW_OP_LLVM_arg 1, DW_OP_plus, DW_OP_stack_value] $r1, $r3, $sp
	@DEBUG_VALUE: mind <- $d0
	@DEBUG_VALUE: i <- $r7
	@DEBUG_VALUE: _scan_dense:hi <- $r3
	@DEBUG_VALUE: _scan_dense:v <- $r9
	@DEBUG_VALUE: _scan_dense:y <- $r11
	@DEBUG_VALUE: _scan_dense:cols <- $r0
	@DEBUG_VALUE: _scan_dense:d <- $r8
	@DEBUG_VALUE: _scan_dense:cost <- [DW_OP_plus_uconst 24] [$sp+0]
	@DEBUG_VALUE: _scan_dense:n <- [DW_OP_plus_uconst 32] [$sp+0]
	@DEBUG_VALUE: find_path_dense:start_i <- [DW_OP_LLVM_entry_value 1] $r2
	@DEBUG_VALUE: find_path_dense:d <- $r8
	@DEBUG_VALUE: find_path_dense:cost <- [DW_OP_plus_uconst 24] [$sp+0]
	@DEBUG_VALUE: find_path_dense:y <- $r11
	@DEBUG_VALUE: find_path_dense:pred <- [DW_OP_plus_uconst 76] [$sp+0]
	@DEBUG_VALUE: find_path_dense:v <- [DW_OP_plus_uconst 72] [$sp+0]
	.loc	2 196 9                         @ ../ByteTrack/lapjv.cpp:196:9
	vcmp.f64	d2, d0
	.loc	2 195 13                        @ ../ByteTrack/lapjv.cpp:195:13
	ldr	r4, [sp, #76]
	.loc	2 196 9                         @ ../ByteTrack/lapjv.cpp:196:9
	vmrs	APSR_nzcv, fpscr
	.loc	2 194 10                        @ ../ByteTrack/lapjv.cpp:194:10
	vstr	d2, [r5]
	.loc	2 195 13                        @ ../ByteTrack/lapjv.cpp:195:13
	str.w	r7, [r4, r6, lsl #2]
	.loc	2 196 9                         @ ../ByteTrack/lapjv.cpp:196:9
	bne	.LBB4_56
.Ltmp541:
@ %bb.59:                               @   in Loop: Header=BB4_57 Depth=3
	@DEBUG_VALUE: _scan_dense:cred_ij <- $d2
	@DEBUG_VALUE: j <- $r6
	@DEBUG_VALUE: k <- [DW_OP_LLVM_arg 0, DW_OP_consts 18446744073709551615, DW_OP_LLVM_arg 1, DW_OP_mul, DW_OP_LLVM_arg 2, DW_OP_plus_uconst 32, DW_OP_deref, DW_OP_plus, DW_OP_minus, DW_OP_consts 18446744073709551615, DW_OP_div, DW_OP_LLVM_arg 1, DW_OP_plus, DW_OP_stack_value] $r1, $r3, $sp
	@DEBUG_VALUE: mind <- $d0
	@DEBUG_VALUE: i <- $r7
	@DEBUG_VALUE: _scan_dense:hi <- $r3
	@DEBUG_VALUE: _scan_dense:v <- $r9
	@DEBUG_VALUE: _scan_dense:y <- $r11
	@DEBUG_VALUE: _scan_dense:cols <- $r0
	@DEBUG_VALUE: _scan_dense:d <- $r8
	@DEBUG_VALUE: _scan_dense:cost <- [DW_OP_plus_uconst 24] [$sp+0]
	@DEBUG_VALUE: _scan_dense:n <- [DW_OP_plus_uconst 32] [$sp+0]
	@DEBUG_VALUE: find_path_dense:start_i <- [DW_OP_LLVM_entry_value 1] $r2
	@DEBUG_VALUE: find_path_dense:d <- $r8
	@DEBUG_VALUE: find_path_dense:cost <- [DW_OP_plus_uconst 24] [$sp+0]
	@DEBUG_VALUE: find_path_dense:y <- $r11
	@DEBUG_VALUE: find_path_dense:pred <- [DW_OP_plus_uconst 76] [$sp+0]
	@DEBUG_VALUE: find_path_dense:v <- [DW_OP_plus_uconst 72] [$sp+0]
	.loc	2 197 10                        @ ../ByteTrack/lapjv.cpp:197:10
	ldr.w	r4, [r11, r6, lsl #2]
.Ltmp542:
	.loc	2 197 10 is_stmt 0              @ ../ByteTrack/lapjv.cpp:197:10
	cmp	r4, #0
	bmi.w	.LBB4_13
.Ltmp543:
@ %bb.60:                               @   in Loop: Header=BB4_57 Depth=3
	@DEBUG_VALUE: _scan_dense:cred_ij <- $d2
	@DEBUG_VALUE: j <- $r6
	@DEBUG_VALUE: k <- [DW_OP_LLVM_arg 0, DW_OP_consts 18446744073709551615, DW_OP_LLVM_arg 1, DW_OP_mul, DW_OP_LLVM_arg 2, DW_OP_plus_uconst 32, DW_OP_deref, DW_OP_plus, DW_OP_minus, DW_OP_consts 18446744073709551615, DW_OP_div, DW_OP_LLVM_arg 1, DW_OP_plus, DW_OP_stack_value] $r1, $r3, $sp
	@DEBUG_VALUE: mind <- $d0
	@DEBUG_VALUE: i <- $r7
	@DEBUG_VALUE: _scan_dense:hi <- $r3
	@DEBUG_VALUE: _scan_dense:v <- $r9
	@DEBUG_VALUE: _scan_dense:y <- $r11
	@DEBUG_VALUE: _scan_dense:cols <- $r0
	@DEBUG_VALUE: _scan_dense:d <- $r8
	@DEBUG_VALUE: _scan_dense:cost <- [DW_OP_plus_uconst 24] [$sp+0]
	@DEBUG_VALUE: _scan_dense:n <- [DW_OP_plus_uconst 32] [$sp+0]
	@DEBUG_VALUE: find_path_dense:start_i <- [DW_OP_LLVM_entry_value 1] $r2
	@DEBUG_VALUE: find_path_dense:d <- $r8
	@DEBUG_VALUE: find_path_dense:cost <- [DW_OP_plus_uconst 24] [$sp+0]
	@DEBUG_VALUE: find_path_dense:y <- $r11
	@DEBUG_VALUE: find_path_dense:pred <- [DW_OP_plus_uconst 76] [$sp+0]
	@DEBUG_VALUE: find_path_dense:v <- [DW_OP_plus_uconst 72] [$sp+0]
	.loc	2 200 16 is_stmt 1              @ ../ByteTrack/lapjv.cpp:200:16
	ldr.w	r4, [r0, r3, lsl #2]
	.loc	2 200 14 is_stmt 0              @ ../ByteTrack/lapjv.cpp:200:14
	str	r4, [r2]
	.loc	2 201 17 is_stmt 1              @ ../ByteTrack/lapjv.cpp:201:17
	str.w	r6, [r0, r3, lsl #2]
	.loc	2 201 13 is_stmt 0              @ ../ByteTrack/lapjv.cpp:201:13
	adds	r3, #1
.Ltmp544:
	@DEBUG_VALUE: _scan_dense:hi <- $r3
	.loc	2 0 13                          @ ../ByteTrack/lapjv.cpp:0:13
	b	.LBB4_56
.Ltmp545:
.LBB4_61:                               @   in Loop: Header=BB4_15 Depth=1
	@DEBUG_VALUE: _scan_dense:hi <- $r3
	@DEBUG_VALUE: _scan_dense:lo <- $r10
	@DEBUG_VALUE: _scan_dense:v <- $r9
	@DEBUG_VALUE: _scan_dense:y <- $r11
	@DEBUG_VALUE: _scan_dense:cols <- $r0
	@DEBUG_VALUE: _scan_dense:d <- $r8
	@DEBUG_VALUE: _scan_dense:cost <- [DW_OP_plus_uconst 24] [$sp+0]
	@DEBUG_VALUE: _scan_dense:n <- [DW_OP_plus_uconst 32] [$sp+0]
	@DEBUG_VALUE: find_path_dense:start_i <- [DW_OP_LLVM_entry_value 1] $r2
	@DEBUG_VALUE: find_path_dense:d <- $r8
	@DEBUG_VALUE: find_path_dense:cost <- [DW_OP_plus_uconst 24] [$sp+0]
	@DEBUG_VALUE: find_path_dense:y <- $r11
	@DEBUG_VALUE: find_path_dense:pred <- [DW_OP_plus_uconst 76] [$sp+0]
	@DEBUG_VALUE: find_path_dense:v <- [DW_OP_plus_uconst 72] [$sp+0]
	mov.w	r6, #-1
	mov	r4, r10
	.loc	2 183 2 is_stmt 1               @ ../ByteTrack/lapjv.cpp:183:2
	b	.LBB4_14
.Ltmp546:
.LBB4_62:
	@DEBUG_VALUE: find_path_dense:final_j <- $r6
	@DEBUG_VALUE: find_path_dense:start_i <- [DW_OP_LLVM_entry_value 1] $r2
	@DEBUG_VALUE: find_path_dense:d <- $r8
	@DEBUG_VALUE: find_path_dense:cost <- [DW_OP_plus_uconst 24] [$sp+0]
	@DEBUG_VALUE: find_path_dense:y <- $r11
	@DEBUG_VALUE: find_path_dense:pred <- [DW_OP_plus_uconst 76] [$sp+0]
	@DEBUG_VALUE: find_path_dense:v <- [DW_OP_plus_uconst 72] [$sp+0]
	@DEBUG_VALUE: mind <- undef
	@DEBUG_VALUE: k <- 0
	.loc	2 0 2 is_stmt 0                 @ ../ByteTrack/lapjv.cpp:0:2
	ldr	r3, [sp, #20]                   @ 4-byte Reload
.Ltmp547:
	.loc	2 268 3 is_stmt 1               @ ../ByteTrack/lapjv.cpp:268:3
	cmp	r3, #0
	beq.w	.LBB4_71
.Ltmp548:
@ %bb.63:
	@DEBUG_VALUE: k <- 0
	@DEBUG_VALUE: find_path_dense:final_j <- $r6
	@DEBUG_VALUE: find_path_dense:start_i <- [DW_OP_LLVM_entry_value 1] $r2
	@DEBUG_VALUE: find_path_dense:d <- $r8
	@DEBUG_VALUE: find_path_dense:cost <- [DW_OP_plus_uconst 24] [$sp+0]
	@DEBUG_VALUE: find_path_dense:y <- $r11
	@DEBUG_VALUE: find_path_dense:pred <- [DW_OP_plus_uconst 76] [$sp+0]
	@DEBUG_VALUE: find_path_dense:v <- [DW_OP_plus_uconst 72] [$sp+0]
	.loc	2 0 0 is_stmt 0                 @ ../ByteTrack/lapjv.cpp:0:0
	ldr.w	r1, [r0, r1, lsl #2]
.Ltmp549:
	.loc	2 268 3                         @ ../ByteTrack/lapjv.cpp:268:3
	cmp	r3, #4
.Ltmp550:
	.loc	2 0 0                           @ ../ByteTrack/lapjv.cpp:0:0
	add.w	r1, r8, r1, lsl #3
.Ltmp551:
	.loc	2 268 3                         @ ../ByteTrack/lapjv.cpp:268:3
	and	r2, r3, #3
.Ltmp552:
	.loc	2 0 0                           @ ../ByteTrack/lapjv.cpp:0:0
	vldr	d0, [r1]
.Ltmp553:
	@DEBUG_VALUE: mind <- $d0
	bhs	.LBB4_65
.Ltmp554:
@ %bb.64:
	@DEBUG_VALUE: mind <- $d0
	@DEBUG_VALUE: k <- 0
	@DEBUG_VALUE: find_path_dense:final_j <- $r6
	@DEBUG_VALUE: find_path_dense:start_i <- [DW_OP_LLVM_entry_value 1] $r2
	@DEBUG_VALUE: find_path_dense:d <- $r8
	@DEBUG_VALUE: find_path_dense:cost <- [DW_OP_plus_uconst 24] [$sp+0]
	@DEBUG_VALUE: find_path_dense:y <- $r11
	@DEBUG_VALUE: find_path_dense:pred <- [DW_OP_plus_uconst 76] [$sp+0]
	@DEBUG_VALUE: find_path_dense:v <- [DW_OP_plus_uconst 72] [$sp+0]
	movs	r3, #0
	b	.LBB4_67
.Ltmp555:
.LBB4_65:
	@DEBUG_VALUE: mind <- $d0
	@DEBUG_VALUE: k <- 0
	@DEBUG_VALUE: find_path_dense:final_j <- $r6
	@DEBUG_VALUE: find_path_dense:start_i <- [DW_OP_LLVM_entry_value 1] $r2
	@DEBUG_VALUE: find_path_dense:d <- $r8
	@DEBUG_VALUE: find_path_dense:cost <- [DW_OP_plus_uconst 24] [$sp+0]
	@DEBUG_VALUE: find_path_dense:y <- $r11
	@DEBUG_VALUE: find_path_dense:pred <- [DW_OP_plus_uconst 76] [$sp+0]
	@DEBUG_VALUE: find_path_dense:v <- [DW_OP_plus_uconst 72] [$sp+0]
	bic	r1, r3, #3
	movs	r3, #1
	subs	r1, #4
.Ltmp556:
	.loc	2 268 3                         @ ../ByteTrack/lapjv.cpp:268:3
	add.w	lr, r3, r1, lsr #2
	movs	r3, #0
	ldr	r4, [sp, #12]                   @ 4-byte Reload
.Ltmp557:
	.loc	2 0 3                           @ :0:3
.Ltmp558:
	.p2align	2
.LBB4_66:                               @ =>This Inner Loop Header: Depth=1
	@DEBUG_VALUE: mind <- $d0
	@DEBUG_VALUE: find_path_dense:final_j <- $r6
	@DEBUG_VALUE: find_path_dense:start_i <- [DW_OP_LLVM_entry_value 1] $r2
	@DEBUG_VALUE: find_path_dense:d <- $r8
	@DEBUG_VALUE: find_path_dense:cost <- [DW_OP_plus_uconst 24] [$sp+0]
	@DEBUG_VALUE: find_path_dense:y <- $r11
	@DEBUG_VALUE: find_path_dense:pred <- [DW_OP_plus_uconst 76] [$sp+0]
	@DEBUG_VALUE: find_path_dense:v <- [DW_OP_plus_uconst 72] [$sp+0]
	@DEBUG_VALUE: k <- $r3
	.loc	2 269 20 is_stmt 1              @ ../ByteTrack/lapjv.cpp:269:20
	ldr	r1, [r4, #-8]
.Ltmp559:
	@DEBUG_VALUE: j <- $r1
	@DEBUG_VALUE: k <- [DW_OP_constu 1, DW_OP_or, DW_OP_stack_value] $r3
	.loc	2 268 36                        @ ../ByteTrack/lapjv.cpp:268:36
	adds	r3, #4
.Ltmp560:
	@DEBUG_VALUE: k <- $r3
	.loc	2 270 12                        @ ../ByteTrack/lapjv.cpp:270:12
	add.w	r7, r8, r1, lsl #3
	.loc	2 270 4 is_stmt 0               @ ../ByteTrack/lapjv.cpp:270:4
	add.w	r1, r9, r1, lsl #3
.Ltmp561:
	.loc	2 270 12                        @ ../ByteTrack/lapjv.cpp:270:12
	vldr	d1, [r7]
	.loc	2 269 20 is_stmt 1              @ ../ByteTrack/lapjv.cpp:269:20
	ldr	r7, [r4, #-4]
.Ltmp562:
	@DEBUG_VALUE: j <- $r7
	.loc	2 270 17                        @ ../ByteTrack/lapjv.cpp:270:17
	vsub.f64	d1, d1, d0
	.loc	2 270 9 is_stmt 0               @ ../ByteTrack/lapjv.cpp:270:9
	vldr	d2, [r1]
	.loc	2 270 12                        @ ../ByteTrack/lapjv.cpp:270:12
	add.w	r5, r8, r7, lsl #3
	.loc	2 270 4                         @ ../ByteTrack/lapjv.cpp:270:4
	add.w	r7, r9, r7, lsl #3
.Ltmp563:
	.loc	2 270 9                         @ ../ByteTrack/lapjv.cpp:270:9
	vadd.f64	d1, d2, d1
	.loc	2 270 12                        @ ../ByteTrack/lapjv.cpp:270:12
	vldr	d2, [r5]
	.loc	2 270 17                        @ ../ByteTrack/lapjv.cpp:270:17
	vsub.f64	d2, d2, d0
	.loc	2 270 9                         @ ../ByteTrack/lapjv.cpp:270:9
	vstr	d1, [r1]
	.loc	2 269 20 is_stmt 1              @ ../ByteTrack/lapjv.cpp:269:20
	ldr	r1, [r4]
.Ltmp564:
	@DEBUG_VALUE: j <- $r1
	.loc	2 270 9                         @ ../ByteTrack/lapjv.cpp:270:9
	vldr	d1, [r7]
	.loc	2 270 12 is_stmt 0              @ ../ByteTrack/lapjv.cpp:270:12
	add.w	r5, r8, r1, lsl #3
	.loc	2 270 9                         @ ../ByteTrack/lapjv.cpp:270:9
	vadd.f64	d1, d1, d2
	.loc	2 270 12                        @ ../ByteTrack/lapjv.cpp:270:12
	vldr	d2, [r5]
	.loc	2 270 4                         @ ../ByteTrack/lapjv.cpp:270:4
	add.w	r1, r9, r1, lsl #3
.Ltmp565:
	.loc	2 270 17                        @ ../ByteTrack/lapjv.cpp:270:17
	vsub.f64	d2, d2, d0
	.loc	2 270 9                         @ ../ByteTrack/lapjv.cpp:270:9
	vstr	d1, [r7]
.Ltmp566:
	@DEBUG_VALUE: k <- [DW_OP_constu 2, DW_OP_or, DW_OP_stack_value] $r3
	.loc	2 269 20 is_stmt 1              @ ../ByteTrack/lapjv.cpp:269:20
	ldr	r7, [r4, #4]
.Ltmp567:
	@DEBUG_VALUE: j <- $r7
	.loc	2 268 3                         @ ../ByteTrack/lapjv.cpp:268:3
	adds	r4, #16
.Ltmp568:
	.loc	2 270 9                         @ ../ByteTrack/lapjv.cpp:270:9
	vldr	d1, [r1]
	.loc	2 270 12 is_stmt 0              @ ../ByteTrack/lapjv.cpp:270:12
	add.w	r5, r8, r7, lsl #3
	.loc	2 270 9                         @ ../ByteTrack/lapjv.cpp:270:9
	vadd.f64	d1, d1, d2
	.loc	2 270 12                        @ ../ByteTrack/lapjv.cpp:270:12
	vldr	d2, [r5]
	.loc	2 270 4                         @ ../ByteTrack/lapjv.cpp:270:4
	add.w	r7, r9, r7, lsl #3
.Ltmp569:
	.loc	2 270 17                        @ ../ByteTrack/lapjv.cpp:270:17
	vsub.f64	d2, d2, d0
	.loc	2 270 9                         @ ../ByteTrack/lapjv.cpp:270:9
	vstr	d1, [r1]
.Ltmp570:
	@DEBUG_VALUE: k <- [DW_OP_constu 3, DW_OP_or, DW_OP_stack_value] $r3
	vldr	d1, [r7]
	vadd.f64	d1, d1, d2
	vstr	d1, [r7]
.Ltmp571:
	.loc	2 268 3 is_stmt 1               @ ../ByteTrack/lapjv.cpp:268:3
	le	lr, .LBB4_66
.Ltmp572:
.LBB4_67:
	@DEBUG_VALUE: mind <- $d0
	@DEBUG_VALUE: find_path_dense:final_j <- $r6
	@DEBUG_VALUE: find_path_dense:start_i <- [DW_OP_LLVM_entry_value 1] $r2
	@DEBUG_VALUE: find_path_dense:d <- $r8
	@DEBUG_VALUE: find_path_dense:cost <- [DW_OP_plus_uconst 24] [$sp+0]
	@DEBUG_VALUE: find_path_dense:y <- $r11
	@DEBUG_VALUE: find_path_dense:pred <- [DW_OP_plus_uconst 76] [$sp+0]
	@DEBUG_VALUE: find_path_dense:v <- [DW_OP_plus_uconst 72] [$sp+0]
	.loc	2 0 3 is_stmt 0                 @ ../ByteTrack/lapjv.cpp:0:3
	cbz	r2, .LBB4_71
.Ltmp573:
@ %bb.68:
	@DEBUG_VALUE: mind <- $d0
	@DEBUG_VALUE: find_path_dense:final_j <- $r6
	@DEBUG_VALUE: find_path_dense:start_i <- [DW_OP_LLVM_entry_value 1] $r2
	@DEBUG_VALUE: find_path_dense:d <- $r8
	@DEBUG_VALUE: find_path_dense:cost <- [DW_OP_plus_uconst 24] [$sp+0]
	@DEBUG_VALUE: find_path_dense:y <- $r11
	@DEBUG_VALUE: find_path_dense:pred <- [DW_OP_plus_uconst 76] [$sp+0]
	@DEBUG_VALUE: find_path_dense:v <- [DW_OP_plus_uconst 72] [$sp+0]
	@DEBUG_VALUE: k <- $r3
	.loc	2 269 20 is_stmt 1              @ ../ByteTrack/lapjv.cpp:269:20
	ldr.w	r1, [r0, r3, lsl #2]
.Ltmp574:
	@DEBUG_VALUE: j <- $r1
	.loc	2 268 3                         @ ../ByteTrack/lapjv.cpp:268:3
	cmp	r2, #1
.Ltmp575:
	.loc	2 270 12                        @ ../ByteTrack/lapjv.cpp:270:12
	add.w	r7, r8, r1, lsl #3
	.loc	2 270 4 is_stmt 0               @ ../ByteTrack/lapjv.cpp:270:4
	add.w	r1, r9, r1, lsl #3
.Ltmp576:
	.loc	2 270 12                        @ ../ByteTrack/lapjv.cpp:270:12
	vldr	d1, [r7]
	.loc	2 270 9                         @ ../ByteTrack/lapjv.cpp:270:9
	vldr	d2, [r1]
	.loc	2 270 17                        @ ../ByteTrack/lapjv.cpp:270:17
	vsub.f64	d1, d1, d0
	.loc	2 270 9                         @ ../ByteTrack/lapjv.cpp:270:9
	vadd.f64	d1, d2, d1
	vstr	d1, [r1]
.Ltmp577:
	@DEBUG_VALUE: k <- [DW_OP_plus_uconst 1, DW_OP_stack_value] $r3
	.loc	2 0 9                           @ ../ByteTrack/lapjv.cpp:0:9
	beq	.LBB4_71
.Ltmp578:
@ %bb.69:
	@DEBUG_VALUE: k <- [DW_OP_plus_uconst 1, DW_OP_stack_value] $r3
	@DEBUG_VALUE: mind <- $d0
	@DEBUG_VALUE: find_path_dense:final_j <- $r6
	@DEBUG_VALUE: find_path_dense:start_i <- [DW_OP_LLVM_entry_value 1] $r2
	@DEBUG_VALUE: find_path_dense:d <- $r8
	@DEBUG_VALUE: find_path_dense:cost <- [DW_OP_plus_uconst 24] [$sp+0]
	@DEBUG_VALUE: find_path_dense:y <- $r11
	@DEBUG_VALUE: find_path_dense:pred <- [DW_OP_plus_uconst 76] [$sp+0]
	@DEBUG_VALUE: find_path_dense:v <- [DW_OP_plus_uconst 72] [$sp+0]
	@DEBUG_VALUE: k <- [DW_OP_plus_uconst 1, DW_OP_stack_value] $r3
	.loc	2 269 20 is_stmt 1              @ ../ByteTrack/lapjv.cpp:269:20
	add.w	r1, r0, r3, lsl #2
.Ltmp579:
	.loc	2 268 3                         @ ../ByteTrack/lapjv.cpp:268:3
	cmp	r2, #2
.Ltmp580:
	.loc	2 269 20                        @ ../ByteTrack/lapjv.cpp:269:20
	ldr	r3, [r1, #4]
.Ltmp581:
	@DEBUG_VALUE: j <- $r3
	.loc	2 270 12                        @ ../ByteTrack/lapjv.cpp:270:12
	add.w	r7, r8, r3, lsl #3
	.loc	2 270 4 is_stmt 0               @ ../ByteTrack/lapjv.cpp:270:4
	add.w	r3, r9, r3, lsl #3
.Ltmp582:
	.loc	2 270 12                        @ ../ByteTrack/lapjv.cpp:270:12
	vldr	d1, [r7]
	.loc	2 270 9                         @ ../ByteTrack/lapjv.cpp:270:9
	vldr	d2, [r3]
	.loc	2 270 17                        @ ../ByteTrack/lapjv.cpp:270:17
	vsub.f64	d1, d1, d0
	.loc	2 270 9                         @ ../ByteTrack/lapjv.cpp:270:9
	vadd.f64	d1, d2, d1
	vstr	d1, [r3]
.Ltmp583:
	@DEBUG_VALUE: k <- [DW_OP_plus_uconst 2, DW_OP_stack_value] undef
	.loc	2 0 9                           @ ../ByteTrack/lapjv.cpp:0:9
	beq	.LBB4_71
.Ltmp584:
@ %bb.70:
	@DEBUG_VALUE: mind <- $d0
	@DEBUG_VALUE: find_path_dense:final_j <- $r6
	@DEBUG_VALUE: find_path_dense:start_i <- [DW_OP_LLVM_entry_value 1] $r2
	@DEBUG_VALUE: find_path_dense:d <- $r8
	@DEBUG_VALUE: find_path_dense:cost <- [DW_OP_plus_uconst 24] [$sp+0]
	@DEBUG_VALUE: find_path_dense:y <- $r11
	@DEBUG_VALUE: find_path_dense:pred <- [DW_OP_plus_uconst 76] [$sp+0]
	@DEBUG_VALUE: find_path_dense:v <- [DW_OP_plus_uconst 72] [$sp+0]
	@DEBUG_VALUE: k <- [DW_OP_plus_uconst 2, DW_OP_stack_value] undef
	.loc	2 269 20 is_stmt 1              @ ../ByteTrack/lapjv.cpp:269:20
	ldr	r1, [r1, #8]
.Ltmp585:
	@DEBUG_VALUE: j <- $r1
	.loc	2 270 12                        @ ../ByteTrack/lapjv.cpp:270:12
	add.w	r2, r8, r1, lsl #3
	.loc	2 270 4 is_stmt 0               @ ../ByteTrack/lapjv.cpp:270:4
	add.w	r1, r9, r1, lsl #3
.Ltmp586:
	.loc	2 270 12                        @ ../ByteTrack/lapjv.cpp:270:12
	vldr	d1, [r2]
	.loc	2 270 17                        @ ../ByteTrack/lapjv.cpp:270:17
	vsub.f64	d0, d1, d0
.Ltmp587:
	.loc	2 270 9                         @ ../ByteTrack/lapjv.cpp:270:9
	vldr	d1, [r1]
	vadd.f64	d0, d1, d0
	vstr	d0, [r1]
.Ltmp588:
	@DEBUG_VALUE: k <- [DW_OP_plus_uconst 3, DW_OP_stack_value] undef
.LBB4_71:
	@DEBUG_VALUE: find_path_dense:final_j <- $r6
	@DEBUG_VALUE: find_path_dense:start_i <- [DW_OP_LLVM_entry_value 1] $r2
	@DEBUG_VALUE: find_path_dense:d <- $r8
	@DEBUG_VALUE: find_path_dense:cost <- [DW_OP_plus_uconst 24] [$sp+0]
	@DEBUG_VALUE: find_path_dense:y <- $r11
	@DEBUG_VALUE: find_path_dense:pred <- [DW_OP_plus_uconst 76] [$sp+0]
	@DEBUG_VALUE: find_path_dense:v <- [DW_OP_plus_uconst 72] [$sp+0]
	.loc	2 274 2 is_stmt 1               @ ../ByteTrack/lapjv.cpp:274:2
	bl	free
.Ltmp589:
	@DEBUG_VALUE: find_path_dense:cols <- 0
	.loc	2 275 2                         @ ../ByteTrack/lapjv.cpp:275:2
	mov	r0, r8
	bl	free
.Ltmp590:
	@DEBUG_VALUE: find_path_dense:d <- 0
.LBB4_72:
	@DEBUG_VALUE: find_path_dense:cost <- [DW_OP_plus_uconst 24] [$sp+0]
	@DEBUG_VALUE: find_path_dense:y <- $r11
	@DEBUG_VALUE: find_path_dense:pred <- [DW_OP_plus_uconst 76] [$sp+0]
	@DEBUG_VALUE: find_path_dense:v <- [DW_OP_plus_uconst 72] [$sp+0]
	.loc	2 278 1                         @ ../ByteTrack/lapjv.cpp:278:1
	mov	r0, r6
	.loc	2 278 1 epilogue_begin is_stmt 0 @ ../ByteTrack/lapjv.cpp:278:1
	add	sp, #36
	pop.w	{r4, r5, r6, r7, r8, r9, r10, r11, pc}
.Ltmp591:
.Lfunc_end4:
	.size	_Z15find_path_densejPPdiPiS_S1_, .Lfunc_end4-_Z15find_path_densejPPdiPiS_S1_
	.cfi_endproc
	.cantunwind
	.fnend
                                        @ -- End function
	.section	.text._Z9_ca_densejPPdjPiS1_S1_S_,"ax",%progbits
	.hidden	_Z9_ca_densejPPdjPiS1_S1_S_     @ -- Begin function _Z9_ca_densejPPdjPiS1_S1_S_
	.globl	_Z9_ca_densejPPdjPiS1_S1_S_
	.p2align	2
	.type	_Z9_ca_densejPPdjPiS1_S1_S_,%function
	.code	16                              @ @_Z9_ca_densejPPdjPiS1_S1_S_
	.thumb_func
_Z9_ca_densejPPdjPiS1_S1_S_:
.Lfunc_begin5:
	.loc	2 287 0 is_stmt 1               @ ../ByteTrack/lapjv.cpp:287:0
	.fnstart
	.cfi_startproc
@ %bb.0:
	@DEBUG_VALUE: _ca_dense:n <- $r0
	@DEBUG_VALUE: _ca_dense:cost <- $r1
	@DEBUG_VALUE: _ca_dense:n_free_rows <- $r2
	@DEBUG_VALUE: _ca_dense:free_rows <- $r3
	.save	{r4, r5, r6, r7, r8, r9, r10, r11, lr}
	push.w	{r4, r5, r6, r7, r8, r9, r10, r11, lr}
	.cfi_def_cfa_offset 36
	.cfi_offset lr, -4
	.cfi_offset r11, -8
	.cfi_offset r10, -12
	.cfi_offset r9, -16
	.cfi_offset r8, -20
	.cfi_offset r7, -24
	.cfi_offset r6, -28
	.cfi_offset r5, -32
	.cfi_offset r4, -36
	.pad	#12
	sub	sp, #12
	.cfi_def_cfa_offset 48
.Ltmp592:
	@DEBUG_VALUE: _ca_dense:x <- [DW_OP_plus_uconst 48] [$sp+0]
	@DEBUG_VALUE: _ca_dense:y <- [DW_OP_plus_uconst 52] [$sp+0]
	@DEBUG_VALUE: _ca_dense:v <- [DW_OP_plus_uconst 56] [$sp+0]
	mov	r11, r0
.Ltmp593:
	@DEBUG_VALUE: _ca_dense:n <- $r11
	.loc	2 290 2 prologue_end            @ ../ByteTrack/lapjv.cpp:290:2
	lsls	r0, r0, #2
	mov	r4, r3
.Ltmp594:
	@DEBUG_VALUE: _ca_dense:free_rows <- $r4
	@DEBUG_VALUE: _ca_dense:free_rows <- $r4
	.loc	2 0 2 is_stmt 0                 @ ../ByteTrack/lapjv.cpp:0:2
	mov	r9, r2
.Ltmp595:
	@DEBUG_VALUE: _ca_dense:n_free_rows <- $r9
	@DEBUG_VALUE: _ca_dense:n_free_rows <- $r9
	mov	r8, r1
.Ltmp596:
	@DEBUG_VALUE: _ca_dense:cost <- $r8
	@DEBUG_VALUE: _ca_dense:cost <- $r8
	.loc	2 290 2                         @ ../ByteTrack/lapjv.cpp:290:2
	bl	malloc
.Ltmp597:
	@DEBUG_VALUE: _ca_dense:pred <- $r0
	.loc	2 290 2                         @ ../ByteTrack/lapjv.cpp:290:2
	cmp	r0, #0
	beq	.LBB5_10
.Ltmp598:
@ %bb.1:
	@DEBUG_VALUE: _ca_dense:pred <- $r0
	@DEBUG_VALUE: _ca_dense:cost <- $r8
	@DEBUG_VALUE: _ca_dense:n_free_rows <- $r9
	@DEBUG_VALUE: _ca_dense:free_rows <- $r4
	@DEBUG_VALUE: _ca_dense:n <- $r11
	@DEBUG_VALUE: _ca_dense:v <- [DW_OP_plus_uconst 56] [$sp+0]
	@DEBUG_VALUE: _ca_dense:y <- [DW_OP_plus_uconst 52] [$sp+0]
	@DEBUG_VALUE: _ca_dense:x <- [DW_OP_plus_uconst 48] [$sp+0]
	.loc	2 0 0                           @ ../ByteTrack/lapjv.cpp:0:0
	mov	r7, r0
.Ltmp599:
	@DEBUG_VALUE: _ca_dense:pred <- $r7
	@DEBUG_VALUE: _ca_dense:pred <- $r7
	@DEBUG_VALUE: pfree_i <- $r4
	.loc	2 292 2 is_stmt 1               @ ../ByteTrack/lapjv.cpp:292:2
	cmp.w	r9, #1
	blt	.LBB5_9
.Ltmp600:
@ %bb.2:
	@DEBUG_VALUE: pfree_i <- $r4
	@DEBUG_VALUE: _ca_dense:pred <- $r7
	@DEBUG_VALUE: _ca_dense:cost <- $r8
	@DEBUG_VALUE: _ca_dense:n_free_rows <- $r9
	@DEBUG_VALUE: _ca_dense:free_rows <- $r4
	@DEBUG_VALUE: _ca_dense:n <- $r11
	@DEBUG_VALUE: _ca_dense:v <- [DW_OP_plus_uconst 56] [$sp+0]
	@DEBUG_VALUE: _ca_dense:y <- [DW_OP_plus_uconst 52] [$sp+0]
	@DEBUG_VALUE: _ca_dense:x <- [DW_OP_plus_uconst 48] [$sp+0]
	.loc	2 0 2 is_stmt 0                 @ ../ByteTrack/lapjv.cpp:0:2
	ldrd	r6, r5, [sp, #48]
	ldr.w	r10, [sp, #56]
	add.w	r9, r4, r9, lsl #2
.Ltmp601:
	@DEBUG_VALUE: _ca_dense:n_free_rows <- [DW_OP_LLVM_entry_value 1] $r2
	b	.LBB5_4
.Ltmp602:
	.p2align	2
.LBB5_3:                                @   in Loop: Header=BB5_4 Depth=1
	@DEBUG_VALUE: _ca_dense:n_free_rows <- [DW_OP_LLVM_entry_value 1] $r2
	@DEBUG_VALUE: pfree_i <- $r4
	@DEBUG_VALUE: _ca_dense:pred <- $r7
	@DEBUG_VALUE: _ca_dense:cost <- $r8
	@DEBUG_VALUE: _ca_dense:n <- $r11
	@DEBUG_VALUE: _ca_dense:v <- [DW_OP_plus_uconst 56] [$sp+0]
	@DEBUG_VALUE: _ca_dense:y <- [DW_OP_plus_uconst 52] [$sp+0]
	@DEBUG_VALUE: _ca_dense:x <- [DW_OP_plus_uconst 48] [$sp+0]
	.loc	2 292 77                        @ ../ByteTrack/lapjv.cpp:292:77
	adds	r4, #4
.Ltmp603:
	@DEBUG_VALUE: _ca_dense:free_rows <- [DW_OP_LLVM_entry_value 1] $r3
	@DEBUG_VALUE: pfree_i <- $r4
	.loc	2 292 2                         @ ../ByteTrack/lapjv.cpp:292:2
	cmp	r4, r9
	bhs	.LBB5_9
.Ltmp604:
.LBB5_4:                                @ =>This Loop Header: Depth=1
                                        @     Child Loop BB5_5 Depth 2
	@DEBUG_VALUE: _ca_dense:n_free_rows <- [DW_OP_LLVM_entry_value 1] $r2
	@DEBUG_VALUE: pfree_i <- $r4
	@DEBUG_VALUE: _ca_dense:pred <- $r7
	@DEBUG_VALUE: _ca_dense:cost <- $r8
	@DEBUG_VALUE: _ca_dense:n <- $r11
	@DEBUG_VALUE: _ca_dense:v <- [DW_OP_plus_uconst 56] [$sp+0]
	@DEBUG_VALUE: _ca_dense:y <- [DW_OP_plus_uconst 52] [$sp+0]
	@DEBUG_VALUE: _ca_dense:x <- [DW_OP_plus_uconst 48] [$sp+0]
	@DEBUG_VALUE: pfree_i <- $r4
	@DEBUG_VALUE: i <- -1
	@DEBUG_VALUE: k <- 0
	.loc	2 297 32 is_stmt 1              @ ../ByteTrack/lapjv.cpp:297:32
	ldr	r2, [r4]
	.loc	2 297 7 is_stmt 0               @ ../ByteTrack/lapjv.cpp:297:7
	mov	r0, r11
	mov	r1, r8
	mov	r3, r5
	strd	r10, r7, [sp]
	bl	_Z15find_path_densejPPdiPiS_S1_
.Ltmp605:
	.loc	2 300 15 is_stmt 1              @ ../ByteTrack/lapjv.cpp:300:15
	ldr	r1, [r4]
	.loc	2 300 3 is_stmt 0               @ ../ByteTrack/lapjv.cpp:300:3
	adds	r1, #1
.Ltmp606:
	@DEBUG_VALUE: j <- $r0
	@DEBUG_VALUE: k <- undef
	beq	.LBB5_3
.Ltmp607:
	.loc	2 0 3                           @ :0:3
.Ltmp608:
	.p2align	2
.LBB5_5:                                @   Parent Loop BB5_4 Depth=1
                                        @ =>  This Inner Loop Header: Depth=2
	@DEBUG_VALUE: j <- $r0
	@DEBUG_VALUE: _ca_dense:n_free_rows <- [DW_OP_LLVM_entry_value 1] $r2
	@DEBUG_VALUE: pfree_i <- $r4
	@DEBUG_VALUE: _ca_dense:pred <- $r7
	@DEBUG_VALUE: _ca_dense:cost <- $r8
	@DEBUG_VALUE: _ca_dense:n <- $r11
	@DEBUG_VALUE: _ca_dense:v <- [DW_OP_plus_uconst 56] [$sp+0]
	@DEBUG_VALUE: _ca_dense:y <- [DW_OP_plus_uconst 52] [$sp+0]
	@DEBUG_VALUE: _ca_dense:x <- [DW_OP_plus_uconst 48] [$sp+0]
	@DEBUG_VALUE: j <- $r0
	.loc	2 303 8 is_stmt 1               @ ../ByteTrack/lapjv.cpp:303:8
	ldr.w	r2, [r7, r0, lsl #2]
.Ltmp609:
	@DEBUG_VALUE: i <- $r2
	.loc	2 305 9                         @ ../ByteTrack/lapjv.cpp:305:9
	str.w	r2, [r5, r0, lsl #2]
.Ltmp610:
	@DEBUG_VALUE: _temp_index <- $r0
	.loc	2 307 4                         @ ../ByteTrack/lapjv.cpp:307:4
	ldr.w	r1, [r6, r2, lsl #2]
.Ltmp611:
	@DEBUG_VALUE: j <- $r1
	str.w	r0, [r6, r2, lsl #2]
.Ltmp612:
	@DEBUG_VALUE: k <- undef
	.loc	2 300 15                        @ ../ByteTrack/lapjv.cpp:300:15
	ldr	r0, [r4]
.Ltmp613:
	.loc	2 300 3 is_stmt 0               @ ../ByteTrack/lapjv.cpp:300:3
	cmp	r2, r0
	beq	.LBB5_3
.Ltmp614:
@ %bb.6:                                @   in Loop: Header=BB5_5 Depth=2
	@DEBUG_VALUE: j <- $r1
	@DEBUG_VALUE: i <- $r2
	@DEBUG_VALUE: _ca_dense:n_free_rows <- [DW_OP_LLVM_entry_value 1] $r2
	@DEBUG_VALUE: pfree_i <- $r4
	@DEBUG_VALUE: _ca_dense:pred <- $r7
	@DEBUG_VALUE: _ca_dense:cost <- $r8
	@DEBUG_VALUE: _ca_dense:n <- $r11
	@DEBUG_VALUE: _ca_dense:v <- [DW_OP_plus_uconst 56] [$sp+0]
	@DEBUG_VALUE: _ca_dense:y <- [DW_OP_plus_uconst 52] [$sp+0]
	@DEBUG_VALUE: _ca_dense:x <- [DW_OP_plus_uconst 48] [$sp+0]
	@DEBUG_VALUE: j <- $r1
	.loc	2 303 8 is_stmt 1               @ ../ByteTrack/lapjv.cpp:303:8
	ldr.w	r2, [r7, r1, lsl #2]
.Ltmp615:
	@DEBUG_VALUE: i <- $r2
	.loc	2 305 9                         @ ../ByteTrack/lapjv.cpp:305:9
	str.w	r2, [r5, r1, lsl #2]
.Ltmp616:
	@DEBUG_VALUE: _temp_index <- $r1
	.loc	2 307 4                         @ ../ByteTrack/lapjv.cpp:307:4
	ldr.w	r0, [r6, r2, lsl #2]
.Ltmp617:
	@DEBUG_VALUE: j <- $r0
	str.w	r1, [r6, r2, lsl #2]
.Ltmp618:
	@DEBUG_VALUE: k <- undef
	.loc	2 300 15                        @ ../ByteTrack/lapjv.cpp:300:15
	ldr	r1, [r4]
.Ltmp619:
	.loc	2 300 3 is_stmt 0               @ ../ByteTrack/lapjv.cpp:300:3
	cmp	r2, r1
	beq	.LBB5_3
.Ltmp620:
@ %bb.7:                                @   in Loop: Header=BB5_5 Depth=2
	@DEBUG_VALUE: i <- $r2
	@DEBUG_VALUE: j <- $r0
	@DEBUG_VALUE: _ca_dense:n_free_rows <- [DW_OP_LLVM_entry_value 1] $r2
	@DEBUG_VALUE: pfree_i <- $r4
	@DEBUG_VALUE: _ca_dense:pred <- $r7
	@DEBUG_VALUE: _ca_dense:cost <- $r8
	@DEBUG_VALUE: _ca_dense:n <- $r11
	@DEBUG_VALUE: _ca_dense:v <- [DW_OP_plus_uconst 56] [$sp+0]
	@DEBUG_VALUE: _ca_dense:y <- [DW_OP_plus_uconst 52] [$sp+0]
	@DEBUG_VALUE: _ca_dense:x <- [DW_OP_plus_uconst 48] [$sp+0]
	@DEBUG_VALUE: j <- $r0
	.loc	2 303 8 is_stmt 1               @ ../ByteTrack/lapjv.cpp:303:8
	ldr.w	r2, [r7, r0, lsl #2]
.Ltmp621:
	@DEBUG_VALUE: i <- $r2
	.loc	2 305 9                         @ ../ByteTrack/lapjv.cpp:305:9
	str.w	r2, [r5, r0, lsl #2]
.Ltmp622:
	@DEBUG_VALUE: _temp_index <- $r0
	.loc	2 307 4                         @ ../ByteTrack/lapjv.cpp:307:4
	ldr.w	r1, [r6, r2, lsl #2]
.Ltmp623:
	@DEBUG_VALUE: j <- $r1
	str.w	r0, [r6, r2, lsl #2]
.Ltmp624:
	@DEBUG_VALUE: k <- undef
	.loc	2 300 15                        @ ../ByteTrack/lapjv.cpp:300:15
	ldr	r0, [r4]
.Ltmp625:
	.loc	2 300 3 is_stmt 0               @ ../ByteTrack/lapjv.cpp:300:3
	cmp	r2, r0
	beq	.LBB5_3
.Ltmp626:
@ %bb.8:                                @   in Loop: Header=BB5_5 Depth=2
	@DEBUG_VALUE: j <- $r1
	@DEBUG_VALUE: i <- $r2
	@DEBUG_VALUE: _ca_dense:n_free_rows <- [DW_OP_LLVM_entry_value 1] $r2
	@DEBUG_VALUE: pfree_i <- $r4
	@DEBUG_VALUE: _ca_dense:pred <- $r7
	@DEBUG_VALUE: _ca_dense:cost <- $r8
	@DEBUG_VALUE: _ca_dense:n <- $r11
	@DEBUG_VALUE: _ca_dense:v <- [DW_OP_plus_uconst 56] [$sp+0]
	@DEBUG_VALUE: _ca_dense:y <- [DW_OP_plus_uconst 52] [$sp+0]
	@DEBUG_VALUE: _ca_dense:x <- [DW_OP_plus_uconst 48] [$sp+0]
	@DEBUG_VALUE: j <- $r1
	.loc	2 303 8 is_stmt 1               @ ../ByteTrack/lapjv.cpp:303:8
	ldr.w	r2, [r7, r1, lsl #2]
.Ltmp627:
	@DEBUG_VALUE: i <- $r2
	.loc	2 305 9                         @ ../ByteTrack/lapjv.cpp:305:9
	str.w	r2, [r5, r1, lsl #2]
.Ltmp628:
	@DEBUG_VALUE: _temp_index <- $r1
	.loc	2 307 4                         @ ../ByteTrack/lapjv.cpp:307:4
	ldr.w	r0, [r6, r2, lsl #2]
.Ltmp629:
	@DEBUG_VALUE: j <- $r0
	str.w	r1, [r6, r2, lsl #2]
.Ltmp630:
	@DEBUG_VALUE: k <- undef
	.loc	2 300 15                        @ ../ByteTrack/lapjv.cpp:300:15
	ldr	r1, [r4]
.Ltmp631:
	.loc	2 300 3 is_stmt 0               @ ../ByteTrack/lapjv.cpp:300:3
	cmp	r2, r1
	bne	.LBB5_5
	b	.LBB5_3
.Ltmp632:
.LBB5_9:
	@DEBUG_VALUE: _ca_dense:pred <- $r7
	@DEBUG_VALUE: _ca_dense:cost <- $r8
	@DEBUG_VALUE: _ca_dense:n <- $r11
	@DEBUG_VALUE: _ca_dense:v <- [DW_OP_plus_uconst 56] [$sp+0]
	@DEBUG_VALUE: _ca_dense:y <- [DW_OP_plus_uconst 52] [$sp+0]
	@DEBUG_VALUE: _ca_dense:x <- [DW_OP_plus_uconst 48] [$sp+0]
	.loc	2 314 2 is_stmt 1               @ ../ByteTrack/lapjv.cpp:314:2
	mov	r0, r7
	bl	free
.Ltmp633:
	.loc	2 0 2 is_stmt 0                 @ ../ByteTrack/lapjv.cpp:0:2
	movs	r0, #0
.Ltmp634:
	@DEBUG_VALUE: _ca_dense:pred <- 0
	.loc	2 316 1 epilogue_begin is_stmt 1 @ ../ByteTrack/lapjv.cpp:316:1
	add	sp, #12
	pop.w	{r4, r5, r6, r7, r8, r9, r10, r11, pc}
.Ltmp635:
.LBB5_10:
	@DEBUG_VALUE: _ca_dense:pred <- $r0
	@DEBUG_VALUE: _ca_dense:cost <- $r8
	@DEBUG_VALUE: _ca_dense:n_free_rows <- $r9
	@DEBUG_VALUE: _ca_dense:free_rows <- $r4
	@DEBUG_VALUE: _ca_dense:n <- $r11
	@DEBUG_VALUE: _ca_dense:v <- [DW_OP_plus_uconst 56] [$sp+0]
	@DEBUG_VALUE: _ca_dense:y <- [DW_OP_plus_uconst 52] [$sp+0]
	@DEBUG_VALUE: _ca_dense:x <- [DW_OP_plus_uconst 48] [$sp+0]
	.loc	2 0 1 is_stmt 0                 @ ../ByteTrack/lapjv.cpp:0:1
	mov.w	r0, #-1
.Ltmp636:
	.loc	2 316 1 epilogue_begin          @ ../ByteTrack/lapjv.cpp:316:1
	add	sp, #12
	pop.w	{r4, r5, r6, r7, r8, r9, r10, r11, pc}
.Ltmp637:
.Lfunc_end5:
	.size	_Z9_ca_densejPPdjPiS1_S1_S_, .Lfunc_end5-_Z9_ca_densejPPdjPiS1_S1_S_
	.cfi_endproc
	.cantunwind
	.fnend
                                        @ -- End function
	.section	.text._Z14lapjv_internaljPPdPiS1_,"ax",%progbits
	.hidden	_Z14lapjv_internaljPPdPiS1_     @ -- Begin function _Z14lapjv_internaljPPdPiS1_
	.globl	_Z14lapjv_internaljPPdPiS1_
	.p2align	2
	.type	_Z14lapjv_internaljPPdPiS1_,%function
	.code	16                              @ @_Z14lapjv_internaljPPdPiS1_
	.thumb_func
_Z14lapjv_internaljPPdPiS1_:
.Lfunc_begin6:
	.loc	2 324 0 is_stmt 1               @ ../ByteTrack/lapjv.cpp:324:0
	.fnstart
	.cfi_startproc
@ %bb.0:
	@DEBUG_VALUE: lapjv_internal:n <- $r0
	@DEBUG_VALUE: lapjv_internal:cost <- $r1
	@DEBUG_VALUE: lapjv_internal:x <- $r2
	@DEBUG_VALUE: lapjv_internal:y <- $r3
	.save	{r4, r5, r6, r7, r8, r9, r10, r11, lr}
	push.w	{r4, r5, r6, r7, r8, r9, r10, r11, lr}
	.cfi_def_cfa_offset 36
	.cfi_offset lr, -4
	.cfi_offset r11, -8
	.cfi_offset r10, -12
	.cfi_offset r9, -16
	.cfi_offset r8, -20
	.cfi_offset r7, -24
	.cfi_offset r6, -28
	.cfi_offset r5, -32
	.cfi_offset r4, -36
	.pad	#20
	sub	sp, #20
	.cfi_def_cfa_offset 56
.Ltmp638:
	.loc	2 329 2 prologue_end            @ ../ByteTrack/lapjv.cpp:329:2
	lsl.w	r11, r0, #2
	mov	r8, r0
.Ltmp639:
	@DEBUG_VALUE: lapjv_internal:n <- $r8
	@DEBUG_VALUE: lapjv_internal:n <- $r8
	mov	r0, r11
	mov	r6, r3
.Ltmp640:
	@DEBUG_VALUE: lapjv_internal:y <- $r6
	@DEBUG_VALUE: lapjv_internal:y <- $r6
	.loc	2 0 2 is_stmt 0                 @ ../ByteTrack/lapjv.cpp:0:2
	mov	r7, r2
.Ltmp641:
	@DEBUG_VALUE: lapjv_internal:x <- $r7
	@DEBUG_VALUE: lapjv_internal:x <- $r7
	mov	r9, r1
.Ltmp642:
	@DEBUG_VALUE: lapjv_internal:cost <- $r9
	@DEBUG_VALUE: lapjv_internal:cost <- $r9
	.loc	2 329 2                         @ ../ByteTrack/lapjv.cpp:329:2
	bl	malloc
.Ltmp643:
	@DEBUG_VALUE: lapjv_internal:free_rows <- $r0
	.loc	2 329 2                         @ ../ByteTrack/lapjv.cpp:329:2
	cmp	r0, #0
	beq	.LBB6_14
.Ltmp644:
@ %bb.1:
	@DEBUG_VALUE: lapjv_internal:free_rows <- $r0
	@DEBUG_VALUE: lapjv_internal:cost <- $r9
	@DEBUG_VALUE: lapjv_internal:x <- $r7
	@DEBUG_VALUE: lapjv_internal:y <- $r6
	@DEBUG_VALUE: lapjv_internal:n <- $r8
	.loc	2 0 0                           @ ../ByteTrack/lapjv.cpp:0:0
	mov	r4, r0
.Ltmp645:
	@DEBUG_VALUE: lapjv_internal:free_rows <- $r4
	@DEBUG_VALUE: lapjv_internal:free_rows <- $r4
	.loc	2 330 2 is_stmt 1               @ ../ByteTrack/lapjv.cpp:330:2
	lsl.w	r0, r8, #3
	bl	malloc
.Ltmp646:
	@DEBUG_VALUE: lapjv_internal:v <- $r0
	.loc	2 330 2 is_stmt 0               @ ../ByteTrack/lapjv.cpp:330:2
	cmp	r0, #0
	beq	.LBB6_14
.Ltmp647:
@ %bb.2:
	@DEBUG_VALUE: lapjv_internal:v <- $r0
	@DEBUG_VALUE: lapjv_internal:free_rows <- $r4
	@DEBUG_VALUE: lapjv_internal:cost <- $r9
	@DEBUG_VALUE: lapjv_internal:x <- $r7
	@DEBUG_VALUE: lapjv_internal:y <- $r6
	@DEBUG_VALUE: lapjv_internal:n <- $r8
	.loc	2 0 0                           @ ../ByteTrack/lapjv.cpp:0:0
	mov	r10, r0
.Ltmp648:
	@DEBUG_VALUE: lapjv_internal:v <- $r10
	@DEBUG_VALUE: lapjv_internal:v <- $r10
	.loc	2 331 8 is_stmt 1               @ ../ByteTrack/lapjv.cpp:331:8
	mov	r0, r8
	mov	r1, r9
	mov	r2, r4
	mov	r3, r7
	strd	r6, r10, [sp]
	bl	_Z12_ccrrt_densejPPdPiS1_S1_S_
.Ltmp649:
	mov	r5, r0
.Ltmp650:
	@DEBUG_VALUE: lapjv_internal:i <- 0
	@DEBUG_VALUE: lapjv_internal:ret <- $r5
	.loc	2 333 2                         @ ../ByteTrack/lapjv.cpp:333:2
	cmp	r0, #1
	blt	.LBB6_18
.Ltmp651:
@ %bb.3:
	@DEBUG_VALUE: lapjv_internal:ret <- $r5
	@DEBUG_VALUE: lapjv_internal:i <- 0
	@DEBUG_VALUE: lapjv_internal:v <- $r10
	@DEBUG_VALUE: lapjv_internal:free_rows <- $r4
	@DEBUG_VALUE: lapjv_internal:cost <- $r9
	@DEBUG_VALUE: lapjv_internal:x <- $r7
	@DEBUG_VALUE: lapjv_internal:y <- $r6
	@DEBUG_VALUE: lapjv_internal:n <- $r8
	@DEBUG_VALUE: lapjv_internal:ret <- $r5
	@DEBUG_VALUE: lapjv_internal:i <- undef
	.loc	2 334 9                         @ ../ByteTrack/lapjv.cpp:334:9
	mov	r0, r8
	mov	r1, r9
	mov	r2, r5
	mov	r3, r4
	strd	r7, r6, [sp]
	str.w	r10, [sp, #8]
	bl	_Z11_carr_densejPPdjPiS1_S1_S_
.Ltmp652:
	mov	r5, r0
.Ltmp653:
	@DEBUG_VALUE: lapjv_internal:ret <- $r5
	.loc	2 333 13                        @ ../ByteTrack/lapjv.cpp:333:13
	cmp	r0, #0
	cset	r0, gt
	.loc	2 333 2 is_stmt 0               @ ../ByteTrack/lapjv.cpp:333:2
	cmp	r5, #1
	blt	.LBB6_5
.Ltmp654:
@ %bb.4:
	@DEBUG_VALUE: lapjv_internal:ret <- $r5
	@DEBUG_VALUE: lapjv_internal:v <- $r10
	@DEBUG_VALUE: lapjv_internal:free_rows <- $r4
	@DEBUG_VALUE: lapjv_internal:cost <- $r9
	@DEBUG_VALUE: lapjv_internal:x <- $r7
	@DEBUG_VALUE: lapjv_internal:y <- $r6
	@DEBUG_VALUE: lapjv_internal:n <- $r8
	@DEBUG_VALUE: lapjv_internal:ret <- $r5
	@DEBUG_VALUE: lapjv_internal:i <- undef
	.loc	2 334 9 is_stmt 1               @ ../ByteTrack/lapjv.cpp:334:9
	mov	r0, r8
	mov	r1, r9
	mov	r2, r5
	mov	r3, r4
	strd	r7, r6, [sp]
	str.w	r10, [sp, #8]
	bl	_Z11_carr_densejPPdjPiS1_S1_S_
.Ltmp655:
	.loc	2 333 13                        @ ../ByteTrack/lapjv.cpp:333:13
	cmp	r0, #0
.Ltmp656:
	.loc	2 334 9                         @ ../ByteTrack/lapjv.cpp:334:9
	mov	r5, r0
.Ltmp657:
	@DEBUG_VALUE: lapjv_internal:ret <- $r5
	.loc	2 333 13                        @ ../ByteTrack/lapjv.cpp:333:13
	cset	r0, gt
.Ltmp658:
.LBB6_5:
	@DEBUG_VALUE: lapjv_internal:ret <- $r5
	@DEBUG_VALUE: lapjv_internal:v <- $r10
	@DEBUG_VALUE: lapjv_internal:free_rows <- $r4
	@DEBUG_VALUE: lapjv_internal:cost <- $r9
	@DEBUG_VALUE: lapjv_internal:x <- $r7
	@DEBUG_VALUE: lapjv_internal:y <- $r6
	@DEBUG_VALUE: lapjv_internal:n <- $r8
	.loc	2 337 6                         @ ../ByteTrack/lapjv.cpp:337:6
	cmp	r0, #0
	beq	.LBB6_18
.Ltmp659:
@ %bb.6:
	@DEBUG_VALUE: lapjv_internal:ret <- $r5
	@DEBUG_VALUE: lapjv_internal:v <- $r10
	@DEBUG_VALUE: lapjv_internal:free_rows <- $r4
	@DEBUG_VALUE: lapjv_internal:cost <- $r9
	@DEBUG_VALUE: lapjv_internal:x <- $r7
	@DEBUG_VALUE: lapjv_internal:y <- $r6
	@DEBUG_VALUE: lapjv_internal:n <- $r8
	@DEBUG_VALUE: _ca_dense:n <- $r8
	@DEBUG_VALUE: _ca_dense:cost <- $r9
	@DEBUG_VALUE: _ca_dense:n_free_rows <- $r5
	@DEBUG_VALUE: _ca_dense:free_rows <- $r4
	@DEBUG_VALUE: _ca_dense:x <- $r7
	@DEBUG_VALUE: _ca_dense:y <- $r6
	@DEBUG_VALUE: _ca_dense:v <- $r10
	.loc	2 290 2                         @ ../ByteTrack/lapjv.cpp:290:2
	mov	r0, r11
	str	r4, [sp, #16]                   @ 4-byte Spill
.Ltmp660:
	@DEBUG_VALUE: lapjv_internal:free_rows <- [DW_OP_plus_uconst 16] [$sp+0]
	@DEBUG_VALUE: _ca_dense:free_rows <- [DW_OP_plus_uconst 16] [$sp+0]
	bl	malloc
.Ltmp661:
	@DEBUG_VALUE: _ca_dense:pred <- $r0
	.loc	2 290 2 is_stmt 0               @ ../ByteTrack/lapjv.cpp:290:2
	cmp	r0, #0
	beq	.LBB6_16
.Ltmp662:
@ %bb.7:
	@DEBUG_VALUE: _ca_dense:pred <- $r0
	@DEBUG_VALUE: _ca_dense:free_rows <- [DW_OP_plus_uconst 16] [$sp+0]
	@DEBUG_VALUE: lapjv_internal:free_rows <- [DW_OP_plus_uconst 16] [$sp+0]
	@DEBUG_VALUE: _ca_dense:v <- $r10
	@DEBUG_VALUE: _ca_dense:y <- $r6
	@DEBUG_VALUE: _ca_dense:x <- $r7
	@DEBUG_VALUE: _ca_dense:n_free_rows <- $r5
	@DEBUG_VALUE: _ca_dense:cost <- $r9
	@DEBUG_VALUE: _ca_dense:n <- $r8
	@DEBUG_VALUE: lapjv_internal:ret <- $r5
	@DEBUG_VALUE: lapjv_internal:v <- $r10
	@DEBUG_VALUE: lapjv_internal:cost <- $r9
	@DEBUG_VALUE: lapjv_internal:x <- $r7
	@DEBUG_VALUE: lapjv_internal:y <- $r6
	@DEBUG_VALUE: lapjv_internal:n <- $r8
	.loc	2 0 2                           @ ../ByteTrack/lapjv.cpp:0:2
	mov	r4, r0
.Ltmp663:
	@DEBUG_VALUE: _ca_dense:pred <- $r4
	@DEBUG_VALUE: _ca_dense:pred <- $r4
	ldr	r0, [sp, #16]                   @ 4-byte Reload
.Ltmp664:
	@DEBUG_VALUE: lapjv_internal:free_rows <- $r0
	add.w	r11, r0, r5, lsl #2
	@DEBUG_VALUE: pfree_i <- [DW_OP_plus_uconst 16] [$sp+0]
	mov	r5, r0
.Ltmp665:
	@DEBUG_VALUE: lapjv_internal:free_rows <- $r5
	b	.LBB6_9
.Ltmp666:
	.p2align	2
.LBB6_8:                                @   in Loop: Header=BB6_9 Depth=1
	@DEBUG_VALUE: pfree_i <- $r5
	@DEBUG_VALUE: _ca_dense:pred <- $r4
	@DEBUG_VALUE: _ca_dense:free_rows <- [DW_OP_plus_uconst 16] [$sp+0]
	@DEBUG_VALUE: _ca_dense:v <- $r10
	@DEBUG_VALUE: _ca_dense:y <- $r6
	@DEBUG_VALUE: _ca_dense:x <- $r7
	@DEBUG_VALUE: _ca_dense:cost <- $r9
	@DEBUG_VALUE: _ca_dense:n <- $r8
	@DEBUG_VALUE: lapjv_internal:v <- $r10
	@DEBUG_VALUE: lapjv_internal:cost <- $r9
	@DEBUG_VALUE: lapjv_internal:x <- $r7
	@DEBUG_VALUE: lapjv_internal:y <- $r6
	@DEBUG_VALUE: lapjv_internal:n <- $r8
	.loc	2 292 77 is_stmt 1              @ ../ByteTrack/lapjv.cpp:292:77
	adds	r5, #4
.Ltmp667:
	@DEBUG_VALUE: pfree_i <- $r5
	.loc	2 292 2 is_stmt 0               @ ../ByteTrack/lapjv.cpp:292:2
	cmp	r5, r11
	bhs	.LBB6_15
.Ltmp668:
.LBB6_9:                                @ =>This Loop Header: Depth=1
                                        @     Child Loop BB6_10 Depth 2
	@DEBUG_VALUE: _ca_dense:pred <- $r4
	@DEBUG_VALUE: _ca_dense:free_rows <- [DW_OP_plus_uconst 16] [$sp+0]
	@DEBUG_VALUE: _ca_dense:v <- $r10
	@DEBUG_VALUE: _ca_dense:y <- $r6
	@DEBUG_VALUE: _ca_dense:x <- $r7
	@DEBUG_VALUE: _ca_dense:cost <- $r9
	@DEBUG_VALUE: _ca_dense:n <- $r8
	@DEBUG_VALUE: lapjv_internal:v <- $r10
	@DEBUG_VALUE: lapjv_internal:cost <- $r9
	@DEBUG_VALUE: lapjv_internal:x <- $r7
	@DEBUG_VALUE: lapjv_internal:y <- $r6
	@DEBUG_VALUE: lapjv_internal:n <- $r8
	@DEBUG_VALUE: pfree_i <- $r5
	@DEBUG_VALUE: i <- -1
	@DEBUG_VALUE: k <- 0
	.loc	2 297 32 is_stmt 1              @ ../ByteTrack/lapjv.cpp:297:32
	ldr	r2, [r5]
	.loc	2 297 7 is_stmt 0               @ ../ByteTrack/lapjv.cpp:297:7
	mov	r0, r8
	mov	r1, r9
	mov	r3, r6
	strd	r10, r4, [sp]
	bl	_Z15find_path_densejPPdiPiS_S1_
.Ltmp669:
	.loc	2 300 15 is_stmt 1              @ ../ByteTrack/lapjv.cpp:300:15
	ldr	r1, [r5]
	.loc	2 300 3 is_stmt 0               @ ../ByteTrack/lapjv.cpp:300:3
	adds	r2, r1, #1
.Ltmp670:
	@DEBUG_VALUE: j <- $r0
	@DEBUG_VALUE: k <- undef
	beq	.LBB6_8
.Ltmp671:
	.loc	2 0 3                           @ :0:3
.Ltmp672:
	.p2align	2
.LBB6_10:                               @   Parent Loop BB6_9 Depth=1
                                        @ =>  This Inner Loop Header: Depth=2
	@DEBUG_VALUE: j <- $r0
	@DEBUG_VALUE: pfree_i <- $r5
	@DEBUG_VALUE: _ca_dense:pred <- $r4
	@DEBUG_VALUE: _ca_dense:free_rows <- [DW_OP_plus_uconst 16] [$sp+0]
	@DEBUG_VALUE: _ca_dense:v <- $r10
	@DEBUG_VALUE: _ca_dense:y <- $r6
	@DEBUG_VALUE: _ca_dense:x <- $r7
	@DEBUG_VALUE: _ca_dense:cost <- $r9
	@DEBUG_VALUE: _ca_dense:n <- $r8
	@DEBUG_VALUE: lapjv_internal:v <- $r10
	@DEBUG_VALUE: lapjv_internal:cost <- $r9
	@DEBUG_VALUE: lapjv_internal:x <- $r7
	@DEBUG_VALUE: lapjv_internal:y <- $r6
	@DEBUG_VALUE: lapjv_internal:n <- $r8
	@DEBUG_VALUE: j <- $r0
	.loc	2 303 8 is_stmt 1               @ ../ByteTrack/lapjv.cpp:303:8
	ldr.w	r3, [r4, r0, lsl #2]
.Ltmp673:
	@DEBUG_VALUE: i <- $r3
	.loc	2 305 9                         @ ../ByteTrack/lapjv.cpp:305:9
	str.w	r3, [r6, r0, lsl #2]
.Ltmp674:
	@DEBUG_VALUE: _temp_index <- $r0
	.loc	2 307 4                         @ ../ByteTrack/lapjv.cpp:307:4
	ldr.w	r2, [r7, r3, lsl #2]
.Ltmp675:
	@DEBUG_VALUE: j <- $r2
	.loc	2 300 3                         @ ../ByteTrack/lapjv.cpp:300:3
	cmp	r3, r1
.Ltmp676:
	.loc	2 307 4                         @ ../ByteTrack/lapjv.cpp:307:4
	str.w	r0, [r7, r3, lsl #2]
.Ltmp677:
	@DEBUG_VALUE: k <- undef
	.loc	2 300 3                         @ ../ByteTrack/lapjv.cpp:300:3
	beq	.LBB6_8
.Ltmp678:
@ %bb.11:                               @   in Loop: Header=BB6_10 Depth=2
	@DEBUG_VALUE: j <- $r2
	@DEBUG_VALUE: _temp_index <- $r0
	@DEBUG_VALUE: i <- $r3
	@DEBUG_VALUE: pfree_i <- $r5
	@DEBUG_VALUE: _ca_dense:pred <- $r4
	@DEBUG_VALUE: _ca_dense:free_rows <- [DW_OP_plus_uconst 16] [$sp+0]
	@DEBUG_VALUE: _ca_dense:v <- $r10
	@DEBUG_VALUE: _ca_dense:y <- $r6
	@DEBUG_VALUE: _ca_dense:x <- $r7
	@DEBUG_VALUE: _ca_dense:cost <- $r9
	@DEBUG_VALUE: _ca_dense:n <- $r8
	@DEBUG_VALUE: lapjv_internal:v <- $r10
	@DEBUG_VALUE: lapjv_internal:cost <- $r9
	@DEBUG_VALUE: lapjv_internal:x <- $r7
	@DEBUG_VALUE: lapjv_internal:y <- $r6
	@DEBUG_VALUE: lapjv_internal:n <- $r8
	@DEBUG_VALUE: j <- $r2
	.loc	2 303 8                         @ ../ByteTrack/lapjv.cpp:303:8
	ldr.w	r3, [r4, r2, lsl #2]
.Ltmp679:
	@DEBUG_VALUE: i <- $r3
	.loc	2 305 9                         @ ../ByteTrack/lapjv.cpp:305:9
	str.w	r3, [r6, r2, lsl #2]
.Ltmp680:
	@DEBUG_VALUE: _temp_index <- $r2
	.loc	2 307 4                         @ ../ByteTrack/lapjv.cpp:307:4
	ldr.w	r0, [r7, r3, lsl #2]
.Ltmp681:
	@DEBUG_VALUE: j <- $r0
	.loc	2 300 3                         @ ../ByteTrack/lapjv.cpp:300:3
	cmp	r3, r1
.Ltmp682:
	.loc	2 307 4                         @ ../ByteTrack/lapjv.cpp:307:4
	str.w	r2, [r7, r3, lsl #2]
.Ltmp683:
	@DEBUG_VALUE: k <- undef
	.loc	2 300 3                         @ ../ByteTrack/lapjv.cpp:300:3
	beq	.LBB6_8
.Ltmp684:
@ %bb.12:                               @   in Loop: Header=BB6_10 Depth=2
	@DEBUG_VALUE: _temp_index <- $r2
	@DEBUG_VALUE: i <- $r3
	@DEBUG_VALUE: j <- $r0
	@DEBUG_VALUE: pfree_i <- $r5
	@DEBUG_VALUE: _ca_dense:pred <- $r4
	@DEBUG_VALUE: _ca_dense:free_rows <- [DW_OP_plus_uconst 16] [$sp+0]
	@DEBUG_VALUE: _ca_dense:v <- $r10
	@DEBUG_VALUE: _ca_dense:y <- $r6
	@DEBUG_VALUE: _ca_dense:x <- $r7
	@DEBUG_VALUE: _ca_dense:cost <- $r9
	@DEBUG_VALUE: _ca_dense:n <- $r8
	@DEBUG_VALUE: lapjv_internal:v <- $r10
	@DEBUG_VALUE: lapjv_internal:cost <- $r9
	@DEBUG_VALUE: lapjv_internal:x <- $r7
	@DEBUG_VALUE: lapjv_internal:y <- $r6
	@DEBUG_VALUE: lapjv_internal:n <- $r8
	@DEBUG_VALUE: j <- $r0
	.loc	2 303 8                         @ ../ByteTrack/lapjv.cpp:303:8
	ldr.w	r3, [r4, r0, lsl #2]
.Ltmp685:
	@DEBUG_VALUE: i <- $r3
	.loc	2 305 9                         @ ../ByteTrack/lapjv.cpp:305:9
	str.w	r3, [r6, r0, lsl #2]
.Ltmp686:
	@DEBUG_VALUE: _temp_index <- $r0
	.loc	2 307 4                         @ ../ByteTrack/lapjv.cpp:307:4
	ldr.w	r2, [r7, r3, lsl #2]
.Ltmp687:
	@DEBUG_VALUE: j <- $r2
	.loc	2 300 3                         @ ../ByteTrack/lapjv.cpp:300:3
	cmp	r3, r1
.Ltmp688:
	.loc	2 307 4                         @ ../ByteTrack/lapjv.cpp:307:4
	str.w	r0, [r7, r3, lsl #2]
.Ltmp689:
	@DEBUG_VALUE: k <- undef
	.loc	2 300 3                         @ ../ByteTrack/lapjv.cpp:300:3
	beq	.LBB6_8
.Ltmp690:
@ %bb.13:                               @   in Loop: Header=BB6_10 Depth=2
	@DEBUG_VALUE: j <- $r2
	@DEBUG_VALUE: _temp_index <- $r0
	@DEBUG_VALUE: i <- $r3
	@DEBUG_VALUE: pfree_i <- $r5
	@DEBUG_VALUE: _ca_dense:pred <- $r4
	@DEBUG_VALUE: _ca_dense:free_rows <- [DW_OP_plus_uconst 16] [$sp+0]
	@DEBUG_VALUE: _ca_dense:v <- $r10
	@DEBUG_VALUE: _ca_dense:y <- $r6
	@DEBUG_VALUE: _ca_dense:x <- $r7
	@DEBUG_VALUE: _ca_dense:cost <- $r9
	@DEBUG_VALUE: _ca_dense:n <- $r8
	@DEBUG_VALUE: lapjv_internal:v <- $r10
	@DEBUG_VALUE: lapjv_internal:cost <- $r9
	@DEBUG_VALUE: lapjv_internal:x <- $r7
	@DEBUG_VALUE: lapjv_internal:y <- $r6
	@DEBUG_VALUE: lapjv_internal:n <- $r8
	@DEBUG_VALUE: j <- $r2
	.loc	2 303 8                         @ ../ByteTrack/lapjv.cpp:303:8
	ldr.w	r3, [r4, r2, lsl #2]
.Ltmp691:
	@DEBUG_VALUE: i <- $r3
	.loc	2 305 9                         @ ../ByteTrack/lapjv.cpp:305:9
	str.w	r3, [r6, r2, lsl #2]
.Ltmp692:
	@DEBUG_VALUE: _temp_index <- $r2
	.loc	2 307 4                         @ ../ByteTrack/lapjv.cpp:307:4
	ldr.w	r0, [r7, r3, lsl #2]
.Ltmp693:
	@DEBUG_VALUE: j <- $r0
	.loc	2 300 3                         @ ../ByteTrack/lapjv.cpp:300:3
	cmp	r3, r1
.Ltmp694:
	.loc	2 307 4                         @ ../ByteTrack/lapjv.cpp:307:4
	str.w	r2, [r7, r3, lsl #2]
.Ltmp695:
	@DEBUG_VALUE: k <- undef
	.loc	2 300 3                         @ ../ByteTrack/lapjv.cpp:300:3
	bne	.LBB6_10
	b	.LBB6_8
.Ltmp696:
.LBB6_14:
	@DEBUG_VALUE: lapjv_internal:cost <- $r9
	@DEBUG_VALUE: lapjv_internal:x <- $r7
	@DEBUG_VALUE: lapjv_internal:y <- $r6
	@DEBUG_VALUE: lapjv_internal:n <- $r8
	.loc	2 0 3 is_stmt 0                 @ ../ByteTrack/lapjv.cpp:0:3
	mov.w	r5, #-1
	.loc	2 330 2 is_stmt 1               @ ../ByteTrack/lapjv.cpp:330:2
	b	.LBB6_19
.Ltmp697:
.LBB6_15:
	@DEBUG_VALUE: _ca_dense:pred <- $r4
	@DEBUG_VALUE: _ca_dense:free_rows <- [DW_OP_plus_uconst 16] [$sp+0]
	@DEBUG_VALUE: _ca_dense:v <- $r10
	@DEBUG_VALUE: _ca_dense:y <- $r6
	@DEBUG_VALUE: _ca_dense:x <- $r7
	@DEBUG_VALUE: _ca_dense:cost <- $r9
	@DEBUG_VALUE: _ca_dense:n <- $r8
	@DEBUG_VALUE: lapjv_internal:v <- $r10
	@DEBUG_VALUE: lapjv_internal:cost <- $r9
	@DEBUG_VALUE: lapjv_internal:x <- $r7
	@DEBUG_VALUE: lapjv_internal:y <- $r6
	@DEBUG_VALUE: lapjv_internal:n <- $r8
	.loc	2 314 2                         @ ../ByteTrack/lapjv.cpp:314:2
	mov	r0, r4
	bl	free
.Ltmp698:
	.loc	2 0 2 is_stmt 0                 @ ../ByteTrack/lapjv.cpp:0:2
	movs	r5, #0
.Ltmp699:
	@DEBUG_VALUE: _ca_dense:pred <- 0
	b	.LBB6_17
.Ltmp700:
.LBB6_16:
	@DEBUG_VALUE: _ca_dense:pred <- $r0
	@DEBUG_VALUE: _ca_dense:free_rows <- [DW_OP_plus_uconst 16] [$sp+0]
	@DEBUG_VALUE: lapjv_internal:free_rows <- [DW_OP_plus_uconst 16] [$sp+0]
	@DEBUG_VALUE: _ca_dense:v <- $r10
	@DEBUG_VALUE: _ca_dense:y <- $r6
	@DEBUG_VALUE: _ca_dense:x <- $r7
	@DEBUG_VALUE: _ca_dense:n_free_rows <- $r5
	@DEBUG_VALUE: _ca_dense:cost <- $r9
	@DEBUG_VALUE: _ca_dense:n <- $r8
	@DEBUG_VALUE: lapjv_internal:ret <- $r5
	@DEBUG_VALUE: lapjv_internal:v <- $r10
	@DEBUG_VALUE: lapjv_internal:cost <- $r9
	@DEBUG_VALUE: lapjv_internal:x <- $r7
	@DEBUG_VALUE: lapjv_internal:y <- $r6
	@DEBUG_VALUE: lapjv_internal:n <- $r8
	mov.w	r5, #-1
.Ltmp701:
.LBB6_17:
	@DEBUG_VALUE: _ca_dense:free_rows <- [DW_OP_plus_uconst 16] [$sp+0]
	@DEBUG_VALUE: _ca_dense:v <- $r10
	@DEBUG_VALUE: _ca_dense:y <- $r6
	@DEBUG_VALUE: _ca_dense:x <- $r7
	@DEBUG_VALUE: _ca_dense:cost <- $r9
	@DEBUG_VALUE: _ca_dense:n <- $r8
	@DEBUG_VALUE: lapjv_internal:v <- $r10
	@DEBUG_VALUE: lapjv_internal:cost <- $r9
	@DEBUG_VALUE: lapjv_internal:x <- $r7
	@DEBUG_VALUE: lapjv_internal:y <- $r6
	@DEBUG_VALUE: lapjv_internal:n <- $r8
	ldr	r4, [sp, #16]                   @ 4-byte Reload
.Ltmp702:
.LBB6_18:
	@DEBUG_VALUE: lapjv_internal:v <- $r10
	@DEBUG_VALUE: lapjv_internal:cost <- $r9
	@DEBUG_VALUE: lapjv_internal:x <- $r7
	@DEBUG_VALUE: lapjv_internal:y <- $r6
	@DEBUG_VALUE: lapjv_internal:n <- $r8
	@DEBUG_VALUE: lapjv_internal:ret <- $r5
	.loc	2 340 2 is_stmt 1               @ ../ByteTrack/lapjv.cpp:340:2
	mov	r0, r10
	bl	free
.Ltmp703:
	@DEBUG_VALUE: lapjv_internal:v <- 0
	.loc	2 341 2                         @ ../ByteTrack/lapjv.cpp:341:2
	mov	r0, r4
	bl	free
.Ltmp704:
	@DEBUG_VALUE: lapjv_internal:free_rows <- 0
.LBB6_19:
	@DEBUG_VALUE: lapjv_internal:cost <- $r9
	@DEBUG_VALUE: lapjv_internal:x <- $r7
	@DEBUG_VALUE: lapjv_internal:y <- $r6
	@DEBUG_VALUE: lapjv_internal:n <- $r8
	.loc	2 343 1                         @ ../ByteTrack/lapjv.cpp:343:1
	mov	r0, r5
	.loc	2 343 1 epilogue_begin is_stmt 0 @ ../ByteTrack/lapjv.cpp:343:1
	add	sp, #20
	pop.w	{r4, r5, r6, r7, r8, r9, r10, r11, pc}
.Ltmp705:
.Lfunc_end6:
	.size	_Z14lapjv_internaljPPdPiS1_, .Lfunc_end6-_Z14lapjv_internaljPPdPiS1_
	.cfi_endproc
	.cantunwind
	.fnend
                                        @ -- End function
	.file	3 "C:\\Users\\antia" "AppData\\Local\\Keil_v5\\ARM\\ARMCLANG\\bin\\..\\include\\stdio.h"
	.file	4 "C:\\Users\\antia" "AppData\\Local\\Keil_v5\\ARM\\ARMCLANG\\bin\\..\\include\\stdlib.h"
	.file	5 "C:\\Users\\antia" "AppData\\Local\\Keil_v5\\ARM\\ARMCLANG\\bin\\..\\include\\string.h"
	.section	.debug_loc,"",%progbits
.Ldebug_loc0:
	.long	-1
	.long	.Lfunc_begin0                   @   base address
	.long	.Lfunc_begin0-.Lfunc_begin0
	.long	.Ltmp2-.Lfunc_begin0
	.short	1                               @ Loc expr size
	.byte	80                              @ DW_OP_reg0
	.long	.Ltmp2-.Lfunc_begin0
	.long	.Ltmp147-.Lfunc_begin0
	.short	1                               @ Loc expr size
	.byte	91                              @ DW_OP_reg11
	.long	0
	.long	0
.Ldebug_loc1:
	.long	-1
	.long	.Lfunc_begin0                   @   base address
	.long	.Lfunc_begin0-.Lfunc_begin0
	.long	.Ltmp3-.Lfunc_begin0
	.short	1                               @ Loc expr size
	.byte	81                              @ DW_OP_reg1
	.long	.Ltmp3-.Lfunc_begin0
	.long	.Ltmp147-.Lfunc_begin0
	.short	1                               @ Loc expr size
	.byte	89                              @ DW_OP_reg9
	.long	0
	.long	0
.Ldebug_loc2:
	.long	-1
	.long	.Lfunc_begin0                   @   base address
	.long	.Lfunc_begin0-.Lfunc_begin0
	.long	.Ltmp4-.Lfunc_begin0
	.short	1                               @ Loc expr size
	.byte	82                              @ DW_OP_reg2
	.long	.Ltmp4-.Lfunc_begin0
	.long	.Ltmp147-.Lfunc_begin0
	.short	2                               @ Loc expr size
	.byte	125                             @ DW_OP_breg13
	.byte	8                               @ 8
	.long	0
	.long	0
.Ldebug_loc3:
	.long	-1
	.long	.Lfunc_begin0                   @   base address
	.long	.Lfunc_begin0-.Lfunc_begin0
	.long	.Ltmp0-.Lfunc_begin0
	.short	1                               @ Loc expr size
	.byte	83                              @ DW_OP_reg3
	.long	.Ltmp0-.Lfunc_begin0
	.long	.Ltmp147-.Lfunc_begin0
	.short	2                               @ Loc expr size
	.byte	125                             @ DW_OP_breg13
	.byte	12                              @ 12
	.long	0
	.long	0
.Ldebug_loc4:
	.long	-1
	.long	.Lfunc_begin0                   @   base address
	.long	.Ltmp1-.Lfunc_begin0
	.long	.Ltmp7-.Lfunc_begin0
	.short	2                               @ Loc expr size
	.byte	48                              @ DW_OP_lit0
	.byte	159                             @ DW_OP_stack_value
	.long	.Ltmp13-.Lfunc_begin0
	.long	.Ltmp16-.Lfunc_begin0
	.short	1                               @ Loc expr size
	.byte	88                              @ DW_OP_reg8
	.long	.Ltmp16-.Lfunc_begin0
	.long	.Ltmp19-.Lfunc_begin0
	.short	3                               @ Loc expr size
	.byte	120                             @ DW_OP_breg8
	.byte	1                               @ 1
	.byte	159                             @ DW_OP_stack_value
	.long	.Ltmp19-.Lfunc_begin0
	.long	.Ltmp21-.Lfunc_begin0
	.short	1                               @ Loc expr size
	.byte	86                              @ DW_OP_reg6
	.long	.Ltmp21-.Lfunc_begin0
	.long	.Ltmp24-.Lfunc_begin0
	.short	3                               @ Loc expr size
	.byte	120                             @ DW_OP_breg8
	.byte	2                               @ 2
	.byte	159                             @ DW_OP_stack_value
	.long	.Ltmp24-.Lfunc_begin0
	.long	.Ltmp26-.Lfunc_begin0
	.short	1                               @ Loc expr size
	.byte	80                              @ DW_OP_reg0
	.long	0
	.long	0
.Ldebug_loc5:
	.long	-1
	.long	.Lfunc_begin0                   @   base address
	.long	.Ltmp27-.Lfunc_begin0
	.long	.Ltmp78-.Lfunc_begin0
	.short	1                               @ Loc expr size
	.byte	83                              @ DW_OP_reg3
	.long	0
	.long	0
.Ldebug_loc6:
	.long	-1
	.long	.Lfunc_begin0                   @   base address
	.long	.Ltmp31-.Lfunc_begin0
	.long	.Ltmp34-.Lfunc_begin0
	.short	2                               @ Loc expr size
	.byte	48                              @ DW_OP_lit0
	.byte	159                             @ DW_OP_stack_value
	.long	.Ltmp34-.Lfunc_begin0
	.long	.Ltmp38-.Lfunc_begin0
	.short	9                               @ Loc expr size
	.byte	114                             @ DW_OP_breg2
	.byte	0                               @ 0
	.byte	17                              @ DW_OP_consts
	.byte	32                              @ 32
	.byte	27                              @ DW_OP_div
	.byte	17                              @ DW_OP_consts
	.byte	4                               @ 4
	.byte	30                              @ DW_OP_mul
	.byte	159                             @ DW_OP_stack_value
	.long	.Ltmp42-.Lfunc_begin0
	.long	.Ltmp46-.Lfunc_begin0
	.short	12                              @ Loc expr size
	.byte	114                             @ DW_OP_breg2
	.byte	0                               @ 0
	.byte	17                              @ DW_OP_consts
	.byte	32                              @ 32
	.byte	27                              @ DW_OP_div
	.byte	17                              @ DW_OP_consts
	.byte	4                               @ 4
	.byte	30                              @ DW_OP_mul
	.byte	17                              @ DW_OP_consts
	.byte	1                               @ 1
	.byte	34                              @ DW_OP_plus
	.byte	159                             @ DW_OP_stack_value
	.long	.Ltmp46-.Lfunc_begin0
	.long	.Ltmp50-.Lfunc_begin0
	.short	12                              @ Loc expr size
	.byte	114                             @ DW_OP_breg2
	.byte	0                               @ 0
	.byte	17                              @ DW_OP_consts
	.byte	32                              @ 32
	.byte	27                              @ DW_OP_div
	.byte	17                              @ DW_OP_consts
	.byte	4                               @ 4
	.byte	30                              @ DW_OP_mul
	.byte	17                              @ DW_OP_consts
	.byte	2                               @ 2
	.byte	34                              @ DW_OP_plus
	.byte	159                             @ DW_OP_stack_value
	.long	.Ltmp50-.Lfunc_begin0
	.long	.Ltmp54-.Lfunc_begin0
	.short	12                              @ Loc expr size
	.byte	114                             @ DW_OP_breg2
	.byte	0                               @ 0
	.byte	17                              @ DW_OP_consts
	.byte	32                              @ 32
	.byte	27                              @ DW_OP_div
	.byte	17                              @ DW_OP_consts
	.byte	4                               @ 4
	.byte	30                              @ DW_OP_mul
	.byte	17                              @ DW_OP_consts
	.byte	3                               @ 3
	.byte	34                              @ DW_OP_plus
	.byte	159                             @ DW_OP_stack_value
	.long	.Ltmp54-.Lfunc_begin0
	.long	.Ltmp55-.Lfunc_begin0
	.short	12                              @ Loc expr size
	.byte	114                             @ DW_OP_breg2
	.byte	0                               @ 0
	.byte	17                              @ DW_OP_consts
	.byte	32                              @ 32
	.byte	27                              @ DW_OP_div
	.byte	17                              @ DW_OP_consts
	.byte	4                               @ 4
	.byte	30                              @ DW_OP_mul
	.byte	17                              @ DW_OP_consts
	.byte	4                               @ 4
	.byte	34                              @ DW_OP_plus
	.byte	159                             @ DW_OP_stack_value
	.long	.Ltmp56-.Lfunc_begin0
	.long	.Ltmp62-.Lfunc_begin0
	.short	1                               @ Loc expr size
	.byte	80                              @ DW_OP_reg0
	.long	.Ltmp64-.Lfunc_begin0
	.long	.Ltmp70-.Lfunc_begin0
	.short	1                               @ Loc expr size
	.byte	82                              @ DW_OP_reg2
	.long	.Ltmp72-.Lfunc_begin0
	.long	.Ltmp78-.Lfunc_begin0
	.short	1                               @ Loc expr size
	.byte	80                              @ DW_OP_reg0
	.long	0
	.long	0
.Ldebug_loc7:
	.long	-1
	.long	.Lfunc_begin0                   @   base address
	.long	.Ltmp39-.Lfunc_begin0
	.long	.Ltmp55-.Lfunc_begin0
	.short	3                               @ Loc expr size
	.byte	144                             @ DW_OP_regx
	.byte	128                             @ 256
	.byte	2                               @ 
	.long	.Ltmp59-.Lfunc_begin0
	.long	.Ltmp78-.Lfunc_begin0
	.short	3                               @ Loc expr size
	.byte	144                             @ DW_OP_regx
	.byte	128                             @ 256
	.byte	2                               @ 
	.long	0
	.long	0
.Ldebug_loc8:
	.long	-1
	.long	.Lfunc_begin0                   @   base address
	.long	.Ltmp79-.Lfunc_begin0
	.long	.Ltmp81-.Lfunc_begin0
	.short	1                               @ Loc expr size
	.byte	80                              @ DW_OP_reg0
	.long	.Ltmp81-.Lfunc_begin0
	.long	.Ltmp146-.Lfunc_begin0
	.short	1                               @ Loc expr size
	.byte	90                              @ DW_OP_reg10
	.long	0
	.long	0
.Ldebug_loc9:
	.long	-1
	.long	.Lfunc_begin0                   @   base address
	.long	.Ltmp82-.Lfunc_begin0
	.long	.Ltmp83-.Lfunc_begin0
	.short	1                               @ Loc expr size
	.byte	91                              @ DW_OP_reg11
	.long	.Ltmp83-.Lfunc_begin0
	.long	.Ltmp91-.Lfunc_begin0
	.short	3                               @ Loc expr size
	.byte	112                             @ DW_OP_breg0
	.byte	126                             @ -2
	.byte	159                             @ DW_OP_stack_value
	.long	0
	.long	0
.Ldebug_loc10:
	.long	-1
	.long	.Lfunc_begin0                   @   base address
	.long	.Ltmp85-.Lfunc_begin0
	.long	.Ltmp93-.Lfunc_begin0
	.short	1                               @ Loc expr size
	.byte	83                              @ DW_OP_reg3
	.long	0
	.long	0
.Ldebug_loc11:
	.long	-1
	.long	.Lfunc_begin0                   @   base address
	.long	.Ltmp93-.Lfunc_begin0
	.long	.Ltmp95-.Lfunc_begin0
	.short	2                               @ Loc expr size
	.byte	48                              @ DW_OP_lit0
	.byte	159                             @ DW_OP_stack_value
	.long	.Ltmp95-.Lfunc_begin0
	.long	.Ltmp144-.Lfunc_begin0
	.short	1                               @ Loc expr size
	.byte	84                              @ DW_OP_reg4
	.long	.Ltmp144-.Lfunc_begin0
	.long	.Ltmp145-.Lfunc_begin0
	.short	2                               @ Loc expr size
	.byte	48                              @ DW_OP_lit0
	.byte	159                             @ DW_OP_stack_value
	.long	0
	.long	0
.Ldebug_loc12:
	.long	-1
	.long	.Lfunc_begin0                   @   base address
	.long	.Ltmp93-.Lfunc_begin0
	.long	.Ltmp95-.Lfunc_begin0
	.short	2                               @ Loc expr size
	.byte	48                              @ DW_OP_lit0
	.byte	159                             @ DW_OP_stack_value
	.long	.Ltmp95-.Lfunc_begin0
	.long	.Ltmp144-.Lfunc_begin0
	.short	1                               @ Loc expr size
	.byte	81                              @ DW_OP_reg1
	.long	0
	.long	0
.Ldebug_loc13:
	.long	-1
	.long	.Lfunc_begin0                   @   base address
	.long	.Ltmp103-.Lfunc_begin0
	.long	.Ltmp105-.Lfunc_begin0
	.short	2                               @ Loc expr size
	.byte	48                              @ DW_OP_lit0
	.byte	159                             @ DW_OP_stack_value
	.long	.Ltmp107-.Lfunc_begin0
	.long	.Ltmp110-.Lfunc_begin0
	.short	1                               @ Loc expr size
	.byte	88                              @ DW_OP_reg8
	.long	.Ltmp112-.Lfunc_begin0
	.long	.Ltmp114-.Lfunc_begin0
	.short	1                               @ Loc expr size
	.byte	80                              @ DW_OP_reg0
	.long	.Ltmp117-.Lfunc_begin0
	.long	.Ltmp119-.Lfunc_begin0
	.short	1                               @ Loc expr size
	.byte	80                              @ DW_OP_reg0
	.long	.Ltmp124-.Lfunc_begin0
	.long	.Ltmp125-.Lfunc_begin0
	.short	2                               @ Loc expr size
	.byte	48                              @ DW_OP_lit0
	.byte	159                             @ DW_OP_stack_value
	.long	.Ltmp125-.Lfunc_begin0
	.long	.Ltmp127-.Lfunc_begin0
	.short	5                               @ Loc expr size
	.byte	112                             @ DW_OP_breg0
	.byte	0                               @ 0
	.byte	51                              @ DW_OP_lit3
	.byte	33                              @ DW_OP_or
	.byte	159                             @ DW_OP_stack_value
	.long	.Ltmp127-.Lfunc_begin0
	.long	.Ltmp128-.Lfunc_begin0
	.short	1                               @ Loc expr size
	.byte	88                              @ DW_OP_reg8
	.long	.Ltmp128-.Lfunc_begin0
	.long	.Ltmp131-.Lfunc_begin0
	.short	1                               @ Loc expr size
	.byte	80                              @ DW_OP_reg0
	.long	.Ltmp131-.Lfunc_begin0
	.long	.Ltmp135-.Lfunc_begin0
	.short	5                               @ Loc expr size
	.byte	112                             @ DW_OP_breg0
	.byte	0                               @ 0
	.byte	49                              @ DW_OP_lit1
	.byte	33                              @ DW_OP_or
	.byte	159                             @ DW_OP_stack_value
	.long	.Ltmp135-.Lfunc_begin0
	.long	.Ltmp139-.Lfunc_begin0
	.short	5                               @ Loc expr size
	.byte	112                             @ DW_OP_breg0
	.byte	0                               @ 0
	.byte	50                              @ DW_OP_lit2
	.byte	33                              @ DW_OP_or
	.byte	159                             @ DW_OP_stack_value
	.long	.Ltmp139-.Lfunc_begin0
	.long	.Ltmp144-.Lfunc_begin0
	.short	5                               @ Loc expr size
	.byte	112                             @ DW_OP_breg0
	.byte	0                               @ 0
	.byte	51                              @ DW_OP_lit3
	.byte	33                              @ DW_OP_or
	.byte	159                             @ DW_OP_stack_value
	.long	0
	.long	0
.Ldebug_loc14:
	.long	-1
	.long	.Lfunc_begin0                   @   base address
	.long	.Ltmp103-.Lfunc_begin0
	.long	.Ltmp105-.Lfunc_begin0
	.short	10                              @ Loc expr size
	.byte	158                             @ DW_OP_implicit_value
	.byte	8                               @ 8
	.byte	0                               @  
	.byte	0                               @  
	.byte	0                               @  
	.byte	0                               @  
	.byte	128                             @ €
	.byte	132                             @ „
	.byte	46                              @ .
	.byte	65                              @ A
	.long	.Ltmp107-.Lfunc_begin0
	.long	.Ltmp122-.Lfunc_begin0
	.short	3                               @ Loc expr size
	.byte	144                             @ DW_OP_regx
	.byte	129                             @ 257
	.byte	2                               @ 
	.long	.Ltmp124-.Lfunc_begin0
	.long	.Ltmp125-.Lfunc_begin0
	.short	10                              @ Loc expr size
	.byte	158                             @ DW_OP_implicit_value
	.byte	8                               @ 8
	.byte	0                               @  
	.byte	0                               @  
	.byte	0                               @  
	.byte	0                               @  
	.byte	128                             @ €
	.byte	132                             @ „
	.byte	46                              @ .
	.byte	65                              @ A
	.long	.Ltmp125-.Lfunc_begin0
	.long	.Ltmp144-.Lfunc_begin0
	.short	3                               @ Loc expr size
	.byte	144                             @ DW_OP_regx
	.byte	129                             @ 257
	.byte	2                               @ 
	.long	0
	.long	0
.Ldebug_loc15:
	.long	-1
	.long	.Lfunc_begin0                   @   base address
	.long	.Ltmp109-.Lfunc_begin0
	.long	.Ltmp110-.Lfunc_begin0
	.short	3                               @ Loc expr size
	.byte	144                             @ DW_OP_regx
	.byte	130                             @ 258
	.byte	2                               @ 
	.long	.Ltmp115-.Lfunc_begin0
	.long	.Ltmp116-.Lfunc_begin0
	.short	3                               @ Loc expr size
	.byte	144                             @ DW_OP_regx
	.byte	130                             @ 258
	.byte	2                               @ 
	.long	.Ltmp120-.Lfunc_begin0
	.long	.Ltmp122-.Lfunc_begin0
	.short	3                               @ Loc expr size
	.byte	144                             @ DW_OP_regx
	.byte	130                             @ 258
	.byte	2                               @ 
	.long	.Ltmp130-.Lfunc_begin0
	.long	.Ltmp131-.Lfunc_begin0
	.short	3                               @ Loc expr size
	.byte	144                             @ DW_OP_regx
	.byte	130                             @ 258
	.byte	2                               @ 
	.long	.Ltmp134-.Lfunc_begin0
	.long	.Ltmp135-.Lfunc_begin0
	.short	3                               @ Loc expr size
	.byte	144                             @ DW_OP_regx
	.byte	130                             @ 258
	.byte	2                               @ 
	.long	.Ltmp138-.Lfunc_begin0
	.long	.Ltmp139-.Lfunc_begin0
	.short	3                               @ Loc expr size
	.byte	144                             @ DW_OP_regx
	.byte	130                             @ 258
	.byte	2                               @ 
	.long	.Ltmp142-.Lfunc_begin0
	.long	.Ltmp144-.Lfunc_begin0
	.short	3                               @ Loc expr size
	.byte	144                             @ DW_OP_regx
	.byte	130                             @ 258
	.byte	2                               @ 
	.long	0
	.long	0
.Ldebug_loc16:
	.long	-1
	.long	.Lfunc_begin1                   @   base address
	.long	.Lfunc_begin1-.Lfunc_begin1
	.long	.Ltmp154-.Lfunc_begin1
	.short	1                               @ Loc expr size
	.byte	80                              @ DW_OP_reg0
	.long	.Ltmp154-.Lfunc_begin1
	.long	.Ltmp155-.Lfunc_begin1
	.short	1                               @ Loc expr size
	.byte	81                              @ DW_OP_reg1
	.long	.Ltmp252-.Lfunc_begin1
	.long	.Ltmp253-.Lfunc_begin1
	.short	1                               @ Loc expr size
	.byte	80                              @ DW_OP_reg0
	.long	0
	.long	0
.Ldebug_loc17:
	.long	-1
	.long	.Lfunc_begin1                   @   base address
	.long	.Lfunc_begin1-.Lfunc_begin1
	.long	.Ltmp151-.Lfunc_begin1
	.short	1                               @ Loc expr size
	.byte	81                              @ DW_OP_reg1
	.long	.Ltmp151-.Lfunc_begin1
	.long	.Ltmp255-.Lfunc_begin1
	.short	2                               @ Loc expr size
	.byte	125                             @ DW_OP_breg13
	.byte	24                              @ 24
	.long	0
	.long	0
.Ldebug_loc18:
	.long	-1
	.long	.Lfunc_begin1                   @   base address
	.long	.Lfunc_begin1-.Lfunc_begin1
	.long	.Ltmp155-.Lfunc_begin1
	.short	1                               @ Loc expr size
	.byte	82                              @ DW_OP_reg2
	.long	.Ltmp181-.Lfunc_begin1
	.long	.Ltmp183-.Lfunc_begin1
	.short	4                               @ Loc expr size
	.byte	243                             @ DW_OP_GNU_entry_value
	.byte	1                               @ 1
	.byte	82                              @ DW_OP_reg2
	.byte	159                             @ DW_OP_stack_value
	.long	.Ltmp252-.Lfunc_begin1
	.long	.Ltmp254-.Lfunc_begin1
	.short	1                               @ Loc expr size
	.byte	82                              @ DW_OP_reg2
	.long	0
	.long	0
.Ldebug_loc19:
	.long	-1
	.long	.Lfunc_begin1                   @   base address
	.long	.Lfunc_begin1-.Lfunc_begin1
	.long	.Ltmp153-.Lfunc_begin1
	.short	1                               @ Loc expr size
	.byte	83                              @ DW_OP_reg3
	.long	.Ltmp153-.Lfunc_begin1
	.long	.Ltmp155-.Lfunc_begin1
	.short	1                               @ Loc expr size
	.byte	92                              @ DW_OP_reg12
	.long	.Ltmp176-.Lfunc_begin1
	.long	.Ltmp177-.Lfunc_begin1
	.short	1                               @ Loc expr size
	.byte	87                              @ DW_OP_reg7
	.long	.Ltmp252-.Lfunc_begin1
	.long	.Ltmp254-.Lfunc_begin1
	.short	1                               @ Loc expr size
	.byte	83                              @ DW_OP_reg3
	.long	0
	.long	0
.Ldebug_loc20:
	.long	-1
	.long	.Lfunc_begin1                   @   base address
	.long	.Ltmp150-.Lfunc_begin1
	.long	.Ltmp155-.Lfunc_begin1
	.short	2                               @ Loc expr size
	.byte	48                              @ DW_OP_lit0
	.byte	159                             @ DW_OP_stack_value
	.long	.Ltmp155-.Lfunc_begin1
	.long	.Ltmp164-.Lfunc_begin1
	.short	1                               @ Loc expr size
	.byte	86                              @ DW_OP_reg6
	.long	.Ltmp238-.Lfunc_begin1
	.long	.Ltmp252-.Lfunc_begin1
	.short	1                               @ Loc expr size
	.byte	86                              @ DW_OP_reg6
	.long	.Ltmp252-.Lfunc_begin1
	.long	.Ltmp254-.Lfunc_begin1
	.short	2                               @ Loc expr size
	.byte	48                              @ DW_OP_lit0
	.byte	159                             @ DW_OP_stack_value
	.long	0
	.long	0
.Ldebug_loc21:
	.long	-1
	.long	.Lfunc_begin1                   @   base address
	.long	.Ltmp150-.Lfunc_begin1
	.long	.Ltmp155-.Lfunc_begin1
	.short	2                               @ Loc expr size
	.byte	48                              @ DW_OP_lit0
	.byte	159                             @ DW_OP_stack_value
	.long	.Ltmp155-.Lfunc_begin1
	.long	.Ltmp158-.Lfunc_begin1
	.short	2                               @ Loc expr size
	.byte	125                             @ DW_OP_breg13
	.byte	20                              @ 20
	.long	.Ltmp158-.Lfunc_begin1
	.long	.Ltmp159-.Lfunc_begin1
	.short	1                               @ Loc expr size
	.byte	83                              @ DW_OP_reg3
	.long	.Ltmp159-.Lfunc_begin1
	.long	.Ltmp252-.Lfunc_begin1
	.short	2                               @ Loc expr size
	.byte	125                             @ DW_OP_breg13
	.byte	20                              @ 20
	.long	.Ltmp252-.Lfunc_begin1
	.long	.Ltmp254-.Lfunc_begin1
	.short	2                               @ Loc expr size
	.byte	48                              @ DW_OP_lit0
	.byte	159                             @ DW_OP_stack_value
	.long	0
	.long	0
.Ldebug_loc22:
	.long	-1
	.long	.Lfunc_begin1                   @   base address
	.long	.Ltmp150-.Lfunc_begin1
	.long	.Ltmp155-.Lfunc_begin1
	.short	2                               @ Loc expr size
	.byte	48                              @ DW_OP_lit0
	.byte	159                             @ DW_OP_stack_value
	.long	.Ltmp155-.Lfunc_begin1
	.long	.Ltmp160-.Lfunc_begin1
	.short	1                               @ Loc expr size
	.byte	87                              @ DW_OP_reg7
	.long	.Ltmp160-.Lfunc_begin1
	.long	.Ltmp164-.Lfunc_begin1
	.short	1                               @ Loc expr size
	.byte	80                              @ DW_OP_reg0
	.long	.Ltmp235-.Lfunc_begin1
	.long	.Ltmp246-.Lfunc_begin1
	.short	1                               @ Loc expr size
	.byte	87                              @ DW_OP_reg7
	.long	.Ltmp246-.Lfunc_begin1
	.long	.Ltmp247-.Lfunc_begin1
	.short	1                               @ Loc expr size
	.byte	80                              @ DW_OP_reg0
	.long	.Ltmp247-.Lfunc_begin1
	.long	.Ltmp252-.Lfunc_begin1
	.short	1                               @ Loc expr size
	.byte	87                              @ DW_OP_reg7
	.long	.Ltmp252-.Lfunc_begin1
	.long	.Ltmp254-.Lfunc_begin1
	.short	2                               @ Loc expr size
	.byte	48                              @ DW_OP_lit0
	.byte	159                             @ DW_OP_stack_value
	.long	0
	.long	0
.Ldebug_loc23:
	.long	-1
	.long	.Lfunc_begin1                   @   base address
	.long	.Ltmp155-.Lfunc_begin1
	.long	.Ltmp161-.Lfunc_begin1
	.short	1                               @ Loc expr size
	.byte	84                              @ DW_OP_reg4
	.long	.Ltmp239-.Lfunc_begin1
	.long	.Ltmp252-.Lfunc_begin1
	.short	1                               @ Loc expr size
	.byte	84                              @ DW_OP_reg4
	.long	0
	.long	0
.Ldebug_loc24:
	.long	-1
	.long	.Lfunc_begin1                   @   base address
	.long	.Ltmp155-.Lfunc_begin1
	.long	.Ltmp164-.Lfunc_begin1
	.short	2                               @ Loc expr size
	.byte	125                             @ DW_OP_breg13
	.byte	28                              @ 28
	.long	.Ltmp165-.Lfunc_begin1
	.long	.Ltmp169-.Lfunc_begin1
	.short	1                               @ Loc expr size
	.byte	83                              @ DW_OP_reg3
	.long	.Ltmp169-.Lfunc_begin1
	.long	.Ltmp252-.Lfunc_begin1
	.short	2                               @ Loc expr size
	.byte	125                             @ DW_OP_breg13
	.byte	28                              @ 28
	.long	0
	.long	0
.Ldebug_loc25:
	.long	-1
	.long	.Lfunc_begin1                   @   base address
	.long	.Ltmp160-.Lfunc_begin1
	.long	.Ltmp164-.Lfunc_begin1
	.short	1                               @ Loc expr size
	.byte	88                              @ DW_OP_reg8
	.long	.Ltmp165-.Lfunc_begin1
	.long	.Ltmp177-.Lfunc_begin1
	.short	2                               @ Loc expr size
	.byte	48                              @ DW_OP_lit0
	.byte	159                             @ DW_OP_stack_value
	.long	.Ltmp177-.Lfunc_begin1
	.long	.Ltmp208-.Lfunc_begin1
	.short	1                               @ Loc expr size
	.byte	88                              @ DW_OP_reg8
	.long	.Ltmp209-.Lfunc_begin1
	.long	.Ltmp210-.Lfunc_begin1
	.short	1                               @ Loc expr size
	.byte	88                              @ DW_OP_reg8
	.long	.Ltmp211-.Lfunc_begin1
	.long	.Ltmp233-.Lfunc_begin1
	.short	1                               @ Loc expr size
	.byte	88                              @ DW_OP_reg8
	.long	.Ltmp245-.Lfunc_begin1
	.long	.Ltmp247-.Lfunc_begin1
	.short	1                               @ Loc expr size
	.byte	88                              @ DW_OP_reg8
	.long	.Ltmp249-.Lfunc_begin1
	.long	.Ltmp251-.Lfunc_begin1
	.short	1                               @ Loc expr size
	.byte	89                              @ DW_OP_reg9
	.long	.Ltmp251-.Lfunc_begin1
	.long	.Ltmp252-.Lfunc_begin1
	.short	1                               @ Loc expr size
	.byte	88                              @ DW_OP_reg8
	.long	0
	.long	0
.Ldebug_loc26:
	.long	-1
	.long	.Lfunc_begin1                   @   base address
	.long	.Ltmp168-.Lfunc_begin1
	.long	.Ltmp177-.Lfunc_begin1
	.short	2                               @ Loc expr size
	.byte	49                              @ DW_OP_lit1
	.byte	159                             @ DW_OP_stack_value
	.long	.Ltmp177-.Lfunc_begin1
	.long	.Ltmp179-.Lfunc_begin1
	.short	12                              @ Loc expr size
	.byte	116                             @ DW_OP_breg4
	.byte	0                               @ 0
	.byte	17                              @ DW_OP_consts
	.byte	32                              @ 32
	.byte	27                              @ DW_OP_div
	.byte	17                              @ DW_OP_consts
	.byte	4                               @ 4
	.byte	30                              @ DW_OP_mul
	.byte	17                              @ DW_OP_consts
	.byte	5                               @ 5
	.byte	34                              @ DW_OP_plus
	.byte	159                             @ DW_OP_stack_value
	.long	.Ltmp180-.Lfunc_begin1
	.long	.Ltmp187-.Lfunc_begin1
	.short	12                              @ Loc expr size
	.byte	116                             @ DW_OP_breg4
	.byte	0                               @ 0
	.byte	17                              @ DW_OP_consts
	.byte	32                              @ 32
	.byte	27                              @ DW_OP_div
	.byte	17                              @ DW_OP_consts
	.byte	4                               @ 4
	.byte	30                              @ DW_OP_mul
	.byte	17                              @ DW_OP_consts
	.byte	1                               @ 1
	.byte	34                              @ DW_OP_plus
	.byte	159                             @ DW_OP_stack_value
	.long	.Ltmp187-.Lfunc_begin1
	.long	.Ltmp194-.Lfunc_begin1
	.short	12                              @ Loc expr size
	.byte	116                             @ DW_OP_breg4
	.byte	0                               @ 0
	.byte	17                              @ DW_OP_consts
	.byte	32                              @ 32
	.byte	27                              @ DW_OP_div
	.byte	17                              @ DW_OP_consts
	.byte	4                               @ 4
	.byte	30                              @ DW_OP_mul
	.byte	17                              @ DW_OP_consts
	.byte	2                               @ 2
	.byte	34                              @ DW_OP_plus
	.byte	159                             @ DW_OP_stack_value
	.long	.Ltmp194-.Lfunc_begin1
	.long	.Ltmp201-.Lfunc_begin1
	.short	12                              @ Loc expr size
	.byte	116                             @ DW_OP_breg4
	.byte	0                               @ 0
	.byte	17                              @ DW_OP_consts
	.byte	32                              @ 32
	.byte	27                              @ DW_OP_div
	.byte	17                              @ DW_OP_consts
	.byte	4                               @ 4
	.byte	30                              @ DW_OP_mul
	.byte	17                              @ DW_OP_consts
	.byte	3                               @ 3
	.byte	34                              @ DW_OP_plus
	.byte	159                             @ DW_OP_stack_value
	.long	.Ltmp201-.Lfunc_begin1
	.long	.Ltmp209-.Lfunc_begin1
	.short	12                              @ Loc expr size
	.byte	116                             @ DW_OP_breg4
	.byte	0                               @ 0
	.byte	17                              @ DW_OP_consts
	.byte	32                              @ 32
	.byte	27                              @ DW_OP_div
	.byte	17                              @ DW_OP_consts
	.byte	4                               @ 4
	.byte	30                              @ DW_OP_mul
	.byte	17                              @ DW_OP_consts
	.byte	4                               @ 4
	.byte	34                              @ DW_OP_plus
	.byte	159                             @ DW_OP_stack_value
	.long	.Ltmp211-.Lfunc_begin1
	.long	.Ltmp217-.Lfunc_begin1
	.short	1                               @ Loc expr size
	.byte	85                              @ DW_OP_reg5
	.long	.Ltmp219-.Lfunc_begin1
	.long	.Ltmp225-.Lfunc_begin1
	.short	1                               @ Loc expr size
	.byte	83                              @ DW_OP_reg3
	.long	.Ltmp227-.Lfunc_begin1
	.long	.Ltmp229-.Lfunc_begin1
	.short	1                               @ Loc expr size
	.byte	87                              @ DW_OP_reg7
	.long	0
	.long	0
.Ldebug_loc27:
	.long	-1
	.long	.Lfunc_begin1                   @   base address
	.long	.Ltmp168-.Lfunc_begin1
	.long	.Ltmp177-.Lfunc_begin1
	.short	10                              @ Loc expr size
	.byte	158                             @ DW_OP_implicit_value
	.byte	8                               @ 8
	.byte	0                               @  
	.byte	0                               @  
	.byte	0                               @  
	.byte	0                               @  
	.byte	128                             @ €
	.byte	132                             @ „
	.byte	46                              @ .
	.byte	65                              @ A
	.long	.Ltmp177-.Lfunc_begin1
	.long	.Ltmp184-.Lfunc_begin1
	.short	3                               @ Loc expr size
	.byte	144                             @ DW_OP_regx
	.byte	130                             @ 258
	.byte	2                               @ 
	.long	.Ltmp187-.Lfunc_begin1
	.long	.Ltmp191-.Lfunc_begin1
	.short	3                               @ Loc expr size
	.byte	144                             @ DW_OP_regx
	.byte	130                             @ 258
	.byte	2                               @ 
	.long	.Ltmp194-.Lfunc_begin1
	.long	.Ltmp198-.Lfunc_begin1
	.short	3                               @ Loc expr size
	.byte	144                             @ DW_OP_regx
	.byte	130                             @ 258
	.byte	2                               @ 
	.long	.Ltmp201-.Lfunc_begin1
	.long	.Ltmp205-.Lfunc_begin1
	.short	3                               @ Loc expr size
	.byte	144                             @ DW_OP_regx
	.byte	130                             @ 258
	.byte	2                               @ 
	.long	.Ltmp209-.Lfunc_begin1
	.long	.Ltmp210-.Lfunc_begin1
	.short	3                               @ Loc expr size
	.byte	144                             @ DW_OP_regx
	.byte	130                             @ 258
	.byte	2                               @ 
	.long	.Ltmp211-.Lfunc_begin1
	.long	.Ltmp214-.Lfunc_begin1
	.short	3                               @ Loc expr size
	.byte	144                             @ DW_OP_regx
	.byte	130                             @ 258
	.byte	2                               @ 
	.long	.Ltmp217-.Lfunc_begin1
	.long	.Ltmp222-.Lfunc_begin1
	.short	3                               @ Loc expr size
	.byte	144                             @ DW_OP_regx
	.byte	130                             @ 258
	.byte	2                               @ 
	.long	.Ltmp225-.Lfunc_begin1
	.long	.Ltmp230-.Lfunc_begin1
	.short	3                               @ Loc expr size
	.byte	144                             @ DW_OP_regx
	.byte	130                             @ 258
	.byte	2                               @ 
	.long	0
	.long	0
.Ldebug_loc28:
	.long	-1
	.long	.Lfunc_begin1                   @   base address
	.long	.Ltmp168-.Lfunc_begin1
	.long	.Ltmp177-.Lfunc_begin1
	.short	3                               @ Loc expr size
	.byte	48                              @ DW_OP_lit0
	.byte	32                              @ DW_OP_not
	.byte	159                             @ DW_OP_stack_value
	.long	.Ltmp177-.Lfunc_begin1
	.long	.Ltmp186-.Lfunc_begin1
	.short	1                               @ Loc expr size
	.byte	89                              @ DW_OP_reg9
	.long	.Ltmp187-.Lfunc_begin1
	.long	.Ltmp193-.Lfunc_begin1
	.short	1                               @ Loc expr size
	.byte	89                              @ DW_OP_reg9
	.long	.Ltmp194-.Lfunc_begin1
	.long	.Ltmp200-.Lfunc_begin1
	.short	1                               @ Loc expr size
	.byte	89                              @ DW_OP_reg9
	.long	.Ltmp201-.Lfunc_begin1
	.long	.Ltmp207-.Lfunc_begin1
	.short	1                               @ Loc expr size
	.byte	89                              @ DW_OP_reg9
	.long	.Ltmp209-.Lfunc_begin1
	.long	.Ltmp210-.Lfunc_begin1
	.short	1                               @ Loc expr size
	.byte	89                              @ DW_OP_reg9
	.long	.Ltmp211-.Lfunc_begin1
	.long	.Ltmp216-.Lfunc_begin1
	.short	1                               @ Loc expr size
	.byte	89                              @ DW_OP_reg9
	.long	.Ltmp217-.Lfunc_begin1
	.long	.Ltmp224-.Lfunc_begin1
	.short	1                               @ Loc expr size
	.byte	89                              @ DW_OP_reg9
	.long	.Ltmp225-.Lfunc_begin1
	.long	.Ltmp232-.Lfunc_begin1
	.short	1                               @ Loc expr size
	.byte	89                              @ DW_OP_reg9
	.long	0
	.long	0
.Ldebug_loc29:
	.long	-1
	.long	.Lfunc_begin1                   @   base address
	.long	.Ltmp168-.Lfunc_begin1
	.long	.Ltmp185-.Lfunc_begin1
	.short	3                               @ Loc expr size
	.byte	144                             @ DW_OP_regx
	.byte	129                             @ 257
	.byte	2                               @ 
	.long	.Ltmp187-.Lfunc_begin1
	.long	.Ltmp192-.Lfunc_begin1
	.short	3                               @ Loc expr size
	.byte	144                             @ DW_OP_regx
	.byte	129                             @ 257
	.byte	2                               @ 
	.long	.Ltmp194-.Lfunc_begin1
	.long	.Ltmp199-.Lfunc_begin1
	.short	3                               @ Loc expr size
	.byte	144                             @ DW_OP_regx
	.byte	129                             @ 257
	.byte	2                               @ 
	.long	.Ltmp201-.Lfunc_begin1
	.long	.Ltmp206-.Lfunc_begin1
	.short	3                               @ Loc expr size
	.byte	144                             @ DW_OP_regx
	.byte	129                             @ 257
	.byte	2                               @ 
	.long	.Ltmp209-.Lfunc_begin1
	.long	.Ltmp215-.Lfunc_begin1
	.short	3                               @ Loc expr size
	.byte	144                             @ DW_OP_regx
	.byte	129                             @ 257
	.byte	2                               @ 
	.long	.Ltmp217-.Lfunc_begin1
	.long	.Ltmp223-.Lfunc_begin1
	.short	3                               @ Loc expr size
	.byte	144                             @ DW_OP_regx
	.byte	129                             @ 257
	.byte	2                               @ 
	.long	.Ltmp225-.Lfunc_begin1
	.long	.Ltmp231-.Lfunc_begin1
	.short	3                               @ Loc expr size
	.byte	144                             @ DW_OP_regx
	.byte	129                             @ 257
	.byte	2                               @ 
	.long	0
	.long	0
.Ldebug_loc30:
	.long	-1
	.long	.Lfunc_begin1                   @   base address
	.long	.Ltmp182-.Lfunc_begin1
	.long	.Ltmp188-.Lfunc_begin1
	.short	3                               @ Loc expr size
	.byte	144                             @ DW_OP_regx
	.byte	131                             @ 259
	.byte	2                               @ 
	.long	.Ltmp189-.Lfunc_begin1
	.long	.Ltmp195-.Lfunc_begin1
	.short	3                               @ Loc expr size
	.byte	144                             @ DW_OP_regx
	.byte	131                             @ 259
	.byte	2                               @ 
	.long	.Ltmp196-.Lfunc_begin1
	.long	.Ltmp202-.Lfunc_begin1
	.short	3                               @ Loc expr size
	.byte	144                             @ DW_OP_regx
	.byte	131                             @ 259
	.byte	2                               @ 
	.long	.Ltmp203-.Lfunc_begin1
	.long	.Ltmp209-.Lfunc_begin1
	.short	3                               @ Loc expr size
	.byte	144                             @ DW_OP_regx
	.byte	131                             @ 259
	.byte	2                               @ 
	.long	.Ltmp212-.Lfunc_begin1
	.long	.Ltmp213-.Lfunc_begin1
	.short	3                               @ Loc expr size
	.byte	144                             @ DW_OP_regx
	.byte	131                             @ 259
	.byte	2                               @ 
	.long	.Ltmp220-.Lfunc_begin1
	.long	.Ltmp221-.Lfunc_begin1
	.short	3                               @ Loc expr size
	.byte	144                             @ DW_OP_regx
	.byte	131                             @ 259
	.byte	2                               @ 
	.long	.Ltmp228-.Lfunc_begin1
	.long	.Ltmp229-.Lfunc_begin1
	.short	3                               @ Loc expr size
	.byte	144                             @ DW_OP_regx
	.byte	131                             @ 259
	.byte	2                               @ 
	.long	0
	.long	0
.Ldebug_loc31:
	.long	-1
	.long	.Lfunc_begin1                   @   base address
	.long	.Ltmp241-.Lfunc_begin1
	.long	.Ltmp252-.Lfunc_begin1
	.short	3                               @ Loc expr size
	.byte	144                             @ DW_OP_regx
	.byte	129                             @ 257
	.byte	2                               @ 
	.long	0
	.long	0
.Ldebug_loc32:
	.long	-1
	.long	.Lfunc_begin2                   @   base address
	.long	.Lfunc_begin2-.Lfunc_begin2
	.long	.Ltmp258-.Lfunc_begin2
	.short	1                               @ Loc expr size
	.byte	80                              @ DW_OP_reg0
	.long	.Ltmp258-.Lfunc_begin2
	.long	.Ltmp297-.Lfunc_begin2
	.short	1                               @ Loc expr size
	.byte	92                              @ DW_OP_reg12
	.long	0
	.long	0
.Ldebug_loc33:
	.long	-1
	.long	.Lfunc_begin2                   @   base address
	.long	.Ltmp259-.Lfunc_begin2
	.long	.Ltmp270-.Lfunc_begin2
	.short	1                               @ Loc expr size
	.byte	80                              @ DW_OP_reg0
	.long	.Ltmp270-.Lfunc_begin2
	.long	.Ltmp271-.Lfunc_begin2
	.short	1                               @ Loc expr size
	.byte	86                              @ DW_OP_reg6
	.long	.Ltmp271-.Lfunc_begin2
	.long	.Ltmp279-.Lfunc_begin2
	.short	1                               @ Loc expr size
	.byte	80                              @ DW_OP_reg0
	.long	.Ltmp279-.Lfunc_begin2
	.long	.Ltmp280-.Lfunc_begin2
	.short	1                               @ Loc expr size
	.byte	87                              @ DW_OP_reg7
	.long	.Ltmp280-.Lfunc_begin2
	.long	.Ltmp288-.Lfunc_begin2
	.short	1                               @ Loc expr size
	.byte	80                              @ DW_OP_reg0
	.long	.Ltmp288-.Lfunc_begin2
	.long	.Ltmp289-.Lfunc_begin2
	.short	1                               @ Loc expr size
	.byte	86                              @ DW_OP_reg6
	.long	.Ltmp289-.Lfunc_begin2
	.long	.Ltmp304-.Lfunc_begin2
	.short	1                               @ Loc expr size
	.byte	80                              @ DW_OP_reg0
	.long	.Ltmp304-.Lfunc_begin2
	.long	.Ltmp305-.Lfunc_begin2
	.short	1                               @ Loc expr size
	.byte	85                              @ DW_OP_reg5
	.long	.Ltmp305-.Lfunc_begin2
	.long	.Ltmp310-.Lfunc_begin2
	.short	1                               @ Loc expr size
	.byte	80                              @ DW_OP_reg0
	.long	.Ltmp310-.Lfunc_begin2
	.long	.Ltmp311-.Lfunc_begin2
	.short	1                               @ Loc expr size
	.byte	85                              @ DW_OP_reg5
	.long	.Ltmp311-.Lfunc_begin2
	.long	.Ltmp316-.Lfunc_begin2
	.short	1                               @ Loc expr size
	.byte	80                              @ DW_OP_reg0
	.long	.Ltmp316-.Lfunc_begin2
	.long	.Ltmp317-.Lfunc_begin2
	.short	1                               @ Loc expr size
	.byte	85                              @ DW_OP_reg5
	.long	.Ltmp317-.Lfunc_begin2
	.long	.Ltmp322-.Lfunc_begin2
	.short	1                               @ Loc expr size
	.byte	80                              @ DW_OP_reg0
	.long	.Ltmp322-.Lfunc_begin2
	.long	.Ltmp323-.Lfunc_begin2
	.short	1                               @ Loc expr size
	.byte	85                              @ DW_OP_reg5
	.long	.Ltmp323-.Lfunc_begin2
	.long	.Lfunc_end2-.Lfunc_begin2
	.short	1                               @ Loc expr size
	.byte	80                              @ DW_OP_reg0
	.long	0
	.long	0
.Ldebug_loc34:
	.long	-1
	.long	.Lfunc_begin2                   @   base address
	.long	.Ltmp259-.Lfunc_begin2
	.long	.Ltmp271-.Lfunc_begin2
	.short	1                               @ Loc expr size
	.byte	80                              @ DW_OP_reg0
	.long	.Ltmp274-.Lfunc_begin2
	.long	.Ltmp292-.Lfunc_begin2
	.short	1                               @ Loc expr size
	.byte	84                              @ DW_OP_reg4
	.long	.Ltmp292-.Lfunc_begin2
	.long	.Ltmp293-.Lfunc_begin2
	.short	1                               @ Loc expr size
	.byte	80                              @ DW_OP_reg0
	.long	.Ltmp306-.Lfunc_begin2
	.long	.Ltmp312-.Lfunc_begin2
	.short	3                               @ Loc expr size
	.byte	124                             @ DW_OP_breg12
	.byte	1                               @ 1
	.byte	159                             @ DW_OP_stack_value
	.long	.Ltmp312-.Lfunc_begin2
	.long	.Ltmp318-.Lfunc_begin2
	.short	3                               @ Loc expr size
	.byte	124                             @ DW_OP_breg12
	.byte	2                               @ 2
	.byte	159                             @ DW_OP_stack_value
	.long	.Ltmp318-.Lfunc_begin2
	.long	.Ltmp324-.Lfunc_begin2
	.short	3                               @ Loc expr size
	.byte	124                             @ DW_OP_breg12
	.byte	3                               @ 3
	.byte	159                             @ DW_OP_stack_value
	.long	0
	.long	0
.Ldebug_loc35:
	.long	-1
	.long	.Lfunc_begin2                   @   base address
	.long	.Ltmp265-.Lfunc_begin2
	.long	.Ltmp270-.Lfunc_begin2
	.short	3                               @ Loc expr size
	.byte	144                             @ DW_OP_regx
	.byte	128                             @ 256
	.byte	2                               @ 
	.long	.Ltmp272-.Lfunc_begin2
	.long	.Ltmp279-.Lfunc_begin2
	.short	3                               @ Loc expr size
	.byte	144                             @ DW_OP_regx
	.byte	128                             @ 256
	.byte	2                               @ 
	.long	.Ltmp281-.Lfunc_begin2
	.long	.Ltmp288-.Lfunc_begin2
	.short	3                               @ Loc expr size
	.byte	144                             @ DW_OP_regx
	.byte	128                             @ 256
	.byte	2                               @ 
	.long	.Ltmp290-.Lfunc_begin2
	.long	.Ltmp304-.Lfunc_begin2
	.short	3                               @ Loc expr size
	.byte	144                             @ DW_OP_regx
	.byte	128                             @ 256
	.byte	2                               @ 
	.long	.Ltmp306-.Lfunc_begin2
	.long	.Ltmp310-.Lfunc_begin2
	.short	3                               @ Loc expr size
	.byte	144                             @ DW_OP_regx
	.byte	128                             @ 256
	.byte	2                               @ 
	.long	.Ltmp312-.Lfunc_begin2
	.long	.Ltmp316-.Lfunc_begin2
	.short	3                               @ Loc expr size
	.byte	144                             @ DW_OP_regx
	.byte	128                             @ 256
	.byte	2                               @ 
	.long	.Ltmp318-.Lfunc_begin2
	.long	.Ltmp322-.Lfunc_begin2
	.short	3                               @ Loc expr size
	.byte	144                             @ DW_OP_regx
	.byte	128                             @ 256
	.byte	2                               @ 
	.long	0
	.long	0
.Ldebug_loc36:
	.long	-1
	.long	.Lfunc_begin2                   @   base address
	.long	.Ltmp267-.Lfunc_begin2
	.long	.Ltmp272-.Lfunc_begin2
	.short	1                               @ Loc expr size
	.byte	84                              @ DW_OP_reg4
	.long	.Ltmp276-.Lfunc_begin2
	.long	.Ltmp281-.Lfunc_begin2
	.short	1                               @ Loc expr size
	.byte	86                              @ DW_OP_reg6
	.long	.Ltmp285-.Lfunc_begin2
	.long	.Ltmp290-.Lfunc_begin2
	.short	1                               @ Loc expr size
	.byte	85                              @ DW_OP_reg5
	.long	.Ltmp301-.Lfunc_begin2
	.long	.Ltmp324-.Lfunc_begin2
	.short	1                               @ Loc expr size
	.byte	84                              @ DW_OP_reg4
	.long	0
	.long	0
.Ldebug_loc37:
	.long	-1
	.long	.Lfunc_begin3                   @   base address
	.long	.Lfunc_begin3-.Lfunc_begin3
	.long	.Ltmp332-.Lfunc_begin3
	.short	1                               @ Loc expr size
	.byte	80                              @ DW_OP_reg0
	.long	.Ltmp334-.Lfunc_begin3
	.long	.Ltmp335-.Lfunc_begin3
	.short	1                               @ Loc expr size
	.byte	80                              @ DW_OP_reg0
	.long	.Ltmp345-.Lfunc_begin3
	.long	.Ltmp346-.Lfunc_begin3
	.short	4                               @ Loc expr size
	.byte	243                             @ DW_OP_GNU_entry_value
	.byte	1                               @ 1
	.byte	80                              @ DW_OP_reg0
	.byte	159                             @ DW_OP_stack_value
	.long	0
	.long	0
.Ldebug_loc38:
	.long	-1
	.long	.Lfunc_begin3                   @   base address
	.long	.Lfunc_begin3-.Lfunc_begin3
	.long	.Ltmp331-.Lfunc_begin3
	.short	1                               @ Loc expr size
	.byte	81                              @ DW_OP_reg1
	.long	.Ltmp331-.Lfunc_begin3
	.long	.Lfunc_end3-.Lfunc_begin3
	.short	2                               @ Loc expr size
	.byte	125                             @ DW_OP_breg13
	.byte	8                               @ 8
	.long	0
	.long	0
.Ldebug_loc39:
	.long	-1
	.long	.Lfunc_begin3                   @   base address
	.long	.Lfunc_begin3-.Lfunc_begin3
	.long	.Ltmp329-.Lfunc_begin3
	.short	1                               @ Loc expr size
	.byte	82                              @ DW_OP_reg2
	.long	.Ltmp329-.Lfunc_begin3
	.long	.Lfunc_end3-.Lfunc_begin3
	.short	2                               @ Loc expr size
	.byte	125                             @ DW_OP_breg13
	.byte	0                               @ 0
	.long	0
	.long	0
.Ldebug_loc40:
	.long	-1
	.long	.Lfunc_begin3                   @   base address
	.long	.Lfunc_begin3-.Lfunc_begin3
	.long	.Ltmp330-.Lfunc_begin3
	.short	1                               @ Loc expr size
	.byte	83                              @ DW_OP_reg3
	.long	.Ltmp330-.Lfunc_begin3
	.long	.Lfunc_end3-.Lfunc_begin3
	.short	2                               @ Loc expr size
	.byte	125                             @ DW_OP_breg13
	.byte	4                               @ 4
	.long	0
	.long	0
.Ldebug_loc41:
	.long	-1
	.long	.Lfunc_begin3                   @   base address
	.long	.Ltmp327-.Lfunc_begin3
	.long	.Ltmp333-.Lfunc_begin3
	.short	1                               @ Loc expr size
	.byte	94                              @ DW_OP_reg14
	.long	.Ltmp334-.Lfunc_begin3
	.long	.Ltmp335-.Lfunc_begin3
	.short	1                               @ Loc expr size
	.byte	94                              @ DW_OP_reg14
	.long	.Ltmp337-.Lfunc_begin3
	.long	.Ltmp338-.Lfunc_begin3
	.short	1                               @ Loc expr size
	.byte	94                              @ DW_OP_reg14
	.long	0
	.long	0
.Ldebug_loc42:
	.long	-1
	.long	.Lfunc_begin3                   @   base address
	.long	.Ltmp328-.Lfunc_begin3
	.long	.Lfunc_end3-.Lfunc_begin3
	.short	1                               @ Loc expr size
	.byte	84                              @ DW_OP_reg4
	.long	0
	.long	0
.Ldebug_loc43:
	.long	-1
	.long	.Lfunc_begin3                   @   base address
	.long	.Ltmp340-.Lfunc_begin3
	.long	.Ltmp346-.Lfunc_begin3
	.short	1                               @ Loc expr size
	.byte	82                              @ DW_OP_reg2
	.long	.Ltmp346-.Lfunc_begin3
	.long	.Ltmp349-.Lfunc_begin3
	.short	1                               @ Loc expr size
	.byte	92                              @ DW_OP_reg12
	.long	.Ltmp350-.Lfunc_begin3
	.long	.Lfunc_end3-.Lfunc_begin3
	.short	1                               @ Loc expr size
	.byte	92                              @ DW_OP_reg12
	.long	0
	.long	0
.Ldebug_loc44:
	.long	-1
	.long	.Lfunc_begin3                   @   base address
	.long	.Ltmp341-.Lfunc_begin3
	.long	.Lfunc_end3-.Lfunc_begin3
	.short	1                               @ Loc expr size
	.byte	86                              @ DW_OP_reg6
	.long	0
	.long	0
.Ldebug_loc45:
	.long	-1
	.long	.Lfunc_begin3                   @   base address
	.long	.Ltmp344-.Lfunc_begin3
	.long	.Lfunc_end3-.Lfunc_begin3
	.short	3                               @ Loc expr size
	.byte	144                             @ DW_OP_regx
	.byte	128                             @ 256
	.byte	2                               @ 
	.long	0
	.long	0
.Ldebug_loc46:
	.long	-1
	.long	.Lfunc_begin3                   @   base address
	.long	.Ltmp338-.Lfunc_begin3
	.long	.Ltmp346-.Lfunc_begin3
	.short	1                               @ Loc expr size
	.byte	84                              @ DW_OP_reg4
	.long	.Ltmp346-.Lfunc_begin3
	.long	.Ltmp347-.Lfunc_begin3
	.short	22                              @ Loc expr size
	.byte	115                             @ DW_OP_breg3
	.byte	0                               @ 0
	.byte	17                              @ DW_OP_consts
	.byte	127                             @ -1
	.byte	116                             @ DW_OP_breg4
	.byte	0                               @ 0
	.byte	30                              @ DW_OP_mul
	.byte	125                             @ DW_OP_breg13
	.byte	12                              @ 12
	.byte	6                               @ DW_OP_deref
	.byte	34                              @ DW_OP_plus
	.byte	28                              @ DW_OP_minus
	.byte	17                              @ DW_OP_consts
	.byte	127                             @ -1
	.byte	27                              @ DW_OP_div
	.byte	17                              @ DW_OP_consts
	.byte	1                               @ 1
	.byte	116                             @ DW_OP_breg4
	.byte	0                               @ 0
	.byte	34                              @ DW_OP_plus
	.byte	34                              @ DW_OP_plus
	.byte	159                             @ DW_OP_stack_value
	.long	.Ltmp349-.Lfunc_begin3
	.long	.Ltmp360-.Lfunc_begin3
	.short	19                              @ Loc expr size
	.byte	115                             @ DW_OP_breg3
	.byte	0                               @ 0
	.byte	17                              @ DW_OP_consts
	.byte	127                             @ -1
	.byte	116                             @ DW_OP_breg4
	.byte	0                               @ 0
	.byte	30                              @ DW_OP_mul
	.byte	125                             @ DW_OP_breg13
	.byte	12                              @ 12
	.byte	6                               @ DW_OP_deref
	.byte	34                              @ DW_OP_plus
	.byte	28                              @ DW_OP_minus
	.byte	17                              @ DW_OP_consts
	.byte	127                             @ -1
	.byte	27                              @ DW_OP_div
	.byte	116                             @ DW_OP_breg4
	.byte	0                               @ 0
	.byte	34                              @ DW_OP_plus
	.byte	159                             @ DW_OP_stack_value
	.long	0
	.long	0
.Ldebug_loc47:
	.long	-1
	.long	.Lfunc_begin3                   @   base address
	.long	.Ltmp346-.Lfunc_begin3
	.long	.Ltmp349-.Lfunc_begin3
	.short	3                               @ Loc expr size
	.byte	144                             @ DW_OP_regx
	.byte	130                             @ 258
	.byte	2                               @ 
	.long	.Ltmp355-.Lfunc_begin3
	.long	.Lfunc_end3-.Lfunc_begin3
	.short	3                               @ Loc expr size
	.byte	144                             @ DW_OP_regx
	.byte	130                             @ 258
	.byte	2                               @ 
	.long	0
	.long	0
.Ldebug_loc48:
	.long	-1
	.long	.Lfunc_begin4                   @   base address
	.long	.Lfunc_begin4-.Lfunc_begin4
	.long	.Ltmp363-.Lfunc_begin4
	.short	1                               @ Loc expr size
	.byte	80                              @ DW_OP_reg0
	.long	.Ltmp363-.Lfunc_begin4
	.long	.Ltmp374-.Lfunc_begin4
	.short	1                               @ Loc expr size
	.byte	84                              @ DW_OP_reg4
	.long	.Ltmp374-.Lfunc_begin4
	.long	.Ltmp376-.Lfunc_begin4
	.short	2                               @ Loc expr size
	.byte	125                             @ DW_OP_breg13
	.byte	32                              @ 32
	.long	.Ltmp376-.Lfunc_begin4
	.long	.Ltmp378-.Lfunc_begin4
	.short	1                               @ Loc expr size
	.byte	81                              @ DW_OP_reg1
	.long	.Ltmp378-.Lfunc_begin4
	.long	.Ltmp379-.Lfunc_begin4
	.short	1                               @ Loc expr size
	.byte	84                              @ DW_OP_reg4
	.long	.Ltmp379-.Lfunc_begin4
	.long	.Ltmp380-.Lfunc_begin4
	.short	1                               @ Loc expr size
	.byte	81                              @ DW_OP_reg1
	.long	.Ltmp380-.Lfunc_begin4
	.long	.Ltmp395-.Lfunc_begin4
	.short	4                               @ Loc expr size
	.byte	243                             @ DW_OP_GNU_entry_value
	.byte	1                               @ 1
	.byte	80                              @ DW_OP_reg0
	.byte	159                             @ DW_OP_stack_value
	.long	0
	.long	0
.Ldebug_loc49:
	.long	-1
	.long	.Lfunc_begin4                   @   base address
	.long	.Lfunc_begin4-.Lfunc_begin4
	.long	.Ltmp366-.Lfunc_begin4
	.short	1                               @ Loc expr size
	.byte	81                              @ DW_OP_reg1
	.long	.Ltmp366-.Lfunc_begin4
	.long	.Lfunc_end4-.Lfunc_begin4
	.short	2                               @ Loc expr size
	.byte	125                             @ DW_OP_breg13
	.byte	24                              @ 24
	.long	0
	.long	0
.Ldebug_loc50:
	.long	-1
	.long	.Lfunc_begin4                   @   base address
	.long	.Lfunc_begin4-.Lfunc_begin4
	.long	.Ltmp365-.Lfunc_begin4
	.short	1                               @ Loc expr size
	.byte	82                              @ DW_OP_reg2
	.long	.Ltmp365-.Lfunc_begin4
	.long	.Ltmp408-.Lfunc_begin4
	.short	1                               @ Loc expr size
	.byte	90                              @ DW_OP_reg10
	.long	.Ltmp408-.Lfunc_begin4
	.long	.Ltmp590-.Lfunc_begin4
	.short	4                               @ Loc expr size
	.byte	243                             @ DW_OP_GNU_entry_value
	.byte	1                               @ 1
	.byte	82                              @ DW_OP_reg2
	.byte	159                             @ DW_OP_stack_value
	.long	0
	.long	0
.Ldebug_loc51:
	.long	-1
	.long	.Lfunc_begin4                   @   base address
	.long	.Lfunc_begin4-.Lfunc_begin4
	.long	.Ltmp364-.Lfunc_begin4
	.short	1                               @ Loc expr size
	.byte	83                              @ DW_OP_reg3
	.long	.Ltmp364-.Lfunc_begin4
	.long	.Ltmp591-.Lfunc_begin4
	.short	1                               @ Loc expr size
	.byte	91                              @ DW_OP_reg11
	.long	0
	.long	0
.Ldebug_loc52:
	.long	-1
	.long	.Lfunc_begin4                   @   base address
	.long	.Ltmp363-.Lfunc_begin4
	.long	.Ltmp412-.Lfunc_begin4
	.short	2                               @ Loc expr size
	.byte	48                              @ DW_OP_lit0
	.byte	159                             @ DW_OP_stack_value
	.long	.Ltmp414-.Lfunc_begin4
	.long	.Ltmp416-.Lfunc_begin4
	.short	2                               @ Loc expr size
	.byte	125                             @ DW_OP_breg13
	.byte	20                              @ 20
	.long	.Ltmp416-.Lfunc_begin4
	.long	.Ltmp448-.Lfunc_begin4
	.short	1                               @ Loc expr size
	.byte	84                              @ DW_OP_reg4
	.long	.Ltmp448-.Lfunc_begin4
	.long	.Ltmp449-.Lfunc_begin4
	.short	2                               @ Loc expr size
	.byte	125                             @ DW_OP_breg13
	.byte	20                              @ 20
	.long	.Ltmp449-.Lfunc_begin4
	.long	.Ltmp484-.Lfunc_begin4
	.short	1                               @ Loc expr size
	.byte	84                              @ DW_OP_reg4
	.long	.Ltmp514-.Lfunc_begin4
	.long	.Ltmp516-.Lfunc_begin4
	.short	2                               @ Loc expr size
	.byte	125                             @ DW_OP_breg13
	.byte	28                              @ 28
	.long	.Ltmp516-.Lfunc_begin4
	.long	.Ltmp517-.Lfunc_begin4
	.short	1                               @ Loc expr size
	.byte	84                              @ DW_OP_reg4
	.long	0
	.long	0
.Ldebug_loc53:
	.long	-1
	.long	.Lfunc_begin4                   @   base address
	.long	.Ltmp363-.Lfunc_begin4
	.long	.Ltmp412-.Lfunc_begin4
	.short	3                               @ Loc expr size
	.byte	48                              @ DW_OP_lit0
	.byte	32                              @ DW_OP_not
	.byte	159                             @ DW_OP_stack_value
	.long	.Ltmp414-.Lfunc_begin4
	.long	.Ltmp415-.Lfunc_begin4
	.short	1                               @ Loc expr size
	.byte	86                              @ DW_OP_reg6
	.long	.Ltmp451-.Lfunc_begin4
	.long	.Ltmp455-.Lfunc_begin4
	.short	3                               @ Loc expr size
	.byte	48                              @ DW_OP_lit0
	.byte	32                              @ DW_OP_not
	.byte	159                             @ DW_OP_stack_value
	.long	.Ltmp483-.Lfunc_begin4
	.long	.Ltmp484-.Lfunc_begin4
	.short	3                               @ Loc expr size
	.byte	48                              @ DW_OP_lit0
	.byte	32                              @ DW_OP_not
	.byte	159                             @ DW_OP_stack_value
	.long	.Ltmp484-.Lfunc_begin4
	.long	.Ltmp493-.Lfunc_begin4
	.short	1                               @ Loc expr size
	.byte	86                              @ DW_OP_reg6
	.long	.Ltmp493-.Lfunc_begin4
	.long	.Ltmp500-.Lfunc_begin4
	.short	1                               @ Loc expr size
	.byte	82                              @ DW_OP_reg2
	.long	.Ltmp500-.Lfunc_begin4
	.long	.Ltmp501-.Lfunc_begin4
	.short	1                               @ Loc expr size
	.byte	86                              @ DW_OP_reg6
	.long	.Ltmp502-.Lfunc_begin4
	.long	.Ltmp506-.Lfunc_begin4
	.short	1                               @ Loc expr size
	.byte	86                              @ DW_OP_reg6
	.long	.Ltmp510-.Lfunc_begin4
	.long	.Ltmp511-.Lfunc_begin4
	.short	1                               @ Loc expr size
	.byte	86                              @ DW_OP_reg6
	.long	.Ltmp514-.Lfunc_begin4
	.long	.Ltmp517-.Lfunc_begin4
	.short	1                               @ Loc expr size
	.byte	86                              @ DW_OP_reg6
	.long	.Ltmp546-.Lfunc_begin4
	.long	.Ltmp590-.Lfunc_begin4
	.short	1                               @ Loc expr size
	.byte	86                              @ DW_OP_reg6
	.long	0
	.long	0
.Ldebug_loc54:
	.long	-1
	.long	.Lfunc_begin4                   @   base address
	.long	.Ltmp363-.Lfunc_begin4
	.long	.Ltmp412-.Lfunc_begin4
	.short	2                               @ Loc expr size
	.byte	48                              @ DW_OP_lit0
	.byte	159                             @ DW_OP_stack_value
	.long	.Ltmp414-.Lfunc_begin4
	.long	.Ltmp451-.Lfunc_begin4
	.short	1                               @ Loc expr size
	.byte	90                              @ DW_OP_reg10
	.long	.Ltmp451-.Lfunc_begin4
	.long	.Ltmp455-.Lfunc_begin4
	.short	1                               @ Loc expr size
	.byte	92                              @ DW_OP_reg12
	.long	.Ltmp455-.Lfunc_begin4
	.long	.Ltmp483-.Lfunc_begin4
	.short	1                               @ Loc expr size
	.byte	90                              @ DW_OP_reg10
	.long	.Ltmp483-.Lfunc_begin4
	.long	.Ltmp517-.Lfunc_begin4
	.short	1                               @ Loc expr size
	.byte	92                              @ DW_OP_reg12
	.long	0
	.long	0
.Ldebug_loc55:
	.long	-1
	.long	.Lfunc_begin4                   @   base address
	.long	.Ltmp363-.Lfunc_begin4
	.long	.Ltmp412-.Lfunc_begin4
	.short	2                               @ Loc expr size
	.byte	48                              @ DW_OP_lit0
	.byte	159                             @ DW_OP_stack_value
	.long	.Ltmp414-.Lfunc_begin4
	.long	.Ltmp484-.Lfunc_begin4
	.short	1                               @ Loc expr size
	.byte	84                              @ DW_OP_reg4
	.long	0
	.long	0
.Ldebug_loc56:
	.long	-1
	.long	.Lfunc_begin4                   @   base address
	.long	.Ltmp367-.Lfunc_begin4
	.long	.Ltmp369-.Lfunc_begin4
	.short	1                               @ Loc expr size
	.byte	80                              @ DW_OP_reg0
	.long	.Ltmp369-.Lfunc_begin4
	.long	.Ltmp378-.Lfunc_begin4
	.short	1                               @ Loc expr size
	.byte	86                              @ DW_OP_reg6
	.long	.Ltmp379-.Lfunc_begin4
	.long	.Ltmp382-.Lfunc_begin4
	.short	1                               @ Loc expr size
	.byte	86                              @ DW_OP_reg6
	.long	.Ltmp589-.Lfunc_begin4
	.long	.Ltmp590-.Lfunc_begin4
	.short	2                               @ Loc expr size
	.byte	48                              @ DW_OP_lit0
	.byte	159                             @ DW_OP_stack_value
	.long	0
	.long	0
.Ldebug_loc57:
	.long	-1
	.long	.Lfunc_begin4                   @   base address
	.long	.Ltmp370-.Lfunc_begin4
	.long	.Ltmp373-.Lfunc_begin4
	.short	1                               @ Loc expr size
	.byte	80                              @ DW_OP_reg0
	.long	.Ltmp373-.Lfunc_begin4
	.long	.Ltmp378-.Lfunc_begin4
	.short	1                               @ Loc expr size
	.byte	88                              @ DW_OP_reg8
	.long	.Ltmp379-.Lfunc_begin4
	.long	.Ltmp590-.Lfunc_begin4
	.short	1                               @ Loc expr size
	.byte	88                              @ DW_OP_reg8
	.long	0
	.long	0
.Ldebug_loc58:
	.long	-1
	.long	.Lfunc_begin4                   @   base address
	.long	.Ltmp372-.Lfunc_begin4
	.long	.Ltmp377-.Lfunc_begin4
	.short	2                               @ Loc expr size
	.byte	48                              @ DW_OP_lit0
	.byte	159                             @ DW_OP_stack_value
	.long	.Ltmp379-.Lfunc_begin4
	.long	.Ltmp382-.Lfunc_begin4
	.short	2                               @ Loc expr size
	.byte	48                              @ DW_OP_lit0
	.byte	159                             @ DW_OP_stack_value
	.long	.Ltmp382-.Lfunc_begin4
	.long	.Ltmp386-.Lfunc_begin4
	.short	1                               @ Loc expr size
	.byte	83                              @ DW_OP_reg3
	.long	.Ltmp386-.Lfunc_begin4
	.long	.Ltmp392-.Lfunc_begin4
	.short	5                               @ Loc expr size
	.byte	115                             @ DW_OP_breg3
	.byte	0                               @ 0
	.byte	49                              @ DW_OP_lit1
	.byte	33                              @ DW_OP_or
	.byte	159                             @ DW_OP_stack_value
	.long	.Ltmp392-.Lfunc_begin4
	.long	.Ltmp393-.Lfunc_begin4
	.short	5                               @ Loc expr size
	.byte	115                             @ DW_OP_breg3
	.byte	0                               @ 0
	.byte	50                              @ DW_OP_lit2
	.byte	33                              @ DW_OP_or
	.byte	159                             @ DW_OP_stack_value
	.long	.Ltmp393-.Lfunc_begin4
	.long	.Ltmp395-.Lfunc_begin4
	.short	5                               @ Loc expr size
	.byte	115                             @ DW_OP_breg3
	.byte	0                               @ 0
	.byte	51                              @ DW_OP_lit3
	.byte	33                              @ DW_OP_or
	.byte	159                             @ DW_OP_stack_value
	.long	.Ltmp396-.Lfunc_begin4
	.long	.Ltmp399-.Lfunc_begin4
	.short	1                               @ Loc expr size
	.byte	83                              @ DW_OP_reg3
	.long	.Ltmp399-.Lfunc_begin4
	.long	.Ltmp401-.Lfunc_begin4
	.short	3                               @ Loc expr size
	.byte	115                             @ DW_OP_breg3
	.byte	1                               @ 1
	.byte	159                             @ DW_OP_stack_value
	.long	.Ltmp401-.Lfunc_begin4
	.long	.Ltmp403-.Lfunc_begin4
	.short	1                               @ Loc expr size
	.byte	81                              @ DW_OP_reg1
	.long	.Ltmp404-.Lfunc_begin4
	.long	.Ltmp406-.Lfunc_begin4
	.short	3                               @ Loc expr size
	.byte	115                             @ DW_OP_breg3
	.byte	2                               @ 2
	.byte	159                             @ DW_OP_stack_value
	.long	.Ltmp406-.Lfunc_begin4
	.long	.Ltmp407-.Lfunc_begin4
	.short	1                               @ Loc expr size
	.byte	81                              @ DW_OP_reg1
	.long	0
	.long	0
.Ldebug_loc59:
	.long	-1
	.long	.Lfunc_begin4                   @   base address
	.long	.Ltmp529-.Lfunc_begin4
	.long	.Ltmp533-.Lfunc_begin4
	.short	3                               @ Loc expr size
	.byte	144                             @ DW_OP_regx
	.byte	130                             @ 258
	.byte	2                               @ 
	.long	.Ltmp539-.Lfunc_begin4
	.long	.Ltmp545-.Lfunc_begin4
	.short	3                               @ Loc expr size
	.byte	144                             @ DW_OP_regx
	.byte	130                             @ 258
	.byte	2                               @ 
	.long	0
	.long	0
.Ldebug_loc60:
	.long	-1
	.long	.Lfunc_begin4                   @   base address
	.long	.Ltmp525-.Lfunc_begin4
	.long	.Ltmp527-.Lfunc_begin4
	.short	1                               @ Loc expr size
	.byte	81                              @ DW_OP_reg1
	.long	.Ltmp529-.Lfunc_begin4
	.long	.Ltmp533-.Lfunc_begin4
	.short	1                               @ Loc expr size
	.byte	86                              @ DW_OP_reg6
	.long	.Ltmp534-.Lfunc_begin4
	.long	.Ltmp545-.Lfunc_begin4
	.short	1                               @ Loc expr size
	.byte	86                              @ DW_OP_reg6
	.long	0
	.long	0
.Ldebug_loc61:
	.long	-1
	.long	.Lfunc_begin4                   @   base address
	.long	.Ltmp522-.Lfunc_begin4
	.long	.Ltmp529-.Lfunc_begin4
	.short	1                               @ Loc expr size
	.byte	83                              @ DW_OP_reg3
	.long	.Ltmp529-.Lfunc_begin4
	.long	.Ltmp531-.Lfunc_begin4
	.short	22                              @ Loc expr size
	.byte	113                             @ DW_OP_breg1
	.byte	0                               @ 0
	.byte	17                              @ DW_OP_consts
	.byte	127                             @ -1
	.byte	115                             @ DW_OP_breg3
	.byte	0                               @ 0
	.byte	30                              @ DW_OP_mul
	.byte	125                             @ DW_OP_breg13
	.byte	32                              @ 32
	.byte	6                               @ DW_OP_deref
	.byte	34                              @ DW_OP_plus
	.byte	28                              @ DW_OP_minus
	.byte	17                              @ DW_OP_consts
	.byte	127                             @ -1
	.byte	27                              @ DW_OP_div
	.byte	17                              @ DW_OP_consts
	.byte	1                               @ 1
	.byte	115                             @ DW_OP_breg3
	.byte	0                               @ 0
	.byte	34                              @ DW_OP_plus
	.byte	34                              @ DW_OP_plus
	.byte	159                             @ DW_OP_stack_value
	.long	.Ltmp533-.Lfunc_begin4
	.long	.Ltmp544-.Lfunc_begin4
	.short	19                              @ Loc expr size
	.byte	113                             @ DW_OP_breg1
	.byte	0                               @ 0
	.byte	17                              @ DW_OP_consts
	.byte	127                             @ -1
	.byte	115                             @ DW_OP_breg3
	.byte	0                               @ 0
	.byte	30                              @ DW_OP_mul
	.byte	125                             @ DW_OP_breg13
	.byte	32                              @ 32
	.byte	6                               @ DW_OP_deref
	.byte	34                              @ DW_OP_plus
	.byte	28                              @ DW_OP_minus
	.byte	17                              @ DW_OP_consts
	.byte	127                             @ -1
	.byte	27                              @ DW_OP_div
	.byte	115                             @ DW_OP_breg3
	.byte	0                               @ 0
	.byte	34                              @ DW_OP_plus
	.byte	159                             @ DW_OP_stack_value
	.long	0
	.long	0
.Ldebug_loc62:
	.long	-1
	.long	.Lfunc_begin4                   @   base address
	.long	.Ltmp528-.Lfunc_begin4
	.long	.Ltmp545-.Lfunc_begin4
	.short	3                               @ Loc expr size
	.byte	144                             @ DW_OP_regx
	.byte	128                             @ 256
	.byte	2                               @ 
	.long	0
	.long	0
.Ldebug_loc63:
	.long	-1
	.long	.Lfunc_begin4                   @   base address
	.long	.Ltmp526-.Lfunc_begin4
	.long	.Ltmp545-.Lfunc_begin4
	.short	1                               @ Loc expr size
	.byte	87                              @ DW_OP_reg7
	.long	0
	.long	0
.Ldebug_loc64:
	.long	-1
	.long	.Lfunc_begin4                   @   base address
	.long	.Ltmp517-.Lfunc_begin4
	.long	.Ltmp520-.Lfunc_begin4
	.short	1                               @ Loc expr size
	.byte	92                              @ DW_OP_reg12
	.long	.Ltmp520-.Lfunc_begin4
	.long	.Ltmp546-.Lfunc_begin4
	.short	1                               @ Loc expr size
	.byte	83                              @ DW_OP_reg3
	.long	0
	.long	0
.Ldebug_loc65:
	.long	-1
	.long	.Lfunc_begin4                   @   base address
	.long	.Ltmp416-.Lfunc_begin4
	.long	.Ltmp448-.Lfunc_begin4
	.short	2                               @ Loc expr size
	.byte	125                             @ DW_OP_breg13
	.byte	32                              @ 32
	.long	.Ltmp450-.Lfunc_begin4
	.long	.Ltmp451-.Lfunc_begin4
	.short	2                               @ Loc expr size
	.byte	125                             @ DW_OP_breg13
	.byte	32                              @ 32
	.long	.Ltmp455-.Lfunc_begin4
	.long	.Ltmp483-.Lfunc_begin4
	.short	2                               @ Loc expr size
	.byte	125                             @ DW_OP_breg13
	.byte	32                              @ 32
	.long	0
	.long	0
.Ldebug_loc66:
	.long	-1
	.long	.Lfunc_begin4                   @   base address
	.long	.Ltmp416-.Lfunc_begin4
	.long	.Ltmp448-.Lfunc_begin4
	.short	1                               @ Loc expr size
	.byte	84                              @ DW_OP_reg4
	.long	.Ltmp450-.Lfunc_begin4
	.long	.Ltmp451-.Lfunc_begin4
	.short	1                               @ Loc expr size
	.byte	84                              @ DW_OP_reg4
	.long	.Ltmp455-.Lfunc_begin4
	.long	.Ltmp483-.Lfunc_begin4
	.short	1                               @ Loc expr size
	.byte	84                              @ DW_OP_reg4
	.long	0
	.long	0
.Ldebug_loc67:
	.long	-1
	.long	.Lfunc_begin4                   @   base address
	.long	.Ltmp416-.Lfunc_begin4
	.long	.Ltmp448-.Lfunc_begin4
	.short	1                               @ Loc expr size
	.byte	88                              @ DW_OP_reg8
	.long	.Ltmp450-.Lfunc_begin4
	.long	.Ltmp451-.Lfunc_begin4
	.short	1                               @ Loc expr size
	.byte	88                              @ DW_OP_reg8
	.long	.Ltmp455-.Lfunc_begin4
	.long	.Ltmp483-.Lfunc_begin4
	.short	1                               @ Loc expr size
	.byte	88                              @ DW_OP_reg8
	.long	0
	.long	0
.Ldebug_loc68:
	.long	-1
	.long	.Lfunc_begin4                   @   base address
	.long	.Ltmp416-.Lfunc_begin4
	.long	.Ltmp448-.Lfunc_begin4
	.short	1                               @ Loc expr size
	.byte	80                              @ DW_OP_reg0
	.long	.Ltmp450-.Lfunc_begin4
	.long	.Ltmp451-.Lfunc_begin4
	.short	1                               @ Loc expr size
	.byte	80                              @ DW_OP_reg0
	.long	.Ltmp455-.Lfunc_begin4
	.long	.Ltmp483-.Lfunc_begin4
	.short	1                               @ Loc expr size
	.byte	80                              @ DW_OP_reg0
	.long	0
	.long	0
.Ldebug_loc69:
	.long	-1
	.long	.Lfunc_begin4                   @   base address
	.long	.Ltmp416-.Lfunc_begin4
	.long	.Ltmp448-.Lfunc_begin4
	.short	1                               @ Loc expr size
	.byte	91                              @ DW_OP_reg11
	.long	.Ltmp450-.Lfunc_begin4
	.long	.Ltmp451-.Lfunc_begin4
	.short	1                               @ Loc expr size
	.byte	91                              @ DW_OP_reg11
	.long	.Ltmp455-.Lfunc_begin4
	.long	.Ltmp483-.Lfunc_begin4
	.short	1                               @ Loc expr size
	.byte	91                              @ DW_OP_reg11
	.long	0
	.long	0
.Ldebug_loc70:
	.long	-1
	.long	.Lfunc_begin4                   @   base address
	.long	.Ltmp422-.Lfunc_begin4
	.long	.Ltmp427-.Lfunc_begin4
	.short	1                               @ Loc expr size
	.byte	92                              @ DW_OP_reg12
	.long	.Ltmp430-.Lfunc_begin4
	.long	.Ltmp448-.Lfunc_begin4
	.short	1                               @ Loc expr size
	.byte	83                              @ DW_OP_reg3
	.long	.Ltmp465-.Lfunc_begin4
	.long	.Ltmp471-.Lfunc_begin4
	.short	3                               @ Loc expr size
	.byte	118                             @ DW_OP_breg6
	.byte	1                               @ 1
	.byte	159                             @ DW_OP_stack_value
	.long	.Ltmp471-.Lfunc_begin4
	.long	.Ltmp477-.Lfunc_begin4
	.short	3                               @ Loc expr size
	.byte	118                             @ DW_OP_breg6
	.byte	2                               @ 2
	.byte	159                             @ DW_OP_stack_value
	.long	.Ltmp477-.Lfunc_begin4
	.long	.Ltmp483-.Lfunc_begin4
	.short	3                               @ Loc expr size
	.byte	118                             @ DW_OP_breg6
	.byte	3                               @ 3
	.byte	159                             @ DW_OP_stack_value
	.long	0
	.long	0
.Ldebug_loc71:
	.long	-1
	.long	.Lfunc_begin4                   @   base address
	.long	.Ltmp421-.Lfunc_begin4
	.long	.Ltmp426-.Lfunc_begin4
	.short	3                               @ Loc expr size
	.byte	144                             @ DW_OP_regx
	.byte	128                             @ 256
	.byte	2                               @ 
	.long	.Ltmp428-.Lfunc_begin4
	.long	.Ltmp435-.Lfunc_begin4
	.short	3                               @ Loc expr size
	.byte	144                             @ DW_OP_regx
	.byte	128                             @ 256
	.byte	2                               @ 
	.long	.Ltmp437-.Lfunc_begin4
	.long	.Ltmp444-.Lfunc_begin4
	.short	3                               @ Loc expr size
	.byte	144                             @ DW_OP_regx
	.byte	128                             @ 256
	.byte	2                               @ 
	.long	.Ltmp446-.Lfunc_begin4
	.long	.Ltmp448-.Lfunc_begin4
	.short	3                               @ Loc expr size
	.byte	144                             @ DW_OP_regx
	.byte	128                             @ 256
	.byte	2                               @ 
	.long	.Ltmp450-.Lfunc_begin4
	.long	.Ltmp451-.Lfunc_begin4
	.short	3                               @ Loc expr size
	.byte	144                             @ DW_OP_regx
	.byte	128                             @ 256
	.byte	2                               @ 
	.long	.Ltmp455-.Lfunc_begin4
	.long	.Ltmp463-.Lfunc_begin4
	.short	3                               @ Loc expr size
	.byte	144                             @ DW_OP_regx
	.byte	128                             @ 256
	.byte	2                               @ 
	.long	.Ltmp465-.Lfunc_begin4
	.long	.Ltmp469-.Lfunc_begin4
	.short	3                               @ Loc expr size
	.byte	144                             @ DW_OP_regx
	.byte	128                             @ 256
	.byte	2                               @ 
	.long	.Ltmp471-.Lfunc_begin4
	.long	.Ltmp475-.Lfunc_begin4
	.short	3                               @ Loc expr size
	.byte	144                             @ DW_OP_regx
	.byte	128                             @ 256
	.byte	2                               @ 
	.long	.Ltmp477-.Lfunc_begin4
	.long	.Ltmp481-.Lfunc_begin4
	.short	3                               @ Loc expr size
	.byte	144                             @ DW_OP_regx
	.byte	128                             @ 256
	.byte	2                               @ 
	.long	0
	.long	0
.Ldebug_loc72:
	.long	-1
	.long	.Lfunc_begin4                   @   base address
	.long	.Ltmp418-.Lfunc_begin4
	.long	.Ltmp426-.Lfunc_begin4
	.short	1                               @ Loc expr size
	.byte	92                              @ DW_OP_reg12
	.long	.Ltmp426-.Lfunc_begin4
	.long	.Ltmp427-.Lfunc_begin4
	.short	1                               @ Loc expr size
	.byte	82                              @ DW_OP_reg2
	.long	.Ltmp427-.Lfunc_begin4
	.long	.Ltmp435-.Lfunc_begin4
	.short	1                               @ Loc expr size
	.byte	92                              @ DW_OP_reg12
	.long	.Ltmp435-.Lfunc_begin4
	.long	.Ltmp436-.Lfunc_begin4
	.short	1                               @ Loc expr size
	.byte	82                              @ DW_OP_reg2
	.long	.Ltmp436-.Lfunc_begin4
	.long	.Ltmp444-.Lfunc_begin4
	.short	1                               @ Loc expr size
	.byte	92                              @ DW_OP_reg12
	.long	.Ltmp444-.Lfunc_begin4
	.long	.Ltmp445-.Lfunc_begin4
	.short	1                               @ Loc expr size
	.byte	82                              @ DW_OP_reg2
	.long	.Ltmp445-.Lfunc_begin4
	.long	.Ltmp448-.Lfunc_begin4
	.short	1                               @ Loc expr size
	.byte	92                              @ DW_OP_reg12
	.long	.Ltmp450-.Lfunc_begin4
	.long	.Ltmp451-.Lfunc_begin4
	.short	1                               @ Loc expr size
	.byte	92                              @ DW_OP_reg12
	.long	.Ltmp455-.Lfunc_begin4
	.long	.Ltmp463-.Lfunc_begin4
	.short	1                               @ Loc expr size
	.byte	92                              @ DW_OP_reg12
	.long	.Ltmp463-.Lfunc_begin4
	.long	.Ltmp464-.Lfunc_begin4
	.short	1                               @ Loc expr size
	.byte	82                              @ DW_OP_reg2
	.long	.Ltmp464-.Lfunc_begin4
	.long	.Ltmp469-.Lfunc_begin4
	.short	1                               @ Loc expr size
	.byte	92                              @ DW_OP_reg12
	.long	.Ltmp469-.Lfunc_begin4
	.long	.Ltmp470-.Lfunc_begin4
	.short	1                               @ Loc expr size
	.byte	82                              @ DW_OP_reg2
	.long	.Ltmp470-.Lfunc_begin4
	.long	.Ltmp475-.Lfunc_begin4
	.short	1                               @ Loc expr size
	.byte	92                              @ DW_OP_reg12
	.long	.Ltmp475-.Lfunc_begin4
	.long	.Ltmp476-.Lfunc_begin4
	.short	1                               @ Loc expr size
	.byte	82                              @ DW_OP_reg2
	.long	.Ltmp476-.Lfunc_begin4
	.long	.Ltmp481-.Lfunc_begin4
	.short	1                               @ Loc expr size
	.byte	92                              @ DW_OP_reg12
	.long	.Ltmp481-.Lfunc_begin4
	.long	.Ltmp482-.Lfunc_begin4
	.short	1                               @ Loc expr size
	.byte	82                              @ DW_OP_reg2
	.long	.Ltmp482-.Lfunc_begin4
	.long	.Ltmp483-.Lfunc_begin4
	.short	1                               @ Loc expr size
	.byte	92                              @ DW_OP_reg12
	.long	0
	.long	0
.Ldebug_loc73:
	.long	-1
	.long	.Lfunc_begin4                   @   base address
	.long	.Ltmp423-.Lfunc_begin4
	.long	.Ltmp428-.Lfunc_begin4
	.short	1                               @ Loc expr size
	.byte	81                              @ DW_OP_reg1
	.long	.Ltmp432-.Lfunc_begin4
	.long	.Ltmp437-.Lfunc_begin4
	.short	1                               @ Loc expr size
	.byte	81                              @ DW_OP_reg1
	.long	.Ltmp441-.Lfunc_begin4
	.long	.Ltmp446-.Lfunc_begin4
	.short	1                               @ Loc expr size
	.byte	81                              @ DW_OP_reg1
	.long	.Ltmp460-.Lfunc_begin4
	.long	.Ltmp483-.Lfunc_begin4
	.short	1                               @ Loc expr size
	.byte	81                              @ DW_OP_reg1
	.long	0
	.long	0
.Ldebug_loc74:
	.long	-1
	.long	.Lfunc_begin4                   @   base address
	.long	.Ltmp451-.Lfunc_begin4
	.long	.Ltmp455-.Lfunc_begin4
	.short	1                               @ Loc expr size
	.byte	84                              @ DW_OP_reg4
	.long	.Ltmp483-.Lfunc_begin4
	.long	.Ltmp484-.Lfunc_begin4
	.short	1                               @ Loc expr size
	.byte	84                              @ DW_OP_reg4
	.long	.Ltmp484-.Lfunc_begin4
	.long	.Ltmp487-.Lfunc_begin4
	.short	3                               @ Loc expr size
	.byte	115                             @ DW_OP_breg3
	.byte	1                               @ 1
	.byte	159                             @ DW_OP_stack_value
	.long	.Ltmp487-.Lfunc_begin4
	.long	.Ltmp496-.Lfunc_begin4
	.short	1                               @ Loc expr size
	.byte	83                              @ DW_OP_reg3
	.long	.Ltmp496-.Lfunc_begin4
	.long	.Ltmp499-.Lfunc_begin4
	.short	3                               @ Loc expr size
	.byte	115                             @ DW_OP_breg3
	.byte	2                               @ 2
	.byte	159                             @ DW_OP_stack_value
	.long	.Ltmp499-.Lfunc_begin4
	.long	.Ltmp501-.Lfunc_begin4
	.short	3                               @ Loc expr size
	.byte	115                             @ DW_OP_breg3
	.byte	3                               @ 3
	.byte	159                             @ DW_OP_stack_value
	.long	.Ltmp502-.Lfunc_begin4
	.long	.Ltmp505-.Lfunc_begin4
	.short	1                               @ Loc expr size
	.byte	83                              @ DW_OP_reg3
	.long	.Ltmp505-.Lfunc_begin4
	.long	.Ltmp510-.Lfunc_begin4
	.short	3                               @ Loc expr size
	.byte	115                             @ DW_OP_breg3
	.byte	1                               @ 1
	.byte	159                             @ DW_OP_stack_value
	.long	.Ltmp510-.Lfunc_begin4
	.long	.Ltmp514-.Lfunc_begin4
	.short	3                               @ Loc expr size
	.byte	115                             @ DW_OP_breg3
	.byte	2                               @ 2
	.byte	159                             @ DW_OP_stack_value
	.long	0
	.long	0
.Ldebug_loc75:
	.long	-1
	.long	.Lfunc_begin4                   @   base address
	.long	.Ltmp486-.Lfunc_begin4
	.long	.Ltmp496-.Lfunc_begin4
	.short	1                               @ Loc expr size
	.byte	85                              @ DW_OP_reg5
	.long	.Ltmp499-.Lfunc_begin4
	.long	.Ltmp501-.Lfunc_begin4
	.short	1                               @ Loc expr size
	.byte	89                              @ DW_OP_reg9
	.long	.Ltmp503-.Lfunc_begin4
	.long	.Ltmp507-.Lfunc_begin4
	.short	1                               @ Loc expr size
	.byte	82                              @ DW_OP_reg2
	.long	.Ltmp508-.Lfunc_begin4
	.long	.Ltmp512-.Lfunc_begin4
	.short	1                               @ Loc expr size
	.byte	82                              @ DW_OP_reg2
	.long	.Ltmp512-.Lfunc_begin4
	.long	.Ltmp514-.Lfunc_begin4
	.short	1                               @ Loc expr size
	.byte	81                              @ DW_OP_reg1
	.long	0
	.long	0
.Ldebug_loc76:
	.long	-1
	.long	.Lfunc_begin4                   @   base address
	.long	.Ltmp517-.Lfunc_begin4
	.long	.Ltmp518-.Lfunc_begin4
	.short	1                               @ Loc expr size
	.byte	84                              @ DW_OP_reg4
	.long	.Ltmp518-.Lfunc_begin4
	.long	.Ltmp520-.Lfunc_begin4
	.short	2                               @ Loc expr size
	.byte	125                             @ DW_OP_breg13
	.byte	28                              @ 28
	.long	.Ltmp521-.Lfunc_begin4
	.long	.Ltmp522-.Lfunc_begin4
	.short	1                               @ Loc expr size
	.byte	90                              @ DW_OP_reg10
	.long	.Ltmp545-.Lfunc_begin4
	.long	.Ltmp546-.Lfunc_begin4
	.short	1                               @ Loc expr size
	.byte	90                              @ DW_OP_reg10
	.long	0
	.long	0
.Ldebug_loc77:
	.long	-1
	.long	.Lfunc_begin4                   @   base address
	.long	.Ltmp553-.Lfunc_begin4
	.long	.Ltmp587-.Lfunc_begin4
	.short	3                               @ Loc expr size
	.byte	144                             @ DW_OP_regx
	.byte	128                             @ 256
	.byte	2                               @ 
	.long	0
	.long	0
.Ldebug_loc78:
	.long	-1
	.long	.Lfunc_begin4                   @   base address
	.long	.Ltmp546-.Lfunc_begin4
	.long	.Ltmp554-.Lfunc_begin4
	.short	2                               @ Loc expr size
	.byte	48                              @ DW_OP_lit0
	.byte	159                             @ DW_OP_stack_value
	.long	.Ltmp555-.Lfunc_begin4
	.long	.Ltmp557-.Lfunc_begin4
	.short	2                               @ Loc expr size
	.byte	48                              @ DW_OP_lit0
	.byte	159                             @ DW_OP_stack_value
	.long	.Ltmp557-.Lfunc_begin4
	.long	.Ltmp559-.Lfunc_begin4
	.short	1                               @ Loc expr size
	.byte	83                              @ DW_OP_reg3
	.long	.Ltmp559-.Lfunc_begin4
	.long	.Ltmp560-.Lfunc_begin4
	.short	5                               @ Loc expr size
	.byte	115                             @ DW_OP_breg3
	.byte	0                               @ 0
	.byte	49                              @ DW_OP_lit1
	.byte	33                              @ DW_OP_or
	.byte	159                             @ DW_OP_stack_value
	.long	.Ltmp560-.Lfunc_begin4
	.long	.Ltmp566-.Lfunc_begin4
	.short	1                               @ Loc expr size
	.byte	83                              @ DW_OP_reg3
	.long	.Ltmp566-.Lfunc_begin4
	.long	.Ltmp570-.Lfunc_begin4
	.short	5                               @ Loc expr size
	.byte	115                             @ DW_OP_breg3
	.byte	0                               @ 0
	.byte	50                              @ DW_OP_lit2
	.byte	33                              @ DW_OP_or
	.byte	159                             @ DW_OP_stack_value
	.long	.Ltmp570-.Lfunc_begin4
	.long	.Ltmp572-.Lfunc_begin4
	.short	5                               @ Loc expr size
	.byte	115                             @ DW_OP_breg3
	.byte	0                               @ 0
	.byte	51                              @ DW_OP_lit3
	.byte	33                              @ DW_OP_or
	.byte	159                             @ DW_OP_stack_value
	.long	.Ltmp573-.Lfunc_begin4
	.long	.Ltmp577-.Lfunc_begin4
	.short	1                               @ Loc expr size
	.byte	83                              @ DW_OP_reg3
	.long	.Ltmp577-.Lfunc_begin4
	.long	.Ltmp581-.Lfunc_begin4
	.short	3                               @ Loc expr size
	.byte	115                             @ DW_OP_breg3
	.byte	1                               @ 1
	.byte	159                             @ DW_OP_stack_value
	.long	0
	.long	0
.Ldebug_loc79:
	.long	-1
	.long	.Lfunc_begin4                   @   base address
	.long	.Ltmp559-.Lfunc_begin4
	.long	.Ltmp561-.Lfunc_begin4
	.short	1                               @ Loc expr size
	.byte	81                              @ DW_OP_reg1
	.long	.Ltmp562-.Lfunc_begin4
	.long	.Ltmp563-.Lfunc_begin4
	.short	1                               @ Loc expr size
	.byte	87                              @ DW_OP_reg7
	.long	.Ltmp564-.Lfunc_begin4
	.long	.Ltmp565-.Lfunc_begin4
	.short	1                               @ Loc expr size
	.byte	81                              @ DW_OP_reg1
	.long	.Ltmp567-.Lfunc_begin4
	.long	.Ltmp569-.Lfunc_begin4
	.short	1                               @ Loc expr size
	.byte	87                              @ DW_OP_reg7
	.long	.Ltmp574-.Lfunc_begin4
	.long	.Ltmp576-.Lfunc_begin4
	.short	1                               @ Loc expr size
	.byte	81                              @ DW_OP_reg1
	.long	.Ltmp581-.Lfunc_begin4
	.long	.Ltmp582-.Lfunc_begin4
	.short	1                               @ Loc expr size
	.byte	83                              @ DW_OP_reg3
	.long	.Ltmp585-.Lfunc_begin4
	.long	.Ltmp586-.Lfunc_begin4
	.short	1                               @ Loc expr size
	.byte	81                              @ DW_OP_reg1
	.long	0
	.long	0
.Ldebug_loc80:
	.long	-1
	.long	.Lfunc_begin5                   @   base address
	.long	.Lfunc_begin5-.Lfunc_begin5
	.long	.Ltmp593-.Lfunc_begin5
	.short	1                               @ Loc expr size
	.byte	80                              @ DW_OP_reg0
	.long	.Ltmp593-.Lfunc_begin5
	.long	.Ltmp637-.Lfunc_begin5
	.short	1                               @ Loc expr size
	.byte	91                              @ DW_OP_reg11
	.long	0
	.long	0
.Ldebug_loc81:
	.long	-1
	.long	.Lfunc_begin5                   @   base address
	.long	.Lfunc_begin5-.Lfunc_begin5
	.long	.Ltmp596-.Lfunc_begin5
	.short	1                               @ Loc expr size
	.byte	81                              @ DW_OP_reg1
	.long	.Ltmp596-.Lfunc_begin5
	.long	.Ltmp637-.Lfunc_begin5
	.short	1                               @ Loc expr size
	.byte	88                              @ DW_OP_reg8
	.long	0
	.long	0
.Ldebug_loc82:
	.long	-1
	.long	.Lfunc_begin5                   @   base address
	.long	.Lfunc_begin5-.Lfunc_begin5
	.long	.Ltmp595-.Lfunc_begin5
	.short	1                               @ Loc expr size
	.byte	82                              @ DW_OP_reg2
	.long	.Ltmp595-.Lfunc_begin5
	.long	.Ltmp601-.Lfunc_begin5
	.short	1                               @ Loc expr size
	.byte	89                              @ DW_OP_reg9
	.long	.Ltmp601-.Lfunc_begin5
	.long	.Ltmp632-.Lfunc_begin5
	.short	4                               @ Loc expr size
	.byte	243                             @ DW_OP_GNU_entry_value
	.byte	1                               @ 1
	.byte	82                              @ DW_OP_reg2
	.byte	159                             @ DW_OP_stack_value
	.long	.Ltmp635-.Lfunc_begin5
	.long	.Ltmp637-.Lfunc_begin5
	.short	1                               @ Loc expr size
	.byte	89                              @ DW_OP_reg9
	.long	0
	.long	0
.Ldebug_loc83:
	.long	-1
	.long	.Lfunc_begin5                   @   base address
	.long	.Lfunc_begin5-.Lfunc_begin5
	.long	.Ltmp594-.Lfunc_begin5
	.short	1                               @ Loc expr size
	.byte	83                              @ DW_OP_reg3
	.long	.Ltmp594-.Lfunc_begin5
	.long	.Ltmp602-.Lfunc_begin5
	.short	1                               @ Loc expr size
	.byte	84                              @ DW_OP_reg4
	.long	.Ltmp603-.Lfunc_begin5
	.long	.Ltmp604-.Lfunc_begin5
	.short	4                               @ Loc expr size
	.byte	243                             @ DW_OP_GNU_entry_value
	.byte	1                               @ 1
	.byte	83                              @ DW_OP_reg3
	.byte	159                             @ DW_OP_stack_value
	.long	.Ltmp635-.Lfunc_begin5
	.long	.Ltmp637-.Lfunc_begin5
	.short	1                               @ Loc expr size
	.byte	84                              @ DW_OP_reg4
	.long	0
	.long	0
.Ldebug_loc84:
	.long	-1
	.long	.Lfunc_begin5                   @   base address
	.long	.Ltmp597-.Lfunc_begin5
	.long	.Ltmp599-.Lfunc_begin5
	.short	1                               @ Loc expr size
	.byte	80                              @ DW_OP_reg0
	.long	.Ltmp599-.Lfunc_begin5
	.long	.Ltmp634-.Lfunc_begin5
	.short	1                               @ Loc expr size
	.byte	87                              @ DW_OP_reg7
	.long	.Ltmp634-.Lfunc_begin5
	.long	.Ltmp635-.Lfunc_begin5
	.short	2                               @ Loc expr size
	.byte	48                              @ DW_OP_lit0
	.byte	159                             @ DW_OP_stack_value
	.long	.Ltmp635-.Lfunc_begin5
	.long	.Ltmp636-.Lfunc_begin5
	.short	1                               @ Loc expr size
	.byte	80                              @ DW_OP_reg0
	.long	0
	.long	0
.Ldebug_loc85:
	.long	-1
	.long	.Lfunc_begin5                   @   base address
	.long	.Ltmp604-.Lfunc_begin5
	.long	.Ltmp607-.Lfunc_begin5
	.short	3                               @ Loc expr size
	.byte	48                              @ DW_OP_lit0
	.byte	32                              @ DW_OP_not
	.byte	159                             @ DW_OP_stack_value
	.long	.Ltmp609-.Lfunc_begin5
	.long	.Ltmp632-.Lfunc_begin5
	.short	1                               @ Loc expr size
	.byte	82                              @ DW_OP_reg2
	.long	0
	.long	0
.Ldebug_loc86:
	.long	-1
	.long	.Lfunc_begin5                   @   base address
	.long	.Ltmp604-.Lfunc_begin5
	.long	.Ltmp606-.Lfunc_begin5
	.short	2                               @ Loc expr size
	.byte	48                              @ DW_OP_lit0
	.byte	159                             @ DW_OP_stack_value
	.long	0
	.long	0
.Ldebug_loc87:
	.long	-1
	.long	.Lfunc_begin5                   @   base address
	.long	.Ltmp606-.Lfunc_begin5
	.long	.Ltmp611-.Lfunc_begin5
	.short	1                               @ Loc expr size
	.byte	80                              @ DW_OP_reg0
	.long	.Ltmp611-.Lfunc_begin5
	.long	.Ltmp617-.Lfunc_begin5
	.short	1                               @ Loc expr size
	.byte	81                              @ DW_OP_reg1
	.long	.Ltmp617-.Lfunc_begin5
	.long	.Ltmp623-.Lfunc_begin5
	.short	1                               @ Loc expr size
	.byte	80                              @ DW_OP_reg0
	.long	.Ltmp623-.Lfunc_begin5
	.long	.Ltmp629-.Lfunc_begin5
	.short	1                               @ Loc expr size
	.byte	81                              @ DW_OP_reg1
	.long	.Ltmp629-.Lfunc_begin5
	.long	.Ltmp632-.Lfunc_begin5
	.short	1                               @ Loc expr size
	.byte	80                              @ DW_OP_reg0
	.long	0
	.long	0
.Ldebug_loc88:
	.long	-1
	.long	.Lfunc_begin5                   @   base address
	.long	.Ltmp610-.Lfunc_begin5
	.long	.Ltmp613-.Lfunc_begin5
	.short	1                               @ Loc expr size
	.byte	80                              @ DW_OP_reg0
	.long	.Ltmp616-.Lfunc_begin5
	.long	.Ltmp619-.Lfunc_begin5
	.short	1                               @ Loc expr size
	.byte	81                              @ DW_OP_reg1
	.long	.Ltmp622-.Lfunc_begin5
	.long	.Ltmp625-.Lfunc_begin5
	.short	1                               @ Loc expr size
	.byte	80                              @ DW_OP_reg0
	.long	.Ltmp628-.Lfunc_begin5
	.long	.Ltmp631-.Lfunc_begin5
	.short	1                               @ Loc expr size
	.byte	81                              @ DW_OP_reg1
	.long	0
	.long	0
.Ldebug_loc89:
	.long	-1
	.long	.Lfunc_begin6                   @   base address
	.long	.Lfunc_begin6-.Lfunc_begin6
	.long	.Ltmp639-.Lfunc_begin6
	.short	1                               @ Loc expr size
	.byte	80                              @ DW_OP_reg0
	.long	.Ltmp639-.Lfunc_begin6
	.long	.Ltmp705-.Lfunc_begin6
	.short	1                               @ Loc expr size
	.byte	88                              @ DW_OP_reg8
	.long	0
	.long	0
.Ldebug_loc90:
	.long	-1
	.long	.Lfunc_begin6                   @   base address
	.long	.Lfunc_begin6-.Lfunc_begin6
	.long	.Ltmp642-.Lfunc_begin6
	.short	1                               @ Loc expr size
	.byte	81                              @ DW_OP_reg1
	.long	.Ltmp642-.Lfunc_begin6
	.long	.Ltmp705-.Lfunc_begin6
	.short	1                               @ Loc expr size
	.byte	89                              @ DW_OP_reg9
	.long	0
	.long	0
.Ldebug_loc91:
	.long	-1
	.long	.Lfunc_begin6                   @   base address
	.long	.Lfunc_begin6-.Lfunc_begin6
	.long	.Ltmp641-.Lfunc_begin6
	.short	1                               @ Loc expr size
	.byte	82                              @ DW_OP_reg2
	.long	.Ltmp641-.Lfunc_begin6
	.long	.Ltmp705-.Lfunc_begin6
	.short	1                               @ Loc expr size
	.byte	87                              @ DW_OP_reg7
	.long	0
	.long	0
.Ldebug_loc92:
	.long	-1
	.long	.Lfunc_begin6                   @   base address
	.long	.Lfunc_begin6-.Lfunc_begin6
	.long	.Ltmp640-.Lfunc_begin6
	.short	1                               @ Loc expr size
	.byte	83                              @ DW_OP_reg3
	.long	.Ltmp640-.Lfunc_begin6
	.long	.Ltmp705-.Lfunc_begin6
	.short	1                               @ Loc expr size
	.byte	86                              @ DW_OP_reg6
	.long	0
	.long	0
.Ldebug_loc93:
	.long	-1
	.long	.Lfunc_begin6                   @   base address
	.long	.Ltmp643-.Lfunc_begin6
	.long	.Ltmp645-.Lfunc_begin6
	.short	1                               @ Loc expr size
	.byte	80                              @ DW_OP_reg0
	.long	.Ltmp645-.Lfunc_begin6
	.long	.Ltmp660-.Lfunc_begin6
	.short	1                               @ Loc expr size
	.byte	84                              @ DW_OP_reg4
	.long	.Ltmp660-.Lfunc_begin6
	.long	.Ltmp664-.Lfunc_begin6
	.short	2                               @ Loc expr size
	.byte	125                             @ DW_OP_breg13
	.byte	16                              @ 16
	.long	.Ltmp664-.Lfunc_begin6
	.long	.Ltmp665-.Lfunc_begin6
	.short	1                               @ Loc expr size
	.byte	80                              @ DW_OP_reg0
	.long	.Ltmp665-.Lfunc_begin6
	.long	.Ltmp666-.Lfunc_begin6
	.short	1                               @ Loc expr size
	.byte	85                              @ DW_OP_reg5
	.long	.Ltmp700-.Lfunc_begin6
	.long	.Ltmp701-.Lfunc_begin6
	.short	2                               @ Loc expr size
	.byte	125                             @ DW_OP_breg13
	.byte	16                              @ 16
	.long	0
	.long	0
.Ldebug_loc94:
	.long	-1
	.long	.Lfunc_begin6                   @   base address
	.long	.Ltmp646-.Lfunc_begin6
	.long	.Ltmp648-.Lfunc_begin6
	.short	1                               @ Loc expr size
	.byte	80                              @ DW_OP_reg0
	.long	.Ltmp648-.Lfunc_begin6
	.long	.Ltmp696-.Lfunc_begin6
	.short	1                               @ Loc expr size
	.byte	90                              @ DW_OP_reg10
	.long	.Ltmp697-.Lfunc_begin6
	.long	.Ltmp703-.Lfunc_begin6
	.short	1                               @ Loc expr size
	.byte	90                              @ DW_OP_reg10
	.long	.Ltmp703-.Lfunc_begin6
	.long	.Ltmp704-.Lfunc_begin6
	.short	2                               @ Loc expr size
	.byte	48                              @ DW_OP_lit0
	.byte	159                             @ DW_OP_stack_value
	.long	0
	.long	0
.Ldebug_loc95:
	.long	-1
	.long	.Lfunc_begin6                   @   base address
	.long	.Ltmp650-.Lfunc_begin6
	.long	.Ltmp651-.Lfunc_begin6
	.short	3                               @ Loc expr size
	.byte	17                              @ DW_OP_consts
	.byte	0                               @ 0
	.byte	159                             @ DW_OP_stack_value
	.long	0
	.long	0
.Ldebug_loc96:
	.long	-1
	.long	.Lfunc_begin6                   @   base address
	.long	.Ltmp650-.Lfunc_begin6
	.long	.Ltmp665-.Lfunc_begin6
	.short	1                               @ Loc expr size
	.byte	85                              @ DW_OP_reg5
	.long	.Ltmp700-.Lfunc_begin6
	.long	.Ltmp701-.Lfunc_begin6
	.short	1                               @ Loc expr size
	.byte	85                              @ DW_OP_reg5
	.long	.Ltmp702-.Lfunc_begin6
	.long	.Ltmp704-.Lfunc_begin6
	.short	1                               @ Loc expr size
	.byte	85                              @ DW_OP_reg5
	.long	0
	.long	0
.Ldebug_loc97:
	.long	-1
	.long	.Lfunc_begin6                   @   base address
	.long	.Ltmp659-.Lfunc_begin6
	.long	.Ltmp696-.Lfunc_begin6
	.short	1                               @ Loc expr size
	.byte	88                              @ DW_OP_reg8
	.long	.Ltmp697-.Lfunc_begin6
	.long	.Ltmp700-.Lfunc_begin6
	.short	1                               @ Loc expr size
	.byte	88                              @ DW_OP_reg8
	.long	0
	.long	0
.Ldebug_loc98:
	.long	-1
	.long	.Lfunc_begin6                   @   base address
	.long	.Ltmp659-.Lfunc_begin6
	.long	.Ltmp696-.Lfunc_begin6
	.short	1                               @ Loc expr size
	.byte	89                              @ DW_OP_reg9
	.long	.Ltmp697-.Lfunc_begin6
	.long	.Ltmp700-.Lfunc_begin6
	.short	1                               @ Loc expr size
	.byte	89                              @ DW_OP_reg9
	.long	0
	.long	0
.Ldebug_loc99:
	.long	-1
	.long	.Lfunc_begin6                   @   base address
	.long	.Ltmp659-.Lfunc_begin6
	.long	.Ltmp665-.Lfunc_begin6
	.short	1                               @ Loc expr size
	.byte	85                              @ DW_OP_reg5
	.long	0
	.long	0
.Ldebug_loc100:
	.long	-1
	.long	.Lfunc_begin6                   @   base address
	.long	.Ltmp659-.Lfunc_begin6
	.long	.Ltmp660-.Lfunc_begin6
	.short	1                               @ Loc expr size
	.byte	84                              @ DW_OP_reg4
	.long	.Ltmp660-.Lfunc_begin6
	.long	.Ltmp696-.Lfunc_begin6
	.short	2                               @ Loc expr size
	.byte	125                             @ DW_OP_breg13
	.byte	16                              @ 16
	.long	.Ltmp697-.Lfunc_begin6
	.long	.Ltmp700-.Lfunc_begin6
	.short	2                               @ Loc expr size
	.byte	125                             @ DW_OP_breg13
	.byte	16                              @ 16
	.long	0
	.long	0
.Ldebug_loc101:
	.long	-1
	.long	.Lfunc_begin6                   @   base address
	.long	.Ltmp659-.Lfunc_begin6
	.long	.Ltmp696-.Lfunc_begin6
	.short	1                               @ Loc expr size
	.byte	87                              @ DW_OP_reg7
	.long	.Ltmp697-.Lfunc_begin6
	.long	.Ltmp700-.Lfunc_begin6
	.short	1                               @ Loc expr size
	.byte	87                              @ DW_OP_reg7
	.long	0
	.long	0
.Ldebug_loc102:
	.long	-1
	.long	.Lfunc_begin6                   @   base address
	.long	.Ltmp659-.Lfunc_begin6
	.long	.Ltmp696-.Lfunc_begin6
	.short	1                               @ Loc expr size
	.byte	86                              @ DW_OP_reg6
	.long	.Ltmp697-.Lfunc_begin6
	.long	.Ltmp700-.Lfunc_begin6
	.short	1                               @ Loc expr size
	.byte	86                              @ DW_OP_reg6
	.long	0
	.long	0
.Ldebug_loc103:
	.long	-1
	.long	.Lfunc_begin6                   @   base address
	.long	.Ltmp659-.Lfunc_begin6
	.long	.Ltmp696-.Lfunc_begin6
	.short	1                               @ Loc expr size
	.byte	90                              @ DW_OP_reg10
	.long	.Ltmp697-.Lfunc_begin6
	.long	.Ltmp700-.Lfunc_begin6
	.short	1                               @ Loc expr size
	.byte	90                              @ DW_OP_reg10
	.long	0
	.long	0
.Ldebug_loc104:
	.long	-1
	.long	.Lfunc_begin6                   @   base address
	.long	.Ltmp661-.Lfunc_begin6
	.long	.Ltmp663-.Lfunc_begin6
	.short	1                               @ Loc expr size
	.byte	80                              @ DW_OP_reg0
	.long	.Ltmp663-.Lfunc_begin6
	.long	.Ltmp696-.Lfunc_begin6
	.short	1                               @ Loc expr size
	.byte	84                              @ DW_OP_reg4
	.long	.Ltmp697-.Lfunc_begin6
	.long	.Ltmp699-.Lfunc_begin6
	.short	1                               @ Loc expr size
	.byte	84                              @ DW_OP_reg4
	.long	.Ltmp699-.Lfunc_begin6
	.long	.Ltmp700-.Lfunc_begin6
	.short	2                               @ Loc expr size
	.byte	48                              @ DW_OP_lit0
	.byte	159                             @ DW_OP_stack_value
	.long	0
	.long	0
.Ldebug_loc105:
	.long	-1
	.long	.Lfunc_begin6                   @   base address
	.long	.Ltmp668-.Lfunc_begin6
	.long	.Ltmp671-.Lfunc_begin6
	.short	3                               @ Loc expr size
	.byte	48                              @ DW_OP_lit0
	.byte	32                              @ DW_OP_not
	.byte	159                             @ DW_OP_stack_value
	.long	.Ltmp673-.Lfunc_begin6
	.long	.Ltmp696-.Lfunc_begin6
	.short	1                               @ Loc expr size
	.byte	83                              @ DW_OP_reg3
	.long	0
	.long	0
.Ldebug_loc106:
	.long	-1
	.long	.Lfunc_begin6                   @   base address
	.long	.Ltmp668-.Lfunc_begin6
	.long	.Ltmp670-.Lfunc_begin6
	.short	2                               @ Loc expr size
	.byte	48                              @ DW_OP_lit0
	.byte	159                             @ DW_OP_stack_value
	.long	0
	.long	0
.Ldebug_loc107:
	.long	-1
	.long	.Lfunc_begin6                   @   base address
	.long	.Ltmp670-.Lfunc_begin6
	.long	.Ltmp675-.Lfunc_begin6
	.short	1                               @ Loc expr size
	.byte	80                              @ DW_OP_reg0
	.long	.Ltmp675-.Lfunc_begin6
	.long	.Ltmp681-.Lfunc_begin6
	.short	1                               @ Loc expr size
	.byte	82                              @ DW_OP_reg2
	.long	.Ltmp681-.Lfunc_begin6
	.long	.Ltmp687-.Lfunc_begin6
	.short	1                               @ Loc expr size
	.byte	80                              @ DW_OP_reg0
	.long	.Ltmp687-.Lfunc_begin6
	.long	.Ltmp693-.Lfunc_begin6
	.short	1                               @ Loc expr size
	.byte	82                              @ DW_OP_reg2
	.long	.Ltmp693-.Lfunc_begin6
	.long	.Ltmp696-.Lfunc_begin6
	.short	1                               @ Loc expr size
	.byte	80                              @ DW_OP_reg0
	.long	0
	.long	0
.Ldebug_loc108:
	.long	-1
	.long	.Lfunc_begin6                   @   base address
	.long	.Ltmp674-.Lfunc_begin6
	.long	.Ltmp678-.Lfunc_begin6
	.short	1                               @ Loc expr size
	.byte	80                              @ DW_OP_reg0
	.long	.Ltmp680-.Lfunc_begin6
	.long	.Ltmp684-.Lfunc_begin6
	.short	1                               @ Loc expr size
	.byte	82                              @ DW_OP_reg2
	.long	.Ltmp686-.Lfunc_begin6
	.long	.Ltmp690-.Lfunc_begin6
	.short	1                               @ Loc expr size
	.byte	80                              @ DW_OP_reg0
	.long	.Ltmp692-.Lfunc_begin6
	.long	.Ltmp696-.Lfunc_begin6
	.short	1                               @ Loc expr size
	.byte	82                              @ DW_OP_reg2
	.long	0
	.long	0
	.section	.debug_abbrev,"",%progbits
	.byte	1                               @ Abbreviation Code
	.byte	17                              @ DW_TAG_compile_unit
	.byte	1                               @ DW_CHILDREN_yes
	.byte	37                              @ DW_AT_producer
	.byte	14                              @ DW_FORM_strp
	.byte	19                              @ DW_AT_language
	.byte	5                               @ DW_FORM_data2
	.byte	3                               @ DW_AT_name
	.byte	14                              @ DW_FORM_strp
	.byte	16                              @ DW_AT_stmt_list
	.byte	23                              @ DW_FORM_sec_offset
	.byte	27                              @ DW_AT_comp_dir
	.byte	14                              @ DW_FORM_strp
	.byte	17                              @ DW_AT_low_pc
	.byte	1                               @ DW_FORM_addr
	.byte	85                              @ DW_AT_ranges
	.byte	23                              @ DW_FORM_sec_offset
	.byte	0                               @ EOM(1)
	.byte	0                               @ EOM(2)
	.byte	2                               @ Abbreviation Code
	.byte	15                              @ DW_TAG_pointer_type
	.byte	0                               @ DW_CHILDREN_no
	.byte	73                              @ DW_AT_type
	.byte	19                              @ DW_FORM_ref4
	.byte	0                               @ EOM(1)
	.byte	0                               @ EOM(2)
	.byte	3                               @ Abbreviation Code
	.byte	22                              @ DW_TAG_typedef
	.byte	0                               @ DW_CHILDREN_no
	.byte	73                              @ DW_AT_type
	.byte	19                              @ DW_FORM_ref4
	.byte	3                               @ DW_AT_name
	.byte	14                              @ DW_FORM_strp
	.byte	58                              @ DW_AT_decl_file
	.byte	11                              @ DW_FORM_data1
	.byte	59                              @ DW_AT_decl_line
	.byte	11                              @ DW_FORM_data1
	.byte	0                               @ EOM(1)
	.byte	0                               @ EOM(2)
	.byte	4                               @ Abbreviation Code
	.byte	36                              @ DW_TAG_base_type
	.byte	0                               @ DW_CHILDREN_no
	.byte	3                               @ DW_AT_name
	.byte	14                              @ DW_FORM_strp
	.byte	62                              @ DW_AT_encoding
	.byte	11                              @ DW_FORM_data1
	.byte	11                              @ DW_AT_byte_size
	.byte	11                              @ DW_FORM_data1
	.byte	0                               @ EOM(1)
	.byte	0                               @ EOM(2)
	.byte	5                               @ Abbreviation Code
	.byte	46                              @ DW_TAG_subprogram
	.byte	1                               @ DW_CHILDREN_yes
	.byte	17                              @ DW_AT_low_pc
	.byte	1                               @ DW_FORM_addr
	.byte	18                              @ DW_AT_high_pc
	.byte	6                               @ DW_FORM_data4
	.byte	64                              @ DW_AT_frame_base
	.byte	24                              @ DW_FORM_exprloc
	.ascii	"\227B"                         @ DW_AT_GNU_all_call_sites
	.byte	25                              @ DW_FORM_flag_present
	.byte	110                             @ DW_AT_linkage_name
	.byte	14                              @ DW_FORM_strp
	.byte	3                               @ DW_AT_name
	.byte	14                              @ DW_FORM_strp
	.byte	58                              @ DW_AT_decl_file
	.byte	11                              @ DW_FORM_data1
	.byte	59                              @ DW_AT_decl_line
	.byte	11                              @ DW_FORM_data1
	.byte	73                              @ DW_AT_type
	.byte	19                              @ DW_FORM_ref4
	.byte	63                              @ DW_AT_external
	.byte	25                              @ DW_FORM_flag_present
	.byte	0                               @ EOM(1)
	.byte	0                               @ EOM(2)
	.byte	6                               @ Abbreviation Code
	.byte	5                               @ DW_TAG_formal_parameter
	.byte	0                               @ DW_CHILDREN_no
	.byte	2                               @ DW_AT_location
	.byte	23                              @ DW_FORM_sec_offset
	.byte	3                               @ DW_AT_name
	.byte	14                              @ DW_FORM_strp
	.byte	58                              @ DW_AT_decl_file
	.byte	11                              @ DW_FORM_data1
	.byte	59                              @ DW_AT_decl_line
	.byte	11                              @ DW_FORM_data1
	.byte	73                              @ DW_AT_type
	.byte	19                              @ DW_FORM_ref4
	.byte	0                               @ EOM(1)
	.byte	0                               @ EOM(2)
	.byte	7                               @ Abbreviation Code
	.byte	5                               @ DW_TAG_formal_parameter
	.byte	0                               @ DW_CHILDREN_no
	.byte	2                               @ DW_AT_location
	.byte	24                              @ DW_FORM_exprloc
	.byte	3                               @ DW_AT_name
	.byte	14                              @ DW_FORM_strp
	.byte	58                              @ DW_AT_decl_file
	.byte	11                              @ DW_FORM_data1
	.byte	59                              @ DW_AT_decl_line
	.byte	11                              @ DW_FORM_data1
	.byte	73                              @ DW_AT_type
	.byte	19                              @ DW_FORM_ref4
	.byte	0                               @ EOM(1)
	.byte	0                               @ EOM(2)
	.byte	8                               @ Abbreviation Code
	.byte	52                              @ DW_TAG_variable
	.byte	0                               @ DW_CHILDREN_no
	.byte	2                               @ DW_AT_location
	.byte	23                              @ DW_FORM_sec_offset
	.byte	3                               @ DW_AT_name
	.byte	14                              @ DW_FORM_strp
	.byte	58                              @ DW_AT_decl_file
	.byte	11                              @ DW_FORM_data1
	.byte	59                              @ DW_AT_decl_line
	.byte	11                              @ DW_FORM_data1
	.byte	73                              @ DW_AT_type
	.byte	19                              @ DW_FORM_ref4
	.byte	0                               @ EOM(1)
	.byte	0                               @ EOM(2)
	.byte	9                               @ Abbreviation Code
	.byte	11                              @ DW_TAG_lexical_block
	.byte	1                               @ DW_CHILDREN_yes
	.byte	17                              @ DW_AT_low_pc
	.byte	1                               @ DW_FORM_addr
	.byte	18                              @ DW_AT_high_pc
	.byte	6                               @ DW_FORM_data4
	.byte	0                               @ EOM(1)
	.byte	0                               @ EOM(2)
	.byte	10                              @ Abbreviation Code
	.byte	11                              @ DW_TAG_lexical_block
	.byte	1                               @ DW_CHILDREN_yes
	.byte	85                              @ DW_AT_ranges
	.byte	23                              @ DW_FORM_sec_offset
	.byte	0                               @ EOM(1)
	.byte	0                               @ EOM(2)
	.byte	11                              @ Abbreviation Code
	.byte	52                              @ DW_TAG_variable
	.byte	0                               @ DW_CHILDREN_no
	.byte	3                               @ DW_AT_name
	.byte	14                              @ DW_FORM_strp
	.byte	58                              @ DW_AT_decl_file
	.byte	11                              @ DW_FORM_data1
	.byte	59                              @ DW_AT_decl_line
	.byte	11                              @ DW_FORM_data1
	.byte	73                              @ DW_AT_type
	.byte	19                              @ DW_FORM_ref4
	.byte	0                               @ EOM(1)
	.byte	0                               @ EOM(2)
	.byte	12                              @ Abbreviation Code
	.byte	46                              @ DW_TAG_subprogram
	.byte	1                               @ DW_CHILDREN_yes
	.byte	17                              @ DW_AT_low_pc
	.byte	1                               @ DW_FORM_addr
	.byte	18                              @ DW_AT_high_pc
	.byte	6                               @ DW_FORM_data4
	.byte	64                              @ DW_AT_frame_base
	.byte	24                              @ DW_FORM_exprloc
	.ascii	"\227B"                         @ DW_AT_GNU_all_call_sites
	.byte	25                              @ DW_FORM_flag_present
	.byte	49                              @ DW_AT_abstract_origin
	.byte	19                              @ DW_FORM_ref4
	.byte	0                               @ EOM(1)
	.byte	0                               @ EOM(2)
	.byte	13                              @ Abbreviation Code
	.byte	5                               @ DW_TAG_formal_parameter
	.byte	0                               @ DW_CHILDREN_no
	.byte	2                               @ DW_AT_location
	.byte	23                              @ DW_FORM_sec_offset
	.byte	49                              @ DW_AT_abstract_origin
	.byte	19                              @ DW_FORM_ref4
	.byte	0                               @ EOM(1)
	.byte	0                               @ EOM(2)
	.byte	14                              @ Abbreviation Code
	.byte	5                               @ DW_TAG_formal_parameter
	.byte	0                               @ DW_CHILDREN_no
	.byte	2                               @ DW_AT_location
	.byte	24                              @ DW_FORM_exprloc
	.byte	49                              @ DW_AT_abstract_origin
	.byte	19                              @ DW_FORM_ref4
	.byte	0                               @ EOM(1)
	.byte	0                               @ EOM(2)
	.byte	15                              @ Abbreviation Code
	.byte	52                              @ DW_TAG_variable
	.byte	0                               @ DW_CHILDREN_no
	.byte	2                               @ DW_AT_location
	.byte	23                              @ DW_FORM_sec_offset
	.byte	49                              @ DW_AT_abstract_origin
	.byte	19                              @ DW_FORM_ref4
	.byte	0                               @ EOM(1)
	.byte	0                               @ EOM(2)
	.byte	16                              @ Abbreviation Code
	.byte	52                              @ DW_TAG_variable
	.byte	0                               @ DW_CHILDREN_no
	.byte	49                              @ DW_AT_abstract_origin
	.byte	19                              @ DW_FORM_ref4
	.byte	0                               @ EOM(1)
	.byte	0                               @ EOM(2)
	.byte	17                              @ Abbreviation Code
	.byte	46                              @ DW_TAG_subprogram
	.byte	1                               @ DW_CHILDREN_yes
	.byte	110                             @ DW_AT_linkage_name
	.byte	14                              @ DW_FORM_strp
	.byte	3                               @ DW_AT_name
	.byte	14                              @ DW_FORM_strp
	.byte	58                              @ DW_AT_decl_file
	.byte	11                              @ DW_FORM_data1
	.byte	59                              @ DW_AT_decl_line
	.byte	11                              @ DW_FORM_data1
	.byte	73                              @ DW_AT_type
	.byte	19                              @ DW_FORM_ref4
	.byte	63                              @ DW_AT_external
	.byte	25                              @ DW_FORM_flag_present
	.byte	32                              @ DW_AT_inline
	.byte	11                              @ DW_FORM_data1
	.byte	0                               @ EOM(1)
	.byte	0                               @ EOM(2)
	.byte	18                              @ Abbreviation Code
	.byte	5                               @ DW_TAG_formal_parameter
	.byte	0                               @ DW_CHILDREN_no
	.byte	3                               @ DW_AT_name
	.byte	14                              @ DW_FORM_strp
	.byte	58                              @ DW_AT_decl_file
	.byte	11                              @ DW_FORM_data1
	.byte	59                              @ DW_AT_decl_line
	.byte	11                              @ DW_FORM_data1
	.byte	73                              @ DW_AT_type
	.byte	19                              @ DW_FORM_ref4
	.byte	0                               @ EOM(1)
	.byte	0                               @ EOM(2)
	.byte	19                              @ Abbreviation Code
	.byte	11                              @ DW_TAG_lexical_block
	.byte	1                               @ DW_CHILDREN_yes
	.byte	0                               @ EOM(1)
	.byte	0                               @ EOM(2)
	.byte	20                              @ Abbreviation Code
	.byte	38                              @ DW_TAG_const_type
	.byte	0                               @ DW_CHILDREN_no
	.byte	73                              @ DW_AT_type
	.byte	19                              @ DW_FORM_ref4
	.byte	0                               @ EOM(1)
	.byte	0                               @ EOM(2)
	.byte	21                              @ Abbreviation Code
	.byte	29                              @ DW_TAG_inlined_subroutine
	.byte	1                               @ DW_CHILDREN_yes
	.byte	49                              @ DW_AT_abstract_origin
	.byte	19                              @ DW_FORM_ref4
	.byte	85                              @ DW_AT_ranges
	.byte	23                              @ DW_FORM_sec_offset
	.byte	88                              @ DW_AT_call_file
	.byte	11                              @ DW_FORM_data1
	.byte	89                              @ DW_AT_call_line
	.byte	11                              @ DW_FORM_data1
	.byte	87                              @ DW_AT_call_column
	.byte	11                              @ DW_FORM_data1
	.byte	0                               @ EOM(1)
	.byte	0                               @ EOM(2)
	.byte	22                              @ Abbreviation Code
	.byte	29                              @ DW_TAG_inlined_subroutine
	.byte	1                               @ DW_CHILDREN_yes
	.byte	49                              @ DW_AT_abstract_origin
	.byte	19                              @ DW_FORM_ref4
	.byte	17                              @ DW_AT_low_pc
	.byte	1                               @ DW_FORM_addr
	.byte	18                              @ DW_AT_high_pc
	.byte	6                               @ DW_FORM_data4
	.byte	88                              @ DW_AT_call_file
	.byte	11                              @ DW_FORM_data1
	.byte	89                              @ DW_AT_call_line
	.byte	5                               @ DW_FORM_data2
	.byte	87                              @ DW_AT_call_column
	.byte	11                              @ DW_FORM_data1
	.byte	0                               @ EOM(1)
	.byte	0                               @ EOM(2)
	.byte	23                              @ Abbreviation Code
	.byte	52                              @ DW_TAG_variable
	.byte	0                               @ DW_CHILDREN_no
	.byte	2                               @ DW_AT_location
	.byte	23                              @ DW_FORM_sec_offset
	.byte	3                               @ DW_AT_name
	.byte	14                              @ DW_FORM_strp
	.byte	58                              @ DW_AT_decl_file
	.byte	11                              @ DW_FORM_data1
	.byte	59                              @ DW_AT_decl_line
	.byte	5                               @ DW_FORM_data2
	.byte	73                              @ DW_AT_type
	.byte	19                              @ DW_FORM_ref4
	.byte	0                               @ EOM(1)
	.byte	0                               @ EOM(2)
	.byte	24                              @ Abbreviation Code
	.byte	52                              @ DW_TAG_variable
	.byte	0                               @ DW_CHILDREN_no
	.byte	2                               @ DW_AT_location
	.byte	24                              @ DW_FORM_exprloc
	.byte	49                              @ DW_AT_abstract_origin
	.byte	19                              @ DW_FORM_ref4
	.byte	0                               @ EOM(1)
	.byte	0                               @ EOM(2)
	.byte	25                              @ Abbreviation Code
	.byte	46                              @ DW_TAG_subprogram
	.byte	1                               @ DW_CHILDREN_yes
	.byte	110                             @ DW_AT_linkage_name
	.byte	14                              @ DW_FORM_strp
	.byte	3                               @ DW_AT_name
	.byte	14                              @ DW_FORM_strp
	.byte	58                              @ DW_AT_decl_file
	.byte	11                              @ DW_FORM_data1
	.byte	59                              @ DW_AT_decl_line
	.byte	5                               @ DW_FORM_data2
	.byte	73                              @ DW_AT_type
	.byte	19                              @ DW_FORM_ref4
	.byte	63                              @ DW_AT_external
	.byte	25                              @ DW_FORM_flag_present
	.byte	32                              @ DW_AT_inline
	.byte	11                              @ DW_FORM_data1
	.byte	0                               @ EOM(1)
	.byte	0                               @ EOM(2)
	.byte	26                              @ Abbreviation Code
	.byte	5                               @ DW_TAG_formal_parameter
	.byte	0                               @ DW_CHILDREN_no
	.byte	3                               @ DW_AT_name
	.byte	14                              @ DW_FORM_strp
	.byte	58                              @ DW_AT_decl_file
	.byte	11                              @ DW_FORM_data1
	.byte	59                              @ DW_AT_decl_line
	.byte	5                               @ DW_FORM_data2
	.byte	73                              @ DW_AT_type
	.byte	19                              @ DW_FORM_ref4
	.byte	0                               @ EOM(1)
	.byte	0                               @ EOM(2)
	.byte	27                              @ Abbreviation Code
	.byte	52                              @ DW_TAG_variable
	.byte	0                               @ DW_CHILDREN_no
	.byte	3                               @ DW_AT_name
	.byte	14                              @ DW_FORM_strp
	.byte	58                              @ DW_AT_decl_file
	.byte	11                              @ DW_FORM_data1
	.byte	59                              @ DW_AT_decl_line
	.byte	5                               @ DW_FORM_data2
	.byte	73                              @ DW_AT_type
	.byte	19                              @ DW_FORM_ref4
	.byte	0                               @ EOM(1)
	.byte	0                               @ EOM(2)
	.byte	28                              @ Abbreviation Code
	.byte	46                              @ DW_TAG_subprogram
	.byte	1                               @ DW_CHILDREN_yes
	.byte	17                              @ DW_AT_low_pc
	.byte	1                               @ DW_FORM_addr
	.byte	18                              @ DW_AT_high_pc
	.byte	6                               @ DW_FORM_data4
	.byte	64                              @ DW_AT_frame_base
	.byte	24                              @ DW_FORM_exprloc
	.ascii	"\227B"                         @ DW_AT_GNU_all_call_sites
	.byte	25                              @ DW_FORM_flag_present
	.byte	110                             @ DW_AT_linkage_name
	.byte	14                              @ DW_FORM_strp
	.byte	3                               @ DW_AT_name
	.byte	14                              @ DW_FORM_strp
	.byte	58                              @ DW_AT_decl_file
	.byte	11                              @ DW_FORM_data1
	.byte	59                              @ DW_AT_decl_line
	.byte	5                               @ DW_FORM_data2
	.byte	73                              @ DW_AT_type
	.byte	19                              @ DW_FORM_ref4
	.byte	63                              @ DW_AT_external
	.byte	25                              @ DW_FORM_flag_present
	.byte	0                               @ EOM(1)
	.byte	0                               @ EOM(2)
	.byte	29                              @ Abbreviation Code
	.byte	5                               @ DW_TAG_formal_parameter
	.byte	0                               @ DW_CHILDREN_no
	.byte	2                               @ DW_AT_location
	.byte	23                              @ DW_FORM_sec_offset
	.byte	3                               @ DW_AT_name
	.byte	14                              @ DW_FORM_strp
	.byte	58                              @ DW_AT_decl_file
	.byte	11                              @ DW_FORM_data1
	.byte	59                              @ DW_AT_decl_line
	.byte	5                               @ DW_FORM_data2
	.byte	73                              @ DW_AT_type
	.byte	19                              @ DW_FORM_ref4
	.byte	0                               @ EOM(1)
	.byte	0                               @ EOM(2)
	.byte	30                              @ Abbreviation Code
	.byte	29                              @ DW_TAG_inlined_subroutine
	.byte	1                               @ DW_CHILDREN_yes
	.byte	49                              @ DW_AT_abstract_origin
	.byte	19                              @ DW_FORM_ref4
	.byte	85                              @ DW_AT_ranges
	.byte	23                              @ DW_FORM_sec_offset
	.byte	88                              @ DW_AT_call_file
	.byte	11                              @ DW_FORM_data1
	.byte	89                              @ DW_AT_call_line
	.byte	5                               @ DW_FORM_data2
	.byte	87                              @ DW_AT_call_column
	.byte	11                              @ DW_FORM_data1
	.byte	0                               @ EOM(1)
	.byte	0                               @ EOM(2)
	.byte	31                              @ Abbreviation Code
	.byte	8                               @ DW_TAG_imported_declaration
	.byte	0                               @ DW_CHILDREN_no
	.byte	58                              @ DW_AT_decl_file
	.byte	11                              @ DW_FORM_data1
	.byte	59                              @ DW_AT_decl_line
	.byte	5                               @ DW_FORM_data2
	.byte	24                              @ DW_AT_import
	.byte	19                              @ DW_FORM_ref4
	.byte	0                               @ EOM(1)
	.byte	0                               @ EOM(2)
	.byte	32                              @ Abbreviation Code
	.byte	19                              @ DW_TAG_structure_type
	.byte	0                               @ DW_CHILDREN_no
	.byte	3                               @ DW_AT_name
	.byte	14                              @ DW_FORM_strp
	.byte	60                              @ DW_AT_declaration
	.byte	25                              @ DW_FORM_flag_present
	.byte	0                               @ EOM(1)
	.byte	0                               @ EOM(2)
	.byte	33                              @ Abbreviation Code
	.byte	46                              @ DW_TAG_subprogram
	.byte	1                               @ DW_CHILDREN_yes
	.byte	3                               @ DW_AT_name
	.byte	14                              @ DW_FORM_strp
	.byte	58                              @ DW_AT_decl_file
	.byte	11                              @ DW_FORM_data1
	.byte	59                              @ DW_AT_decl_line
	.byte	11                              @ DW_FORM_data1
	.byte	73                              @ DW_AT_type
	.byte	19                              @ DW_FORM_ref4
	.byte	60                              @ DW_AT_declaration
	.byte	25                              @ DW_FORM_flag_present
	.byte	63                              @ DW_AT_external
	.byte	25                              @ DW_FORM_flag_present
	.byte	0                               @ EOM(1)
	.byte	0                               @ EOM(2)
	.byte	34                              @ Abbreviation Code
	.byte	5                               @ DW_TAG_formal_parameter
	.byte	0                               @ DW_CHILDREN_no
	.byte	73                              @ DW_AT_type
	.byte	19                              @ DW_FORM_ref4
	.byte	0                               @ EOM(1)
	.byte	0                               @ EOM(2)
	.byte	35                              @ Abbreviation Code
	.byte	46                              @ DW_TAG_subprogram
	.byte	0                               @ DW_CHILDREN_no
	.byte	3                               @ DW_AT_name
	.byte	14                              @ DW_FORM_strp
	.byte	58                              @ DW_AT_decl_file
	.byte	11                              @ DW_FORM_data1
	.byte	59                              @ DW_AT_decl_line
	.byte	11                              @ DW_FORM_data1
	.byte	73                              @ DW_AT_type
	.byte	19                              @ DW_FORM_ref4
	.byte	60                              @ DW_AT_declaration
	.byte	25                              @ DW_FORM_flag_present
	.byte	63                              @ DW_AT_external
	.byte	25                              @ DW_FORM_flag_present
	.byte	0                               @ EOM(1)
	.byte	0                               @ EOM(2)
	.byte	36                              @ Abbreviation Code
	.byte	46                              @ DW_TAG_subprogram
	.byte	1                               @ DW_CHILDREN_yes
	.byte	3                               @ DW_AT_name
	.byte	14                              @ DW_FORM_strp
	.byte	58                              @ DW_AT_decl_file
	.byte	11                              @ DW_FORM_data1
	.byte	59                              @ DW_AT_decl_line
	.byte	5                               @ DW_FORM_data2
	.byte	73                              @ DW_AT_type
	.byte	19                              @ DW_FORM_ref4
	.byte	60                              @ DW_AT_declaration
	.byte	25                              @ DW_FORM_flag_present
	.byte	63                              @ DW_AT_external
	.byte	25                              @ DW_FORM_flag_present
	.byte	0                               @ EOM(1)
	.byte	0                               @ EOM(2)
	.byte	37                              @ Abbreviation Code
	.byte	55                              @ DW_TAG_restrict_type
	.byte	0                               @ DW_CHILDREN_no
	.byte	73                              @ DW_AT_type
	.byte	19                              @ DW_FORM_ref4
	.byte	0                               @ EOM(1)
	.byte	0                               @ EOM(2)
	.byte	38                              @ Abbreviation Code
	.byte	46                              @ DW_TAG_subprogram
	.byte	1                               @ DW_CHILDREN_yes
	.byte	3                               @ DW_AT_name
	.byte	14                              @ DW_FORM_strp
	.byte	58                              @ DW_AT_decl_file
	.byte	11                              @ DW_FORM_data1
	.byte	59                              @ DW_AT_decl_line
	.byte	5                               @ DW_FORM_data2
	.byte	60                              @ DW_AT_declaration
	.byte	25                              @ DW_FORM_flag_present
	.byte	63                              @ DW_AT_external
	.byte	25                              @ DW_FORM_flag_present
	.byte	0                               @ EOM(1)
	.byte	0                               @ EOM(2)
	.byte	39                              @ Abbreviation Code
	.byte	24                              @ DW_TAG_unspecified_parameters
	.byte	0                               @ DW_CHILDREN_no
	.byte	0                               @ EOM(1)
	.byte	0                               @ EOM(2)
	.byte	40                              @ Abbreviation Code
	.byte	22                              @ DW_TAG_typedef
	.byte	0                               @ DW_CHILDREN_no
	.byte	73                              @ DW_AT_type
	.byte	19                              @ DW_FORM_ref4
	.byte	3                               @ DW_AT_name
	.byte	14                              @ DW_FORM_strp
	.byte	0                               @ EOM(1)
	.byte	0                               @ EOM(2)
	.byte	41                              @ Abbreviation Code
	.byte	57                              @ DW_TAG_namespace
	.byte	1                               @ DW_CHILDREN_yes
	.byte	3                               @ DW_AT_name
	.byte	14                              @ DW_FORM_strp
	.byte	0                               @ EOM(1)
	.byte	0                               @ EOM(2)
	.byte	42                              @ Abbreviation Code
	.byte	46                              @ DW_TAG_subprogram
	.byte	0                               @ DW_CHILDREN_no
	.byte	3                               @ DW_AT_name
	.byte	14                              @ DW_FORM_strp
	.byte	58                              @ DW_AT_decl_file
	.byte	11                              @ DW_FORM_data1
	.byte	59                              @ DW_AT_decl_line
	.byte	5                               @ DW_FORM_data2
	.byte	73                              @ DW_AT_type
	.byte	19                              @ DW_FORM_ref4
	.byte	60                              @ DW_AT_declaration
	.byte	25                              @ DW_FORM_flag_present
	.byte	63                              @ DW_AT_external
	.byte	25                              @ DW_FORM_flag_present
	.byte	0                               @ EOM(1)
	.byte	0                               @ EOM(2)
	.byte	43                              @ Abbreviation Code
	.byte	15                              @ DW_TAG_pointer_type
	.byte	0                               @ DW_CHILDREN_no
	.byte	0                               @ EOM(1)
	.byte	0                               @ EOM(2)
	.byte	44                              @ Abbreviation Code
	.byte	38                              @ DW_TAG_const_type
	.byte	0                               @ DW_CHILDREN_no
	.byte	0                               @ EOM(1)
	.byte	0                               @ EOM(2)
	.byte	45                              @ Abbreviation Code
	.byte	46                              @ DW_TAG_subprogram
	.byte	0                               @ DW_CHILDREN_no
	.byte	3                               @ DW_AT_name
	.byte	14                              @ DW_FORM_strp
	.byte	58                              @ DW_AT_decl_file
	.byte	11                              @ DW_FORM_data1
	.byte	59                              @ DW_AT_decl_line
	.byte	5                               @ DW_FORM_data2
	.byte	60                              @ DW_AT_declaration
	.byte	25                              @ DW_FORM_flag_present
	.byte	63                              @ DW_AT_external
	.byte	25                              @ DW_FORM_flag_present
	.byte	0                               @ EOM(1)
	.byte	0                               @ EOM(2)
	.byte	46                              @ Abbreviation Code
	.byte	19                              @ DW_TAG_structure_type
	.byte	1                               @ DW_CHILDREN_yes
	.byte	54                              @ DW_AT_calling_convention
	.byte	11                              @ DW_FORM_data1
	.byte	3                               @ DW_AT_name
	.byte	14                              @ DW_FORM_strp
	.byte	11                              @ DW_AT_byte_size
	.byte	11                              @ DW_FORM_data1
	.byte	58                              @ DW_AT_decl_file
	.byte	11                              @ DW_FORM_data1
	.byte	59                              @ DW_AT_decl_line
	.byte	11                              @ DW_FORM_data1
	.byte	0                               @ EOM(1)
	.byte	0                               @ EOM(2)
	.byte	47                              @ Abbreviation Code
	.byte	13                              @ DW_TAG_member
	.byte	0                               @ DW_CHILDREN_no
	.byte	3                               @ DW_AT_name
	.byte	14                              @ DW_FORM_strp
	.byte	73                              @ DW_AT_type
	.byte	19                              @ DW_FORM_ref4
	.byte	58                              @ DW_AT_decl_file
	.byte	11                              @ DW_FORM_data1
	.byte	59                              @ DW_AT_decl_line
	.byte	11                              @ DW_FORM_data1
	.byte	56                              @ DW_AT_data_member_location
	.byte	11                              @ DW_FORM_data1
	.byte	0                               @ EOM(1)
	.byte	0                               @ EOM(2)
	.byte	48                              @ Abbreviation Code
	.byte	22                              @ DW_TAG_typedef
	.byte	0                               @ DW_CHILDREN_no
	.byte	73                              @ DW_AT_type
	.byte	19                              @ DW_FORM_ref4
	.byte	3                               @ DW_AT_name
	.byte	14                              @ DW_FORM_strp
	.byte	58                              @ DW_AT_decl_file
	.byte	11                              @ DW_FORM_data1
	.byte	59                              @ DW_AT_decl_line
	.byte	5                               @ DW_FORM_data2
	.byte	0                               @ EOM(1)
	.byte	0                               @ EOM(2)
	.byte	49                              @ Abbreviation Code
	.byte	21                              @ DW_TAG_subroutine_type
	.byte	1                               @ DW_CHILDREN_yes
	.byte	73                              @ DW_AT_type
	.byte	19                              @ DW_FORM_ref4
	.byte	0                               @ EOM(1)
	.byte	0                               @ EOM(2)
	.byte	50                              @ Abbreviation Code
	.byte	46                              @ DW_TAG_subprogram
	.byte	0                               @ DW_CHILDREN_no
	.byte	3                               @ DW_AT_name
	.byte	14                              @ DW_FORM_strp
	.byte	58                              @ DW_AT_decl_file
	.byte	11                              @ DW_FORM_data1
	.byte	59                              @ DW_AT_decl_line
	.byte	5                               @ DW_FORM_data2
	.byte	60                              @ DW_AT_declaration
	.byte	25                              @ DW_FORM_flag_present
	.byte	63                              @ DW_AT_external
	.byte	25                              @ DW_FORM_flag_present
	.ascii	"\207\001"                      @ DW_AT_noreturn
	.byte	25                              @ DW_FORM_flag_present
	.byte	0                               @ EOM(1)
	.byte	0                               @ EOM(2)
	.byte	51                              @ Abbreviation Code
	.byte	21                              @ DW_TAG_subroutine_type
	.byte	0                               @ DW_CHILDREN_no
	.byte	0                               @ EOM(1)
	.byte	0                               @ EOM(2)
	.byte	52                              @ Abbreviation Code
	.byte	46                              @ DW_TAG_subprogram
	.byte	1                               @ DW_CHILDREN_yes
	.byte	3                               @ DW_AT_name
	.byte	14                              @ DW_FORM_strp
	.byte	58                              @ DW_AT_decl_file
	.byte	11                              @ DW_FORM_data1
	.byte	59                              @ DW_AT_decl_line
	.byte	5                               @ DW_FORM_data2
	.byte	60                              @ DW_AT_declaration
	.byte	25                              @ DW_FORM_flag_present
	.byte	63                              @ DW_AT_external
	.byte	25                              @ DW_FORM_flag_present
	.ascii	"\207\001"                      @ DW_AT_noreturn
	.byte	25                              @ DW_FORM_flag_present
	.byte	0                               @ EOM(1)
	.byte	0                               @ EOM(2)
	.byte	53                              @ Abbreviation Code
	.byte	46                              @ DW_TAG_subprogram
	.byte	1                               @ DW_CHILDREN_yes
	.byte	110                             @ DW_AT_linkage_name
	.byte	14                              @ DW_FORM_strp
	.byte	3                               @ DW_AT_name
	.byte	14                              @ DW_FORM_strp
	.byte	58                              @ DW_AT_decl_file
	.byte	11                              @ DW_FORM_data1
	.byte	59                              @ DW_AT_decl_line
	.byte	5                               @ DW_FORM_data2
	.byte	73                              @ DW_AT_type
	.byte	19                              @ DW_FORM_ref4
	.byte	60                              @ DW_AT_declaration
	.byte	25                              @ DW_FORM_flag_present
	.byte	63                              @ DW_AT_external
	.byte	25                              @ DW_FORM_flag_present
	.byte	0                               @ EOM(1)
	.byte	0                               @ EOM(2)
	.byte	54                              @ Abbreviation Code
	.byte	46                              @ DW_TAG_subprogram
	.byte	1                               @ DW_CHILDREN_yes
	.byte	110                             @ DW_AT_linkage_name
	.byte	14                              @ DW_FORM_strp
	.byte	3                               @ DW_AT_name
	.byte	14                              @ DW_FORM_strp
	.byte	58                              @ DW_AT_decl_file
	.byte	11                              @ DW_FORM_data1
	.byte	59                              @ DW_AT_decl_line
	.byte	11                              @ DW_FORM_data1
	.byte	73                              @ DW_AT_type
	.byte	19                              @ DW_FORM_ref4
	.byte	60                              @ DW_AT_declaration
	.byte	25                              @ DW_FORM_flag_present
	.byte	63                              @ DW_AT_external
	.byte	25                              @ DW_FORM_flag_present
	.byte	0                               @ EOM(1)
	.byte	0                               @ EOM(2)
	.byte	0                               @ EOM(3)
	.section	.debug_info,"",%progbits
.Lcu_begin0:
	.long	.Ldebug_info_end0-.Ldebug_info_start0 @ Length of Unit
.Ldebug_info_start0:
	.short	4                               @ DWARF version number
	.long	.debug_abbrev                   @ Offset Into Abbrev. Section
	.byte	4                               @ Address Size (in bytes)
	.byte	1                               @ Abbrev [1] 0xb:0x20b4 DW_TAG_compile_unit
	.long	.Linfo_string0                  @ DW_AT_producer
	.short	33                              @ DW_AT_language
	.long	.Linfo_string1                  @ DW_AT_name
	.long	.Lline_table_start0             @ DW_AT_stmt_list
	.long	.Linfo_string2                  @ DW_AT_comp_dir
	.long	0                               @ DW_AT_low_pc
	.long	.Ldebug_ranges23                @ DW_AT_ranges
	.byte	2                               @ Abbrev [2] 0x26:0x5 DW_TAG_pointer_type
	.long	43                              @ DW_AT_type
	.byte	3                               @ Abbrev [3] 0x2b:0xb DW_TAG_typedef
	.long	54                              @ DW_AT_type
	.long	.Linfo_string4                  @ DW_AT_name
	.byte	1                               @ DW_AT_decl_file
	.byte	56                              @ DW_AT_decl_line
	.byte	4                               @ Abbrev [4] 0x36:0x7 DW_TAG_base_type
	.long	.Linfo_string3                  @ DW_AT_name
	.byte	8                               @ DW_AT_encoding
	.byte	1                               @ DW_AT_byte_size
	.byte	3                               @ Abbrev [3] 0x3d:0xb DW_TAG_typedef
	.long	72                              @ DW_AT_type
	.long	.Linfo_string6                  @ DW_AT_name
	.byte	1                               @ DW_AT_decl_file
	.byte	54                              @ DW_AT_decl_line
	.byte	4                               @ Abbrev [4] 0x48:0x7 DW_TAG_base_type
	.long	.Linfo_string5                  @ DW_AT_name
	.byte	7                               @ DW_AT_encoding
	.byte	4                               @ DW_AT_byte_size
	.byte	2                               @ Abbrev [2] 0x4f:0x5 DW_TAG_pointer_type
	.long	84                              @ DW_AT_type
	.byte	3                               @ Abbrev [3] 0x54:0xb DW_TAG_typedef
	.long	95                              @ DW_AT_type
	.long	.Linfo_string8                  @ DW_AT_name
	.byte	1                               @ DW_AT_decl_file
	.byte	53                              @ DW_AT_decl_line
	.byte	4                               @ Abbrev [4] 0x5f:0x7 DW_TAG_base_type
	.long	.Linfo_string7                  @ DW_AT_name
	.byte	5                               @ DW_AT_encoding
	.byte	4                               @ DW_AT_byte_size
	.byte	2                               @ Abbrev [2] 0x66:0x5 DW_TAG_pointer_type
	.long	107                             @ DW_AT_type
	.byte	3                               @ Abbrev [3] 0x6b:0xb DW_TAG_typedef
	.long	118                             @ DW_AT_type
	.long	.Linfo_string10                 @ DW_AT_name
	.byte	1                               @ DW_AT_decl_file
	.byte	55                              @ DW_AT_decl_line
	.byte	4                               @ Abbrev [4] 0x76:0x7 DW_TAG_base_type
	.long	.Linfo_string9                  @ DW_AT_name
	.byte	4                               @ DW_AT_encoding
	.byte	8                               @ DW_AT_byte_size
	.byte	5                               @ Abbrev [5] 0x7d:0x181 DW_TAG_subprogram
	.long	.Lfunc_begin0                   @ DW_AT_low_pc
	.long	.Lfunc_end0-.Lfunc_begin0       @ DW_AT_high_pc
	.byte	1                               @ DW_AT_frame_base
	.byte	93
                                        @ DW_AT_GNU_all_call_sites
	.long	.Linfo_string237                @ DW_AT_linkage_name
	.long	.Linfo_string238                @ DW_AT_name
	.byte	2                               @ DW_AT_decl_file
	.byte	9                               @ DW_AT_decl_line
	.long	84                              @ DW_AT_type
                                        @ DW_AT_external
	.byte	6                               @ Abbrev [6] 0x96:0xf DW_TAG_formal_parameter
	.long	.Ldebug_loc0                    @ DW_AT_location
	.long	.Linfo_string13                 @ DW_AT_name
	.byte	2                               @ DW_AT_decl_file
	.byte	9                               @ DW_AT_decl_line
	.long	1250                            @ DW_AT_type
	.byte	6                               @ Abbrev [6] 0xa5:0xf DW_TAG_formal_parameter
	.long	.Ldebug_loc1                    @ DW_AT_location
	.long	.Linfo_string24                 @ DW_AT_name
	.byte	2                               @ DW_AT_decl_file
	.byte	9                               @ DW_AT_decl_line
	.long	1463                            @ DW_AT_type
	.byte	6                               @ Abbrev [6] 0xb4:0xf DW_TAG_formal_parameter
	.long	.Ldebug_loc2                    @ DW_AT_location
	.long	.Linfo_string35                 @ DW_AT_name
	.byte	2                               @ DW_AT_decl_file
	.byte	10                              @ DW_AT_decl_line
	.long	79                              @ DW_AT_type
	.byte	6                               @ Abbrev [6] 0xc3:0xf DW_TAG_formal_parameter
	.long	.Ldebug_loc3                    @ DW_AT_location
	.long	.Linfo_string36                 @ DW_AT_name
	.byte	2                               @ DW_AT_decl_file
	.byte	10                              @ DW_AT_decl_line
	.long	79                              @ DW_AT_type
	.byte	7                               @ Abbrev [7] 0xd2:0xe DW_TAG_formal_parameter
	.byte	2                               @ DW_AT_location
	.byte	145
	.byte	56
	.long	.Linfo_string17                 @ DW_AT_name
	.byte	2                               @ DW_AT_decl_file
	.byte	10                              @ DW_AT_decl_line
	.long	79                              @ DW_AT_type
	.byte	7                               @ Abbrev [7] 0xe0:0xe DW_TAG_formal_parameter
	.byte	2                               @ DW_AT_location
	.byte	145
	.byte	60
	.long	.Linfo_string28                 @ DW_AT_name
	.byte	2                               @ DW_AT_decl_file
	.byte	10                              @ DW_AT_decl_line
	.long	102                             @ DW_AT_type
	.byte	8                               @ Abbrev [8] 0xee:0xf DW_TAG_variable
	.long	.Ldebug_loc8                    @ DW_AT_location
	.long	.Linfo_string246                @ DW_AT_name
	.byte	2                               @ DW_AT_decl_file
	.byte	13                              @ DW_AT_decl_line
	.long	38                              @ DW_AT_type
	.byte	8                               @ Abbrev [8] 0xfd:0xf DW_TAG_variable
	.long	.Ldebug_loc11                   @ DW_AT_location
	.long	.Linfo_string34                 @ DW_AT_name
	.byte	2                               @ DW_AT_decl_file
	.byte	12                              @ DW_AT_decl_line
	.long	84                              @ DW_AT_type
	.byte	9                               @ Abbrev [9] 0x10c:0x19 DW_TAG_lexical_block
	.long	.Ltmp2                          @ DW_AT_low_pc
	.long	.Ltmp26-.Ltmp2                  @ DW_AT_high_pc
	.byte	8                               @ Abbrev [8] 0x115:0xf DW_TAG_variable
	.long	.Ldebug_loc4                    @ DW_AT_location
	.long	.Linfo_string31                 @ DW_AT_name
	.byte	2                               @ DW_AT_decl_file
	.byte	15                              @ DW_AT_decl_line
	.long	61                              @ DW_AT_type
	.byte	0                               @ End Of Children Mark
	.byte	9                               @ Abbrev [9] 0x125:0x47 DW_TAG_lexical_block
	.long	.Ltmp26                         @ DW_AT_low_pc
	.long	.Ltmp78-.Ltmp26                 @ DW_AT_high_pc
	.byte	8                               @ Abbrev [8] 0x12e:0xf DW_TAG_variable
	.long	.Ldebug_loc5                    @ DW_AT_location
	.long	.Linfo_string31                 @ DW_AT_name
	.byte	2                               @ DW_AT_decl_file
	.byte	20                              @ DW_AT_decl_line
	.long	61                              @ DW_AT_type
	.byte	9                               @ Abbrev [9] 0x13d:0x2e DW_TAG_lexical_block
	.long	.Ltmp31                         @ DW_AT_low_pc
	.long	.Ltmp78-.Ltmp31                 @ DW_AT_high_pc
	.byte	8                               @ Abbrev [8] 0x146:0xf DW_TAG_variable
	.long	.Ldebug_loc6                    @ DW_AT_location
	.long	.Linfo_string21                 @ DW_AT_name
	.byte	2                               @ DW_AT_decl_file
	.byte	21                              @ DW_AT_decl_line
	.long	61                              @ DW_AT_type
	.byte	10                              @ Abbrev [10] 0x155:0x15 DW_TAG_lexical_block
	.long	.Ldebug_ranges0                 @ DW_AT_ranges
	.byte	8                               @ Abbrev [8] 0x15a:0xf DW_TAG_variable
	.long	.Ldebug_loc7                    @ DW_AT_location
	.long	.Linfo_string245                @ DW_AT_name
	.byte	2                               @ DW_AT_decl_file
	.byte	22                              @ DW_AT_decl_line
	.long	1473                            @ DW_AT_type
	.byte	0                               @ End Of Children Mark
	.byte	0                               @ End Of Children Mark
	.byte	0                               @ End Of Children Mark
	.byte	9                               @ Abbrev [9] 0x16c:0x2e DW_TAG_lexical_block
	.long	.Ltmp82                         @ DW_AT_low_pc
	.long	.Ltmp93-.Ltmp82                 @ DW_AT_high_pc
	.byte	8                               @ Abbrev [8] 0x175:0xf DW_TAG_variable
	.long	.Ldebug_loc9                    @ DW_AT_location
	.long	.Linfo_string21                 @ DW_AT_name
	.byte	2                               @ DW_AT_decl_file
	.byte	35                              @ DW_AT_decl_line
	.long	84                              @ DW_AT_type
	.byte	10                              @ Abbrev [10] 0x184:0x15 DW_TAG_lexical_block
	.long	.Ldebug_ranges1                 @ DW_AT_ranges
	.byte	8                               @ Abbrev [8] 0x189:0xf DW_TAG_variable
	.long	.Ldebug_loc10                   @ DW_AT_location
	.long	.Linfo_string31                 @ DW_AT_name
	.byte	2                               @ DW_AT_decl_file
	.byte	38                              @ DW_AT_decl_line
	.long	1478                            @ DW_AT_type
	.byte	0                               @ End Of Children Mark
	.byte	0                               @ End Of Children Mark
	.byte	9                               @ Abbrev [9] 0x19a:0x63 DW_TAG_lexical_block
	.long	.Ltmp93                         @ DW_AT_low_pc
	.long	.Ltmp144-.Ltmp93                @ DW_AT_high_pc
	.byte	8                               @ Abbrev [8] 0x1a3:0xf DW_TAG_variable
	.long	.Ldebug_loc12                   @ DW_AT_location
	.long	.Linfo_string31                 @ DW_AT_name
	.byte	2                               @ DW_AT_decl_file
	.byte	49                              @ DW_AT_decl_line
	.long	61                              @ DW_AT_type
	.byte	10                              @ Abbrev [10] 0x1b2:0x4a DW_TAG_lexical_block
	.long	.Ldebug_ranges2                 @ DW_AT_ranges
	.byte	8                               @ Abbrev [8] 0x1b7:0xf DW_TAG_variable
	.long	.Ldebug_loc14                   @ DW_AT_location
	.long	.Linfo_string248                @ DW_AT_name
	.byte	2                               @ DW_AT_decl_file
	.byte	55                              @ DW_AT_decl_line
	.long	107                             @ DW_AT_type
	.byte	11                              @ Abbrev [11] 0x1c6:0xb DW_TAG_variable
	.long	.Linfo_string21                 @ DW_AT_name
	.byte	2                               @ DW_AT_decl_file
	.byte	54                              @ DW_AT_decl_line
	.long	1478                            @ DW_AT_type
	.byte	10                              @ Abbrev [10] 0x1d1:0x2a DW_TAG_lexical_block
	.long	.Ldebug_ranges3                 @ DW_AT_ranges
	.byte	8                               @ Abbrev [8] 0x1d6:0xf DW_TAG_variable
	.long	.Ldebug_loc13                   @ DW_AT_location
	.long	.Linfo_string247                @ DW_AT_name
	.byte	2                               @ DW_AT_decl_file
	.byte	56                              @ DW_AT_decl_line
	.long	61                              @ DW_AT_type
	.byte	10                              @ Abbrev [10] 0x1e5:0x15 DW_TAG_lexical_block
	.long	.Ldebug_ranges4                 @ DW_AT_ranges
	.byte	8                               @ Abbrev [8] 0x1ea:0xf DW_TAG_variable
	.long	.Ldebug_loc15                   @ DW_AT_location
	.long	.Linfo_string245                @ DW_AT_name
	.byte	2                               @ DW_AT_decl_file
	.byte	60                              @ DW_AT_decl_line
	.long	1473                            @ DW_AT_type
	.byte	0                               @ End Of Children Mark
	.byte	0                               @ End Of Children Mark
	.byte	0                               @ End Of Children Mark
	.byte	0                               @ End Of Children Mark
	.byte	0                               @ End Of Children Mark
	.byte	5                               @ Abbrev [5] 0x1fe:0x154 DW_TAG_subprogram
	.long	.Lfunc_begin1                   @ DW_AT_low_pc
	.long	.Lfunc_end1-.Lfunc_begin1       @ DW_AT_high_pc
	.byte	1                               @ DW_AT_frame_base
	.byte	93
                                        @ DW_AT_GNU_all_call_sites
	.long	.Linfo_string239                @ DW_AT_linkage_name
	.long	.Linfo_string240                @ DW_AT_name
	.byte	2                               @ DW_AT_decl_file
	.byte	76                              @ DW_AT_decl_line
	.long	84                              @ DW_AT_type
                                        @ DW_AT_external
	.byte	6                               @ Abbrev [6] 0x217:0xf DW_TAG_formal_parameter
	.long	.Ldebug_loc16                   @ DW_AT_location
	.long	.Linfo_string13                 @ DW_AT_name
	.byte	2                               @ DW_AT_decl_file
	.byte	77                              @ DW_AT_decl_line
	.long	1250                            @ DW_AT_type
	.byte	6                               @ Abbrev [6] 0x226:0xf DW_TAG_formal_parameter
	.long	.Ldebug_loc17                   @ DW_AT_location
	.long	.Linfo_string24                 @ DW_AT_name
	.byte	2                               @ DW_AT_decl_file
	.byte	77                              @ DW_AT_decl_line
	.long	1463                            @ DW_AT_type
	.byte	6                               @ Abbrev [6] 0x235:0xf DW_TAG_formal_parameter
	.long	.Ldebug_loc18                   @ DW_AT_location
	.long	.Linfo_string34                 @ DW_AT_name
	.byte	2                               @ DW_AT_decl_file
	.byte	78                              @ DW_AT_decl_line
	.long	1250                            @ DW_AT_type
	.byte	6                               @ Abbrev [6] 0x244:0xf DW_TAG_formal_parameter
	.long	.Ldebug_loc19                   @ DW_AT_location
	.long	.Linfo_string35                 @ DW_AT_name
	.byte	2                               @ DW_AT_decl_file
	.byte	79                              @ DW_AT_decl_line
	.long	79                              @ DW_AT_type
	.byte	7                               @ Abbrev [7] 0x253:0xf DW_TAG_formal_parameter
	.byte	3                               @ DW_AT_location
	.byte	145
	.asciz	"\310"
	.long	.Linfo_string36                 @ DW_AT_name
	.byte	2                               @ DW_AT_decl_file
	.byte	79                              @ DW_AT_decl_line
	.long	79                              @ DW_AT_type
	.byte	7                               @ Abbrev [7] 0x262:0xf DW_TAG_formal_parameter
	.byte	3                               @ DW_AT_location
	.byte	145
	.asciz	"\314"
	.long	.Linfo_string17                 @ DW_AT_name
	.byte	2                               @ DW_AT_decl_file
	.byte	79                              @ DW_AT_decl_line
	.long	79                              @ DW_AT_type
	.byte	7                               @ Abbrev [7] 0x271:0xf DW_TAG_formal_parameter
	.byte	3                               @ DW_AT_location
	.byte	145
	.asciz	"\320"
	.long	.Linfo_string28                 @ DW_AT_name
	.byte	2                               @ DW_AT_decl_file
	.byte	79                              @ DW_AT_decl_line
	.long	102                             @ DW_AT_type
	.byte	8                               @ Abbrev [8] 0x280:0xf DW_TAG_variable
	.long	.Ldebug_loc20                   @ DW_AT_location
	.long	.Linfo_string249                @ DW_AT_name
	.byte	2                               @ DW_AT_decl_file
	.byte	83                              @ DW_AT_decl_line
	.long	61                              @ DW_AT_type
	.byte	8                               @ Abbrev [8] 0x28f:0xf DW_TAG_variable
	.long	.Ldebug_loc21                   @ DW_AT_location
	.long	.Linfo_string250                @ DW_AT_name
	.byte	2                               @ DW_AT_decl_file
	.byte	82                              @ DW_AT_decl_line
	.long	84                              @ DW_AT_type
	.byte	8                               @ Abbrev [8] 0x29e:0xf DW_TAG_variable
	.long	.Ldebug_loc22                   @ DW_AT_location
	.long	.Linfo_string251                @ DW_AT_name
	.byte	2                               @ DW_AT_decl_file
	.byte	81                              @ DW_AT_decl_line
	.long	61                              @ DW_AT_type
	.byte	10                              @ Abbrev [10] 0x2ad:0xa4 DW_TAG_lexical_block
	.long	.Ldebug_ranges5                 @ DW_AT_ranges
	.byte	8                               @ Abbrev [8] 0x2b2:0xf DW_TAG_variable
	.long	.Ldebug_loc23                   @ DW_AT_location
	.long	.Linfo_string252                @ DW_AT_name
	.byte	2                               @ DW_AT_decl_file
	.byte	89                              @ DW_AT_decl_line
	.long	84                              @ DW_AT_type
	.byte	8                               @ Abbrev [8] 0x2c1:0xf DW_TAG_variable
	.long	.Ldebug_loc24                   @ DW_AT_location
	.long	.Linfo_string253                @ DW_AT_name
	.byte	2                               @ DW_AT_decl_file
	.byte	96                              @ DW_AT_decl_line
	.long	1478                            @ DW_AT_type
	.byte	8                               @ Abbrev [8] 0x2d0:0xf DW_TAG_variable
	.long	.Ldebug_loc25                   @ DW_AT_location
	.long	.Linfo_string254                @ DW_AT_name
	.byte	2                               @ DW_AT_decl_file
	.byte	90                              @ DW_AT_decl_line
	.long	84                              @ DW_AT_type
	.byte	8                               @ Abbrev [8] 0x2df:0xf DW_TAG_variable
	.long	.Ldebug_loc27                   @ DW_AT_location
	.long	.Linfo_string255                @ DW_AT_name
	.byte	2                               @ DW_AT_decl_file
	.byte	91                              @ DW_AT_decl_line
	.long	107                             @ DW_AT_type
	.byte	8                               @ Abbrev [8] 0x2ee:0xf DW_TAG_variable
	.long	.Ldebug_loc28                   @ DW_AT_location
	.long	.Linfo_string247                @ DW_AT_name
	.byte	2                               @ DW_AT_decl_file
	.byte	90                              @ DW_AT_decl_line
	.long	84                              @ DW_AT_type
	.byte	8                               @ Abbrev [8] 0x2fd:0xf DW_TAG_variable
	.long	.Ldebug_loc29                   @ DW_AT_location
	.long	.Linfo_string256                @ DW_AT_name
	.byte	2                               @ DW_AT_decl_file
	.byte	91                              @ DW_AT_decl_line
	.long	107                             @ DW_AT_type
	.byte	8                               @ Abbrev [8] 0x30c:0xf DW_TAG_variable
	.long	.Ldebug_loc31                   @ DW_AT_location
	.long	.Linfo_string257                @ DW_AT_name
	.byte	2                               @ DW_AT_decl_file
	.byte	91                              @ DW_AT_decl_line
	.long	107                             @ DW_AT_type
	.byte	11                              @ Abbrev [11] 0x31b:0xb DW_TAG_variable
	.long	.Linfo_string258                @ DW_AT_name
	.byte	2                               @ DW_AT_decl_file
	.byte	92                              @ DW_AT_decl_line
	.long	43                              @ DW_AT_type
	.byte	10                              @ Abbrev [10] 0x326:0x2a DW_TAG_lexical_block
	.long	.Ldebug_ranges6                 @ DW_AT_ranges
	.byte	8                               @ Abbrev [8] 0x32b:0xf DW_TAG_variable
	.long	.Ldebug_loc26                   @ DW_AT_location
	.long	.Linfo_string21                 @ DW_AT_name
	.byte	2                               @ DW_AT_decl_file
	.byte	101                             @ DW_AT_decl_line
	.long	61                              @ DW_AT_type
	.byte	10                              @ Abbrev [10] 0x33a:0x15 DW_TAG_lexical_block
	.long	.Ldebug_ranges7                 @ DW_AT_ranges
	.byte	8                               @ Abbrev [8] 0x33f:0xf DW_TAG_variable
	.long	.Ldebug_loc30                   @ DW_AT_location
	.long	.Linfo_string245                @ DW_AT_name
	.byte	2                               @ DW_AT_decl_file
	.byte	103                             @ DW_AT_decl_line
	.long	1473                            @ DW_AT_type
	.byte	0                               @ End Of Children Mark
	.byte	0                               @ End Of Children Mark
	.byte	0                               @ End Of Children Mark
	.byte	0                               @ End Of Children Mark
	.byte	12                              @ Abbrev [12] 0x352:0x66 DW_TAG_subprogram
	.long	.Lfunc_begin2                   @ DW_AT_low_pc
	.long	.Lfunc_end2-.Lfunc_begin2       @ DW_AT_high_pc
	.byte	1                               @ DW_AT_frame_base
	.byte	93
                                        @ DW_AT_GNU_all_call_sites
	.long	1130                            @ DW_AT_abstract_origin
	.byte	13                              @ Abbrev [13] 0x361:0x9 DW_TAG_formal_parameter
	.long	.Ldebug_loc32                   @ DW_AT_location
	.long	1146                            @ DW_AT_abstract_origin
	.byte	14                              @ Abbrev [14] 0x36a:0x7 DW_TAG_formal_parameter
	.byte	1                               @ DW_AT_location
	.byte	81
	.long	1157                            @ DW_AT_abstract_origin
	.byte	14                              @ Abbrev [14] 0x371:0x7 DW_TAG_formal_parameter
	.byte	1                               @ DW_AT_location
	.byte	82
	.long	1168                            @ DW_AT_abstract_origin
	.byte	14                              @ Abbrev [14] 0x378:0x7 DW_TAG_formal_parameter
	.byte	1                               @ DW_AT_location
	.byte	83
	.long	1179                            @ DW_AT_abstract_origin
	.byte	14                              @ Abbrev [14] 0x37f:0x8 DW_TAG_formal_parameter
	.byte	2                               @ DW_AT_location
	.byte	145
	.byte	20
	.long	1190                            @ DW_AT_abstract_origin
	.byte	15                              @ Abbrev [15] 0x387:0x9 DW_TAG_variable
	.long	.Ldebug_loc33                   @ DW_AT_location
	.long	1212                            @ DW_AT_abstract_origin
	.byte	15                              @ Abbrev [15] 0x390:0x9 DW_TAG_variable
	.long	.Ldebug_loc35                   @ DW_AT_location
	.long	1201                            @ DW_AT_abstract_origin
	.byte	10                              @ Abbrev [10] 0x399:0x1e DW_TAG_lexical_block
	.long	.Ldebug_ranges8                 @ DW_AT_ranges
	.byte	15                              @ Abbrev [15] 0x39e:0x9 DW_TAG_variable
	.long	.Ldebug_loc34                   @ DW_AT_location
	.long	1224                            @ DW_AT_abstract_origin
	.byte	10                              @ Abbrev [10] 0x3a7:0xf DW_TAG_lexical_block
	.long	.Ldebug_ranges9                 @ DW_AT_ranges
	.byte	15                              @ Abbrev [15] 0x3ac:0x9 DW_TAG_variable
	.long	.Ldebug_loc36                   @ DW_AT_location
	.long	1236                            @ DW_AT_abstract_origin
	.byte	0                               @ End Of Children Mark
	.byte	0                               @ End Of Children Mark
	.byte	0                               @ End Of Children Mark
	.byte	12                              @ Abbrev [12] 0x3b8:0xb2 DW_TAG_subprogram
	.long	.Lfunc_begin3                   @ DW_AT_low_pc
	.long	.Lfunc_end3-.Lfunc_begin3       @ DW_AT_high_pc
	.byte	1                               @ DW_AT_frame_base
	.byte	93
                                        @ DW_AT_GNU_all_call_sites
	.long	1255                            @ DW_AT_abstract_origin
	.byte	13                              @ Abbrev [13] 0x3c7:0x9 DW_TAG_formal_parameter
	.long	.Ldebug_loc37                   @ DW_AT_location
	.long	1271                            @ DW_AT_abstract_origin
	.byte	13                              @ Abbrev [13] 0x3d0:0x9 DW_TAG_formal_parameter
	.long	.Ldebug_loc38                   @ DW_AT_location
	.long	1282                            @ DW_AT_abstract_origin
	.byte	13                              @ Abbrev [13] 0x3d9:0x9 DW_TAG_formal_parameter
	.long	.Ldebug_loc39                   @ DW_AT_location
	.long	1293                            @ DW_AT_abstract_origin
	.byte	13                              @ Abbrev [13] 0x3e2:0x9 DW_TAG_formal_parameter
	.long	.Ldebug_loc40                   @ DW_AT_location
	.long	1304                            @ DW_AT_abstract_origin
	.byte	14                              @ Abbrev [14] 0x3eb:0x8 DW_TAG_formal_parameter
	.byte	2                               @ DW_AT_location
	.byte	145
	.byte	52
	.long	1315                            @ DW_AT_abstract_origin
	.byte	14                              @ Abbrev [14] 0x3f3:0x8 DW_TAG_formal_parameter
	.byte	2                               @ DW_AT_location
	.byte	145
	.byte	56
	.long	1326                            @ DW_AT_abstract_origin
	.byte	14                              @ Abbrev [14] 0x3fb:0x8 DW_TAG_formal_parameter
	.byte	2                               @ DW_AT_location
	.byte	145
	.byte	60
	.long	1337                            @ DW_AT_abstract_origin
	.byte	14                              @ Abbrev [14] 0x403:0x9 DW_TAG_formal_parameter
	.byte	3                               @ DW_AT_location
	.byte	145
	.asciz	"\300"
	.long	1348                            @ DW_AT_abstract_origin
	.byte	14                              @ Abbrev [14] 0x40c:0x9 DW_TAG_formal_parameter
	.byte	3                               @ DW_AT_location
	.byte	145
	.asciz	"\304"
	.long	1359                            @ DW_AT_abstract_origin
	.byte	15                              @ Abbrev [15] 0x415:0x9 DW_TAG_variable
	.long	.Ldebug_loc41                   @ DW_AT_location
	.long	1392                            @ DW_AT_abstract_origin
	.byte	15                              @ Abbrev [15] 0x41e:0x9 DW_TAG_variable
	.long	.Ldebug_loc42                   @ DW_AT_location
	.long	1381                            @ DW_AT_abstract_origin
	.byte	15                              @ Abbrev [15] 0x427:0x9 DW_TAG_variable
	.long	.Ldebug_loc47                   @ DW_AT_location
	.long	1370                            @ DW_AT_abstract_origin
	.byte	16                              @ Abbrev [16] 0x430:0x5 DW_TAG_variable
	.long	1403                            @ DW_AT_abstract_origin
	.byte	9                               @ Abbrev [9] 0x435:0x34 DW_TAG_lexical_block
	.long	.Ltmp338                        @ DW_AT_low_pc
	.long	.Ltmp361-.Ltmp338               @ DW_AT_high_pc
	.byte	15                              @ Abbrev [15] 0x43e:0x9 DW_TAG_variable
	.long	.Ldebug_loc43                   @ DW_AT_location
	.long	1415                            @ DW_AT_abstract_origin
	.byte	15                              @ Abbrev [15] 0x447:0x9 DW_TAG_variable
	.long	.Ldebug_loc44                   @ DW_AT_location
	.long	1437                            @ DW_AT_abstract_origin
	.byte	15                              @ Abbrev [15] 0x450:0x9 DW_TAG_variable
	.long	.Ldebug_loc45                   @ DW_AT_location
	.long	1426                            @ DW_AT_abstract_origin
	.byte	10                              @ Abbrev [10] 0x459:0xf DW_TAG_lexical_block
	.long	.Ldebug_ranges10                @ DW_AT_ranges
	.byte	15                              @ Abbrev [15] 0x45e:0x9 DW_TAG_variable
	.long	.Ldebug_loc46                   @ DW_AT_location
	.long	1449                            @ DW_AT_abstract_origin
	.byte	0                               @ End Of Children Mark
	.byte	0                               @ End Of Children Mark
	.byte	0                               @ End Of Children Mark
	.byte	17                              @ Abbrev [17] 0x46a:0x78 DW_TAG_subprogram
	.long	.Linfo_string11                 @ DW_AT_linkage_name
	.long	.Linfo_string12                 @ DW_AT_name
	.byte	2                               @ DW_AT_decl_file
	.byte	153                             @ DW_AT_decl_line
	.long	61                              @ DW_AT_type
                                        @ DW_AT_external
	.byte	1                               @ DW_AT_inline
	.byte	18                              @ Abbrev [18] 0x47a:0xb DW_TAG_formal_parameter
	.long	.Linfo_string13                 @ DW_AT_name
	.byte	2                               @ DW_AT_decl_file
	.byte	153                             @ DW_AT_decl_line
	.long	1250                            @ DW_AT_type
	.byte	18                              @ Abbrev [18] 0x485:0xb DW_TAG_formal_parameter
	.long	.Linfo_string14                 @ DW_AT_name
	.byte	2                               @ DW_AT_decl_file
	.byte	153                             @ DW_AT_decl_line
	.long	61                              @ DW_AT_type
	.byte	18                              @ Abbrev [18] 0x490:0xb DW_TAG_formal_parameter
	.long	.Linfo_string15                 @ DW_AT_name
	.byte	2                               @ DW_AT_decl_file
	.byte	153                             @ DW_AT_decl_line
	.long	102                             @ DW_AT_type
	.byte	18                              @ Abbrev [18] 0x49b:0xb DW_TAG_formal_parameter
	.long	.Linfo_string16                 @ DW_AT_name
	.byte	2                               @ DW_AT_decl_file
	.byte	153                             @ DW_AT_decl_line
	.long	79                              @ DW_AT_type
	.byte	18                              @ Abbrev [18] 0x4a6:0xb DW_TAG_formal_parameter
	.long	.Linfo_string17                 @ DW_AT_name
	.byte	2                               @ DW_AT_decl_file
	.byte	153                             @ DW_AT_decl_line
	.long	79                              @ DW_AT_type
	.byte	11                              @ Abbrev [11] 0x4b1:0xb DW_TAG_variable
	.long	.Linfo_string18                 @ DW_AT_name
	.byte	2                               @ DW_AT_decl_file
	.byte	156                             @ DW_AT_decl_line
	.long	107                             @ DW_AT_type
	.byte	11                              @ Abbrev [11] 0x4bc:0xb DW_TAG_variable
	.long	.Linfo_string19                 @ DW_AT_name
	.byte	2                               @ DW_AT_decl_file
	.byte	155                             @ DW_AT_decl_line
	.long	61                              @ DW_AT_type
	.byte	19                              @ Abbrev [19] 0x4c7:0x1a DW_TAG_lexical_block
	.byte	11                              @ Abbrev [11] 0x4c8:0xb DW_TAG_variable
	.long	.Linfo_string20                 @ DW_AT_name
	.byte	2                               @ DW_AT_decl_file
	.byte	157                             @ DW_AT_decl_line
	.long	61                              @ DW_AT_type
	.byte	19                              @ Abbrev [19] 0x4d3:0xd DW_TAG_lexical_block
	.byte	11                              @ Abbrev [11] 0x4d4:0xb DW_TAG_variable
	.long	.Linfo_string21                 @ DW_AT_name
	.byte	2                               @ DW_AT_decl_file
	.byte	158                             @ DW_AT_decl_line
	.long	84                              @ DW_AT_type
	.byte	0                               @ End Of Children Mark
	.byte	0                               @ End Of Children Mark
	.byte	0                               @ End Of Children Mark
	.byte	20                              @ Abbrev [20] 0x4e2:0x5 DW_TAG_const_type
	.long	61                              @ DW_AT_type
	.byte	17                              @ Abbrev [17] 0x4e7:0xd0 DW_TAG_subprogram
	.long	.Linfo_string22                 @ DW_AT_linkage_name
	.long	.Linfo_string23                 @ DW_AT_name
	.byte	2                               @ DW_AT_decl_file
	.byte	174                             @ DW_AT_decl_line
	.long	84                              @ DW_AT_type
                                        @ DW_AT_external
	.byte	1                               @ DW_AT_inline
	.byte	18                              @ Abbrev [18] 0x4f7:0xb DW_TAG_formal_parameter
	.long	.Linfo_string13                 @ DW_AT_name
	.byte	2                               @ DW_AT_decl_file
	.byte	174                             @ DW_AT_decl_line
	.long	1250                            @ DW_AT_type
	.byte	18                              @ Abbrev [18] 0x502:0xb DW_TAG_formal_parameter
	.long	.Linfo_string24                 @ DW_AT_name
	.byte	2                               @ DW_AT_decl_file
	.byte	174                             @ DW_AT_decl_line
	.long	1463                            @ DW_AT_type
	.byte	18                              @ Abbrev [18] 0x50d:0xb DW_TAG_formal_parameter
	.long	.Linfo_string25                 @ DW_AT_name
	.byte	2                               @ DW_AT_decl_file
	.byte	175                             @ DW_AT_decl_line
	.long	1468                            @ DW_AT_type
	.byte	18                              @ Abbrev [18] 0x518:0xb DW_TAG_formal_parameter
	.long	.Linfo_string26                 @ DW_AT_name
	.byte	2                               @ DW_AT_decl_file
	.byte	175                             @ DW_AT_decl_line
	.long	1468                            @ DW_AT_type
	.byte	18                              @ Abbrev [18] 0x523:0xb DW_TAG_formal_parameter
	.long	.Linfo_string15                 @ DW_AT_name
	.byte	2                               @ DW_AT_decl_file
	.byte	176                             @ DW_AT_decl_line
	.long	102                             @ DW_AT_type
	.byte	18                              @ Abbrev [18] 0x52e:0xb DW_TAG_formal_parameter
	.long	.Linfo_string16                 @ DW_AT_name
	.byte	2                               @ DW_AT_decl_file
	.byte	176                             @ DW_AT_decl_line
	.long	79                              @ DW_AT_type
	.byte	18                              @ Abbrev [18] 0x539:0xb DW_TAG_formal_parameter
	.long	.Linfo_string27                 @ DW_AT_name
	.byte	2                               @ DW_AT_decl_file
	.byte	176                             @ DW_AT_decl_line
	.long	79                              @ DW_AT_type
	.byte	18                              @ Abbrev [18] 0x544:0xb DW_TAG_formal_parameter
	.long	.Linfo_string17                 @ DW_AT_name
	.byte	2                               @ DW_AT_decl_file
	.byte	177                             @ DW_AT_decl_line
	.long	79                              @ DW_AT_type
	.byte	18                              @ Abbrev [18] 0x54f:0xb DW_TAG_formal_parameter
	.long	.Linfo_string28                 @ DW_AT_name
	.byte	2                               @ DW_AT_decl_file
	.byte	177                             @ DW_AT_decl_line
	.long	102                             @ DW_AT_type
	.byte	11                              @ Abbrev [11] 0x55a:0xb DW_TAG_variable
	.long	.Linfo_string29                 @ DW_AT_name
	.byte	2                               @ DW_AT_decl_file
	.byte	181                             @ DW_AT_decl_line
	.long	107                             @ DW_AT_type
	.byte	11                              @ Abbrev [11] 0x565:0xb DW_TAG_variable
	.long	.Linfo_string19                 @ DW_AT_name
	.byte	2                               @ DW_AT_decl_file
	.byte	180                             @ DW_AT_decl_line
	.long	61                              @ DW_AT_type
	.byte	11                              @ Abbrev [11] 0x570:0xb DW_TAG_variable
	.long	.Linfo_string14                 @ DW_AT_name
	.byte	2                               @ DW_AT_decl_file
	.byte	179                             @ DW_AT_decl_line
	.long	61                              @ DW_AT_type
	.byte	11                              @ Abbrev [11] 0x57b:0xb DW_TAG_variable
	.long	.Linfo_string30                 @ DW_AT_name
	.byte	2                               @ DW_AT_decl_file
	.byte	181                             @ DW_AT_decl_line
	.long	107                             @ DW_AT_type
	.byte	19                              @ Abbrev [19] 0x586:0x30 DW_TAG_lexical_block
	.byte	11                              @ Abbrev [11] 0x587:0xb DW_TAG_variable
	.long	.Linfo_string21                 @ DW_AT_name
	.byte	2                               @ DW_AT_decl_file
	.byte	184                             @ DW_AT_decl_line
	.long	84                              @ DW_AT_type
	.byte	11                              @ Abbrev [11] 0x592:0xb DW_TAG_variable
	.long	.Linfo_string18                 @ DW_AT_name
	.byte	2                               @ DW_AT_decl_file
	.byte	186                             @ DW_AT_decl_line
	.long	1473                            @ DW_AT_type
	.byte	11                              @ Abbrev [11] 0x59d:0xb DW_TAG_variable
	.long	.Linfo_string31                 @ DW_AT_name
	.byte	2                               @ DW_AT_decl_file
	.byte	185                             @ DW_AT_decl_line
	.long	1478                            @ DW_AT_type
	.byte	19                              @ Abbrev [19] 0x5a8:0xd DW_TAG_lexical_block
	.byte	11                              @ Abbrev [11] 0x5a9:0xb DW_TAG_variable
	.long	.Linfo_string20                 @ DW_AT_name
	.byte	2                               @ DW_AT_decl_file
	.byte	190                             @ DW_AT_decl_line
	.long	61                              @ DW_AT_type
	.byte	0                               @ End Of Children Mark
	.byte	0                               @ End Of Children Mark
	.byte	0                               @ End Of Children Mark
	.byte	2                               @ Abbrev [2] 0x5b7:0x5 DW_TAG_pointer_type
	.long	102                             @ DW_AT_type
	.byte	2                               @ Abbrev [2] 0x5bc:0x5 DW_TAG_pointer_type
	.long	61                              @ DW_AT_type
	.byte	20                              @ Abbrev [20] 0x5c1:0x5 DW_TAG_const_type
	.long	107                             @ DW_AT_type
	.byte	20                              @ Abbrev [20] 0x5c6:0x5 DW_TAG_const_type
	.long	84                              @ DW_AT_type
	.byte	5                               @ Abbrev [5] 0x5cb:0x24a DW_TAG_subprogram
	.long	.Lfunc_begin4                   @ DW_AT_low_pc
	.long	.Lfunc_end4-.Lfunc_begin4       @ DW_AT_high_pc
	.byte	1                               @ DW_AT_frame_base
	.byte	93
                                        @ DW_AT_GNU_all_call_sites
	.long	.Linfo_string241                @ DW_AT_linkage_name
	.long	.Linfo_string242                @ DW_AT_name
	.byte	2                               @ DW_AT_decl_file
	.byte	218                             @ DW_AT_decl_line
	.long	84                              @ DW_AT_type
                                        @ DW_AT_external
	.byte	6                               @ Abbrev [6] 0x5e4:0xf DW_TAG_formal_parameter
	.long	.Ldebug_loc48                   @ DW_AT_location
	.long	.Linfo_string13                 @ DW_AT_name
	.byte	2                               @ DW_AT_decl_file
	.byte	219                             @ DW_AT_decl_line
	.long	1250                            @ DW_AT_type
	.byte	6                               @ Abbrev [6] 0x5f3:0xf DW_TAG_formal_parameter
	.long	.Ldebug_loc49                   @ DW_AT_location
	.long	.Linfo_string24                 @ DW_AT_name
	.byte	2                               @ DW_AT_decl_file
	.byte	219                             @ DW_AT_decl_line
	.long	1463                            @ DW_AT_type
	.byte	6                               @ Abbrev [6] 0x602:0xf DW_TAG_formal_parameter
	.long	.Ldebug_loc50                   @ DW_AT_location
	.long	.Linfo_string259                @ DW_AT_name
	.byte	2                               @ DW_AT_decl_file
	.byte	220                             @ DW_AT_decl_line
	.long	1478                            @ DW_AT_type
	.byte	6                               @ Abbrev [6] 0x611:0xf DW_TAG_formal_parameter
	.long	.Ldebug_loc51                   @ DW_AT_location
	.long	.Linfo_string17                 @ DW_AT_name
	.byte	2                               @ DW_AT_decl_file
	.byte	221                             @ DW_AT_decl_line
	.long	79                              @ DW_AT_type
	.byte	7                               @ Abbrev [7] 0x620:0xf DW_TAG_formal_parameter
	.byte	3                               @ DW_AT_location
	.byte	145
	.asciz	"\310"
	.long	.Linfo_string28                 @ DW_AT_name
	.byte	2                               @ DW_AT_decl_file
	.byte	221                             @ DW_AT_decl_line
	.long	102                             @ DW_AT_type
	.byte	7                               @ Abbrev [7] 0x62f:0xf DW_TAG_formal_parameter
	.byte	3                               @ DW_AT_location
	.byte	145
	.asciz	"\314"
	.long	.Linfo_string27                 @ DW_AT_name
	.byte	2                               @ DW_AT_decl_file
	.byte	222                             @ DW_AT_decl_line
	.long	79                              @ DW_AT_type
	.byte	8                               @ Abbrev [8] 0x63e:0xf DW_TAG_variable
	.long	.Ldebug_loc52                   @ DW_AT_location
	.long	.Linfo_string260                @ DW_AT_name
	.byte	2                               @ DW_AT_decl_file
	.byte	226                             @ DW_AT_decl_line
	.long	61                              @ DW_AT_type
	.byte	8                               @ Abbrev [8] 0x64d:0xf DW_TAG_variable
	.long	.Ldebug_loc53                   @ DW_AT_location
	.long	.Linfo_string261                @ DW_AT_name
	.byte	2                               @ DW_AT_decl_file
	.byte	225                             @ DW_AT_decl_line
	.long	84                              @ DW_AT_type
	.byte	8                               @ Abbrev [8] 0x65c:0xf DW_TAG_variable
	.long	.Ldebug_loc54                   @ DW_AT_location
	.long	.Linfo_string19                 @ DW_AT_name
	.byte	2                               @ DW_AT_decl_file
	.byte	224                             @ DW_AT_decl_line
	.long	61                              @ DW_AT_type
	.byte	8                               @ Abbrev [8] 0x66b:0xf DW_TAG_variable
	.long	.Ldebug_loc55                   @ DW_AT_location
	.long	.Linfo_string14                 @ DW_AT_name
	.byte	2                               @ DW_AT_decl_file
	.byte	224                             @ DW_AT_decl_line
	.long	61                              @ DW_AT_type
	.byte	8                               @ Abbrev [8] 0x67a:0xf DW_TAG_variable
	.long	.Ldebug_loc56                   @ DW_AT_location
	.long	.Linfo_string16                 @ DW_AT_name
	.byte	2                               @ DW_AT_decl_file
	.byte	227                             @ DW_AT_decl_line
	.long	79                              @ DW_AT_type
	.byte	8                               @ Abbrev [8] 0x689:0xf DW_TAG_variable
	.long	.Ldebug_loc57                   @ DW_AT_location
	.long	.Linfo_string15                 @ DW_AT_name
	.byte	2                               @ DW_AT_decl_file
	.byte	228                             @ DW_AT_decl_line
	.long	102                             @ DW_AT_type
	.byte	10                              @ Abbrev [10] 0x698:0x15 DW_TAG_lexical_block
	.long	.Ldebug_ranges11                @ DW_AT_ranges
	.byte	8                               @ Abbrev [8] 0x69d:0xf DW_TAG_variable
	.long	.Ldebug_loc58                   @ DW_AT_location
	.long	.Linfo_string31                 @ DW_AT_name
	.byte	2                               @ DW_AT_decl_file
	.byte	233                             @ DW_AT_decl_line
	.long	61                              @ DW_AT_type
	.byte	0                               @ End Of Children Mark
	.byte	21                              @ Abbrev [21] 0x6ad:0x6a DW_TAG_inlined_subroutine
	.long	1130                            @ DW_AT_abstract_origin
	.long	.Ldebug_ranges12                @ DW_AT_ranges
	.byte	2                               @ DW_AT_call_file
	.byte	244                             @ DW_AT_call_line
	.byte	9                               @ DW_AT_call_column
	.byte	13                              @ Abbrev [13] 0x6b9:0x9 DW_TAG_formal_parameter
	.long	.Ldebug_loc65                   @ DW_AT_location
	.long	1146                            @ DW_AT_abstract_origin
	.byte	13                              @ Abbrev [13] 0x6c2:0x9 DW_TAG_formal_parameter
	.long	.Ldebug_loc66                   @ DW_AT_location
	.long	1157                            @ DW_AT_abstract_origin
	.byte	13                              @ Abbrev [13] 0x6cb:0x9 DW_TAG_formal_parameter
	.long	.Ldebug_loc67                   @ DW_AT_location
	.long	1168                            @ DW_AT_abstract_origin
	.byte	13                              @ Abbrev [13] 0x6d4:0x9 DW_TAG_formal_parameter
	.long	.Ldebug_loc68                   @ DW_AT_location
	.long	1179                            @ DW_AT_abstract_origin
	.byte	13                              @ Abbrev [13] 0x6dd:0x9 DW_TAG_formal_parameter
	.long	.Ldebug_loc69                   @ DW_AT_location
	.long	1190                            @ DW_AT_abstract_origin
	.byte	15                              @ Abbrev [15] 0x6e6:0x9 DW_TAG_variable
	.long	.Ldebug_loc71                   @ DW_AT_location
	.long	1201                            @ DW_AT_abstract_origin
	.byte	15                              @ Abbrev [15] 0x6ef:0x9 DW_TAG_variable
	.long	.Ldebug_loc72                   @ DW_AT_location
	.long	1212                            @ DW_AT_abstract_origin
	.byte	10                              @ Abbrev [10] 0x6f8:0x1e DW_TAG_lexical_block
	.long	.Ldebug_ranges13                @ DW_AT_ranges
	.byte	15                              @ Abbrev [15] 0x6fd:0x9 DW_TAG_variable
	.long	.Ldebug_loc70                   @ DW_AT_location
	.long	1224                            @ DW_AT_abstract_origin
	.byte	10                              @ Abbrev [10] 0x706:0xf DW_TAG_lexical_block
	.long	.Ldebug_ranges14                @ DW_AT_ranges
	.byte	15                              @ Abbrev [15] 0x70b:0x9 DW_TAG_variable
	.long	.Ldebug_loc73                   @ DW_AT_location
	.long	1236                            @ DW_AT_abstract_origin
	.byte	0                               @ End Of Children Mark
	.byte	0                               @ End Of Children Mark
	.byte	0                               @ End Of Children Mark
	.byte	10                              @ Abbrev [10] 0x717:0x2a DW_TAG_lexical_block
	.long	.Ldebug_ranges15                @ DW_AT_ranges
	.byte	8                               @ Abbrev [8] 0x71c:0xf DW_TAG_variable
	.long	.Ldebug_loc74                   @ DW_AT_location
	.long	.Linfo_string20                 @ DW_AT_name
	.byte	2                               @ DW_AT_decl_file
	.byte	247                             @ DW_AT_decl_line
	.long	61                              @ DW_AT_type
	.byte	10                              @ Abbrev [10] 0x72b:0x15 DW_TAG_lexical_block
	.long	.Ldebug_ranges16                @ DW_AT_ranges
	.byte	8                               @ Abbrev [8] 0x730:0xf DW_TAG_variable
	.long	.Ldebug_loc75                   @ DW_AT_location
	.long	.Linfo_string21                 @ DW_AT_name
	.byte	2                               @ DW_AT_decl_file
	.byte	248                             @ DW_AT_decl_line
	.long	1478                            @ DW_AT_type
	.byte	0                               @ End Of Children Mark
	.byte	0                               @ End Of Children Mark
	.byte	22                              @ Abbrev [22] 0x741:0x8d DW_TAG_inlined_subroutine
	.long	1255                            @ DW_AT_abstract_origin
	.long	.Ltmp517                        @ DW_AT_low_pc
	.long	.Ltmp546-.Ltmp517               @ DW_AT_high_pc
	.byte	2                               @ DW_AT_call_file
	.short	256                             @ DW_AT_call_line
	.byte	14                              @ DW_AT_call_column
	.byte	14                              @ Abbrev [14] 0x752:0x8 DW_TAG_formal_parameter
	.byte	2                               @ DW_AT_location
	.byte	145
	.byte	32
	.long	1271                            @ DW_AT_abstract_origin
	.byte	14                              @ Abbrev [14] 0x75a:0x8 DW_TAG_formal_parameter
	.byte	2                               @ DW_AT_location
	.byte	145
	.byte	24
	.long	1282                            @ DW_AT_abstract_origin
	.byte	14                              @ Abbrev [14] 0x762:0x7 DW_TAG_formal_parameter
	.byte	1                               @ DW_AT_location
	.byte	88
	.long	1315                            @ DW_AT_abstract_origin
	.byte	14                              @ Abbrev [14] 0x769:0x7 DW_TAG_formal_parameter
	.byte	1                               @ DW_AT_location
	.byte	80
	.long	1326                            @ DW_AT_abstract_origin
	.byte	14                              @ Abbrev [14] 0x770:0x7 DW_TAG_formal_parameter
	.byte	1                               @ DW_AT_location
	.byte	91
	.long	1348                            @ DW_AT_abstract_origin
	.byte	14                              @ Abbrev [14] 0x777:0x7 DW_TAG_formal_parameter
	.byte	1                               @ DW_AT_location
	.byte	89
	.long	1359                            @ DW_AT_abstract_origin
	.byte	15                              @ Abbrev [15] 0x77e:0x9 DW_TAG_variable
	.long	.Ldebug_loc59                   @ DW_AT_location
	.long	1370                            @ DW_AT_abstract_origin
	.byte	15                              @ Abbrev [15] 0x787:0x9 DW_TAG_variable
	.long	.Ldebug_loc64                   @ DW_AT_location
	.long	1381                            @ DW_AT_abstract_origin
	.byte	15                              @ Abbrev [15] 0x790:0x9 DW_TAG_variable
	.long	.Ldebug_loc76                   @ DW_AT_location
	.long	1392                            @ DW_AT_abstract_origin
	.byte	9                               @ Abbrev [9] 0x799:0x34 DW_TAG_lexical_block
	.long	.Ltmp523                        @ DW_AT_low_pc
	.long	.Ltmp545-.Ltmp523               @ DW_AT_high_pc
	.byte	15                              @ Abbrev [15] 0x7a2:0x9 DW_TAG_variable
	.long	.Ldebug_loc60                   @ DW_AT_location
	.long	1415                            @ DW_AT_abstract_origin
	.byte	15                              @ Abbrev [15] 0x7ab:0x9 DW_TAG_variable
	.long	.Ldebug_loc62                   @ DW_AT_location
	.long	1426                            @ DW_AT_abstract_origin
	.byte	15                              @ Abbrev [15] 0x7b4:0x9 DW_TAG_variable
	.long	.Ldebug_loc63                   @ DW_AT_location
	.long	1437                            @ DW_AT_abstract_origin
	.byte	10                              @ Abbrev [10] 0x7bd:0xf DW_TAG_lexical_block
	.long	.Ldebug_ranges17                @ DW_AT_ranges
	.byte	15                              @ Abbrev [15] 0x7c2:0x9 DW_TAG_variable
	.long	.Ldebug_loc61                   @ DW_AT_location
	.long	1449                            @ DW_AT_abstract_origin
	.byte	0                               @ End Of Children Mark
	.byte	0                               @ End Of Children Mark
	.byte	0                               @ End Of Children Mark
	.byte	9                               @ Abbrev [9] 0x7ce:0x46 DW_TAG_lexical_block
	.long	.Ltmp547                        @ DW_AT_low_pc
	.long	.Ltmp588-.Ltmp547               @ DW_AT_high_pc
	.byte	23                              @ Abbrev [23] 0x7d7:0x10 DW_TAG_variable
	.long	.Ldebug_loc77                   @ DW_AT_location
	.long	.Linfo_string18                 @ DW_AT_name
	.byte	2                               @ DW_AT_decl_file
	.short	267                             @ DW_AT_decl_line
	.long	1473                            @ DW_AT_type
	.byte	10                              @ Abbrev [10] 0x7e7:0x2c DW_TAG_lexical_block
	.long	.Ldebug_ranges18                @ DW_AT_ranges
	.byte	23                              @ Abbrev [23] 0x7ec:0x10 DW_TAG_variable
	.long	.Ldebug_loc78                   @ DW_AT_location
	.long	.Linfo_string20                 @ DW_AT_name
	.byte	2                               @ DW_AT_decl_file
	.short	268                             @ DW_AT_decl_line
	.long	61                              @ DW_AT_type
	.byte	10                              @ Abbrev [10] 0x7fc:0x16 DW_TAG_lexical_block
	.long	.Ldebug_ranges19                @ DW_AT_ranges
	.byte	23                              @ Abbrev [23] 0x801:0x10 DW_TAG_variable
	.long	.Ldebug_loc79                   @ DW_AT_location
	.long	.Linfo_string21                 @ DW_AT_name
	.byte	2                               @ DW_AT_decl_file
	.short	269                             @ DW_AT_decl_line
	.long	1478                            @ DW_AT_type
	.byte	0                               @ End Of Children Mark
	.byte	0                               @ End Of Children Mark
	.byte	0                               @ End Of Children Mark
	.byte	0                               @ End Of Children Mark
	.byte	12                              @ Abbrev [12] 0x815:0x9a DW_TAG_subprogram
	.long	.Lfunc_begin5                   @ DW_AT_low_pc
	.long	.Lfunc_end5-.Lfunc_begin5       @ DW_AT_high_pc
	.byte	1                               @ DW_AT_frame_base
	.byte	93
                                        @ DW_AT_GNU_all_call_sites
	.long	2223                            @ DW_AT_abstract_origin
	.byte	13                              @ Abbrev [13] 0x824:0x9 DW_TAG_formal_parameter
	.long	.Ldebug_loc80                   @ DW_AT_location
	.long	2240                            @ DW_AT_abstract_origin
	.byte	13                              @ Abbrev [13] 0x82d:0x9 DW_TAG_formal_parameter
	.long	.Ldebug_loc81                   @ DW_AT_location
	.long	2252                            @ DW_AT_abstract_origin
	.byte	13                              @ Abbrev [13] 0x836:0x9 DW_TAG_formal_parameter
	.long	.Ldebug_loc82                   @ DW_AT_location
	.long	2264                            @ DW_AT_abstract_origin
	.byte	13                              @ Abbrev [13] 0x83f:0x9 DW_TAG_formal_parameter
	.long	.Ldebug_loc83                   @ DW_AT_location
	.long	2276                            @ DW_AT_abstract_origin
	.byte	14                              @ Abbrev [14] 0x848:0x8 DW_TAG_formal_parameter
	.byte	2                               @ DW_AT_location
	.byte	145
	.byte	48
	.long	2288                            @ DW_AT_abstract_origin
	.byte	14                              @ Abbrev [14] 0x850:0x8 DW_TAG_formal_parameter
	.byte	2                               @ DW_AT_location
	.byte	145
	.byte	52
	.long	2300                            @ DW_AT_abstract_origin
	.byte	14                              @ Abbrev [14] 0x858:0x8 DW_TAG_formal_parameter
	.byte	2                               @ DW_AT_location
	.byte	145
	.byte	56
	.long	2312                            @ DW_AT_abstract_origin
	.byte	15                              @ Abbrev [15] 0x860:0x9 DW_TAG_variable
	.long	.Ldebug_loc84                   @ DW_AT_location
	.long	2324                            @ DW_AT_abstract_origin
	.byte	9                               @ Abbrev [9] 0x869:0x45 DW_TAG_lexical_block
	.long	.Ltmp599                        @ DW_AT_low_pc
	.long	.Ltmp632-.Ltmp599               @ DW_AT_high_pc
	.byte	24                              @ Abbrev [24] 0x872:0x7 DW_TAG_variable
	.byte	1                               @ DW_AT_location
	.byte	84
	.long	2337                            @ DW_AT_abstract_origin
	.byte	9                               @ Abbrev [9] 0x879:0x34 DW_TAG_lexical_block
	.long	.Ltmp604                        @ DW_AT_low_pc
	.long	.Ltmp632-.Ltmp604               @ DW_AT_high_pc
	.byte	15                              @ Abbrev [15] 0x882:0x9 DW_TAG_variable
	.long	.Ldebug_loc85                   @ DW_AT_location
	.long	2350                            @ DW_AT_abstract_origin
	.byte	15                              @ Abbrev [15] 0x88b:0x9 DW_TAG_variable
	.long	.Ldebug_loc86                   @ DW_AT_location
	.long	2362                            @ DW_AT_abstract_origin
	.byte	15                              @ Abbrev [15] 0x894:0x9 DW_TAG_variable
	.long	.Ldebug_loc87                   @ DW_AT_location
	.long	2374                            @ DW_AT_abstract_origin
	.byte	10                              @ Abbrev [10] 0x89d:0xf DW_TAG_lexical_block
	.long	.Ldebug_ranges20                @ DW_AT_ranges
	.byte	15                              @ Abbrev [15] 0x8a2:0x9 DW_TAG_variable
	.long	.Ldebug_loc88                   @ DW_AT_location
	.long	2387                            @ DW_AT_abstract_origin
	.byte	0                               @ End Of Children Mark
	.byte	0                               @ End Of Children Mark
	.byte	0                               @ End Of Children Mark
	.byte	0                               @ End Of Children Mark
	.byte	25                              @ Abbrev [25] 0x8af:0xb4 DW_TAG_subprogram
	.long	.Linfo_string32                 @ DW_AT_linkage_name
	.long	.Linfo_string33                 @ DW_AT_name
	.byte	2                               @ DW_AT_decl_file
	.short	283                             @ DW_AT_decl_line
	.long	84                              @ DW_AT_type
                                        @ DW_AT_external
	.byte	1                               @ DW_AT_inline
	.byte	26                              @ Abbrev [26] 0x8c0:0xc DW_TAG_formal_parameter
	.long	.Linfo_string13                 @ DW_AT_name
	.byte	2                               @ DW_AT_decl_file
	.short	284                             @ DW_AT_decl_line
	.long	1250                            @ DW_AT_type
	.byte	26                              @ Abbrev [26] 0x8cc:0xc DW_TAG_formal_parameter
	.long	.Linfo_string24                 @ DW_AT_name
	.byte	2                               @ DW_AT_decl_file
	.short	284                             @ DW_AT_decl_line
	.long	1463                            @ DW_AT_type
	.byte	26                              @ Abbrev [26] 0x8d8:0xc DW_TAG_formal_parameter
	.long	.Linfo_string34                 @ DW_AT_name
	.byte	2                               @ DW_AT_decl_file
	.short	285                             @ DW_AT_decl_line
	.long	1250                            @ DW_AT_type
	.byte	26                              @ Abbrev [26] 0x8e4:0xc DW_TAG_formal_parameter
	.long	.Linfo_string35                 @ DW_AT_name
	.byte	2                               @ DW_AT_decl_file
	.short	286                             @ DW_AT_decl_line
	.long	79                              @ DW_AT_type
	.byte	26                              @ Abbrev [26] 0x8f0:0xc DW_TAG_formal_parameter
	.long	.Linfo_string36                 @ DW_AT_name
	.byte	2                               @ DW_AT_decl_file
	.short	286                             @ DW_AT_decl_line
	.long	79                              @ DW_AT_type
	.byte	26                              @ Abbrev [26] 0x8fc:0xc DW_TAG_formal_parameter
	.long	.Linfo_string17                 @ DW_AT_name
	.byte	2                               @ DW_AT_decl_file
	.short	286                             @ DW_AT_decl_line
	.long	79                              @ DW_AT_type
	.byte	26                              @ Abbrev [26] 0x908:0xc DW_TAG_formal_parameter
	.long	.Linfo_string28                 @ DW_AT_name
	.byte	2                               @ DW_AT_decl_file
	.short	286                             @ DW_AT_decl_line
	.long	102                             @ DW_AT_type
	.byte	27                              @ Abbrev [27] 0x914:0xc DW_TAG_variable
	.long	.Linfo_string27                 @ DW_AT_name
	.byte	2                               @ DW_AT_decl_file
	.short	288                             @ DW_AT_decl_line
	.long	79                              @ DW_AT_type
	.byte	19                              @ Abbrev [19] 0x920:0x42 DW_TAG_lexical_block
	.byte	27                              @ Abbrev [27] 0x921:0xc DW_TAG_variable
	.long	.Linfo_string37                 @ DW_AT_name
	.byte	2                               @ DW_AT_decl_file
	.short	292                             @ DW_AT_decl_line
	.long	79                              @ DW_AT_type
	.byte	19                              @ Abbrev [19] 0x92d:0x34 DW_TAG_lexical_block
	.byte	27                              @ Abbrev [27] 0x92e:0xc DW_TAG_variable
	.long	.Linfo_string31                 @ DW_AT_name
	.byte	2                               @ DW_AT_decl_file
	.short	293                             @ DW_AT_decl_line
	.long	84                              @ DW_AT_type
	.byte	27                              @ Abbrev [27] 0x93a:0xc DW_TAG_variable
	.long	.Linfo_string20                 @ DW_AT_name
	.byte	2                               @ DW_AT_decl_file
	.short	294                             @ DW_AT_decl_line
	.long	61                              @ DW_AT_type
	.byte	27                              @ Abbrev [27] 0x946:0xc DW_TAG_variable
	.long	.Linfo_string21                 @ DW_AT_name
	.byte	2                               @ DW_AT_decl_file
	.short	293                             @ DW_AT_decl_line
	.long	84                              @ DW_AT_type
	.byte	19                              @ Abbrev [19] 0x952:0xe DW_TAG_lexical_block
	.byte	27                              @ Abbrev [27] 0x953:0xc DW_TAG_variable
	.long	.Linfo_string38                 @ DW_AT_name
	.byte	2                               @ DW_AT_decl_file
	.short	307                             @ DW_AT_decl_line
	.long	84                              @ DW_AT_type
	.byte	0                               @ End Of Children Mark
	.byte	0                               @ End Of Children Mark
	.byte	0                               @ End Of Children Mark
	.byte	0                               @ End Of Children Mark
	.byte	28                              @ Abbrev [28] 0x963:0x136 DW_TAG_subprogram
	.long	.Lfunc_begin6                   @ DW_AT_low_pc
	.long	.Lfunc_end6-.Lfunc_begin6       @ DW_AT_high_pc
	.byte	1                               @ DW_AT_frame_base
	.byte	93
                                        @ DW_AT_GNU_all_call_sites
	.long	.Linfo_string243                @ DW_AT_linkage_name
	.long	.Linfo_string244                @ DW_AT_name
	.byte	2                               @ DW_AT_decl_file
	.short	321                             @ DW_AT_decl_line
	.long	95                              @ DW_AT_type
                                        @ DW_AT_external
	.byte	29                              @ Abbrev [29] 0x97d:0x10 DW_TAG_formal_parameter
	.long	.Ldebug_loc89                   @ DW_AT_location
	.long	.Linfo_string13                 @ DW_AT_name
	.byte	2                               @ DW_AT_decl_file
	.short	322                             @ DW_AT_decl_line
	.long	1250                            @ DW_AT_type
	.byte	29                              @ Abbrev [29] 0x98d:0x10 DW_TAG_formal_parameter
	.long	.Ldebug_loc90                   @ DW_AT_location
	.long	.Linfo_string24                 @ DW_AT_name
	.byte	2                               @ DW_AT_decl_file
	.short	322                             @ DW_AT_decl_line
	.long	1463                            @ DW_AT_type
	.byte	29                              @ Abbrev [29] 0x99d:0x10 DW_TAG_formal_parameter
	.long	.Ldebug_loc91                   @ DW_AT_location
	.long	.Linfo_string36                 @ DW_AT_name
	.byte	2                               @ DW_AT_decl_file
	.short	323                             @ DW_AT_decl_line
	.long	79                              @ DW_AT_type
	.byte	29                              @ Abbrev [29] 0x9ad:0x10 DW_TAG_formal_parameter
	.long	.Ldebug_loc92                   @ DW_AT_location
	.long	.Linfo_string17                 @ DW_AT_name
	.byte	2                               @ DW_AT_decl_file
	.short	323                             @ DW_AT_decl_line
	.long	79                              @ DW_AT_type
	.byte	23                              @ Abbrev [23] 0x9bd:0x10 DW_TAG_variable
	.long	.Ldebug_loc93                   @ DW_AT_location
	.long	.Linfo_string35                 @ DW_AT_name
	.byte	2                               @ DW_AT_decl_file
	.short	326                             @ DW_AT_decl_line
	.long	79                              @ DW_AT_type
	.byte	23                              @ Abbrev [23] 0x9cd:0x10 DW_TAG_variable
	.long	.Ldebug_loc94                   @ DW_AT_location
	.long	.Linfo_string28                 @ DW_AT_name
	.byte	2                               @ DW_AT_decl_file
	.short	327                             @ DW_AT_decl_line
	.long	102                             @ DW_AT_type
	.byte	23                              @ Abbrev [23] 0x9dd:0x10 DW_TAG_variable
	.long	.Ldebug_loc95                   @ DW_AT_location
	.long	.Linfo_string31                 @ DW_AT_name
	.byte	2                               @ DW_AT_decl_file
	.short	332                             @ DW_AT_decl_line
	.long	95                              @ DW_AT_type
	.byte	23                              @ Abbrev [23] 0x9ed:0x10 DW_TAG_variable
	.long	.Ldebug_loc96                   @ DW_AT_location
	.long	.Linfo_string262                @ DW_AT_name
	.byte	2                               @ DW_AT_decl_file
	.short	325                             @ DW_AT_decl_line
	.long	95                              @ DW_AT_type
	.byte	30                              @ Abbrev [30] 0x9fd:0x9b DW_TAG_inlined_subroutine
	.long	2223                            @ DW_AT_abstract_origin
	.long	.Ldebug_ranges21                @ DW_AT_ranges
	.byte	2                               @ DW_AT_call_file
	.short	338                             @ DW_AT_call_line
	.byte	9                               @ DW_AT_call_column
	.byte	13                              @ Abbrev [13] 0xa0a:0x9 DW_TAG_formal_parameter
	.long	.Ldebug_loc97                   @ DW_AT_location
	.long	2240                            @ DW_AT_abstract_origin
	.byte	13                              @ Abbrev [13] 0xa13:0x9 DW_TAG_formal_parameter
	.long	.Ldebug_loc98                   @ DW_AT_location
	.long	2252                            @ DW_AT_abstract_origin
	.byte	13                              @ Abbrev [13] 0xa1c:0x9 DW_TAG_formal_parameter
	.long	.Ldebug_loc99                   @ DW_AT_location
	.long	2264                            @ DW_AT_abstract_origin
	.byte	13                              @ Abbrev [13] 0xa25:0x9 DW_TAG_formal_parameter
	.long	.Ldebug_loc100                  @ DW_AT_location
	.long	2276                            @ DW_AT_abstract_origin
	.byte	13                              @ Abbrev [13] 0xa2e:0x9 DW_TAG_formal_parameter
	.long	.Ldebug_loc101                  @ DW_AT_location
	.long	2288                            @ DW_AT_abstract_origin
	.byte	13                              @ Abbrev [13] 0xa37:0x9 DW_TAG_formal_parameter
	.long	.Ldebug_loc102                  @ DW_AT_location
	.long	2300                            @ DW_AT_abstract_origin
	.byte	13                              @ Abbrev [13] 0xa40:0x9 DW_TAG_formal_parameter
	.long	.Ldebug_loc103                  @ DW_AT_location
	.long	2312                            @ DW_AT_abstract_origin
	.byte	15                              @ Abbrev [15] 0xa49:0x9 DW_TAG_variable
	.long	.Ldebug_loc104                  @ DW_AT_location
	.long	2324                            @ DW_AT_abstract_origin
	.byte	9                               @ Abbrev [9] 0xa52:0x45 DW_TAG_lexical_block
	.long	.Ltmp666                        @ DW_AT_low_pc
	.long	.Ltmp696-.Ltmp666               @ DW_AT_high_pc
	.byte	24                              @ Abbrev [24] 0xa5b:0x7 DW_TAG_variable
	.byte	1                               @ DW_AT_location
	.byte	85
	.long	2337                            @ DW_AT_abstract_origin
	.byte	9                               @ Abbrev [9] 0xa62:0x34 DW_TAG_lexical_block
	.long	.Ltmp668                        @ DW_AT_low_pc
	.long	.Ltmp696-.Ltmp668               @ DW_AT_high_pc
	.byte	15                              @ Abbrev [15] 0xa6b:0x9 DW_TAG_variable
	.long	.Ldebug_loc105                  @ DW_AT_location
	.long	2350                            @ DW_AT_abstract_origin
	.byte	15                              @ Abbrev [15] 0xa74:0x9 DW_TAG_variable
	.long	.Ldebug_loc106                  @ DW_AT_location
	.long	2362                            @ DW_AT_abstract_origin
	.byte	15                              @ Abbrev [15] 0xa7d:0x9 DW_TAG_variable
	.long	.Ldebug_loc107                  @ DW_AT_location
	.long	2374                            @ DW_AT_abstract_origin
	.byte	10                              @ Abbrev [10] 0xa86:0xf DW_TAG_lexical_block
	.long	.Ldebug_ranges22                @ DW_AT_ranges
	.byte	15                              @ Abbrev [15] 0xa8b:0x9 DW_TAG_variable
	.long	.Ldebug_loc108                  @ DW_AT_location
	.long	2387                            @ DW_AT_abstract_origin
	.byte	0                               @ End Of Children Mark
	.byte	0                               @ End Of Children Mark
	.byte	0                               @ End Of Children Mark
	.byte	0                               @ End Of Children Mark
	.byte	0                               @ End Of Children Mark
	.byte	3                               @ Abbrev [3] 0xa99:0xb DW_TAG_typedef
	.long	72                              @ DW_AT_type
	.long	.Linfo_string39                 @ DW_AT_name
	.byte	3                               @ DW_AT_decl_file
	.byte	53                              @ DW_AT_decl_line
	.byte	31                              @ Abbrev [31] 0xaa4:0x8 DW_TAG_imported_declaration
	.byte	3                               @ DW_AT_decl_file
	.short	942                             @ DW_AT_decl_line
	.long	2713                            @ DW_AT_import
	.byte	3                               @ Abbrev [3] 0xaac:0xb DW_TAG_typedef
	.long	2743                            @ DW_AT_type
	.long	.Linfo_string41                 @ DW_AT_name
	.byte	3                               @ DW_AT_decl_file
	.byte	97                              @ DW_AT_decl_line
	.byte	32                              @ Abbrev [32] 0xab7:0x5 DW_TAG_structure_type
	.long	.Linfo_string40                 @ DW_AT_name
                                        @ DW_AT_declaration
	.byte	31                              @ Abbrev [31] 0xabc:0x8 DW_TAG_imported_declaration
	.byte	3                               @ DW_AT_decl_file
	.short	943                             @ DW_AT_decl_line
	.long	2732                            @ DW_AT_import
	.byte	3                               @ Abbrev [3] 0xac4:0xb DW_TAG_typedef
	.long	2767                            @ DW_AT_type
	.long	.Linfo_string43                 @ DW_AT_name
	.byte	3                               @ DW_AT_decl_file
	.byte	108                             @ DW_AT_decl_line
	.byte	32                              @ Abbrev [32] 0xacf:0x5 DW_TAG_structure_type
	.long	.Linfo_string42                 @ DW_AT_name
                                        @ DW_AT_declaration
	.byte	31                              @ Abbrev [31] 0xad4:0x8 DW_TAG_imported_declaration
	.byte	3                               @ DW_AT_decl_file
	.short	944                             @ DW_AT_decl_line
	.long	2756                            @ DW_AT_import
	.byte	33                              @ Abbrev [33] 0xadc:0x11 DW_TAG_subprogram
	.long	.Linfo_string44                 @ DW_AT_name
	.byte	3                               @ DW_AT_decl_file
	.byte	224                             @ DW_AT_decl_line
	.long	95                              @ DW_AT_type
                                        @ DW_AT_declaration
                                        @ DW_AT_external
	.byte	34                              @ Abbrev [34] 0xae7:0x5 DW_TAG_formal_parameter
	.long	2797                            @ DW_AT_type
	.byte	0                               @ End Of Children Mark
	.byte	2                               @ Abbrev [2] 0xaed:0x5 DW_TAG_pointer_type
	.long	2802                            @ DW_AT_type
	.byte	20                              @ Abbrev [20] 0xaf2:0x5 DW_TAG_const_type
	.long	54                              @ DW_AT_type
	.byte	31                              @ Abbrev [31] 0xaf7:0x8 DW_TAG_imported_declaration
	.byte	3                               @ DW_AT_decl_file
	.short	945                             @ DW_AT_decl_line
	.long	2780                            @ DW_AT_import
	.byte	33                              @ Abbrev [33] 0xaff:0x16 DW_TAG_subprogram
	.long	.Linfo_string45                 @ DW_AT_name
	.byte	3                               @ DW_AT_decl_file
	.byte	232                             @ DW_AT_decl_line
	.long	95                              @ DW_AT_type
                                        @ DW_AT_declaration
                                        @ DW_AT_external
	.byte	34                              @ Abbrev [34] 0xb0a:0x5 DW_TAG_formal_parameter
	.long	2797                            @ DW_AT_type
	.byte	34                              @ Abbrev [34] 0xb0f:0x5 DW_TAG_formal_parameter
	.long	2797                            @ DW_AT_type
	.byte	0                               @ End Of Children Mark
	.byte	31                              @ Abbrev [31] 0xb15:0x8 DW_TAG_imported_declaration
	.byte	3                               @ DW_AT_decl_file
	.short	946                             @ DW_AT_decl_line
	.long	2815                            @ DW_AT_import
	.byte	35                              @ Abbrev [35] 0xb1d:0xb DW_TAG_subprogram
	.long	.Linfo_string46                 @ DW_AT_name
	.byte	3                               @ DW_AT_decl_file
	.byte	243                             @ DW_AT_decl_line
	.long	2856                            @ DW_AT_type
                                        @ DW_AT_declaration
                                        @ DW_AT_external
	.byte	2                               @ Abbrev [2] 0xb28:0x5 DW_TAG_pointer_type
	.long	2756                            @ DW_AT_type
	.byte	31                              @ Abbrev [31] 0xb2d:0x8 DW_TAG_imported_declaration
	.byte	3                               @ DW_AT_decl_file
	.short	947                             @ DW_AT_decl_line
	.long	2845                            @ DW_AT_import
	.byte	33                              @ Abbrev [33] 0xb35:0x11 DW_TAG_subprogram
	.long	.Linfo_string47                 @ DW_AT_name
	.byte	3                               @ DW_AT_decl_file
	.byte	250                             @ DW_AT_decl_line
	.long	2886                            @ DW_AT_type
                                        @ DW_AT_declaration
                                        @ DW_AT_external
	.byte	34                              @ Abbrev [34] 0xb40:0x5 DW_TAG_formal_parameter
	.long	2886                            @ DW_AT_type
	.byte	0                               @ End Of Children Mark
	.byte	2                               @ Abbrev [2] 0xb46:0x5 DW_TAG_pointer_type
	.long	54                              @ DW_AT_type
	.byte	31                              @ Abbrev [31] 0xb4b:0x8 DW_TAG_imported_declaration
	.byte	3                               @ DW_AT_decl_file
	.short	948                             @ DW_AT_decl_line
	.long	2869                            @ DW_AT_import
	.byte	36                              @ Abbrev [36] 0xb53:0x12 DW_TAG_subprogram
	.long	.Linfo_string48                 @ DW_AT_name
	.byte	3                               @ DW_AT_decl_file
	.short	265                             @ DW_AT_decl_line
	.long	95                              @ DW_AT_type
                                        @ DW_AT_declaration
                                        @ DW_AT_external
	.byte	34                              @ Abbrev [34] 0xb5f:0x5 DW_TAG_formal_parameter
	.long	2856                            @ DW_AT_type
	.byte	0                               @ End Of Children Mark
	.byte	31                              @ Abbrev [31] 0xb65:0x8 DW_TAG_imported_declaration
	.byte	3                               @ DW_AT_decl_file
	.short	949                             @ DW_AT_decl_line
	.long	2899                            @ DW_AT_import
	.byte	36                              @ Abbrev [36] 0xb6d:0x12 DW_TAG_subprogram
	.long	.Linfo_string49                 @ DW_AT_name
	.byte	3                               @ DW_AT_decl_file
	.short	275                             @ DW_AT_decl_line
	.long	95                              @ DW_AT_type
                                        @ DW_AT_declaration
                                        @ DW_AT_external
	.byte	34                              @ Abbrev [34] 0xb79:0x5 DW_TAG_formal_parameter
	.long	2856                            @ DW_AT_type
	.byte	0                               @ End Of Children Mark
	.byte	31                              @ Abbrev [31] 0xb7f:0x8 DW_TAG_imported_declaration
	.byte	3                               @ DW_AT_decl_file
	.short	950                             @ DW_AT_decl_line
	.long	2925                            @ DW_AT_import
	.byte	36                              @ Abbrev [36] 0xb87:0x17 DW_TAG_subprogram
	.long	.Linfo_string50                 @ DW_AT_name
	.byte	3                               @ DW_AT_decl_file
	.short	285                             @ DW_AT_decl_line
	.long	2856                            @ DW_AT_type
                                        @ DW_AT_declaration
                                        @ DW_AT_external
	.byte	34                              @ Abbrev [34] 0xb93:0x5 DW_TAG_formal_parameter
	.long	2974                            @ DW_AT_type
	.byte	34                              @ Abbrev [34] 0xb98:0x5 DW_TAG_formal_parameter
	.long	2974                            @ DW_AT_type
	.byte	0                               @ End Of Children Mark
	.byte	37                              @ Abbrev [37] 0xb9e:0x5 DW_TAG_restrict_type
	.long	2797                            @ DW_AT_type
	.byte	31                              @ Abbrev [31] 0xba3:0x8 DW_TAG_imported_declaration
	.byte	3                               @ DW_AT_decl_file
	.short	951                             @ DW_AT_decl_line
	.long	2951                            @ DW_AT_import
	.byte	36                              @ Abbrev [36] 0xbab:0x1c DW_TAG_subprogram
	.long	.Linfo_string51                 @ DW_AT_name
	.byte	3                               @ DW_AT_decl_file
	.short	329                             @ DW_AT_decl_line
	.long	2856                            @ DW_AT_type
                                        @ DW_AT_declaration
                                        @ DW_AT_external
	.byte	34                              @ Abbrev [34] 0xbb7:0x5 DW_TAG_formal_parameter
	.long	2974                            @ DW_AT_type
	.byte	34                              @ Abbrev [34] 0xbbc:0x5 DW_TAG_formal_parameter
	.long	2974                            @ DW_AT_type
	.byte	34                              @ Abbrev [34] 0xbc1:0x5 DW_TAG_formal_parameter
	.long	3015                            @ DW_AT_type
	.byte	0                               @ End Of Children Mark
	.byte	37                              @ Abbrev [37] 0xbc7:0x5 DW_TAG_restrict_type
	.long	2856                            @ DW_AT_type
	.byte	31                              @ Abbrev [31] 0xbcc:0x8 DW_TAG_imported_declaration
	.byte	3                               @ DW_AT_decl_file
	.short	952                             @ DW_AT_decl_line
	.long	2987                            @ DW_AT_import
	.byte	38                              @ Abbrev [38] 0xbd4:0x13 DW_TAG_subprogram
	.long	.Linfo_string52                 @ DW_AT_name
	.byte	3                               @ DW_AT_decl_file
	.short	342                             @ DW_AT_decl_line
                                        @ DW_AT_declaration
                                        @ DW_AT_external
	.byte	34                              @ Abbrev [34] 0xbdc:0x5 DW_TAG_formal_parameter
	.long	3015                            @ DW_AT_type
	.byte	34                              @ Abbrev [34] 0xbe1:0x5 DW_TAG_formal_parameter
	.long	3047                            @ DW_AT_type
	.byte	0                               @ End Of Children Mark
	.byte	37                              @ Abbrev [37] 0xbe7:0x5 DW_TAG_restrict_type
	.long	2886                            @ DW_AT_type
	.byte	31                              @ Abbrev [31] 0xbec:0x8 DW_TAG_imported_declaration
	.byte	3                               @ DW_AT_decl_file
	.short	953                             @ DW_AT_decl_line
	.long	3028                            @ DW_AT_import
	.byte	36                              @ Abbrev [36] 0xbf4:0x21 DW_TAG_subprogram
	.long	.Linfo_string53                 @ DW_AT_name
	.byte	3                               @ DW_AT_decl_file
	.short	350                             @ DW_AT_decl_line
	.long	95                              @ DW_AT_type
                                        @ DW_AT_declaration
                                        @ DW_AT_external
	.byte	34                              @ Abbrev [34] 0xc00:0x5 DW_TAG_formal_parameter
	.long	3015                            @ DW_AT_type
	.byte	34                              @ Abbrev [34] 0xc05:0x5 DW_TAG_formal_parameter
	.long	3047                            @ DW_AT_type
	.byte	34                              @ Abbrev [34] 0xc0a:0x5 DW_TAG_formal_parameter
	.long	95                              @ DW_AT_type
	.byte	34                              @ Abbrev [34] 0xc0f:0x5 DW_TAG_formal_parameter
	.long	2713                            @ DW_AT_type
	.byte	0                               @ End Of Children Mark
	.byte	31                              @ Abbrev [31] 0xc15:0x8 DW_TAG_imported_declaration
	.byte	3                               @ DW_AT_decl_file
	.short	954                             @ DW_AT_decl_line
	.long	3060                            @ DW_AT_import
	.byte	36                              @ Abbrev [36] 0xc1d:0x18 DW_TAG_subprogram
	.long	.Linfo_string54                 @ DW_AT_name
	.byte	3                               @ DW_AT_decl_file
	.short	371                             @ DW_AT_decl_line
	.long	95                              @ DW_AT_type
                                        @ DW_AT_declaration
                                        @ DW_AT_external
	.byte	34                              @ Abbrev [34] 0xc29:0x5 DW_TAG_formal_parameter
	.long	3015                            @ DW_AT_type
	.byte	34                              @ Abbrev [34] 0xc2e:0x5 DW_TAG_formal_parameter
	.long	2974                            @ DW_AT_type
	.byte	39                              @ Abbrev [39] 0xc33:0x1 DW_TAG_unspecified_parameters
	.byte	0                               @ End Of Children Mark
	.byte	31                              @ Abbrev [31] 0xc35:0x8 DW_TAG_imported_declaration
	.byte	3                               @ DW_AT_decl_file
	.short	955                             @ DW_AT_decl_line
	.long	3101                            @ DW_AT_import
	.byte	36                              @ Abbrev [36] 0xc3d:0x18 DW_TAG_subprogram
	.long	.Linfo_string55                 @ DW_AT_name
	.byte	3                               @ DW_AT_decl_file
	.short	394                             @ DW_AT_decl_line
	.long	95                              @ DW_AT_type
                                        @ DW_AT_declaration
                                        @ DW_AT_external
	.byte	34                              @ Abbrev [34] 0xc49:0x5 DW_TAG_formal_parameter
	.long	3015                            @ DW_AT_type
	.byte	34                              @ Abbrev [34] 0xc4e:0x5 DW_TAG_formal_parameter
	.long	2974                            @ DW_AT_type
	.byte	39                              @ Abbrev [39] 0xc53:0x1 DW_TAG_unspecified_parameters
	.byte	0                               @ End Of Children Mark
	.byte	31                              @ Abbrev [31] 0xc55:0x8 DW_TAG_imported_declaration
	.byte	3                               @ DW_AT_decl_file
	.short	956                             @ DW_AT_decl_line
	.long	3133                            @ DW_AT_import
	.byte	36                              @ Abbrev [36] 0xc5d:0x13 DW_TAG_subprogram
	.long	.Linfo_string56                 @ DW_AT_name
	.byte	3                               @ DW_AT_decl_file
	.short	402                             @ DW_AT_decl_line
	.long	95                              @ DW_AT_type
                                        @ DW_AT_declaration
                                        @ DW_AT_external
	.byte	34                              @ Abbrev [34] 0xc69:0x5 DW_TAG_formal_parameter
	.long	2974                            @ DW_AT_type
	.byte	39                              @ Abbrev [39] 0xc6e:0x1 DW_TAG_unspecified_parameters
	.byte	0                               @ End Of Children Mark
	.byte	31                              @ Abbrev [31] 0xc70:0x8 DW_TAG_imported_declaration
	.byte	3                               @ DW_AT_decl_file
	.short	957                             @ DW_AT_decl_line
	.long	3165                            @ DW_AT_import
	.byte	36                              @ Abbrev [36] 0xc78:0x13 DW_TAG_subprogram
	.long	.Linfo_string57                 @ DW_AT_name
	.byte	3                               @ DW_AT_decl_file
	.short	410                             @ DW_AT_decl_line
	.long	95                              @ DW_AT_type
                                        @ DW_AT_declaration
                                        @ DW_AT_external
	.byte	34                              @ Abbrev [34] 0xc84:0x5 DW_TAG_formal_parameter
	.long	2974                            @ DW_AT_type
	.byte	39                              @ Abbrev [39] 0xc89:0x1 DW_TAG_unspecified_parameters
	.byte	0                               @ End Of Children Mark
	.byte	31                              @ Abbrev [31] 0xc8b:0x8 DW_TAG_imported_declaration
	.byte	3                               @ DW_AT_decl_file
	.short	958                             @ DW_AT_decl_line
	.long	3192                            @ DW_AT_import
	.byte	36                              @ Abbrev [36] 0xc93:0x18 DW_TAG_subprogram
	.long	.Linfo_string58                 @ DW_AT_name
	.byte	3                               @ DW_AT_decl_file
	.short	417                             @ DW_AT_decl_line
	.long	95                              @ DW_AT_type
                                        @ DW_AT_declaration
                                        @ DW_AT_external
	.byte	34                              @ Abbrev [34] 0xc9f:0x5 DW_TAG_formal_parameter
	.long	3047                            @ DW_AT_type
	.byte	34                              @ Abbrev [34] 0xca4:0x5 DW_TAG_formal_parameter
	.long	2974                            @ DW_AT_type
	.byte	39                              @ Abbrev [39] 0xca9:0x1 DW_TAG_unspecified_parameters
	.byte	0                               @ End Of Children Mark
	.byte	31                              @ Abbrev [31] 0xcab:0x8 DW_TAG_imported_declaration
	.byte	3                               @ DW_AT_decl_file
	.short	959                             @ DW_AT_decl_line
	.long	3219                            @ DW_AT_import
	.byte	36                              @ Abbrev [36] 0xcb3:0x18 DW_TAG_subprogram
	.long	.Linfo_string59                 @ DW_AT_name
	.byte	3                               @ DW_AT_decl_file
	.short	427                             @ DW_AT_decl_line
	.long	95                              @ DW_AT_type
                                        @ DW_AT_declaration
                                        @ DW_AT_external
	.byte	34                              @ Abbrev [34] 0xcbf:0x5 DW_TAG_formal_parameter
	.long	3047                            @ DW_AT_type
	.byte	34                              @ Abbrev [34] 0xcc4:0x5 DW_TAG_formal_parameter
	.long	2974                            @ DW_AT_type
	.byte	39                              @ Abbrev [39] 0xcc9:0x1 DW_TAG_unspecified_parameters
	.byte	0                               @ End Of Children Mark
	.byte	31                              @ Abbrev [31] 0xccb:0x8 DW_TAG_imported_declaration
	.byte	3                               @ DW_AT_decl_file
	.short	960                             @ DW_AT_decl_line
	.long	3251                            @ DW_AT_import
	.byte	36                              @ Abbrev [36] 0xcd3:0x1d DW_TAG_subprogram
	.long	.Linfo_string60                 @ DW_AT_name
	.byte	3                               @ DW_AT_decl_file
	.short	440                             @ DW_AT_decl_line
	.long	95                              @ DW_AT_type
                                        @ DW_AT_declaration
                                        @ DW_AT_external
	.byte	34                              @ Abbrev [34] 0xcdf:0x5 DW_TAG_formal_parameter
	.long	3047                            @ DW_AT_type
	.byte	34                              @ Abbrev [34] 0xce4:0x5 DW_TAG_formal_parameter
	.long	2713                            @ DW_AT_type
	.byte	34                              @ Abbrev [34] 0xce9:0x5 DW_TAG_formal_parameter
	.long	2974                            @ DW_AT_type
	.byte	39                              @ Abbrev [39] 0xcee:0x1 DW_TAG_unspecified_parameters
	.byte	0                               @ End Of Children Mark
	.byte	31                              @ Abbrev [31] 0xcf0:0x8 DW_TAG_imported_declaration
	.byte	3                               @ DW_AT_decl_file
	.short	961                             @ DW_AT_decl_line
	.long	3283                            @ DW_AT_import
	.byte	36                              @ Abbrev [36] 0xcf8:0x21 DW_TAG_subprogram
	.long	.Linfo_string61                 @ DW_AT_name
	.byte	3                               @ DW_AT_decl_file
	.short	597                             @ DW_AT_decl_line
	.long	95                              @ DW_AT_type
                                        @ DW_AT_declaration
                                        @ DW_AT_external
	.byte	34                              @ Abbrev [34] 0xd04:0x5 DW_TAG_formal_parameter
	.long	3047                            @ DW_AT_type
	.byte	34                              @ Abbrev [34] 0xd09:0x5 DW_TAG_formal_parameter
	.long	2713                            @ DW_AT_type
	.byte	34                              @ Abbrev [34] 0xd0e:0x5 DW_TAG_formal_parameter
	.long	2974                            @ DW_AT_type
	.byte	34                              @ Abbrev [34] 0xd13:0x5 DW_TAG_formal_parameter
	.long	3353                            @ DW_AT_type
	.byte	0                               @ End Of Children Mark
	.byte	3                               @ Abbrev [3] 0xd19:0xb DW_TAG_typedef
	.long	3364                            @ DW_AT_type
	.long	.Linfo_string63                 @ DW_AT_name
	.byte	3                               @ DW_AT_decl_file
	.byte	68                              @ DW_AT_decl_line
	.byte	40                              @ Abbrev [40] 0xd24:0x9 DW_TAG_typedef
	.long	3378                            @ DW_AT_type
	.long	.Linfo_string64                 @ DW_AT_name
	.byte	41                              @ Abbrev [41] 0xd2d:0xb DW_TAG_namespace
	.long	.Linfo_string62                 @ DW_AT_name
	.byte	32                              @ Abbrev [32] 0xd32:0x5 DW_TAG_structure_type
	.long	.Linfo_string63                 @ DW_AT_name
                                        @ DW_AT_declaration
	.byte	0                               @ End Of Children Mark
	.byte	31                              @ Abbrev [31] 0xd38:0x8 DW_TAG_imported_declaration
	.byte	3                               @ DW_AT_decl_file
	.short	962                             @ DW_AT_decl_line
	.long	3320                            @ DW_AT_import
	.byte	36                              @ Abbrev [36] 0xd40:0x1c DW_TAG_subprogram
	.long	.Linfo_string65                 @ DW_AT_name
	.byte	3                               @ DW_AT_decl_file
	.short	551                             @ DW_AT_decl_line
	.long	95                              @ DW_AT_type
                                        @ DW_AT_declaration
                                        @ DW_AT_external
	.byte	34                              @ Abbrev [34] 0xd4c:0x5 DW_TAG_formal_parameter
	.long	3015                            @ DW_AT_type
	.byte	34                              @ Abbrev [34] 0xd51:0x5 DW_TAG_formal_parameter
	.long	2974                            @ DW_AT_type
	.byte	34                              @ Abbrev [34] 0xd56:0x5 DW_TAG_formal_parameter
	.long	3353                            @ DW_AT_type
	.byte	0                               @ End Of Children Mark
	.byte	31                              @ Abbrev [31] 0xd5c:0x8 DW_TAG_imported_declaration
	.byte	3                               @ DW_AT_decl_file
	.short	963                             @ DW_AT_decl_line
	.long	3392                            @ DW_AT_import
	.byte	36                              @ Abbrev [36] 0xd64:0x17 DW_TAG_subprogram
	.long	.Linfo_string66                 @ DW_AT_name
	.byte	3                               @ DW_AT_decl_file
	.short	552                             @ DW_AT_decl_line
	.long	95                              @ DW_AT_type
                                        @ DW_AT_declaration
                                        @ DW_AT_external
	.byte	34                              @ Abbrev [34] 0xd70:0x5 DW_TAG_formal_parameter
	.long	2974                            @ DW_AT_type
	.byte	34                              @ Abbrev [34] 0xd75:0x5 DW_TAG_formal_parameter
	.long	3353                            @ DW_AT_type
	.byte	0                               @ End Of Children Mark
	.byte	31                              @ Abbrev [31] 0xd7b:0x8 DW_TAG_imported_declaration
	.byte	3                               @ DW_AT_decl_file
	.short	964                             @ DW_AT_decl_line
	.long	3428                            @ DW_AT_import
	.byte	36                              @ Abbrev [36] 0xd83:0x1c DW_TAG_subprogram
	.long	.Linfo_string67                 @ DW_AT_name
	.byte	3                               @ DW_AT_decl_file
	.short	553                             @ DW_AT_decl_line
	.long	95                              @ DW_AT_type
                                        @ DW_AT_declaration
                                        @ DW_AT_external
	.byte	34                              @ Abbrev [34] 0xd8f:0x5 DW_TAG_formal_parameter
	.long	2974                            @ DW_AT_type
	.byte	34                              @ Abbrev [34] 0xd94:0x5 DW_TAG_formal_parameter
	.long	2974                            @ DW_AT_type
	.byte	34                              @ Abbrev [34] 0xd99:0x5 DW_TAG_formal_parameter
	.long	3353                            @ DW_AT_type
	.byte	0                               @ End Of Children Mark
	.byte	31                              @ Abbrev [31] 0xd9f:0x8 DW_TAG_imported_declaration
	.byte	3                               @ DW_AT_decl_file
	.short	965                             @ DW_AT_decl_line
	.long	3459                            @ DW_AT_import
	.byte	36                              @ Abbrev [36] 0xda7:0x1d DW_TAG_subprogram
	.long	.Linfo_string68                 @ DW_AT_name
	.byte	3                               @ DW_AT_decl_file
	.short	461                             @ DW_AT_decl_line
	.long	95                              @ DW_AT_type
                                        @ DW_AT_declaration
                                        @ DW_AT_external
	.byte	34                              @ Abbrev [34] 0xdb3:0x5 DW_TAG_formal_parameter
	.long	3047                            @ DW_AT_type
	.byte	34                              @ Abbrev [34] 0xdb8:0x5 DW_TAG_formal_parameter
	.long	2713                            @ DW_AT_type
	.byte	34                              @ Abbrev [34] 0xdbd:0x5 DW_TAG_formal_parameter
	.long	2974                            @ DW_AT_type
	.byte	39                              @ Abbrev [39] 0xdc2:0x1 DW_TAG_unspecified_parameters
	.byte	0                               @ End Of Children Mark
	.byte	31                              @ Abbrev [31] 0xdc4:0x8 DW_TAG_imported_declaration
	.byte	3                               @ DW_AT_decl_file
	.short	966                             @ DW_AT_decl_line
	.long	3495                            @ DW_AT_import
	.byte	36                              @ Abbrev [36] 0xdcc:0x21 DW_TAG_subprogram
	.long	.Linfo_string69                 @ DW_AT_name
	.byte	3                               @ DW_AT_decl_file
	.short	623                             @ DW_AT_decl_line
	.long	95                              @ DW_AT_type
                                        @ DW_AT_declaration
                                        @ DW_AT_external
	.byte	34                              @ Abbrev [34] 0xdd8:0x5 DW_TAG_formal_parameter
	.long	3047                            @ DW_AT_type
	.byte	34                              @ Abbrev [34] 0xddd:0x5 DW_TAG_formal_parameter
	.long	2713                            @ DW_AT_type
	.byte	34                              @ Abbrev [34] 0xde2:0x5 DW_TAG_formal_parameter
	.long	2974                            @ DW_AT_type
	.byte	34                              @ Abbrev [34] 0xde7:0x5 DW_TAG_formal_parameter
	.long	3353                            @ DW_AT_type
	.byte	0                               @ End Of Children Mark
	.byte	31                              @ Abbrev [31] 0xded:0x8 DW_TAG_imported_declaration
	.byte	3                               @ DW_AT_decl_file
	.short	967                             @ DW_AT_decl_line
	.long	3532                            @ DW_AT_import
	.byte	36                              @ Abbrev [36] 0xdf5:0x18 DW_TAG_subprogram
	.long	.Linfo_string70                 @ DW_AT_name
	.byte	3                               @ DW_AT_decl_file
	.short	636                             @ DW_AT_decl_line
	.long	95                              @ DW_AT_type
                                        @ DW_AT_declaration
                                        @ DW_AT_external
	.byte	34                              @ Abbrev [34] 0xe01:0x5 DW_TAG_formal_parameter
	.long	3597                            @ DW_AT_type
	.byte	34                              @ Abbrev [34] 0xe06:0x5 DW_TAG_formal_parameter
	.long	2974                            @ DW_AT_type
	.byte	39                              @ Abbrev [39] 0xe0b:0x1 DW_TAG_unspecified_parameters
	.byte	0                               @ End Of Children Mark
	.byte	2                               @ Abbrev [2] 0xe0d:0x5 DW_TAG_pointer_type
	.long	2886                            @ DW_AT_type
	.byte	31                              @ Abbrev [31] 0xe12:0x8 DW_TAG_imported_declaration
	.byte	3                               @ DW_AT_decl_file
	.short	972                             @ DW_AT_decl_line
	.long	3573                            @ DW_AT_import
	.byte	36                              @ Abbrev [36] 0xe1a:0x1c DW_TAG_subprogram
	.long	.Linfo_string71                 @ DW_AT_name
	.byte	3                               @ DW_AT_decl_file
	.short	637                             @ DW_AT_decl_line
	.long	95                              @ DW_AT_type
                                        @ DW_AT_declaration
                                        @ DW_AT_external
	.byte	34                              @ Abbrev [34] 0xe26:0x5 DW_TAG_formal_parameter
	.long	3597                            @ DW_AT_type
	.byte	34                              @ Abbrev [34] 0xe2b:0x5 DW_TAG_formal_parameter
	.long	2974                            @ DW_AT_type
	.byte	34                              @ Abbrev [34] 0xe30:0x5 DW_TAG_formal_parameter
	.long	3353                            @ DW_AT_type
	.byte	0                               @ End Of Children Mark
	.byte	31                              @ Abbrev [31] 0xe36:0x8 DW_TAG_imported_declaration
	.byte	3                               @ DW_AT_decl_file
	.short	973                             @ DW_AT_decl_line
	.long	3610                            @ DW_AT_import
	.byte	36                              @ Abbrev [36] 0xe3e:0x21 DW_TAG_subprogram
	.long	.Linfo_string72                 @ DW_AT_name
	.byte	3                               @ DW_AT_decl_file
	.short	594                             @ DW_AT_decl_line
	.long	95                              @ DW_AT_type
                                        @ DW_AT_declaration
                                        @ DW_AT_external
	.byte	34                              @ Abbrev [34] 0xe4a:0x5 DW_TAG_formal_parameter
	.long	3047                            @ DW_AT_type
	.byte	34                              @ Abbrev [34] 0xe4f:0x5 DW_TAG_formal_parameter
	.long	2713                            @ DW_AT_type
	.byte	34                              @ Abbrev [34] 0xe54:0x5 DW_TAG_formal_parameter
	.long	2974                            @ DW_AT_type
	.byte	34                              @ Abbrev [34] 0xe59:0x5 DW_TAG_formal_parameter
	.long	3353                            @ DW_AT_type
	.byte	0                               @ End Of Children Mark
	.byte	31                              @ Abbrev [31] 0xe5f:0x8 DW_TAG_imported_declaration
	.byte	3                               @ DW_AT_decl_file
	.short	974                             @ DW_AT_decl_line
	.long	3646                            @ DW_AT_import
	.byte	36                              @ Abbrev [36] 0xe67:0x1d DW_TAG_subprogram
	.long	.Linfo_string73                 @ DW_AT_name
	.byte	3                               @ DW_AT_decl_file
	.short	435                             @ DW_AT_decl_line
	.long	95                              @ DW_AT_type
                                        @ DW_AT_declaration
                                        @ DW_AT_external
	.byte	34                              @ Abbrev [34] 0xe73:0x5 DW_TAG_formal_parameter
	.long	3047                            @ DW_AT_type
	.byte	34                              @ Abbrev [34] 0xe78:0x5 DW_TAG_formal_parameter
	.long	2713                            @ DW_AT_type
	.byte	34                              @ Abbrev [34] 0xe7d:0x5 DW_TAG_formal_parameter
	.long	2974                            @ DW_AT_type
	.byte	39                              @ Abbrev [39] 0xe82:0x1 DW_TAG_unspecified_parameters
	.byte	0                               @ End Of Children Mark
	.byte	31                              @ Abbrev [31] 0xe84:0x8 DW_TAG_imported_declaration
	.byte	3                               @ DW_AT_decl_file
	.short	975                             @ DW_AT_decl_line
	.long	3687                            @ DW_AT_import
	.byte	36                              @ Abbrev [36] 0xe8c:0x1c DW_TAG_subprogram
	.long	.Linfo_string74                 @ DW_AT_name
	.byte	3                               @ DW_AT_decl_file
	.short	558                             @ DW_AT_decl_line
	.long	95                              @ DW_AT_type
                                        @ DW_AT_declaration
                                        @ DW_AT_external
	.byte	34                              @ Abbrev [34] 0xe98:0x5 DW_TAG_formal_parameter
	.long	2974                            @ DW_AT_type
	.byte	34                              @ Abbrev [34] 0xe9d:0x5 DW_TAG_formal_parameter
	.long	2974                            @ DW_AT_type
	.byte	34                              @ Abbrev [34] 0xea2:0x5 DW_TAG_formal_parameter
	.long	3353                            @ DW_AT_type
	.byte	0                               @ End Of Children Mark
	.byte	31                              @ Abbrev [31] 0xea8:0x8 DW_TAG_imported_declaration
	.byte	3                               @ DW_AT_decl_file
	.short	976                             @ DW_AT_decl_line
	.long	3724                            @ DW_AT_import
	.byte	36                              @ Abbrev [36] 0xeb0:0x18 DW_TAG_subprogram
	.long	.Linfo_string75                 @ DW_AT_name
	.byte	3                               @ DW_AT_decl_file
	.short	469                             @ DW_AT_decl_line
	.long	95                              @ DW_AT_type
                                        @ DW_AT_declaration
                                        @ DW_AT_external
	.byte	34                              @ Abbrev [34] 0xebc:0x5 DW_TAG_formal_parameter
	.long	3015                            @ DW_AT_type
	.byte	34                              @ Abbrev [34] 0xec1:0x5 DW_TAG_formal_parameter
	.long	2974                            @ DW_AT_type
	.byte	39                              @ Abbrev [39] 0xec6:0x1 DW_TAG_unspecified_parameters
	.byte	0                               @ End Of Children Mark
	.byte	31                              @ Abbrev [31] 0xec8:0x8 DW_TAG_imported_declaration
	.byte	3                               @ DW_AT_decl_file
	.short	977                             @ DW_AT_decl_line
	.long	3760                            @ DW_AT_import
	.byte	36                              @ Abbrev [36] 0xed0:0x18 DW_TAG_subprogram
	.long	.Linfo_string76                 @ DW_AT_name
	.byte	3                               @ DW_AT_decl_file
	.short	504                             @ DW_AT_decl_line
	.long	95                              @ DW_AT_type
                                        @ DW_AT_declaration
                                        @ DW_AT_external
	.byte	34                              @ Abbrev [34] 0xedc:0x5 DW_TAG_formal_parameter
	.long	3015                            @ DW_AT_type
	.byte	34                              @ Abbrev [34] 0xee1:0x5 DW_TAG_formal_parameter
	.long	2974                            @ DW_AT_type
	.byte	39                              @ Abbrev [39] 0xee6:0x1 DW_TAG_unspecified_parameters
	.byte	0                               @ End Of Children Mark
	.byte	31                              @ Abbrev [31] 0xee8:0x8 DW_TAG_imported_declaration
	.byte	3                               @ DW_AT_decl_file
	.short	978                             @ DW_AT_decl_line
	.long	3792                            @ DW_AT_import
	.byte	36                              @ Abbrev [36] 0xef0:0x13 DW_TAG_subprogram
	.long	.Linfo_string77                 @ DW_AT_name
	.byte	3                               @ DW_AT_decl_file
	.short	512                             @ DW_AT_decl_line
	.long	95                              @ DW_AT_type
                                        @ DW_AT_declaration
                                        @ DW_AT_external
	.byte	34                              @ Abbrev [34] 0xefc:0x5 DW_TAG_formal_parameter
	.long	2974                            @ DW_AT_type
	.byte	39                              @ Abbrev [39] 0xf01:0x1 DW_TAG_unspecified_parameters
	.byte	0                               @ End Of Children Mark
	.byte	31                              @ Abbrev [31] 0xf03:0x8 DW_TAG_imported_declaration
	.byte	3                               @ DW_AT_decl_file
	.short	979                             @ DW_AT_decl_line
	.long	3824                            @ DW_AT_import
	.byte	36                              @ Abbrev [36] 0xf0b:0x13 DW_TAG_subprogram
	.long	.Linfo_string78                 @ DW_AT_name
	.byte	3                               @ DW_AT_decl_file
	.short	522                             @ DW_AT_decl_line
	.long	95                              @ DW_AT_type
                                        @ DW_AT_declaration
                                        @ DW_AT_external
	.byte	34                              @ Abbrev [34] 0xf17:0x5 DW_TAG_formal_parameter
	.long	2974                            @ DW_AT_type
	.byte	39                              @ Abbrev [39] 0xf1c:0x1 DW_TAG_unspecified_parameters
	.byte	0                               @ End Of Children Mark
	.byte	31                              @ Abbrev [31] 0xf1e:0x8 DW_TAG_imported_declaration
	.byte	3                               @ DW_AT_decl_file
	.short	980                             @ DW_AT_decl_line
	.long	3851                            @ DW_AT_import
	.byte	36                              @ Abbrev [36] 0xf26:0x18 DW_TAG_subprogram
	.long	.Linfo_string79                 @ DW_AT_name
	.byte	3                               @ DW_AT_decl_file
	.short	529                             @ DW_AT_decl_line
	.long	95                              @ DW_AT_type
                                        @ DW_AT_declaration
                                        @ DW_AT_external
	.byte	34                              @ Abbrev [34] 0xf32:0x5 DW_TAG_formal_parameter
	.long	2974                            @ DW_AT_type
	.byte	34                              @ Abbrev [34] 0xf37:0x5 DW_TAG_formal_parameter
	.long	2974                            @ DW_AT_type
	.byte	39                              @ Abbrev [39] 0xf3c:0x1 DW_TAG_unspecified_parameters
	.byte	0                               @ End Of Children Mark
	.byte	31                              @ Abbrev [31] 0xf3e:0x8 DW_TAG_imported_declaration
	.byte	3                               @ DW_AT_decl_file
	.short	981                             @ DW_AT_decl_line
	.long	3878                            @ DW_AT_import
	.byte	36                              @ Abbrev [36] 0xf46:0x18 DW_TAG_subprogram
	.long	.Linfo_string80                 @ DW_AT_name
	.byte	3                               @ DW_AT_decl_file
	.short	542                             @ DW_AT_decl_line
	.long	95                              @ DW_AT_type
                                        @ DW_AT_declaration
                                        @ DW_AT_external
	.byte	34                              @ Abbrev [34] 0xf52:0x5 DW_TAG_formal_parameter
	.long	2974                            @ DW_AT_type
	.byte	34                              @ Abbrev [34] 0xf57:0x5 DW_TAG_formal_parameter
	.long	2974                            @ DW_AT_type
	.byte	39                              @ Abbrev [39] 0xf5c:0x1 DW_TAG_unspecified_parameters
	.byte	0                               @ End Of Children Mark
	.byte	31                              @ Abbrev [31] 0xf5e:0x8 DW_TAG_imported_declaration
	.byte	3                               @ DW_AT_decl_file
	.short	982                             @ DW_AT_decl_line
	.long	3910                            @ DW_AT_import
	.byte	36                              @ Abbrev [36] 0xf66:0x1c DW_TAG_subprogram
	.long	.Linfo_string81                 @ DW_AT_name
	.byte	3                               @ DW_AT_decl_file
	.short	555                             @ DW_AT_decl_line
	.long	95                              @ DW_AT_type
                                        @ DW_AT_declaration
                                        @ DW_AT_external
	.byte	34                              @ Abbrev [34] 0xf72:0x5 DW_TAG_formal_parameter
	.long	3015                            @ DW_AT_type
	.byte	34                              @ Abbrev [34] 0xf77:0x5 DW_TAG_formal_parameter
	.long	2974                            @ DW_AT_type
	.byte	34                              @ Abbrev [34] 0xf7c:0x5 DW_TAG_formal_parameter
	.long	3353                            @ DW_AT_type
	.byte	0                               @ End Of Children Mark
	.byte	31                              @ Abbrev [31] 0xf82:0x8 DW_TAG_imported_declaration
	.byte	3                               @ DW_AT_decl_file
	.short	983                             @ DW_AT_decl_line
	.long	3942                            @ DW_AT_import
	.byte	36                              @ Abbrev [36] 0xf8a:0x17 DW_TAG_subprogram
	.long	.Linfo_string82                 @ DW_AT_name
	.byte	3                               @ DW_AT_decl_file
	.short	556                             @ DW_AT_decl_line
	.long	95                              @ DW_AT_type
                                        @ DW_AT_declaration
                                        @ DW_AT_external
	.byte	34                              @ Abbrev [34] 0xf96:0x5 DW_TAG_formal_parameter
	.long	2974                            @ DW_AT_type
	.byte	34                              @ Abbrev [34] 0xf9b:0x5 DW_TAG_formal_parameter
	.long	3353                            @ DW_AT_type
	.byte	0                               @ End Of Children Mark
	.byte	31                              @ Abbrev [31] 0xfa1:0x8 DW_TAG_imported_declaration
	.byte	3                               @ DW_AT_decl_file
	.short	984                             @ DW_AT_decl_line
	.long	3978                            @ DW_AT_import
	.byte	36                              @ Abbrev [36] 0xfa9:0x1c DW_TAG_subprogram
	.long	.Linfo_string83                 @ DW_AT_name
	.byte	3                               @ DW_AT_decl_file
	.short	557                             @ DW_AT_decl_line
	.long	95                              @ DW_AT_type
                                        @ DW_AT_declaration
                                        @ DW_AT_external
	.byte	34                              @ Abbrev [34] 0xfb5:0x5 DW_TAG_formal_parameter
	.long	2974                            @ DW_AT_type
	.byte	34                              @ Abbrev [34] 0xfba:0x5 DW_TAG_formal_parameter
	.long	2974                            @ DW_AT_type
	.byte	34                              @ Abbrev [34] 0xfbf:0x5 DW_TAG_formal_parameter
	.long	3353                            @ DW_AT_type
	.byte	0                               @ End Of Children Mark
	.byte	31                              @ Abbrev [31] 0xfc5:0x8 DW_TAG_imported_declaration
	.byte	3                               @ DW_AT_decl_file
	.short	985                             @ DW_AT_decl_line
	.long	4009                            @ DW_AT_import
	.byte	36                              @ Abbrev [36] 0xfcd:0x17 DW_TAG_subprogram
	.long	.Linfo_string84                 @ DW_AT_name
	.byte	3                               @ DW_AT_decl_file
	.short	560                             @ DW_AT_decl_line
	.long	95                              @ DW_AT_type
                                        @ DW_AT_declaration
                                        @ DW_AT_external
	.byte	34                              @ Abbrev [34] 0xfd9:0x5 DW_TAG_formal_parameter
	.long	2974                            @ DW_AT_type
	.byte	34                              @ Abbrev [34] 0xfde:0x5 DW_TAG_formal_parameter
	.long	3353                            @ DW_AT_type
	.byte	0                               @ End Of Children Mark
	.byte	31                              @ Abbrev [31] 0xfe4:0x8 DW_TAG_imported_declaration
	.byte	3                               @ DW_AT_decl_file
	.short	986                             @ DW_AT_decl_line
	.long	4045                            @ DW_AT_import
	.byte	36                              @ Abbrev [36] 0xfec:0x17 DW_TAG_subprogram
	.long	.Linfo_string85                 @ DW_AT_name
	.byte	3                               @ DW_AT_decl_file
	.short	568                             @ DW_AT_decl_line
	.long	95                              @ DW_AT_type
                                        @ DW_AT_declaration
                                        @ DW_AT_external
	.byte	34                              @ Abbrev [34] 0xff8:0x5 DW_TAG_formal_parameter
	.long	2974                            @ DW_AT_type
	.byte	34                              @ Abbrev [34] 0xffd:0x5 DW_TAG_formal_parameter
	.long	3353                            @ DW_AT_type
	.byte	0                               @ End Of Children Mark
	.byte	31                              @ Abbrev [31] 0x1003:0x8 DW_TAG_imported_declaration
	.byte	3                               @ DW_AT_decl_file
	.short	987                             @ DW_AT_decl_line
	.long	4076                            @ DW_AT_import
	.byte	36                              @ Abbrev [36] 0x100b:0x1c DW_TAG_subprogram
	.long	.Linfo_string86                 @ DW_AT_name
	.byte	3                               @ DW_AT_decl_file
	.short	574                             @ DW_AT_decl_line
	.long	95                              @ DW_AT_type
                                        @ DW_AT_declaration
                                        @ DW_AT_external
	.byte	34                              @ Abbrev [34] 0x1017:0x5 DW_TAG_formal_parameter
	.long	3015                            @ DW_AT_type
	.byte	34                              @ Abbrev [34] 0x101c:0x5 DW_TAG_formal_parameter
	.long	2974                            @ DW_AT_type
	.byte	34                              @ Abbrev [34] 0x1021:0x5 DW_TAG_formal_parameter
	.long	3353                            @ DW_AT_type
	.byte	0                               @ End Of Children Mark
	.byte	31                              @ Abbrev [31] 0x1027:0x8 DW_TAG_imported_declaration
	.byte	3                               @ DW_AT_decl_file
	.short	988                             @ DW_AT_decl_line
	.long	4107                            @ DW_AT_import
	.byte	36                              @ Abbrev [36] 0x102f:0x1c DW_TAG_subprogram
	.long	.Linfo_string87                 @ DW_AT_name
	.byte	3                               @ DW_AT_decl_file
	.short	616                             @ DW_AT_decl_line
	.long	95                              @ DW_AT_type
                                        @ DW_AT_declaration
                                        @ DW_AT_external
	.byte	34                              @ Abbrev [34] 0x103b:0x5 DW_TAG_formal_parameter
	.long	3015                            @ DW_AT_type
	.byte	34                              @ Abbrev [34] 0x1040:0x5 DW_TAG_formal_parameter
	.long	2974                            @ DW_AT_type
	.byte	34                              @ Abbrev [34] 0x1045:0x5 DW_TAG_formal_parameter
	.long	3353                            @ DW_AT_type
	.byte	0                               @ End Of Children Mark
	.byte	31                              @ Abbrev [31] 0x104b:0x8 DW_TAG_imported_declaration
	.byte	3                               @ DW_AT_decl_file
	.short	989                             @ DW_AT_decl_line
	.long	4143                            @ DW_AT_import
	.byte	36                              @ Abbrev [36] 0x1053:0x1c DW_TAG_subprogram
	.long	.Linfo_string88                 @ DW_AT_name
	.byte	3                               @ DW_AT_decl_file
	.short	584                             @ DW_AT_decl_line
	.long	95                              @ DW_AT_type
                                        @ DW_AT_declaration
                                        @ DW_AT_external
	.byte	34                              @ Abbrev [34] 0x105f:0x5 DW_TAG_formal_parameter
	.long	3047                            @ DW_AT_type
	.byte	34                              @ Abbrev [34] 0x1064:0x5 DW_TAG_formal_parameter
	.long	2974                            @ DW_AT_type
	.byte	34                              @ Abbrev [34] 0x1069:0x5 DW_TAG_formal_parameter
	.long	3353                            @ DW_AT_type
	.byte	0                               @ End Of Children Mark
	.byte	31                              @ Abbrev [31] 0x106f:0x8 DW_TAG_imported_declaration
	.byte	3                               @ DW_AT_decl_file
	.short	990                             @ DW_AT_decl_line
	.long	4179                            @ DW_AT_import
	.byte	36                              @ Abbrev [36] 0x1077:0x1c DW_TAG_subprogram
	.long	.Linfo_string89                 @ DW_AT_name
	.byte	3                               @ DW_AT_decl_file
	.short	609                             @ DW_AT_decl_line
	.long	95                              @ DW_AT_type
                                        @ DW_AT_declaration
                                        @ DW_AT_external
	.byte	34                              @ Abbrev [34] 0x1083:0x5 DW_TAG_formal_parameter
	.long	3047                            @ DW_AT_type
	.byte	34                              @ Abbrev [34] 0x1088:0x5 DW_TAG_formal_parameter
	.long	2974                            @ DW_AT_type
	.byte	34                              @ Abbrev [34] 0x108d:0x5 DW_TAG_formal_parameter
	.long	3353                            @ DW_AT_type
	.byte	0                               @ End Of Children Mark
	.byte	31                              @ Abbrev [31] 0x1093:0x8 DW_TAG_imported_declaration
	.byte	3                               @ DW_AT_decl_file
	.short	991                             @ DW_AT_decl_line
	.long	4215                            @ DW_AT_import
	.byte	36                              @ Abbrev [36] 0x109b:0x12 DW_TAG_subprogram
	.long	.Linfo_string90                 @ DW_AT_name
	.byte	3                               @ DW_AT_decl_file
	.short	649                             @ DW_AT_decl_line
	.long	95                              @ DW_AT_type
                                        @ DW_AT_declaration
                                        @ DW_AT_external
	.byte	34                              @ Abbrev [34] 0x10a7:0x5 DW_TAG_formal_parameter
	.long	2856                            @ DW_AT_type
	.byte	0                               @ End Of Children Mark
	.byte	31                              @ Abbrev [31] 0x10ad:0x8 DW_TAG_imported_declaration
	.byte	3                               @ DW_AT_decl_file
	.short	992                             @ DW_AT_decl_line
	.long	4251                            @ DW_AT_import
	.byte	36                              @ Abbrev [36] 0x10b5:0x1c DW_TAG_subprogram
	.long	.Linfo_string91                 @ DW_AT_name
	.byte	3                               @ DW_AT_decl_file
	.short	659                             @ DW_AT_decl_line
	.long	2886                            @ DW_AT_type
                                        @ DW_AT_declaration
                                        @ DW_AT_external
	.byte	34                              @ Abbrev [34] 0x10c1:0x5 DW_TAG_formal_parameter
	.long	3047                            @ DW_AT_type
	.byte	34                              @ Abbrev [34] 0x10c6:0x5 DW_TAG_formal_parameter
	.long	95                              @ DW_AT_type
	.byte	34                              @ Abbrev [34] 0x10cb:0x5 DW_TAG_formal_parameter
	.long	3015                            @ DW_AT_type
	.byte	0                               @ End Of Children Mark
	.byte	31                              @ Abbrev [31] 0x10d1:0x8 DW_TAG_imported_declaration
	.byte	3                               @ DW_AT_decl_file
	.short	993                             @ DW_AT_decl_line
	.long	4277                            @ DW_AT_import
	.byte	36                              @ Abbrev [36] 0x10d9:0x17 DW_TAG_subprogram
	.long	.Linfo_string92                 @ DW_AT_name
	.byte	3                               @ DW_AT_decl_file
	.short	673                             @ DW_AT_decl_line
	.long	95                              @ DW_AT_type
                                        @ DW_AT_declaration
                                        @ DW_AT_external
	.byte	34                              @ Abbrev [34] 0x10e5:0x5 DW_TAG_formal_parameter
	.long	95                              @ DW_AT_type
	.byte	34                              @ Abbrev [34] 0x10ea:0x5 DW_TAG_formal_parameter
	.long	2856                            @ DW_AT_type
	.byte	0                               @ End Of Children Mark
	.byte	31                              @ Abbrev [31] 0x10f0:0x8 DW_TAG_imported_declaration
	.byte	3                               @ DW_AT_decl_file
	.short	994                             @ DW_AT_decl_line
	.long	4313                            @ DW_AT_import
	.byte	36                              @ Abbrev [36] 0x10f8:0x17 DW_TAG_subprogram
	.long	.Linfo_string93                 @ DW_AT_name
	.byte	3                               @ DW_AT_decl_file
	.short	683                             @ DW_AT_decl_line
	.long	95                              @ DW_AT_type
                                        @ DW_AT_declaration
                                        @ DW_AT_external
	.byte	34                              @ Abbrev [34] 0x1104:0x5 DW_TAG_formal_parameter
	.long	2974                            @ DW_AT_type
	.byte	34                              @ Abbrev [34] 0x1109:0x5 DW_TAG_formal_parameter
	.long	3015                            @ DW_AT_type
	.byte	0                               @ End Of Children Mark
	.byte	31                              @ Abbrev [31] 0x110f:0x8 DW_TAG_imported_declaration
	.byte	3                               @ DW_AT_decl_file
	.short	995                             @ DW_AT_decl_line
	.long	4344                            @ DW_AT_import
	.byte	36                              @ Abbrev [36] 0x1117:0x12 DW_TAG_subprogram
	.long	.Linfo_string94                 @ DW_AT_name
	.byte	3                               @ DW_AT_decl_file
	.short	690                             @ DW_AT_decl_line
	.long	95                              @ DW_AT_type
                                        @ DW_AT_declaration
                                        @ DW_AT_external
	.byte	34                              @ Abbrev [34] 0x1123:0x5 DW_TAG_formal_parameter
	.long	2856                            @ DW_AT_type
	.byte	0                               @ End Of Children Mark
	.byte	31                              @ Abbrev [31] 0x1129:0x8 DW_TAG_imported_declaration
	.byte	3                               @ DW_AT_decl_file
	.short	996                             @ DW_AT_decl_line
	.long	4375                            @ DW_AT_import
	.byte	42                              @ Abbrev [42] 0x1131:0xc DW_TAG_subprogram
	.long	.Linfo_string95                 @ DW_AT_name
	.byte	3                               @ DW_AT_decl_file
	.short	701                             @ DW_AT_decl_line
	.long	95                              @ DW_AT_type
                                        @ DW_AT_declaration
                                        @ DW_AT_external
	.byte	31                              @ Abbrev [31] 0x113d:0x8 DW_TAG_imported_declaration
	.byte	3                               @ DW_AT_decl_file
	.short	997                             @ DW_AT_decl_line
	.long	4401                            @ DW_AT_import
	.byte	36                              @ Abbrev [36] 0x1145:0x12 DW_TAG_subprogram
	.long	.Linfo_string96                 @ DW_AT_name
	.byte	3                               @ DW_AT_decl_file
	.short	713                             @ DW_AT_decl_line
	.long	2886                            @ DW_AT_type
                                        @ DW_AT_declaration
                                        @ DW_AT_external
	.byte	34                              @ Abbrev [34] 0x1151:0x5 DW_TAG_formal_parameter
	.long	2886                            @ DW_AT_type
	.byte	0                               @ End Of Children Mark
	.byte	31                              @ Abbrev [31] 0x1157:0x8 DW_TAG_imported_declaration
	.byte	3                               @ DW_AT_decl_file
	.short	998                             @ DW_AT_decl_line
	.long	4421                            @ DW_AT_import
	.byte	36                              @ Abbrev [36] 0x115f:0x17 DW_TAG_subprogram
	.long	.Linfo_string97                 @ DW_AT_name
	.byte	3                               @ DW_AT_decl_file
	.short	725                             @ DW_AT_decl_line
	.long	95                              @ DW_AT_type
                                        @ DW_AT_declaration
                                        @ DW_AT_external
	.byte	34                              @ Abbrev [34] 0x116b:0x5 DW_TAG_formal_parameter
	.long	95                              @ DW_AT_type
	.byte	34                              @ Abbrev [34] 0x1170:0x5 DW_TAG_formal_parameter
	.long	2856                            @ DW_AT_type
	.byte	0                               @ End Of Children Mark
	.byte	31                              @ Abbrev [31] 0x1176:0x8 DW_TAG_imported_declaration
	.byte	3                               @ DW_AT_decl_file
	.short	999                             @ DW_AT_decl_line
	.long	4447                            @ DW_AT_import
	.byte	36                              @ Abbrev [36] 0x117e:0x12 DW_TAG_subprogram
	.long	.Linfo_string98                 @ DW_AT_name
	.byte	3                               @ DW_AT_decl_file
	.short	734                             @ DW_AT_decl_line
	.long	95                              @ DW_AT_type
                                        @ DW_AT_declaration
                                        @ DW_AT_external
	.byte	34                              @ Abbrev [34] 0x118a:0x5 DW_TAG_formal_parameter
	.long	95                              @ DW_AT_type
	.byte	0                               @ End Of Children Mark
	.byte	31                              @ Abbrev [31] 0x1190:0x8 DW_TAG_imported_declaration
	.byte	3                               @ DW_AT_decl_file
	.short	1000                            @ DW_AT_decl_line
	.long	4478                            @ DW_AT_import
	.byte	36                              @ Abbrev [36] 0x1198:0x12 DW_TAG_subprogram
	.long	.Linfo_string99                 @ DW_AT_name
	.byte	3                               @ DW_AT_decl_file
	.short	744                             @ DW_AT_decl_line
	.long	95                              @ DW_AT_type
                                        @ DW_AT_declaration
                                        @ DW_AT_external
	.byte	34                              @ Abbrev [34] 0x11a4:0x5 DW_TAG_formal_parameter
	.long	2797                            @ DW_AT_type
	.byte	0                               @ End Of Children Mark
	.byte	31                              @ Abbrev [31] 0x11aa:0x8 DW_TAG_imported_declaration
	.byte	3                               @ DW_AT_decl_file
	.short	1001                            @ DW_AT_decl_line
	.long	4504                            @ DW_AT_import
	.byte	36                              @ Abbrev [36] 0x11b2:0x17 DW_TAG_subprogram
	.long	.Linfo_string100                @ DW_AT_name
	.byte	3                               @ DW_AT_decl_file
	.short	752                             @ DW_AT_decl_line
	.long	95                              @ DW_AT_type
                                        @ DW_AT_declaration
                                        @ DW_AT_external
	.byte	34                              @ Abbrev [34] 0x11be:0x5 DW_TAG_formal_parameter
	.long	95                              @ DW_AT_type
	.byte	34                              @ Abbrev [34] 0x11c3:0x5 DW_TAG_formal_parameter
	.long	2856                            @ DW_AT_type
	.byte	0                               @ End Of Children Mark
	.byte	31                              @ Abbrev [31] 0x11c9:0x8 DW_TAG_imported_declaration
	.byte	3                               @ DW_AT_decl_file
	.short	1002                            @ DW_AT_decl_line
	.long	4530                            @ DW_AT_import
	.byte	36                              @ Abbrev [36] 0x11d1:0x21 DW_TAG_subprogram
	.long	.Linfo_string101                @ DW_AT_name
	.byte	3                               @ DW_AT_decl_file
	.short	778                             @ DW_AT_decl_line
	.long	2713                            @ DW_AT_type
                                        @ DW_AT_declaration
                                        @ DW_AT_external
	.byte	34                              @ Abbrev [34] 0x11dd:0x5 DW_TAG_formal_parameter
	.long	4594                            @ DW_AT_type
	.byte	34                              @ Abbrev [34] 0x11e2:0x5 DW_TAG_formal_parameter
	.long	2713                            @ DW_AT_type
	.byte	34                              @ Abbrev [34] 0x11e7:0x5 DW_TAG_formal_parameter
	.long	2713                            @ DW_AT_type
	.byte	34                              @ Abbrev [34] 0x11ec:0x5 DW_TAG_formal_parameter
	.long	3015                            @ DW_AT_type
	.byte	0                               @ End Of Children Mark
	.byte	37                              @ Abbrev [37] 0x11f2:0x5 DW_TAG_restrict_type
	.long	4599                            @ DW_AT_type
	.byte	43                              @ Abbrev [43] 0x11f7:0x1 DW_TAG_pointer_type
	.byte	31                              @ Abbrev [31] 0x11f8:0x8 DW_TAG_imported_declaration
	.byte	3                               @ DW_AT_decl_file
	.short	1003                            @ DW_AT_decl_line
	.long	4561                            @ DW_AT_import
	.byte	36                              @ Abbrev [36] 0x1200:0x1c DW_TAG_subprogram
	.long	.Linfo_string102                @ DW_AT_name
	.byte	3                               @ DW_AT_decl_file
	.short	794                             @ DW_AT_decl_line
	.long	2713                            @ DW_AT_type
                                        @ DW_AT_declaration
                                        @ DW_AT_external
	.byte	34                              @ Abbrev [34] 0x120c:0x5 DW_TAG_formal_parameter
	.long	4594                            @ DW_AT_type
	.byte	34                              @ Abbrev [34] 0x1211:0x5 DW_TAG_formal_parameter
	.long	2713                            @ DW_AT_type
	.byte	34                              @ Abbrev [34] 0x1216:0x5 DW_TAG_formal_parameter
	.long	3015                            @ DW_AT_type
	.byte	0                               @ End Of Children Mark
	.byte	31                              @ Abbrev [31] 0x121c:0x8 DW_TAG_imported_declaration
	.byte	3                               @ DW_AT_decl_file
	.short	1004                            @ DW_AT_decl_line
	.long	4608                            @ DW_AT_import
	.byte	36                              @ Abbrev [36] 0x1224:0x21 DW_TAG_subprogram
	.long	.Linfo_string103                @ DW_AT_name
	.byte	3                               @ DW_AT_decl_file
	.short	810                             @ DW_AT_decl_line
	.long	2713                            @ DW_AT_type
                                        @ DW_AT_declaration
                                        @ DW_AT_external
	.byte	34                              @ Abbrev [34] 0x1230:0x5 DW_TAG_formal_parameter
	.long	4677                            @ DW_AT_type
	.byte	34                              @ Abbrev [34] 0x1235:0x5 DW_TAG_formal_parameter
	.long	2713                            @ DW_AT_type
	.byte	34                              @ Abbrev [34] 0x123a:0x5 DW_TAG_formal_parameter
	.long	2713                            @ DW_AT_type
	.byte	34                              @ Abbrev [34] 0x123f:0x5 DW_TAG_formal_parameter
	.long	3015                            @ DW_AT_type
	.byte	0                               @ End Of Children Mark
	.byte	37                              @ Abbrev [37] 0x1245:0x5 DW_TAG_restrict_type
	.long	4682                            @ DW_AT_type
	.byte	2                               @ Abbrev [2] 0x124a:0x5 DW_TAG_pointer_type
	.long	4687                            @ DW_AT_type
	.byte	44                              @ Abbrev [44] 0x124f:0x1 DW_TAG_const_type
	.byte	31                              @ Abbrev [31] 0x1250:0x8 DW_TAG_imported_declaration
	.byte	3                               @ DW_AT_decl_file
	.short	1005                            @ DW_AT_decl_line
	.long	4644                            @ DW_AT_import
	.byte	36                              @ Abbrev [36] 0x1258:0x17 DW_TAG_subprogram
	.long	.Linfo_string104                @ DW_AT_name
	.byte	3                               @ DW_AT_decl_file
	.short	822                             @ DW_AT_decl_line
	.long	95                              @ DW_AT_type
                                        @ DW_AT_declaration
                                        @ DW_AT_external
	.byte	34                              @ Abbrev [34] 0x1264:0x5 DW_TAG_formal_parameter
	.long	3015                            @ DW_AT_type
	.byte	34                              @ Abbrev [34] 0x1269:0x5 DW_TAG_formal_parameter
	.long	4719                            @ DW_AT_type
	.byte	0                               @ End Of Children Mark
	.byte	37                              @ Abbrev [37] 0x126f:0x5 DW_TAG_restrict_type
	.long	4724                            @ DW_AT_type
	.byte	2                               @ Abbrev [2] 0x1274:0x5 DW_TAG_pointer_type
	.long	2732                            @ DW_AT_type
	.byte	31                              @ Abbrev [31] 0x1279:0x8 DW_TAG_imported_declaration
	.byte	3                               @ DW_AT_decl_file
	.short	1006                            @ DW_AT_decl_line
	.long	4696                            @ DW_AT_import
	.byte	36                              @ Abbrev [36] 0x1281:0x1c DW_TAG_subprogram
	.long	.Linfo_string105                @ DW_AT_name
	.byte	3                               @ DW_AT_decl_file
	.short	833                             @ DW_AT_decl_line
	.long	95                              @ DW_AT_type
                                        @ DW_AT_declaration
                                        @ DW_AT_external
	.byte	34                              @ Abbrev [34] 0x128d:0x5 DW_TAG_formal_parameter
	.long	2856                            @ DW_AT_type
	.byte	34                              @ Abbrev [34] 0x1292:0x5 DW_TAG_formal_parameter
	.long	4765                            @ DW_AT_type
	.byte	34                              @ Abbrev [34] 0x1297:0x5 DW_TAG_formal_parameter
	.long	95                              @ DW_AT_type
	.byte	0                               @ End Of Children Mark
	.byte	4                               @ Abbrev [4] 0x129d:0x7 DW_TAG_base_type
	.long	.Linfo_string106                @ DW_AT_name
	.byte	5                               @ DW_AT_encoding
	.byte	4                               @ DW_AT_byte_size
	.byte	31                              @ Abbrev [31] 0x12a4:0x8 DW_TAG_imported_declaration
	.byte	3                               @ DW_AT_decl_file
	.short	1007                            @ DW_AT_decl_line
	.long	4737                            @ DW_AT_import
	.byte	36                              @ Abbrev [36] 0x12ac:0x17 DW_TAG_subprogram
	.long	.Linfo_string107                @ DW_AT_name
	.byte	3                               @ DW_AT_decl_file
	.short	850                             @ DW_AT_decl_line
	.long	95                              @ DW_AT_type
                                        @ DW_AT_declaration
                                        @ DW_AT_external
	.byte	34                              @ Abbrev [34] 0x12b8:0x5 DW_TAG_formal_parameter
	.long	3015                            @ DW_AT_type
	.byte	34                              @ Abbrev [34] 0x12bd:0x5 DW_TAG_formal_parameter
	.long	4803                            @ DW_AT_type
	.byte	0                               @ End Of Children Mark
	.byte	37                              @ Abbrev [37] 0x12c3:0x5 DW_TAG_restrict_type
	.long	4808                            @ DW_AT_type
	.byte	2                               @ Abbrev [2] 0x12c8:0x5 DW_TAG_pointer_type
	.long	4813                            @ DW_AT_type
	.byte	20                              @ Abbrev [20] 0x12cd:0x5 DW_TAG_const_type
	.long	2732                            @ DW_AT_type
	.byte	31                              @ Abbrev [31] 0x12d2:0x8 DW_TAG_imported_declaration
	.byte	3                               @ DW_AT_decl_file
	.short	1008                            @ DW_AT_decl_line
	.long	4780                            @ DW_AT_import
	.byte	36                              @ Abbrev [36] 0x12da:0x12 DW_TAG_subprogram
	.long	.Linfo_string108                @ DW_AT_name
	.byte	3                               @ DW_AT_decl_file
	.short	863                             @ DW_AT_decl_line
	.long	4765                            @ DW_AT_type
                                        @ DW_AT_declaration
                                        @ DW_AT_external
	.byte	34                              @ Abbrev [34] 0x12e6:0x5 DW_TAG_formal_parameter
	.long	2856                            @ DW_AT_type
	.byte	0                               @ End Of Children Mark
	.byte	31                              @ Abbrev [31] 0x12ec:0x8 DW_TAG_imported_declaration
	.byte	3                               @ DW_AT_decl_file
	.short	1009                            @ DW_AT_decl_line
	.long	4826                            @ DW_AT_import
	.byte	38                              @ Abbrev [38] 0x12f4:0xe DW_TAG_subprogram
	.long	.Linfo_string109                @ DW_AT_name
	.byte	3                               @ DW_AT_decl_file
	.short	877                             @ DW_AT_decl_line
                                        @ DW_AT_declaration
                                        @ DW_AT_external
	.byte	34                              @ Abbrev [34] 0x12fc:0x5 DW_TAG_formal_parameter
	.long	2856                            @ DW_AT_type
	.byte	0                               @ End Of Children Mark
	.byte	31                              @ Abbrev [31] 0x1302:0x8 DW_TAG_imported_declaration
	.byte	3                               @ DW_AT_decl_file
	.short	1010                            @ DW_AT_decl_line
	.long	4852                            @ DW_AT_import
	.byte	38                              @ Abbrev [38] 0x130a:0xe DW_TAG_subprogram
	.long	.Linfo_string110                @ DW_AT_name
	.byte	3                               @ DW_AT_decl_file
	.short	886                             @ DW_AT_decl_line
                                        @ DW_AT_declaration
                                        @ DW_AT_external
	.byte	34                              @ Abbrev [34] 0x1312:0x5 DW_TAG_formal_parameter
	.long	2856                            @ DW_AT_type
	.byte	0                               @ End Of Children Mark
	.byte	31                              @ Abbrev [31] 0x1318:0x8 DW_TAG_imported_declaration
	.byte	3                               @ DW_AT_decl_file
	.short	1011                            @ DW_AT_decl_line
	.long	4874                            @ DW_AT_import
	.byte	36                              @ Abbrev [36] 0x1320:0x12 DW_TAG_subprogram
	.long	.Linfo_string111                @ DW_AT_name
	.byte	3                               @ DW_AT_decl_file
	.short	894                             @ DW_AT_decl_line
	.long	95                              @ DW_AT_type
                                        @ DW_AT_declaration
                                        @ DW_AT_external
	.byte	34                              @ Abbrev [34] 0x132c:0x5 DW_TAG_formal_parameter
	.long	2856                            @ DW_AT_type
	.byte	0                               @ End Of Children Mark
	.byte	31                              @ Abbrev [31] 0x1332:0x8 DW_TAG_imported_declaration
	.byte	3                               @ DW_AT_decl_file
	.short	1012                            @ DW_AT_decl_line
	.long	4896                            @ DW_AT_import
	.byte	36                              @ Abbrev [36] 0x133a:0x12 DW_TAG_subprogram
	.long	.Linfo_string112                @ DW_AT_name
	.byte	3                               @ DW_AT_decl_file
	.short	899                             @ DW_AT_decl_line
	.long	95                              @ DW_AT_type
                                        @ DW_AT_declaration
                                        @ DW_AT_external
	.byte	34                              @ Abbrev [34] 0x1346:0x5 DW_TAG_formal_parameter
	.long	2856                            @ DW_AT_type
	.byte	0                               @ End Of Children Mark
	.byte	31                              @ Abbrev [31] 0x134c:0x8 DW_TAG_imported_declaration
	.byte	3                               @ DW_AT_decl_file
	.short	1013                            @ DW_AT_decl_line
	.long	4922                            @ DW_AT_import
	.byte	38                              @ Abbrev [38] 0x1354:0xe DW_TAG_subprogram
	.long	.Linfo_string113                @ DW_AT_name
	.byte	3                               @ DW_AT_decl_file
	.short	904                             @ DW_AT_decl_line
                                        @ DW_AT_declaration
                                        @ DW_AT_external
	.byte	34                              @ Abbrev [34] 0x135c:0x5 DW_TAG_formal_parameter
	.long	2797                            @ DW_AT_type
	.byte	0                               @ End Of Children Mark
	.byte	31                              @ Abbrev [31] 0x1362:0x8 DW_TAG_imported_declaration
	.byte	3                               @ DW_AT_decl_file
	.short	1014                            @ DW_AT_decl_line
	.long	4948                            @ DW_AT_import
	.byte	36                              @ Abbrev [36] 0x136a:0x12 DW_TAG_subprogram
	.long	.Linfo_string114                @ DW_AT_name
	.byte	3                               @ DW_AT_decl_file
	.short	917                             @ DW_AT_decl_line
	.long	95                              @ DW_AT_type
                                        @ DW_AT_declaration
                                        @ DW_AT_external
	.byte	34                              @ Abbrev [34] 0x1376:0x5 DW_TAG_formal_parameter
	.long	2856                            @ DW_AT_type
	.byte	0                               @ End Of Children Mark
	.byte	31                              @ Abbrev [31] 0x137c:0x8 DW_TAG_imported_declaration
	.byte	3                               @ DW_AT_decl_file
	.short	1015                            @ DW_AT_decl_line
	.long	4970                            @ DW_AT_import
	.byte	45                              @ Abbrev [45] 0x1384:0x8 DW_TAG_subprogram
	.long	.Linfo_string115                @ DW_AT_name
	.byte	3                               @ DW_AT_decl_file
	.short	921                             @ DW_AT_decl_line
                                        @ DW_AT_declaration
                                        @ DW_AT_external
	.byte	31                              @ Abbrev [31] 0x138c:0x8 DW_TAG_imported_declaration
	.byte	3                               @ DW_AT_decl_file
	.short	1016                            @ DW_AT_decl_line
	.long	4996                            @ DW_AT_import
	.byte	45                              @ Abbrev [45] 0x1394:0x8 DW_TAG_subprogram
	.long	.Linfo_string116                @ DW_AT_name
	.byte	3                               @ DW_AT_decl_file
	.short	922                             @ DW_AT_decl_line
                                        @ DW_AT_declaration
                                        @ DW_AT_external
	.byte	31                              @ Abbrev [31] 0x139c:0x8 DW_TAG_imported_declaration
	.byte	3                               @ DW_AT_decl_file
	.short	1017                            @ DW_AT_decl_line
	.long	5012                            @ DW_AT_import
	.byte	33                              @ Abbrev [33] 0x13a4:0x11 DW_TAG_subprogram
	.long	.Linfo_string117                @ DW_AT_name
	.byte	4                               @ DW_AT_decl_file
	.byte	177                             @ DW_AT_decl_line
	.long	5045                            @ DW_AT_type
                                        @ DW_AT_declaration
                                        @ DW_AT_external
	.byte	34                              @ Abbrev [34] 0x13af:0x5 DW_TAG_formal_parameter
	.long	2797                            @ DW_AT_type
	.byte	0                               @ End Of Children Mark
	.byte	4                               @ Abbrev [4] 0x13b5:0x7 DW_TAG_base_type
	.long	.Linfo_string118                @ DW_AT_name
	.byte	5                               @ DW_AT_encoding
	.byte	8                               @ DW_AT_byte_size
	.byte	31                              @ Abbrev [31] 0x13bc:0x8 DW_TAG_imported_declaration
	.byte	4                               @ DW_AT_decl_file
	.short	820                             @ DW_AT_decl_line
	.long	5028                            @ DW_AT_import
	.byte	3                               @ Abbrev [3] 0x13c4:0xb DW_TAG_typedef
	.long	5071                            @ DW_AT_type
	.long	.Linfo_string121                @ DW_AT_name
	.byte	4                               @ DW_AT_decl_file
	.byte	101                             @ DW_AT_decl_line
	.byte	46                              @ Abbrev [46] 0x13cf:0x22 DW_TAG_structure_type
	.byte	5                               @ DW_AT_calling_convention
	.long	.Linfo_string121                @ DW_AT_name
	.byte	16                              @ DW_AT_byte_size
	.byte	4                               @ DW_AT_decl_file
	.byte	101                             @ DW_AT_decl_line
	.byte	47                              @ Abbrev [47] 0x13d8:0xc DW_TAG_member
	.long	.Linfo_string119                @ DW_AT_name
	.long	5045                            @ DW_AT_type
	.byte	4                               @ DW_AT_decl_file
	.byte	101                             @ DW_AT_decl_line
	.byte	0                               @ DW_AT_data_member_location
	.byte	47                              @ Abbrev [47] 0x13e4:0xc DW_TAG_member
	.long	.Linfo_string120                @ DW_AT_name
	.long	5045                            @ DW_AT_type
	.byte	4                               @ DW_AT_decl_file
	.byte	101                             @ DW_AT_decl_line
	.byte	8                               @ DW_AT_data_member_location
	.byte	0                               @ End Of Children Mark
	.byte	31                              @ Abbrev [31] 0x13f1:0x8 DW_TAG_imported_declaration
	.byte	4                               @ DW_AT_decl_file
	.short	821                             @ DW_AT_decl_line
	.long	5060                            @ DW_AT_import
	.byte	3                               @ Abbrev [3] 0x13f9:0xb DW_TAG_typedef
	.long	5124                            @ DW_AT_type
	.long	.Linfo_string122                @ DW_AT_name
	.byte	4                               @ DW_AT_decl_file
	.byte	96                              @ DW_AT_decl_line
	.byte	32                              @ Abbrev [32] 0x1404:0x5 DW_TAG_structure_type
	.long	.Linfo_string122                @ DW_AT_name
                                        @ DW_AT_declaration
	.byte	31                              @ Abbrev [31] 0x1409:0x8 DW_TAG_imported_declaration
	.byte	4                               @ DW_AT_decl_file
	.short	823                             @ DW_AT_decl_line
	.long	5113                            @ DW_AT_import
	.byte	3                               @ Abbrev [3] 0x1411:0xb DW_TAG_typedef
	.long	5148                            @ DW_AT_type
	.long	.Linfo_string123                @ DW_AT_name
	.byte	4                               @ DW_AT_decl_file
	.byte	98                              @ DW_AT_decl_line
	.byte	46                              @ Abbrev [46] 0x141c:0x22 DW_TAG_structure_type
	.byte	5                               @ DW_AT_calling_convention
	.long	.Linfo_string123                @ DW_AT_name
	.byte	8                               @ DW_AT_byte_size
	.byte	4                               @ DW_AT_decl_file
	.byte	98                              @ DW_AT_decl_line
	.byte	47                              @ Abbrev [47] 0x1425:0xc DW_TAG_member
	.long	.Linfo_string119                @ DW_AT_name
	.long	4765                            @ DW_AT_type
	.byte	4                               @ DW_AT_decl_file
	.byte	98                              @ DW_AT_decl_line
	.byte	0                               @ DW_AT_data_member_location
	.byte	47                              @ Abbrev [47] 0x1431:0xc DW_TAG_member
	.long	.Linfo_string120                @ DW_AT_name
	.long	4765                            @ DW_AT_type
	.byte	4                               @ DW_AT_decl_file
	.byte	98                              @ DW_AT_decl_line
	.byte	4                               @ DW_AT_data_member_location
	.byte	0                               @ End Of Children Mark
	.byte	31                              @ Abbrev [31] 0x143e:0x8 DW_TAG_imported_declaration
	.byte	4                               @ DW_AT_decl_file
	.short	824                             @ DW_AT_decl_line
	.long	5137                            @ DW_AT_import
	.byte	33                              @ Abbrev [33] 0x1446:0x11 DW_TAG_subprogram
	.long	.Linfo_string124                @ DW_AT_name
	.byte	4                               @ DW_AT_decl_file
	.byte	158                             @ DW_AT_decl_line
	.long	118                             @ DW_AT_type
                                        @ DW_AT_declaration
                                        @ DW_AT_external
	.byte	34                              @ Abbrev [34] 0x1451:0x5 DW_TAG_formal_parameter
	.long	2797                            @ DW_AT_type
	.byte	0                               @ End Of Children Mark
	.byte	31                              @ Abbrev [31] 0x1457:0x8 DW_TAG_imported_declaration
	.byte	4                               @ DW_AT_decl_file
	.short	825                             @ DW_AT_decl_line
	.long	5190                            @ DW_AT_import
	.byte	33                              @ Abbrev [33] 0x145f:0x11 DW_TAG_subprogram
	.long	.Linfo_string125                @ DW_AT_name
	.byte	4                               @ DW_AT_decl_file
	.byte	164                             @ DW_AT_decl_line
	.long	95                              @ DW_AT_type
                                        @ DW_AT_declaration
                                        @ DW_AT_external
	.byte	34                              @ Abbrev [34] 0x146a:0x5 DW_TAG_formal_parameter
	.long	2797                            @ DW_AT_type
	.byte	0                               @ End Of Children Mark
	.byte	31                              @ Abbrev [31] 0x1470:0x8 DW_TAG_imported_declaration
	.byte	4                               @ DW_AT_decl_file
	.short	826                             @ DW_AT_decl_line
	.long	5215                            @ DW_AT_import
	.byte	33                              @ Abbrev [33] 0x1478:0x11 DW_TAG_subprogram
	.long	.Linfo_string126                @ DW_AT_name
	.byte	4                               @ DW_AT_decl_file
	.byte	170                             @ DW_AT_decl_line
	.long	4765                            @ DW_AT_type
                                        @ DW_AT_declaration
                                        @ DW_AT_external
	.byte	34                              @ Abbrev [34] 0x1483:0x5 DW_TAG_formal_parameter
	.long	2797                            @ DW_AT_type
	.byte	0                               @ End Of Children Mark
	.byte	31                              @ Abbrev [31] 0x1489:0x8 DW_TAG_imported_declaration
	.byte	4                               @ DW_AT_decl_file
	.short	827                             @ DW_AT_decl_line
	.long	5240                            @ DW_AT_import
	.byte	33                              @ Abbrev [33] 0x1491:0x16 DW_TAG_subprogram
	.long	.Linfo_string127                @ DW_AT_name
	.byte	4                               @ DW_AT_decl_file
	.byte	185                             @ DW_AT_decl_line
	.long	118                             @ DW_AT_type
                                        @ DW_AT_declaration
                                        @ DW_AT_external
	.byte	34                              @ Abbrev [34] 0x149c:0x5 DW_TAG_formal_parameter
	.long	2974                            @ DW_AT_type
	.byte	34                              @ Abbrev [34] 0x14a1:0x5 DW_TAG_formal_parameter
	.long	5287                            @ DW_AT_type
	.byte	0                               @ End Of Children Mark
	.byte	37                              @ Abbrev [37] 0x14a7:0x5 DW_TAG_restrict_type
	.long	3597                            @ DW_AT_type
	.byte	31                              @ Abbrev [31] 0x14ac:0x8 DW_TAG_imported_declaration
	.byte	4                               @ DW_AT_decl_file
	.short	828                             @ DW_AT_decl_line
	.long	5265                            @ DW_AT_import
	.byte	33                              @ Abbrev [33] 0x14b4:0x16 DW_TAG_subprogram
	.long	.Linfo_string128                @ DW_AT_name
	.byte	4                               @ DW_AT_decl_file
	.byte	206                             @ DW_AT_decl_line
	.long	5322                            @ DW_AT_type
                                        @ DW_AT_declaration
                                        @ DW_AT_external
	.byte	34                              @ Abbrev [34] 0x14bf:0x5 DW_TAG_formal_parameter
	.long	2974                            @ DW_AT_type
	.byte	34                              @ Abbrev [34] 0x14c4:0x5 DW_TAG_formal_parameter
	.long	5287                            @ DW_AT_type
	.byte	0                               @ End Of Children Mark
	.byte	4                               @ Abbrev [4] 0x14ca:0x7 DW_TAG_base_type
	.long	.Linfo_string129                @ DW_AT_name
	.byte	4                               @ DW_AT_encoding
	.byte	4                               @ DW_AT_byte_size
	.byte	31                              @ Abbrev [31] 0x14d1:0x8 DW_TAG_imported_declaration
	.byte	4                               @ DW_AT_decl_file
	.short	830                             @ DW_AT_decl_line
	.long	5300                            @ DW_AT_import
	.byte	33                              @ Abbrev [33] 0x14d9:0x16 DW_TAG_subprogram
	.long	.Linfo_string130                @ DW_AT_name
	.byte	4                               @ DW_AT_decl_file
	.byte	207                             @ DW_AT_decl_line
	.long	5359                            @ DW_AT_type
                                        @ DW_AT_declaration
                                        @ DW_AT_external
	.byte	34                              @ Abbrev [34] 0x14e4:0x5 DW_TAG_formal_parameter
	.long	2974                            @ DW_AT_type
	.byte	34                              @ Abbrev [34] 0x14e9:0x5 DW_TAG_formal_parameter
	.long	5287                            @ DW_AT_type
	.byte	0                               @ End Of Children Mark
	.byte	4                               @ Abbrev [4] 0x14ef:0x7 DW_TAG_base_type
	.long	.Linfo_string131                @ DW_AT_name
	.byte	4                               @ DW_AT_encoding
	.byte	8                               @ DW_AT_byte_size
	.byte	31                              @ Abbrev [31] 0x14f6:0x8 DW_TAG_imported_declaration
	.byte	4                               @ DW_AT_decl_file
	.short	831                             @ DW_AT_decl_line
	.long	5337                            @ DW_AT_import
	.byte	33                              @ Abbrev [33] 0x14fe:0x1b DW_TAG_subprogram
	.long	.Linfo_string132                @ DW_AT_name
	.byte	4                               @ DW_AT_decl_file
	.byte	212                             @ DW_AT_decl_line
	.long	4765                            @ DW_AT_type
                                        @ DW_AT_declaration
                                        @ DW_AT_external
	.byte	34                              @ Abbrev [34] 0x1509:0x5 DW_TAG_formal_parameter
	.long	2974                            @ DW_AT_type
	.byte	34                              @ Abbrev [34] 0x150e:0x5 DW_TAG_formal_parameter
	.long	5287                            @ DW_AT_type
	.byte	34                              @ Abbrev [34] 0x1513:0x5 DW_TAG_formal_parameter
	.long	95                              @ DW_AT_type
	.byte	0                               @ End Of Children Mark
	.byte	31                              @ Abbrev [31] 0x1519:0x8 DW_TAG_imported_declaration
	.byte	4                               @ DW_AT_decl_file
	.short	833                             @ DW_AT_decl_line
	.long	5374                            @ DW_AT_import
	.byte	33                              @ Abbrev [33] 0x1521:0x1b DW_TAG_subprogram
	.long	.Linfo_string133                @ DW_AT_name
	.byte	4                               @ DW_AT_decl_file
	.byte	243                             @ DW_AT_decl_line
	.long	5436                            @ DW_AT_type
                                        @ DW_AT_declaration
                                        @ DW_AT_external
	.byte	34                              @ Abbrev [34] 0x152c:0x5 DW_TAG_formal_parameter
	.long	2974                            @ DW_AT_type
	.byte	34                              @ Abbrev [34] 0x1531:0x5 DW_TAG_formal_parameter
	.long	5287                            @ DW_AT_type
	.byte	34                              @ Abbrev [34] 0x1536:0x5 DW_TAG_formal_parameter
	.long	95                              @ DW_AT_type
	.byte	0                               @ End Of Children Mark
	.byte	4                               @ Abbrev [4] 0x153c:0x7 DW_TAG_base_type
	.long	.Linfo_string134                @ DW_AT_name
	.byte	7                               @ DW_AT_encoding
	.byte	4                               @ DW_AT_byte_size
	.byte	31                              @ Abbrev [31] 0x1543:0x8 DW_TAG_imported_declaration
	.byte	4                               @ DW_AT_decl_file
	.short	834                             @ DW_AT_decl_line
	.long	5409                            @ DW_AT_import
	.byte	36                              @ Abbrev [36] 0x154b:0x1c DW_TAG_subprogram
	.long	.Linfo_string135                @ DW_AT_name
	.byte	4                               @ DW_AT_decl_file
	.short	275                             @ DW_AT_decl_line
	.long	5045                            @ DW_AT_type
                                        @ DW_AT_declaration
                                        @ DW_AT_external
	.byte	34                              @ Abbrev [34] 0x1557:0x5 DW_TAG_formal_parameter
	.long	2974                            @ DW_AT_type
	.byte	34                              @ Abbrev [34] 0x155c:0x5 DW_TAG_formal_parameter
	.long	5287                            @ DW_AT_type
	.byte	34                              @ Abbrev [34] 0x1561:0x5 DW_TAG_formal_parameter
	.long	95                              @ DW_AT_type
	.byte	0                               @ End Of Children Mark
	.byte	31                              @ Abbrev [31] 0x1567:0x8 DW_TAG_imported_declaration
	.byte	4                               @ DW_AT_decl_file
	.short	835                             @ DW_AT_decl_line
	.long	5451                            @ DW_AT_import
	.byte	36                              @ Abbrev [36] 0x156f:0x1c DW_TAG_subprogram
	.long	.Linfo_string136                @ DW_AT_name
	.byte	4                               @ DW_AT_decl_file
	.short	284                             @ DW_AT_decl_line
	.long	5515                            @ DW_AT_type
                                        @ DW_AT_declaration
                                        @ DW_AT_external
	.byte	34                              @ Abbrev [34] 0x157b:0x5 DW_TAG_formal_parameter
	.long	2974                            @ DW_AT_type
	.byte	34                              @ Abbrev [34] 0x1580:0x5 DW_TAG_formal_parameter
	.long	5287                            @ DW_AT_type
	.byte	34                              @ Abbrev [34] 0x1585:0x5 DW_TAG_formal_parameter
	.long	95                              @ DW_AT_type
	.byte	0                               @ End Of Children Mark
	.byte	4                               @ Abbrev [4] 0x158b:0x7 DW_TAG_base_type
	.long	.Linfo_string137                @ DW_AT_name
	.byte	7                               @ DW_AT_encoding
	.byte	8                               @ DW_AT_byte_size
	.byte	31                              @ Abbrev [31] 0x1592:0x8 DW_TAG_imported_declaration
	.byte	4                               @ DW_AT_decl_file
	.short	836                             @ DW_AT_decl_line
	.long	5487                            @ DW_AT_import
	.byte	42                              @ Abbrev [42] 0x159a:0xc DW_TAG_subprogram
	.long	.Linfo_string138                @ DW_AT_name
	.byte	4                               @ DW_AT_decl_file
	.short	293                             @ DW_AT_decl_line
	.long	95                              @ DW_AT_type
                                        @ DW_AT_declaration
                                        @ DW_AT_external
	.byte	31                              @ Abbrev [31] 0x15a6:0x8 DW_TAG_imported_declaration
	.byte	4                               @ DW_AT_decl_file
	.short	837                             @ DW_AT_decl_line
	.long	5530                            @ DW_AT_import
	.byte	38                              @ Abbrev [38] 0x15ae:0xe DW_TAG_subprogram
	.long	.Linfo_string139                @ DW_AT_name
	.byte	4                               @ DW_AT_decl_file
	.short	303                             @ DW_AT_decl_line
                                        @ DW_AT_declaration
                                        @ DW_AT_external
	.byte	34                              @ Abbrev [34] 0x15b6:0x5 DW_TAG_formal_parameter
	.long	72                              @ DW_AT_type
	.byte	0                               @ End Of Children Mark
	.byte	31                              @ Abbrev [31] 0x15bc:0x8 DW_TAG_imported_declaration
	.byte	4                               @ DW_AT_decl_file
	.short	838                             @ DW_AT_decl_line
	.long	5550                            @ DW_AT_import
	.byte	32                              @ Abbrev [32] 0x15c4:0x5 DW_TAG_structure_type
	.long	.Linfo_string140                @ DW_AT_name
                                        @ DW_AT_declaration
	.byte	31                              @ Abbrev [31] 0x15c9:0x8 DW_TAG_imported_declaration
	.byte	4                               @ DW_AT_decl_file
	.short	839                             @ DW_AT_decl_line
	.long	5572                            @ DW_AT_import
	.byte	36                              @ Abbrev [36] 0x15d1:0x12 DW_TAG_subprogram
	.long	.Linfo_string141                @ DW_AT_name
	.byte	4                               @ DW_AT_decl_file
	.short	314                             @ DW_AT_decl_line
	.long	95                              @ DW_AT_type
                                        @ DW_AT_declaration
                                        @ DW_AT_external
	.byte	34                              @ Abbrev [34] 0x15dd:0x5 DW_TAG_formal_parameter
	.long	5603                            @ DW_AT_type
	.byte	0                               @ End Of Children Mark
	.byte	2                               @ Abbrev [2] 0x15e3:0x5 DW_TAG_pointer_type
	.long	5572                            @ DW_AT_type
	.byte	31                              @ Abbrev [31] 0x15e8:0x8 DW_TAG_imported_declaration
	.byte	4                               @ DW_AT_decl_file
	.short	840                             @ DW_AT_decl_line
	.long	5585                            @ DW_AT_import
	.byte	38                              @ Abbrev [38] 0x15f0:0x13 DW_TAG_subprogram
	.long	.Linfo_string142                @ DW_AT_name
	.byte	4                               @ DW_AT_decl_file
	.short	315                             @ DW_AT_decl_line
                                        @ DW_AT_declaration
                                        @ DW_AT_external
	.byte	34                              @ Abbrev [34] 0x15f8:0x5 DW_TAG_formal_parameter
	.long	5603                            @ DW_AT_type
	.byte	34                              @ Abbrev [34] 0x15fd:0x5 DW_TAG_formal_parameter
	.long	72                              @ DW_AT_type
	.byte	0                               @ End Of Children Mark
	.byte	31                              @ Abbrev [31] 0x1603:0x8 DW_TAG_imported_declaration
	.byte	4                               @ DW_AT_decl_file
	.short	841                             @ DW_AT_decl_line
	.long	5616                            @ DW_AT_import
	.byte	32                              @ Abbrev [32] 0x160b:0x5 DW_TAG_structure_type
	.long	.Linfo_string143                @ DW_AT_name
                                        @ DW_AT_declaration
	.byte	31                              @ Abbrev [31] 0x1610:0x8 DW_TAG_imported_declaration
	.byte	4                               @ DW_AT_decl_file
	.short	842                             @ DW_AT_decl_line
	.long	5643                            @ DW_AT_import
	.byte	36                              @ Abbrev [36] 0x1618:0x12 DW_TAG_subprogram
	.long	.Linfo_string144                @ DW_AT_name
	.byte	4                               @ DW_AT_decl_file
	.short	317                             @ DW_AT_decl_line
	.long	95                              @ DW_AT_type
                                        @ DW_AT_declaration
                                        @ DW_AT_external
	.byte	34                              @ Abbrev [34] 0x1624:0x5 DW_TAG_formal_parameter
	.long	5674                            @ DW_AT_type
	.byte	0                               @ End Of Children Mark
	.byte	2                               @ Abbrev [2] 0x162a:0x5 DW_TAG_pointer_type
	.long	5643                            @ DW_AT_type
	.byte	31                              @ Abbrev [31] 0x162f:0x8 DW_TAG_imported_declaration
	.byte	4                               @ DW_AT_decl_file
	.short	843                             @ DW_AT_decl_line
	.long	5656                            @ DW_AT_import
	.byte	38                              @ Abbrev [38] 0x1637:0x13 DW_TAG_subprogram
	.long	.Linfo_string145                @ DW_AT_name
	.byte	4                               @ DW_AT_decl_file
	.short	318                             @ DW_AT_decl_line
                                        @ DW_AT_declaration
                                        @ DW_AT_external
	.byte	34                              @ Abbrev [34] 0x163f:0x5 DW_TAG_formal_parameter
	.long	5674                            @ DW_AT_type
	.byte	34                              @ Abbrev [34] 0x1644:0x5 DW_TAG_formal_parameter
	.long	72                              @ DW_AT_type
	.byte	0                               @ End Of Children Mark
	.byte	31                              @ Abbrev [31] 0x164a:0x8 DW_TAG_imported_declaration
	.byte	4                               @ DW_AT_decl_file
	.short	844                             @ DW_AT_decl_line
	.long	5687                            @ DW_AT_import
	.byte	36                              @ Abbrev [36] 0x1652:0x17 DW_TAG_subprogram
	.long	.Linfo_string146                @ DW_AT_name
	.byte	4                               @ DW_AT_decl_file
	.short	324                             @ DW_AT_decl_line
	.long	4599                            @ DW_AT_type
                                        @ DW_AT_declaration
                                        @ DW_AT_external
	.byte	34                              @ Abbrev [34] 0x165e:0x5 DW_TAG_formal_parameter
	.long	5737                            @ DW_AT_type
	.byte	34                              @ Abbrev [34] 0x1663:0x5 DW_TAG_formal_parameter
	.long	5737                            @ DW_AT_type
	.byte	0                               @ End Of Children Mark
	.byte	3                               @ Abbrev [3] 0x1669:0xb DW_TAG_typedef
	.long	72                              @ DW_AT_type
	.long	.Linfo_string39                 @ DW_AT_name
	.byte	4                               @ DW_AT_decl_file
	.byte	64                              @ DW_AT_decl_line
	.byte	31                              @ Abbrev [31] 0x1674:0x8 DW_TAG_imported_declaration
	.byte	4                               @ DW_AT_decl_file
	.short	845                             @ DW_AT_decl_line
	.long	5714                            @ DW_AT_import
	.byte	38                              @ Abbrev [38] 0x167c:0xe DW_TAG_subprogram
	.long	.Linfo_string147                @ DW_AT_name
	.byte	4                               @ DW_AT_decl_file
	.short	330                             @ DW_AT_decl_line
                                        @ DW_AT_declaration
                                        @ DW_AT_external
	.byte	34                              @ Abbrev [34] 0x1684:0x5 DW_TAG_formal_parameter
	.long	4599                            @ DW_AT_type
	.byte	0                               @ End Of Children Mark
	.byte	31                              @ Abbrev [31] 0x168a:0x8 DW_TAG_imported_declaration
	.byte	4                               @ DW_AT_decl_file
	.short	846                             @ DW_AT_decl_line
	.long	5756                            @ DW_AT_import
	.byte	36                              @ Abbrev [36] 0x1692:0x12 DW_TAG_subprogram
	.long	.Linfo_string148                @ DW_AT_name
	.byte	4                               @ DW_AT_decl_file
	.short	338                             @ DW_AT_decl_line
	.long	4599                            @ DW_AT_type
                                        @ DW_AT_declaration
                                        @ DW_AT_external
	.byte	34                              @ Abbrev [34] 0x169e:0x5 DW_TAG_formal_parameter
	.long	5737                            @ DW_AT_type
	.byte	0                               @ End Of Children Mark
	.byte	31                              @ Abbrev [31] 0x16a4:0x8 DW_TAG_imported_declaration
	.byte	4                               @ DW_AT_decl_file
	.short	847                             @ DW_AT_decl_line
	.long	5778                            @ DW_AT_import
	.byte	36                              @ Abbrev [36] 0x16ac:0x17 DW_TAG_subprogram
	.long	.Linfo_string149                @ DW_AT_name
	.byte	4                               @ DW_AT_decl_file
	.short	344                             @ DW_AT_decl_line
	.long	4599                            @ DW_AT_type
                                        @ DW_AT_declaration
                                        @ DW_AT_external
	.byte	34                              @ Abbrev [34] 0x16b8:0x5 DW_TAG_formal_parameter
	.long	4599                            @ DW_AT_type
	.byte	34                              @ Abbrev [34] 0x16bd:0x5 DW_TAG_formal_parameter
	.long	5737                            @ DW_AT_type
	.byte	0                               @ End Of Children Mark
	.byte	31                              @ Abbrev [31] 0x16c3:0x8 DW_TAG_imported_declaration
	.byte	4                               @ DW_AT_decl_file
	.short	848                             @ DW_AT_decl_line
	.long	5804                            @ DW_AT_import
	.byte	48                              @ Abbrev [48] 0x16cb:0xc DW_TAG_typedef
	.long	5847                            @ DW_AT_type
	.long	.Linfo_string150                @ DW_AT_name
	.byte	4                               @ DW_AT_decl_file
	.short	374                             @ DW_AT_decl_line
	.byte	2                               @ Abbrev [2] 0x16d7:0x5 DW_TAG_pointer_type
	.long	5852                            @ DW_AT_type
	.byte	49                              @ Abbrev [49] 0x16dc:0x11 DW_TAG_subroutine_type
	.long	95                              @ DW_AT_type
	.byte	34                              @ Abbrev [34] 0x16e1:0x5 DW_TAG_formal_parameter
	.long	4599                            @ DW_AT_type
	.byte	34                              @ Abbrev [34] 0x16e6:0x5 DW_TAG_formal_parameter
	.long	2797                            @ DW_AT_type
	.byte	39                              @ Abbrev [39] 0x16eb:0x1 DW_TAG_unspecified_parameters
	.byte	0                               @ End Of Children Mark
	.byte	31                              @ Abbrev [31] 0x16ed:0x8 DW_TAG_imported_declaration
	.byte	4                               @ DW_AT_decl_file
	.short	852                             @ DW_AT_decl_line
	.long	5835                            @ DW_AT_import
	.byte	38                              @ Abbrev [38] 0x16f5:0x13 DW_TAG_subprogram
	.long	.Linfo_string151                @ DW_AT_name
	.byte	4                               @ DW_AT_decl_file
	.short	375                             @ DW_AT_decl_line
                                        @ DW_AT_declaration
                                        @ DW_AT_external
	.byte	34                              @ Abbrev [34] 0x16fd:0x5 DW_TAG_formal_parameter
	.long	5847                            @ DW_AT_type
	.byte	34                              @ Abbrev [34] 0x1702:0x5 DW_TAG_formal_parameter
	.long	4599                            @ DW_AT_type
	.byte	0                               @ End Of Children Mark
	.byte	31                              @ Abbrev [31] 0x1708:0x8 DW_TAG_imported_declaration
	.byte	4                               @ DW_AT_decl_file
	.short	853                             @ DW_AT_decl_line
	.long	5877                            @ DW_AT_import
	.byte	36                              @ Abbrev [36] 0x1710:0x1c DW_TAG_subprogram
	.long	.Linfo_string152                @ DW_AT_name
	.byte	4                               @ DW_AT_decl_file
	.short	390                             @ DW_AT_decl_line
	.long	95                              @ DW_AT_type
                                        @ DW_AT_declaration
                                        @ DW_AT_external
	.byte	34                              @ Abbrev [34] 0x171c:0x5 DW_TAG_formal_parameter
	.long	5847                            @ DW_AT_type
	.byte	34                              @ Abbrev [34] 0x1721:0x5 DW_TAG_formal_parameter
	.long	4599                            @ DW_AT_type
	.byte	34                              @ Abbrev [34] 0x1726:0x5 DW_TAG_formal_parameter
	.long	95                              @ DW_AT_type
	.byte	0                               @ End Of Children Mark
	.byte	31                              @ Abbrev [31] 0x172c:0x8 DW_TAG_imported_declaration
	.byte	4                               @ DW_AT_decl_file
	.short	854                             @ DW_AT_decl_line
	.long	5904                            @ DW_AT_import
	.byte	50                              @ Abbrev [50] 0x1734:0x8 DW_TAG_subprogram
	.long	.Linfo_string153                @ DW_AT_name
	.byte	4                               @ DW_AT_decl_file
	.short	411                             @ DW_AT_decl_line
                                        @ DW_AT_declaration
                                        @ DW_AT_external
                                        @ DW_AT_noreturn
	.byte	31                              @ Abbrev [31] 0x173c:0x8 DW_TAG_imported_declaration
	.byte	4                               @ DW_AT_decl_file
	.short	855                             @ DW_AT_decl_line
	.long	5940                            @ DW_AT_import
	.byte	36                              @ Abbrev [36] 0x1744:0x12 DW_TAG_subprogram
	.long	.Linfo_string154                @ DW_AT_name
	.byte	4                               @ DW_AT_decl_file
	.short	422                             @ DW_AT_decl_line
	.long	95                              @ DW_AT_type
                                        @ DW_AT_declaration
                                        @ DW_AT_external
	.byte	34                              @ Abbrev [34] 0x1750:0x5 DW_TAG_formal_parameter
	.long	5974                            @ DW_AT_type
	.byte	0                               @ End Of Children Mark
	.byte	2                               @ Abbrev [2] 0x1756:0x5 DW_TAG_pointer_type
	.long	5979                            @ DW_AT_type
	.byte	51                              @ Abbrev [51] 0x175b:0x1 DW_TAG_subroutine_type
	.byte	31                              @ Abbrev [31] 0x175c:0x8 DW_TAG_imported_declaration
	.byte	4                               @ DW_AT_decl_file
	.short	856                             @ DW_AT_decl_line
	.long	5956                            @ DW_AT_import
	.byte	52                              @ Abbrev [52] 0x1764:0xe DW_TAG_subprogram
	.long	.Linfo_string155                @ DW_AT_name
	.byte	4                               @ DW_AT_decl_file
	.short	444                             @ DW_AT_decl_line
                                        @ DW_AT_declaration
                                        @ DW_AT_external
                                        @ DW_AT_noreturn
	.byte	34                              @ Abbrev [34] 0x176c:0x5 DW_TAG_formal_parameter
	.long	95                              @ DW_AT_type
	.byte	0                               @ End Of Children Mark
	.byte	31                              @ Abbrev [31] 0x1772:0x8 DW_TAG_imported_declaration
	.byte	4                               @ DW_AT_decl_file
	.short	857                             @ DW_AT_decl_line
	.long	5988                            @ DW_AT_import
	.byte	52                              @ Abbrev [52] 0x177a:0xe DW_TAG_subprogram
	.long	.Linfo_string156                @ DW_AT_name
	.byte	4                               @ DW_AT_decl_file
	.short	460                             @ DW_AT_decl_line
                                        @ DW_AT_declaration
                                        @ DW_AT_external
                                        @ DW_AT_noreturn
	.byte	34                              @ Abbrev [34] 0x1782:0x5 DW_TAG_formal_parameter
	.long	95                              @ DW_AT_type
	.byte	0                               @ End Of Children Mark
	.byte	31                              @ Abbrev [31] 0x1788:0x8 DW_TAG_imported_declaration
	.byte	4                               @ DW_AT_decl_file
	.short	858                             @ DW_AT_decl_line
	.long	6010                            @ DW_AT_import
	.byte	36                              @ Abbrev [36] 0x1790:0x12 DW_TAG_subprogram
	.long	.Linfo_string157                @ DW_AT_name
	.byte	4                               @ DW_AT_decl_file
	.short	471                             @ DW_AT_decl_line
	.long	2886                            @ DW_AT_type
                                        @ DW_AT_declaration
                                        @ DW_AT_external
	.byte	34                              @ Abbrev [34] 0x179c:0x5 DW_TAG_formal_parameter
	.long	2797                            @ DW_AT_type
	.byte	0                               @ End Of Children Mark
	.byte	31                              @ Abbrev [31] 0x17a2:0x8 DW_TAG_imported_declaration
	.byte	4                               @ DW_AT_decl_file
	.short	859                             @ DW_AT_decl_line
	.long	6032                            @ DW_AT_import
	.byte	36                              @ Abbrev [36] 0x17aa:0x12 DW_TAG_subprogram
	.long	.Linfo_string158                @ DW_AT_name
	.byte	4                               @ DW_AT_decl_file
	.short	484                             @ DW_AT_decl_line
	.long	95                              @ DW_AT_type
                                        @ DW_AT_declaration
                                        @ DW_AT_external
	.byte	34                              @ Abbrev [34] 0x17b6:0x5 DW_TAG_formal_parameter
	.long	2797                            @ DW_AT_type
	.byte	0                               @ End Of Children Mark
	.byte	31                              @ Abbrev [31] 0x17bc:0x8 DW_TAG_imported_declaration
	.byte	4                               @ DW_AT_decl_file
	.short	860                             @ DW_AT_decl_line
	.long	6058                            @ DW_AT_import
	.byte	36                              @ Abbrev [36] 0x17c4:0x26 DW_TAG_subprogram
	.long	.Linfo_string159                @ DW_AT_name
	.byte	4                               @ DW_AT_decl_file
	.short	497                             @ DW_AT_decl_line
	.long	4599                            @ DW_AT_type
                                        @ DW_AT_declaration
                                        @ DW_AT_external
	.byte	34                              @ Abbrev [34] 0x17d0:0x5 DW_TAG_formal_parameter
	.long	4682                            @ DW_AT_type
	.byte	34                              @ Abbrev [34] 0x17d5:0x5 DW_TAG_formal_parameter
	.long	4682                            @ DW_AT_type
	.byte	34                              @ Abbrev [34] 0x17da:0x5 DW_TAG_formal_parameter
	.long	5737                            @ DW_AT_type
	.byte	34                              @ Abbrev [34] 0x17df:0x5 DW_TAG_formal_parameter
	.long	5737                            @ DW_AT_type
	.byte	34                              @ Abbrev [34] 0x17e4:0x5 DW_TAG_formal_parameter
	.long	6122                            @ DW_AT_type
	.byte	0                               @ End Of Children Mark
	.byte	2                               @ Abbrev [2] 0x17ea:0x5 DW_TAG_pointer_type
	.long	6127                            @ DW_AT_type
	.byte	49                              @ Abbrev [49] 0x17ef:0x10 DW_TAG_subroutine_type
	.long	95                              @ DW_AT_type
	.byte	34                              @ Abbrev [34] 0x17f4:0x5 DW_TAG_formal_parameter
	.long	4682                            @ DW_AT_type
	.byte	34                              @ Abbrev [34] 0x17f9:0x5 DW_TAG_formal_parameter
	.long	4682                            @ DW_AT_type
	.byte	0                               @ End Of Children Mark
	.byte	31                              @ Abbrev [31] 0x17ff:0x8 DW_TAG_imported_declaration
	.byte	4                               @ DW_AT_decl_file
	.short	861                             @ DW_AT_decl_line
	.long	6084                            @ DW_AT_import
	.byte	38                              @ Abbrev [38] 0x1807:0x1d DW_TAG_subprogram
	.long	.Linfo_string160                @ DW_AT_name
	.byte	4                               @ DW_AT_decl_file
	.short	532                             @ DW_AT_decl_line
                                        @ DW_AT_declaration
                                        @ DW_AT_external
	.byte	34                              @ Abbrev [34] 0x180f:0x5 DW_TAG_formal_parameter
	.long	4599                            @ DW_AT_type
	.byte	34                              @ Abbrev [34] 0x1814:0x5 DW_TAG_formal_parameter
	.long	5737                            @ DW_AT_type
	.byte	34                              @ Abbrev [34] 0x1819:0x5 DW_TAG_formal_parameter
	.long	5737                            @ DW_AT_type
	.byte	34                              @ Abbrev [34] 0x181e:0x5 DW_TAG_formal_parameter
	.long	6122                            @ DW_AT_type
	.byte	0                               @ End Of Children Mark
	.byte	31                              @ Abbrev [31] 0x1824:0x8 DW_TAG_imported_declaration
	.byte	4                               @ DW_AT_decl_file
	.short	862                             @ DW_AT_decl_line
	.long	6151                            @ DW_AT_import
	.byte	53                              @ Abbrev [53] 0x182c:0x16 DW_TAG_subprogram
	.long	.Linfo_string161                @ DW_AT_linkage_name
	.long	.Linfo_string162                @ DW_AT_name
	.byte	4                               @ DW_AT_decl_file
	.short	617                             @ DW_AT_decl_line
	.long	5045                            @ DW_AT_type
                                        @ DW_AT_declaration
                                        @ DW_AT_external
	.byte	34                              @ Abbrev [34] 0x183c:0x5 DW_TAG_formal_parameter
	.long	5045                            @ DW_AT_type
	.byte	0                               @ End Of Children Mark
	.byte	31                              @ Abbrev [31] 0x1842:0x8 DW_TAG_imported_declaration
	.byte	4                               @ DW_AT_decl_file
	.short	863                             @ DW_AT_decl_line
	.long	6188                            @ DW_AT_import
	.byte	53                              @ Abbrev [53] 0x184a:0x1b DW_TAG_subprogram
	.long	.Linfo_string163                @ DW_AT_linkage_name
	.long	.Linfo_string164                @ DW_AT_name
	.byte	4                               @ DW_AT_decl_file
	.short	635                             @ DW_AT_decl_line
	.long	5060                            @ DW_AT_type
                                        @ DW_AT_declaration
                                        @ DW_AT_external
	.byte	34                              @ Abbrev [34] 0x185a:0x5 DW_TAG_formal_parameter
	.long	5045                            @ DW_AT_type
	.byte	34                              @ Abbrev [34] 0x185f:0x5 DW_TAG_formal_parameter
	.long	5045                            @ DW_AT_type
	.byte	0                               @ End Of Children Mark
	.byte	31                              @ Abbrev [31] 0x1865:0x8 DW_TAG_imported_declaration
	.byte	4                               @ DW_AT_decl_file
	.short	864                             @ DW_AT_decl_line
	.long	6218                            @ DW_AT_import
	.byte	36                              @ Abbrev [36] 0x186d:0x12 DW_TAG_subprogram
	.long	.Linfo_string165                @ DW_AT_name
	.byte	4                               @ DW_AT_decl_file
	.short	579                             @ DW_AT_decl_line
	.long	4765                            @ DW_AT_type
                                        @ DW_AT_declaration
                                        @ DW_AT_external
	.byte	34                              @ Abbrev [34] 0x1879:0x5 DW_TAG_formal_parameter
	.long	4765                            @ DW_AT_type
	.byte	0                               @ End Of Children Mark
	.byte	31                              @ Abbrev [31] 0x187f:0x8 DW_TAG_imported_declaration
	.byte	4                               @ DW_AT_decl_file
	.short	865                             @ DW_AT_decl_line
	.long	6253                            @ DW_AT_import
	.byte	36                              @ Abbrev [36] 0x1887:0x17 DW_TAG_subprogram
	.long	.Linfo_string166                @ DW_AT_name
	.byte	4                               @ DW_AT_decl_file
	.short	589                             @ DW_AT_decl_line
	.long	5137                            @ DW_AT_type
                                        @ DW_AT_declaration
                                        @ DW_AT_external
	.byte	34                              @ Abbrev [34] 0x1893:0x5 DW_TAG_formal_parameter
	.long	4765                            @ DW_AT_type
	.byte	34                              @ Abbrev [34] 0x1898:0x5 DW_TAG_formal_parameter
	.long	4765                            @ DW_AT_type
	.byte	0                               @ End Of Children Mark
	.byte	31                              @ Abbrev [31] 0x189e:0x8 DW_TAG_imported_declaration
	.byte	4                               @ DW_AT_decl_file
	.short	866                             @ DW_AT_decl_line
	.long	6279                            @ DW_AT_import
	.byte	36                              @ Abbrev [36] 0x18a6:0x12 DW_TAG_subprogram
	.long	.Linfo_string167                @ DW_AT_name
	.byte	4                               @ DW_AT_decl_file
	.short	610                             @ DW_AT_decl_line
	.long	5045                            @ DW_AT_type
                                        @ DW_AT_declaration
                                        @ DW_AT_external
	.byte	34                              @ Abbrev [34] 0x18b2:0x5 DW_TAG_formal_parameter
	.long	5045                            @ DW_AT_type
	.byte	0                               @ End Of Children Mark
	.byte	31                              @ Abbrev [31] 0x18b8:0x8 DW_TAG_imported_declaration
	.byte	4                               @ DW_AT_decl_file
	.short	868                             @ DW_AT_decl_line
	.long	6310                            @ DW_AT_import
	.byte	36                              @ Abbrev [36] 0x18c0:0x17 DW_TAG_subprogram
	.long	.Linfo_string168                @ DW_AT_name
	.byte	4                               @ DW_AT_decl_file
	.short	620                             @ DW_AT_decl_line
	.long	5060                            @ DW_AT_type
                                        @ DW_AT_declaration
                                        @ DW_AT_external
	.byte	34                              @ Abbrev [34] 0x18cc:0x5 DW_TAG_formal_parameter
	.long	5045                            @ DW_AT_type
	.byte	34                              @ Abbrev [34] 0x18d1:0x5 DW_TAG_formal_parameter
	.long	5045                            @ DW_AT_type
	.byte	0                               @ End Of Children Mark
	.byte	31                              @ Abbrev [31] 0x18d7:0x8 DW_TAG_imported_declaration
	.byte	4                               @ DW_AT_decl_file
	.short	869                             @ DW_AT_decl_line
	.long	6336                            @ DW_AT_import
	.byte	48                              @ Abbrev [48] 0x18df:0xc DW_TAG_typedef
	.long	6379                            @ DW_AT_type
	.long	.Linfo_string169                @ DW_AT_name
	.byte	4                               @ DW_AT_decl_file
	.short	644                             @ DW_AT_decl_line
	.byte	32                              @ Abbrev [32] 0x18eb:0x5 DW_TAG_structure_type
	.long	.Linfo_string169                @ DW_AT_name
                                        @ DW_AT_declaration
	.byte	31                              @ Abbrev [31] 0x18f0:0x8 DW_TAG_imported_declaration
	.byte	4                               @ DW_AT_decl_file
	.short	871                             @ DW_AT_decl_line
	.long	6367                            @ DW_AT_import
	.byte	48                              @ Abbrev [48] 0x18f8:0xc DW_TAG_typedef
	.long	6404                            @ DW_AT_type
	.long	.Linfo_string170                @ DW_AT_name
	.byte	4                               @ DW_AT_decl_file
	.short	645                             @ DW_AT_decl_line
	.byte	32                              @ Abbrev [32] 0x1904:0x5 DW_TAG_structure_type
	.long	.Linfo_string170                @ DW_AT_name
                                        @ DW_AT_declaration
	.byte	31                              @ Abbrev [31] 0x1909:0x8 DW_TAG_imported_declaration
	.byte	4                               @ DW_AT_decl_file
	.short	872                             @ DW_AT_decl_line
	.long	6392                            @ DW_AT_import
	.byte	48                              @ Abbrev [48] 0x1911:0xc DW_TAG_typedef
	.long	6429                            @ DW_AT_type
	.long	.Linfo_string171                @ DW_AT_name
	.byte	4                               @ DW_AT_decl_file
	.short	647                             @ DW_AT_decl_line
	.byte	32                              @ Abbrev [32] 0x191d:0x5 DW_TAG_structure_type
	.long	.Linfo_string171                @ DW_AT_name
                                        @ DW_AT_declaration
	.byte	31                              @ Abbrev [31] 0x1922:0x8 DW_TAG_imported_declaration
	.byte	4                               @ DW_AT_decl_file
	.short	873                             @ DW_AT_decl_line
	.long	6417                            @ DW_AT_import
	.byte	36                              @ Abbrev [36] 0x192a:0x17 DW_TAG_subprogram
	.long	.Linfo_string172                @ DW_AT_name
	.byte	4                               @ DW_AT_decl_file
	.short	649                             @ DW_AT_decl_line
	.long	6367                            @ DW_AT_type
                                        @ DW_AT_declaration
                                        @ DW_AT_external
	.byte	34                              @ Abbrev [34] 0x1936:0x5 DW_TAG_formal_parameter
	.long	95                              @ DW_AT_type
	.byte	34                              @ Abbrev [34] 0x193b:0x5 DW_TAG_formal_parameter
	.long	6465                            @ DW_AT_type
	.byte	0                               @ End Of Children Mark
	.byte	4                               @ Abbrev [4] 0x1941:0x7 DW_TAG_base_type
	.long	.Linfo_string173                @ DW_AT_name
	.byte	5                               @ DW_AT_encoding
	.byte	2                               @ DW_AT_byte_size
	.byte	31                              @ Abbrev [31] 0x1948:0x8 DW_TAG_imported_declaration
	.byte	4                               @ DW_AT_decl_file
	.short	874                             @ DW_AT_decl_line
	.long	6442                            @ DW_AT_import
	.byte	36                              @ Abbrev [36] 0x1950:0x17 DW_TAG_subprogram
	.long	.Linfo_string174                @ DW_AT_name
	.byte	4                               @ DW_AT_decl_file
	.short	655                             @ DW_AT_decl_line
	.long	6392                            @ DW_AT_type
                                        @ DW_AT_declaration
                                        @ DW_AT_external
	.byte	34                              @ Abbrev [34] 0x195c:0x5 DW_TAG_formal_parameter
	.long	72                              @ DW_AT_type
	.byte	34                              @ Abbrev [34] 0x1961:0x5 DW_TAG_formal_parameter
	.long	6503                            @ DW_AT_type
	.byte	0                               @ End Of Children Mark
	.byte	4                               @ Abbrev [4] 0x1967:0x7 DW_TAG_base_type
	.long	.Linfo_string175                @ DW_AT_name
	.byte	7                               @ DW_AT_encoding
	.byte	2                               @ DW_AT_byte_size
	.byte	31                              @ Abbrev [31] 0x196e:0x8 DW_TAG_imported_declaration
	.byte	4                               @ DW_AT_decl_file
	.short	875                             @ DW_AT_decl_line
	.long	6480                            @ DW_AT_import
	.byte	36                              @ Abbrev [36] 0x1976:0x1c DW_TAG_subprogram
	.long	.Linfo_string176                @ DW_AT_name
	.byte	4                               @ DW_AT_decl_file
	.short	661                             @ DW_AT_decl_line
	.long	6417                            @ DW_AT_type
                                        @ DW_AT_declaration
                                        @ DW_AT_external
	.byte	34                              @ Abbrev [34] 0x1982:0x5 DW_TAG_formal_parameter
	.long	95                              @ DW_AT_type
	.byte	34                              @ Abbrev [34] 0x1987:0x5 DW_TAG_formal_parameter
	.long	72                              @ DW_AT_type
	.byte	34                              @ Abbrev [34] 0x198c:0x5 DW_TAG_formal_parameter
	.long	95                              @ DW_AT_type
	.byte	0                               @ End Of Children Mark
	.byte	31                              @ Abbrev [31] 0x1992:0x8 DW_TAG_imported_declaration
	.byte	4                               @ DW_AT_decl_file
	.short	876                             @ DW_AT_decl_line
	.long	6518                            @ DW_AT_import
	.byte	36                              @ Abbrev [36] 0x199a:0x17 DW_TAG_subprogram
	.long	.Linfo_string177                @ DW_AT_name
	.byte	4                               @ DW_AT_decl_file
	.short	671                             @ DW_AT_decl_line
	.long	72                              @ DW_AT_type
                                        @ DW_AT_declaration
                                        @ DW_AT_external
	.byte	34                              @ Abbrev [34] 0x19a6:0x5 DW_TAG_formal_parameter
	.long	72                              @ DW_AT_type
	.byte	34                              @ Abbrev [34] 0x19ab:0x5 DW_TAG_formal_parameter
	.long	72                              @ DW_AT_type
	.byte	0                               @ End Of Children Mark
	.byte	31                              @ Abbrev [31] 0x19b1:0x8 DW_TAG_imported_declaration
	.byte	4                               @ DW_AT_decl_file
	.short	877                             @ DW_AT_decl_line
	.long	6554                            @ DW_AT_import
	.byte	36                              @ Abbrev [36] 0x19b9:0x17 DW_TAG_subprogram
	.long	.Linfo_string178                @ DW_AT_name
	.byte	4                               @ DW_AT_decl_file
	.short	705                             @ DW_AT_decl_line
	.long	95                              @ DW_AT_type
                                        @ DW_AT_declaration
                                        @ DW_AT_external
	.byte	34                              @ Abbrev [34] 0x19c5:0x5 DW_TAG_formal_parameter
	.long	2797                            @ DW_AT_type
	.byte	34                              @ Abbrev [34] 0x19ca:0x5 DW_TAG_formal_parameter
	.long	5737                            @ DW_AT_type
	.byte	0                               @ End Of Children Mark
	.byte	31                              @ Abbrev [31] 0x19d0:0x8 DW_TAG_imported_declaration
	.byte	4                               @ DW_AT_decl_file
	.short	878                             @ DW_AT_decl_line
	.long	6585                            @ DW_AT_import
	.byte	36                              @ Abbrev [36] 0x19d8:0x1c DW_TAG_subprogram
	.long	.Linfo_string179                @ DW_AT_name
	.byte	4                               @ DW_AT_decl_file
	.short	720                             @ DW_AT_decl_line
	.long	95                              @ DW_AT_type
                                        @ DW_AT_declaration
                                        @ DW_AT_external
	.byte	34                              @ Abbrev [34] 0x19e4:0x5 DW_TAG_formal_parameter
	.long	6644                            @ DW_AT_type
	.byte	34                              @ Abbrev [34] 0x19e9:0x5 DW_TAG_formal_parameter
	.long	2974                            @ DW_AT_type
	.byte	34                              @ Abbrev [34] 0x19ee:0x5 DW_TAG_formal_parameter
	.long	5737                            @ DW_AT_type
	.byte	0                               @ End Of Children Mark
	.byte	37                              @ Abbrev [37] 0x19f4:0x5 DW_TAG_restrict_type
	.long	6649                            @ DW_AT_type
	.byte	2                               @ Abbrev [2] 0x19f9:0x5 DW_TAG_pointer_type
	.long	6654                            @ DW_AT_type
	.byte	4                               @ Abbrev [4] 0x19fe:0x7 DW_TAG_base_type
	.long	.Linfo_string180                @ DW_AT_name
	.byte	7                               @ DW_AT_encoding
	.byte	2                               @ DW_AT_byte_size
	.byte	31                              @ Abbrev [31] 0x1a05:0x8 DW_TAG_imported_declaration
	.byte	4                               @ DW_AT_decl_file
	.short	879                             @ DW_AT_decl_line
	.long	6616                            @ DW_AT_import
	.byte	36                              @ Abbrev [36] 0x1a0d:0x17 DW_TAG_subprogram
	.long	.Linfo_string181                @ DW_AT_name
	.byte	4                               @ DW_AT_decl_file
	.short	739                             @ DW_AT_decl_line
	.long	95                              @ DW_AT_type
                                        @ DW_AT_declaration
                                        @ DW_AT_external
	.byte	34                              @ Abbrev [34] 0x1a19:0x5 DW_TAG_formal_parameter
	.long	2886                            @ DW_AT_type
	.byte	34                              @ Abbrev [34] 0x1a1e:0x5 DW_TAG_formal_parameter
	.long	6654                            @ DW_AT_type
	.byte	0                               @ End Of Children Mark
	.byte	31                              @ Abbrev [31] 0x1a24:0x8 DW_TAG_imported_declaration
	.byte	4                               @ DW_AT_decl_file
	.short	880                             @ DW_AT_decl_line
	.long	6669                            @ DW_AT_import
	.byte	36                              @ Abbrev [36] 0x1a2c:0x1c DW_TAG_subprogram
	.long	.Linfo_string182                @ DW_AT_name
	.byte	4                               @ DW_AT_decl_file
	.short	761                             @ DW_AT_decl_line
	.long	5737                            @ DW_AT_type
                                        @ DW_AT_declaration
                                        @ DW_AT_external
	.byte	34                              @ Abbrev [34] 0x1a38:0x5 DW_TAG_formal_parameter
	.long	6644                            @ DW_AT_type
	.byte	34                              @ Abbrev [34] 0x1a3d:0x5 DW_TAG_formal_parameter
	.long	2974                            @ DW_AT_type
	.byte	34                              @ Abbrev [34] 0x1a42:0x5 DW_TAG_formal_parameter
	.long	5737                            @ DW_AT_type
	.byte	0                               @ End Of Children Mark
	.byte	31                              @ Abbrev [31] 0x1a48:0x8 DW_TAG_imported_declaration
	.byte	4                               @ DW_AT_decl_file
	.short	881                             @ DW_AT_decl_line
	.long	6700                            @ DW_AT_import
	.byte	36                              @ Abbrev [36] 0x1a50:0x1c DW_TAG_subprogram
	.long	.Linfo_string183                @ DW_AT_name
	.byte	4                               @ DW_AT_decl_file
	.short	779                             @ DW_AT_decl_line
	.long	5737                            @ DW_AT_type
                                        @ DW_AT_declaration
                                        @ DW_AT_external
	.byte	34                              @ Abbrev [34] 0x1a5c:0x5 DW_TAG_formal_parameter
	.long	3047                            @ DW_AT_type
	.byte	34                              @ Abbrev [34] 0x1a61:0x5 DW_TAG_formal_parameter
	.long	6764                            @ DW_AT_type
	.byte	34                              @ Abbrev [34] 0x1a66:0x5 DW_TAG_formal_parameter
	.long	5737                            @ DW_AT_type
	.byte	0                               @ End Of Children Mark
	.byte	37                              @ Abbrev [37] 0x1a6c:0x5 DW_TAG_restrict_type
	.long	6769                            @ DW_AT_type
	.byte	2                               @ Abbrev [2] 0x1a71:0x5 DW_TAG_pointer_type
	.long	6774                            @ DW_AT_type
	.byte	20                              @ Abbrev [20] 0x1a76:0x5 DW_TAG_const_type
	.long	6654                            @ DW_AT_type
	.byte	31                              @ Abbrev [31] 0x1a7b:0x8 DW_TAG_imported_declaration
	.byte	4                               @ DW_AT_decl_file
	.short	882                             @ DW_AT_decl_line
	.long	6736                            @ DW_AT_import
	.byte	45                              @ Abbrev [45] 0x1a83:0x8 DW_TAG_subprogram
	.long	.Linfo_string184                @ DW_AT_name
	.byte	4                               @ DW_AT_decl_file
	.short	798                             @ DW_AT_decl_line
                                        @ DW_AT_declaration
                                        @ DW_AT_external
	.byte	31                              @ Abbrev [31] 0x1a8b:0x8 DW_TAG_imported_declaration
	.byte	4                               @ DW_AT_decl_file
	.short	883                             @ DW_AT_decl_line
	.long	6787                            @ DW_AT_import
	.byte	45                              @ Abbrev [45] 0x1a93:0x8 DW_TAG_subprogram
	.long	.Linfo_string185                @ DW_AT_name
	.byte	4                               @ DW_AT_decl_file
	.short	799                             @ DW_AT_decl_line
                                        @ DW_AT_declaration
                                        @ DW_AT_external
	.byte	31                              @ Abbrev [31] 0x1a9b:0x8 DW_TAG_imported_declaration
	.byte	4                               @ DW_AT_decl_file
	.short	884                             @ DW_AT_decl_line
	.long	6803                            @ DW_AT_import
	.byte	45                              @ Abbrev [45] 0x1aa3:0x8 DW_TAG_subprogram
	.long	.Linfo_string186                @ DW_AT_name
	.byte	4                               @ DW_AT_decl_file
	.short	800                             @ DW_AT_decl_line
                                        @ DW_AT_declaration
                                        @ DW_AT_external
	.byte	31                              @ Abbrev [31] 0x1aab:0x8 DW_TAG_imported_declaration
	.byte	4                               @ DW_AT_decl_file
	.short	885                             @ DW_AT_decl_line
	.long	6819                            @ DW_AT_import
	.byte	45                              @ Abbrev [45] 0x1ab3:0x8 DW_TAG_subprogram
	.long	.Linfo_string187                @ DW_AT_name
	.byte	4                               @ DW_AT_decl_file
	.short	801                             @ DW_AT_decl_line
                                        @ DW_AT_declaration
                                        @ DW_AT_external
	.byte	31                              @ Abbrev [31] 0x1abb:0x8 DW_TAG_imported_declaration
	.byte	4                               @ DW_AT_decl_file
	.short	886                             @ DW_AT_decl_line
	.long	6835                            @ DW_AT_import
	.byte	45                              @ Abbrev [45] 0x1ac3:0x8 DW_TAG_subprogram
	.long	.Linfo_string188                @ DW_AT_name
	.byte	4                               @ DW_AT_decl_file
	.short	802                             @ DW_AT_decl_line
                                        @ DW_AT_declaration
                                        @ DW_AT_external
	.byte	31                              @ Abbrev [31] 0x1acb:0x8 DW_TAG_imported_declaration
	.byte	4                               @ DW_AT_decl_file
	.short	887                             @ DW_AT_decl_line
	.long	6851                            @ DW_AT_import
	.byte	42                              @ Abbrev [42] 0x1ad3:0xc DW_TAG_subprogram
	.long	.Linfo_string189                @ DW_AT_name
	.byte	4                               @ DW_AT_decl_file
	.short	804                             @ DW_AT_decl_line
	.long	2797                            @ DW_AT_type
                                        @ DW_AT_declaration
                                        @ DW_AT_external
	.byte	31                              @ Abbrev [31] 0x1adf:0x8 DW_TAG_imported_declaration
	.byte	4                               @ DW_AT_decl_file
	.short	888                             @ DW_AT_decl_line
	.long	6867                            @ DW_AT_import
	.byte	42                              @ Abbrev [42] 0x1ae7:0xc DW_TAG_subprogram
	.long	.Linfo_string190                @ DW_AT_name
	.byte	4                               @ DW_AT_decl_file
	.short	805                             @ DW_AT_decl_line
	.long	95                              @ DW_AT_type
                                        @ DW_AT_declaration
                                        @ DW_AT_external
	.byte	31                              @ Abbrev [31] 0x1af3:0x8 DW_TAG_imported_declaration
	.byte	4                               @ DW_AT_decl_file
	.short	889                             @ DW_AT_decl_line
	.long	6887                            @ DW_AT_import
	.byte	31                              @ Abbrev [31] 0x1afb:0x8 DW_TAG_imported_declaration
	.byte	4                               @ DW_AT_decl_file
	.short	890                             @ DW_AT_decl_line
	.long	5737                            @ DW_AT_import
	.byte	35                              @ Abbrev [35] 0x1b03:0xb DW_TAG_subprogram
	.long	.Linfo_string191                @ DW_AT_name
	.byte	4                               @ DW_AT_decl_file
	.byte	139                             @ DW_AT_decl_line
	.long	95                              @ DW_AT_type
                                        @ DW_AT_declaration
                                        @ DW_AT_external
	.byte	31                              @ Abbrev [31] 0x1b0e:0x8 DW_TAG_imported_declaration
	.byte	4                               @ DW_AT_decl_file
	.short	891                             @ DW_AT_decl_line
	.long	6915                            @ DW_AT_import
	.byte	3                               @ Abbrev [3] 0x1b16:0xb DW_TAG_typedef
	.long	72                              @ DW_AT_type
	.long	.Linfo_string39                 @ DW_AT_name
	.byte	5                               @ DW_AT_decl_file
	.byte	44                              @ DW_AT_decl_line
	.byte	31                              @ Abbrev [31] 0x1b21:0x8 DW_TAG_imported_declaration
	.byte	5                               @ DW_AT_decl_file
	.short	464                             @ DW_AT_decl_line
	.long	6934                            @ DW_AT_import
	.byte	33                              @ Abbrev [33] 0x1b29:0x1b DW_TAG_subprogram
	.long	.Linfo_string192                @ DW_AT_name
	.byte	5                               @ DW_AT_decl_file
	.byte	58                              @ DW_AT_decl_line
	.long	4599                            @ DW_AT_type
                                        @ DW_AT_declaration
                                        @ DW_AT_external
	.byte	34                              @ Abbrev [34] 0x1b34:0x5 DW_TAG_formal_parameter
	.long	4594                            @ DW_AT_type
	.byte	34                              @ Abbrev [34] 0x1b39:0x5 DW_TAG_formal_parameter
	.long	4677                            @ DW_AT_type
	.byte	34                              @ Abbrev [34] 0x1b3e:0x5 DW_TAG_formal_parameter
	.long	6934                            @ DW_AT_type
	.byte	0                               @ End Of Children Mark
	.byte	31                              @ Abbrev [31] 0x1b44:0x8 DW_TAG_imported_declaration
	.byte	5                               @ DW_AT_decl_file
	.short	465                             @ DW_AT_decl_line
	.long	6953                            @ DW_AT_import
	.byte	33                              @ Abbrev [33] 0x1b4c:0x1b DW_TAG_subprogram
	.long	.Linfo_string193                @ DW_AT_name
	.byte	5                               @ DW_AT_decl_file
	.byte	66                              @ DW_AT_decl_line
	.long	4599                            @ DW_AT_type
                                        @ DW_AT_declaration
                                        @ DW_AT_external
	.byte	34                              @ Abbrev [34] 0x1b57:0x5 DW_TAG_formal_parameter
	.long	4599                            @ DW_AT_type
	.byte	34                              @ Abbrev [34] 0x1b5c:0x5 DW_TAG_formal_parameter
	.long	4682                            @ DW_AT_type
	.byte	34                              @ Abbrev [34] 0x1b61:0x5 DW_TAG_formal_parameter
	.long	6934                            @ DW_AT_type
	.byte	0                               @ End Of Children Mark
	.byte	31                              @ Abbrev [31] 0x1b67:0x8 DW_TAG_imported_declaration
	.byte	5                               @ DW_AT_decl_file
	.short	466                             @ DW_AT_decl_line
	.long	6988                            @ DW_AT_import
	.byte	33                              @ Abbrev [33] 0x1b6f:0x16 DW_TAG_subprogram
	.long	.Linfo_string194                @ DW_AT_name
	.byte	5                               @ DW_AT_decl_file
	.byte	77                              @ DW_AT_decl_line
	.long	2886                            @ DW_AT_type
                                        @ DW_AT_declaration
                                        @ DW_AT_external
	.byte	34                              @ Abbrev [34] 0x1b7a:0x5 DW_TAG_formal_parameter
	.long	3047                            @ DW_AT_type
	.byte	34                              @ Abbrev [34] 0x1b7f:0x5 DW_TAG_formal_parameter
	.long	2974                            @ DW_AT_type
	.byte	0                               @ End Of Children Mark
	.byte	31                              @ Abbrev [31] 0x1b85:0x8 DW_TAG_imported_declaration
	.byte	5                               @ DW_AT_decl_file
	.short	467                             @ DW_AT_decl_line
	.long	7023                            @ DW_AT_import
	.byte	33                              @ Abbrev [33] 0x1b8d:0x1b DW_TAG_subprogram
	.long	.Linfo_string195                @ DW_AT_name
	.byte	5                               @ DW_AT_decl_file
	.byte	84                              @ DW_AT_decl_line
	.long	2886                            @ DW_AT_type
                                        @ DW_AT_declaration
                                        @ DW_AT_external
	.byte	34                              @ Abbrev [34] 0x1b98:0x5 DW_TAG_formal_parameter
	.long	3047                            @ DW_AT_type
	.byte	34                              @ Abbrev [34] 0x1b9d:0x5 DW_TAG_formal_parameter
	.long	2974                            @ DW_AT_type
	.byte	34                              @ Abbrev [34] 0x1ba2:0x5 DW_TAG_formal_parameter
	.long	6934                            @ DW_AT_type
	.byte	0                               @ End Of Children Mark
	.byte	31                              @ Abbrev [31] 0x1ba8:0x8 DW_TAG_imported_declaration
	.byte	5                               @ DW_AT_decl_file
	.short	468                             @ DW_AT_decl_line
	.long	7053                            @ DW_AT_import
	.byte	33                              @ Abbrev [33] 0x1bb0:0x16 DW_TAG_subprogram
	.long	.Linfo_string196                @ DW_AT_name
	.byte	5                               @ DW_AT_decl_file
	.byte	93                              @ DW_AT_decl_line
	.long	2886                            @ DW_AT_type
                                        @ DW_AT_declaration
                                        @ DW_AT_external
	.byte	34                              @ Abbrev [34] 0x1bbb:0x5 DW_TAG_formal_parameter
	.long	3047                            @ DW_AT_type
	.byte	34                              @ Abbrev [34] 0x1bc0:0x5 DW_TAG_formal_parameter
	.long	2974                            @ DW_AT_type
	.byte	0                               @ End Of Children Mark
	.byte	31                              @ Abbrev [31] 0x1bc6:0x8 DW_TAG_imported_declaration
	.byte	5                               @ DW_AT_decl_file
	.short	469                             @ DW_AT_decl_line
	.long	7088                            @ DW_AT_import
	.byte	33                              @ Abbrev [33] 0x1bce:0x1b DW_TAG_subprogram
	.long	.Linfo_string197                @ DW_AT_name
	.byte	5                               @ DW_AT_decl_file
	.byte	100                             @ DW_AT_decl_line
	.long	2886                            @ DW_AT_type
                                        @ DW_AT_declaration
                                        @ DW_AT_external
	.byte	34                              @ Abbrev [34] 0x1bd9:0x5 DW_TAG_formal_parameter
	.long	3047                            @ DW_AT_type
	.byte	34                              @ Abbrev [34] 0x1bde:0x5 DW_TAG_formal_parameter
	.long	2974                            @ DW_AT_type
	.byte	34                              @ Abbrev [34] 0x1be3:0x5 DW_TAG_formal_parameter
	.long	6934                            @ DW_AT_type
	.byte	0                               @ End Of Children Mark
	.byte	31                              @ Abbrev [31] 0x1be9:0x8 DW_TAG_imported_declaration
	.byte	5                               @ DW_AT_decl_file
	.short	470                             @ DW_AT_decl_line
	.long	7118                            @ DW_AT_import
	.byte	33                              @ Abbrev [33] 0x1bf1:0x1b DW_TAG_subprogram
	.long	.Linfo_string198                @ DW_AT_name
	.byte	5                               @ DW_AT_decl_file
	.byte	117                             @ DW_AT_decl_line
	.long	95                              @ DW_AT_type
                                        @ DW_AT_declaration
                                        @ DW_AT_external
	.byte	34                              @ Abbrev [34] 0x1bfc:0x5 DW_TAG_formal_parameter
	.long	4682                            @ DW_AT_type
	.byte	34                              @ Abbrev [34] 0x1c01:0x5 DW_TAG_formal_parameter
	.long	4682                            @ DW_AT_type
	.byte	34                              @ Abbrev [34] 0x1c06:0x5 DW_TAG_formal_parameter
	.long	6934                            @ DW_AT_type
	.byte	0                               @ End Of Children Mark
	.byte	31                              @ Abbrev [31] 0x1c0c:0x8 DW_TAG_imported_declaration
	.byte	5                               @ DW_AT_decl_file
	.short	471                             @ DW_AT_decl_line
	.long	7153                            @ DW_AT_import
	.byte	33                              @ Abbrev [33] 0x1c14:0x16 DW_TAG_subprogram
	.long	.Linfo_string199                @ DW_AT_name
	.byte	5                               @ DW_AT_decl_file
	.byte	125                             @ DW_AT_decl_line
	.long	95                              @ DW_AT_type
                                        @ DW_AT_declaration
                                        @ DW_AT_external
	.byte	34                              @ Abbrev [34] 0x1c1f:0x5 DW_TAG_formal_parameter
	.long	2797                            @ DW_AT_type
	.byte	34                              @ Abbrev [34] 0x1c24:0x5 DW_TAG_formal_parameter
	.long	2797                            @ DW_AT_type
	.byte	0                               @ End Of Children Mark
	.byte	31                              @ Abbrev [31] 0x1c2a:0x8 DW_TAG_imported_declaration
	.byte	5                               @ DW_AT_decl_file
	.short	472                             @ DW_AT_decl_line
	.long	7188                            @ DW_AT_import
	.byte	33                              @ Abbrev [33] 0x1c32:0x1b DW_TAG_subprogram
	.long	.Linfo_string200                @ DW_AT_name
	.byte	5                               @ DW_AT_decl_file
	.byte	132                             @ DW_AT_decl_line
	.long	95                              @ DW_AT_type
                                        @ DW_AT_declaration
                                        @ DW_AT_external
	.byte	34                              @ Abbrev [34] 0x1c3d:0x5 DW_TAG_formal_parameter
	.long	2797                            @ DW_AT_type
	.byte	34                              @ Abbrev [34] 0x1c42:0x5 DW_TAG_formal_parameter
	.long	2797                            @ DW_AT_type
	.byte	34                              @ Abbrev [34] 0x1c47:0x5 DW_TAG_formal_parameter
	.long	6934                            @ DW_AT_type
	.byte	0                               @ End Of Children Mark
	.byte	31                              @ Abbrev [31] 0x1c4d:0x8 DW_TAG_imported_declaration
	.byte	5                               @ DW_AT_decl_file
	.short	473                             @ DW_AT_decl_line
	.long	7218                            @ DW_AT_import
	.byte	33                              @ Abbrev [33] 0x1c55:0x16 DW_TAG_subprogram
	.long	.Linfo_string201                @ DW_AT_name
	.byte	5                               @ DW_AT_decl_file
	.byte	141                             @ DW_AT_decl_line
	.long	95                              @ DW_AT_type
                                        @ DW_AT_declaration
                                        @ DW_AT_external
	.byte	34                              @ Abbrev [34] 0x1c60:0x5 DW_TAG_formal_parameter
	.long	2797                            @ DW_AT_type
	.byte	34                              @ Abbrev [34] 0x1c65:0x5 DW_TAG_formal_parameter
	.long	2797                            @ DW_AT_type
	.byte	0                               @ End Of Children Mark
	.byte	31                              @ Abbrev [31] 0x1c6b:0x8 DW_TAG_imported_declaration
	.byte	5                               @ DW_AT_decl_file
	.short	474                             @ DW_AT_decl_line
	.long	7253                            @ DW_AT_import
	.byte	33                              @ Abbrev [33] 0x1c73:0x1b DW_TAG_subprogram
	.long	.Linfo_string202                @ DW_AT_name
	.byte	5                               @ DW_AT_decl_file
	.byte	149                             @ DW_AT_decl_line
	.long	95                              @ DW_AT_type
                                        @ DW_AT_declaration
                                        @ DW_AT_external
	.byte	34                              @ Abbrev [34] 0x1c7e:0x5 DW_TAG_formal_parameter
	.long	2797                            @ DW_AT_type
	.byte	34                              @ Abbrev [34] 0x1c83:0x5 DW_TAG_formal_parameter
	.long	2797                            @ DW_AT_type
	.byte	34                              @ Abbrev [34] 0x1c88:0x5 DW_TAG_formal_parameter
	.long	6934                            @ DW_AT_type
	.byte	0                               @ End Of Children Mark
	.byte	31                              @ Abbrev [31] 0x1c8e:0x8 DW_TAG_imported_declaration
	.byte	5                               @ DW_AT_decl_file
	.short	475                             @ DW_AT_decl_line
	.long	7283                            @ DW_AT_import
	.byte	33                              @ Abbrev [33] 0x1c96:0x16 DW_TAG_subprogram
	.long	.Linfo_string203                @ DW_AT_name
	.byte	5                               @ DW_AT_decl_file
	.byte	158                             @ DW_AT_decl_line
	.long	95                              @ DW_AT_type
                                        @ DW_AT_declaration
                                        @ DW_AT_external
	.byte	34                              @ Abbrev [34] 0x1ca1:0x5 DW_TAG_formal_parameter
	.long	2797                            @ DW_AT_type
	.byte	34                              @ Abbrev [34] 0x1ca6:0x5 DW_TAG_formal_parameter
	.long	2797                            @ DW_AT_type
	.byte	0                               @ End Of Children Mark
	.byte	31                              @ Abbrev [31] 0x1cac:0x8 DW_TAG_imported_declaration
	.byte	5                               @ DW_AT_decl_file
	.short	476                             @ DW_AT_decl_line
	.long	7318                            @ DW_AT_import
	.byte	33                              @ Abbrev [33] 0x1cb4:0x1b DW_TAG_subprogram
	.long	.Linfo_string204                @ DW_AT_name
	.byte	5                               @ DW_AT_decl_file
	.byte	169                             @ DW_AT_decl_line
	.long	6934                            @ DW_AT_type
                                        @ DW_AT_declaration
                                        @ DW_AT_external
	.byte	34                              @ Abbrev [34] 0x1cbf:0x5 DW_TAG_formal_parameter
	.long	3047                            @ DW_AT_type
	.byte	34                              @ Abbrev [34] 0x1cc4:0x5 DW_TAG_formal_parameter
	.long	2974                            @ DW_AT_type
	.byte	34                              @ Abbrev [34] 0x1cc9:0x5 DW_TAG_formal_parameter
	.long	6934                            @ DW_AT_type
	.byte	0                               @ End Of Children Mark
	.byte	31                              @ Abbrev [31] 0x1ccf:0x8 DW_TAG_imported_declaration
	.byte	5                               @ DW_AT_decl_file
	.short	477                             @ DW_AT_decl_line
	.long	7348                            @ DW_AT_import
	.byte	54                              @ Abbrev [54] 0x1cd7:0x1f DW_TAG_subprogram
	.long	.Linfo_string205                @ DW_AT_linkage_name
	.long	.Linfo_string206                @ DW_AT_name
	.byte	5                               @ DW_AT_decl_file
	.byte	190                             @ DW_AT_decl_line
	.long	4599                            @ DW_AT_type
                                        @ DW_AT_declaration
                                        @ DW_AT_external
	.byte	34                              @ Abbrev [34] 0x1ce6:0x5 DW_TAG_formal_parameter
	.long	4599                            @ DW_AT_type
	.byte	34                              @ Abbrev [34] 0x1ceb:0x5 DW_TAG_formal_parameter
	.long	95                              @ DW_AT_type
	.byte	34                              @ Abbrev [34] 0x1cf0:0x5 DW_TAG_formal_parameter
	.long	6934                            @ DW_AT_type
	.byte	0                               @ End Of Children Mark
	.byte	31                              @ Abbrev [31] 0x1cf6:0x8 DW_TAG_imported_declaration
	.byte	5                               @ DW_AT_decl_file
	.short	478                             @ DW_AT_decl_line
	.long	7383                            @ DW_AT_import
	.byte	54                              @ Abbrev [54] 0x1cfe:0x1a DW_TAG_subprogram
	.long	.Linfo_string207                @ DW_AT_linkage_name
	.long	.Linfo_string208                @ DW_AT_name
	.byte	5                               @ DW_AT_decl_file
	.byte	206                             @ DW_AT_decl_line
	.long	2886                            @ DW_AT_type
                                        @ DW_AT_declaration
                                        @ DW_AT_external
	.byte	34                              @ Abbrev [34] 0x1d0d:0x5 DW_TAG_formal_parameter
	.long	2886                            @ DW_AT_type
	.byte	34                              @ Abbrev [34] 0x1d12:0x5 DW_TAG_formal_parameter
	.long	95                              @ DW_AT_type
	.byte	0                               @ End Of Children Mark
	.byte	31                              @ Abbrev [31] 0x1d18:0x8 DW_TAG_imported_declaration
	.byte	5                               @ DW_AT_decl_file
	.short	479                             @ DW_AT_decl_line
	.long	7422                            @ DW_AT_import
	.byte	33                              @ Abbrev [33] 0x1d20:0x16 DW_TAG_subprogram
	.long	.Linfo_string209                @ DW_AT_name
	.byte	5                               @ DW_AT_decl_file
	.byte	218                             @ DW_AT_decl_line
	.long	6934                            @ DW_AT_type
                                        @ DW_AT_declaration
                                        @ DW_AT_external
	.byte	34                              @ Abbrev [34] 0x1d2b:0x5 DW_TAG_formal_parameter
	.long	2797                            @ DW_AT_type
	.byte	34                              @ Abbrev [34] 0x1d30:0x5 DW_TAG_formal_parameter
	.long	2797                            @ DW_AT_type
	.byte	0                               @ End Of Children Mark
	.byte	31                              @ Abbrev [31] 0x1d36:0x8 DW_TAG_imported_declaration
	.byte	5                               @ DW_AT_decl_file
	.short	480                             @ DW_AT_decl_line
	.long	7456                            @ DW_AT_import
	.byte	54                              @ Abbrev [54] 0x1d3e:0x1a DW_TAG_subprogram
	.long	.Linfo_string210                @ DW_AT_linkage_name
	.long	.Linfo_string211                @ DW_AT_name
	.byte	5                               @ DW_AT_decl_file
	.byte	229                             @ DW_AT_decl_line
	.long	2886                            @ DW_AT_type
                                        @ DW_AT_declaration
                                        @ DW_AT_external
	.byte	34                              @ Abbrev [34] 0x1d4d:0x5 DW_TAG_formal_parameter
	.long	2886                            @ DW_AT_type
	.byte	34                              @ Abbrev [34] 0x1d52:0x5 DW_TAG_formal_parameter
	.long	2797                            @ DW_AT_type
	.byte	0                               @ End Of Children Mark
	.byte	31                              @ Abbrev [31] 0x1d58:0x8 DW_TAG_imported_declaration
	.byte	5                               @ DW_AT_decl_file
	.short	481                             @ DW_AT_decl_line
	.long	7486                            @ DW_AT_import
	.byte	54                              @ Abbrev [54] 0x1d60:0x1a DW_TAG_subprogram
	.long	.Linfo_string212                @ DW_AT_linkage_name
	.long	.Linfo_string213                @ DW_AT_name
	.byte	5                               @ DW_AT_decl_file
	.byte	244                             @ DW_AT_decl_line
	.long	2886                            @ DW_AT_type
                                        @ DW_AT_declaration
                                        @ DW_AT_external
	.byte	34                              @ Abbrev [34] 0x1d6f:0x5 DW_TAG_formal_parameter
	.long	2886                            @ DW_AT_type
	.byte	34                              @ Abbrev [34] 0x1d74:0x5 DW_TAG_formal_parameter
	.long	95                              @ DW_AT_type
	.byte	0                               @ End Of Children Mark
	.byte	31                              @ Abbrev [31] 0x1d7a:0x8 DW_TAG_imported_declaration
	.byte	5                               @ DW_AT_decl_file
	.short	482                             @ DW_AT_decl_line
	.long	7520                            @ DW_AT_import
	.byte	36                              @ Abbrev [36] 0x1d82:0x17 DW_TAG_subprogram
	.long	.Linfo_string214                @ DW_AT_name
	.byte	5                               @ DW_AT_decl_file
	.short	257                             @ DW_AT_decl_line
	.long	6934                            @ DW_AT_type
                                        @ DW_AT_declaration
                                        @ DW_AT_external
	.byte	34                              @ Abbrev [34] 0x1d8e:0x5 DW_TAG_formal_parameter
	.long	2797                            @ DW_AT_type
	.byte	34                              @ Abbrev [34] 0x1d93:0x5 DW_TAG_formal_parameter
	.long	2797                            @ DW_AT_type
	.byte	0                               @ End Of Children Mark
	.byte	31                              @ Abbrev [31] 0x1d99:0x8 DW_TAG_imported_declaration
	.byte	5                               @ DW_AT_decl_file
	.short	483                             @ DW_AT_decl_line
	.long	7554                            @ DW_AT_import
	.byte	53                              @ Abbrev [53] 0x1da1:0x1b DW_TAG_subprogram
	.long	.Linfo_string215                @ DW_AT_linkage_name
	.long	.Linfo_string216                @ DW_AT_name
	.byte	5                               @ DW_AT_decl_file
	.short	267                             @ DW_AT_decl_line
	.long	2886                            @ DW_AT_type
                                        @ DW_AT_declaration
                                        @ DW_AT_external
	.byte	34                              @ Abbrev [34] 0x1db1:0x5 DW_TAG_formal_parameter
	.long	2886                            @ DW_AT_type
	.byte	34                              @ Abbrev [34] 0x1db6:0x5 DW_TAG_formal_parameter
	.long	2797                            @ DW_AT_type
	.byte	0                               @ End Of Children Mark
	.byte	31                              @ Abbrev [31] 0x1dbc:0x8 DW_TAG_imported_declaration
	.byte	5                               @ DW_AT_decl_file
	.short	484                             @ DW_AT_decl_line
	.long	7585                            @ DW_AT_import
	.byte	36                              @ Abbrev [36] 0x1dc4:0x17 DW_TAG_subprogram
	.long	.Linfo_string217                @ DW_AT_name
	.byte	5                               @ DW_AT_decl_file
	.short	280                             @ DW_AT_decl_line
	.long	2886                            @ DW_AT_type
                                        @ DW_AT_declaration
                                        @ DW_AT_external
	.byte	34                              @ Abbrev [34] 0x1dd0:0x5 DW_TAG_formal_parameter
	.long	3047                            @ DW_AT_type
	.byte	34                              @ Abbrev [34] 0x1dd5:0x5 DW_TAG_formal_parameter
	.long	2974                            @ DW_AT_type
	.byte	0                               @ End Of Children Mark
	.byte	31                              @ Abbrev [31] 0x1ddb:0x8 DW_TAG_imported_declaration
	.byte	5                               @ DW_AT_decl_file
	.short	485                             @ DW_AT_decl_line
	.long	7620                            @ DW_AT_import
	.byte	36                              @ Abbrev [36] 0x1de3:0x1c DW_TAG_subprogram
	.long	.Linfo_string218                @ DW_AT_name
	.byte	5                               @ DW_AT_decl_file
	.short	281                             @ DW_AT_decl_line
	.long	2886                            @ DW_AT_type
                                        @ DW_AT_declaration
                                        @ DW_AT_external
	.byte	34                              @ Abbrev [34] 0x1def:0x5 DW_TAG_formal_parameter
	.long	2886                            @ DW_AT_type
	.byte	34                              @ Abbrev [34] 0x1df4:0x5 DW_TAG_formal_parameter
	.long	2797                            @ DW_AT_type
	.byte	34                              @ Abbrev [34] 0x1df9:0x5 DW_TAG_formal_parameter
	.long	3597                            @ DW_AT_type
	.byte	0                               @ End Of Children Mark
	.byte	31                              @ Abbrev [31] 0x1dff:0x8 DW_TAG_imported_declaration
	.byte	5                               @ DW_AT_decl_file
	.short	489                             @ DW_AT_decl_line
	.long	7651                            @ DW_AT_import
	.byte	36                              @ Abbrev [36] 0x1e07:0x1c DW_TAG_subprogram
	.long	.Linfo_string219                @ DW_AT_name
	.byte	5                               @ DW_AT_decl_file
	.short	321                             @ DW_AT_decl_line
	.long	4599                            @ DW_AT_type
                                        @ DW_AT_declaration
                                        @ DW_AT_external
	.byte	34                              @ Abbrev [34] 0x1e13:0x5 DW_TAG_formal_parameter
	.long	4599                            @ DW_AT_type
	.byte	34                              @ Abbrev [34] 0x1e18:0x5 DW_TAG_formal_parameter
	.long	95                              @ DW_AT_type
	.byte	34                              @ Abbrev [34] 0x1e1d:0x5 DW_TAG_formal_parameter
	.long	6934                            @ DW_AT_type
	.byte	0                               @ End Of Children Mark
	.byte	31                              @ Abbrev [31] 0x1e23:0x8 DW_TAG_imported_declaration
	.byte	5                               @ DW_AT_decl_file
	.short	490                             @ DW_AT_decl_line
	.long	7687                            @ DW_AT_import
	.byte	36                              @ Abbrev [36] 0x1e2b:0x12 DW_TAG_subprogram
	.long	.Linfo_string220                @ DW_AT_name
	.byte	5                               @ DW_AT_decl_file
	.short	327                             @ DW_AT_decl_line
	.long	2886                            @ DW_AT_type
                                        @ DW_AT_declaration
                                        @ DW_AT_external
	.byte	34                              @ Abbrev [34] 0x1e37:0x5 DW_TAG_formal_parameter
	.long	95                              @ DW_AT_type
	.byte	0                               @ End Of Children Mark
	.byte	31                              @ Abbrev [31] 0x1e3d:0x8 DW_TAG_imported_declaration
	.byte	5                               @ DW_AT_decl_file
	.short	491                             @ DW_AT_decl_line
	.long	7723                            @ DW_AT_import
	.byte	36                              @ Abbrev [36] 0x1e45:0x12 DW_TAG_subprogram
	.long	.Linfo_string221                @ DW_AT_name
	.byte	5                               @ DW_AT_decl_file
	.short	335                             @ DW_AT_decl_line
	.long	6934                            @ DW_AT_type
                                        @ DW_AT_declaration
                                        @ DW_AT_external
	.byte	34                              @ Abbrev [34] 0x1e51:0x5 DW_TAG_formal_parameter
	.long	2797                            @ DW_AT_type
	.byte	0                               @ End Of Children Mark
	.byte	31                              @ Abbrev [31] 0x1e57:0x8 DW_TAG_imported_declaration
	.byte	5                               @ DW_AT_decl_file
	.short	492                             @ DW_AT_decl_line
	.long	7749                            @ DW_AT_import
	.byte	36                              @ Abbrev [36] 0x1e5f:0x17 DW_TAG_subprogram
	.long	.Linfo_string222                @ DW_AT_name
	.byte	5                               @ DW_AT_decl_file
	.short	341                             @ DW_AT_decl_line
	.long	6934                            @ DW_AT_type
                                        @ DW_AT_declaration
                                        @ DW_AT_external
	.byte	34                              @ Abbrev [34] 0x1e6b:0x5 DW_TAG_formal_parameter
	.long	2797                            @ DW_AT_type
	.byte	34                              @ Abbrev [34] 0x1e70:0x5 DW_TAG_formal_parameter
	.long	6934                            @ DW_AT_type
	.byte	0                               @ End Of Children Mark
	.byte	31                              @ Abbrev [31] 0x1e76:0x8 DW_TAG_imported_declaration
	.byte	5                               @ DW_AT_decl_file
	.short	493                             @ DW_AT_decl_line
	.long	7775                            @ DW_AT_import
	.byte	36                              @ Abbrev [36] 0x1e7e:0x1c DW_TAG_subprogram
	.long	.Linfo_string223                @ DW_AT_name
	.byte	5                               @ DW_AT_decl_file
	.short	349                             @ DW_AT_decl_line
	.long	6934                            @ DW_AT_type
                                        @ DW_AT_declaration
                                        @ DW_AT_external
	.byte	34                              @ Abbrev [34] 0x1e8a:0x5 DW_TAG_formal_parameter
	.long	2886                            @ DW_AT_type
	.byte	34                              @ Abbrev [34] 0x1e8f:0x5 DW_TAG_formal_parameter
	.long	2797                            @ DW_AT_type
	.byte	34                              @ Abbrev [34] 0x1e94:0x5 DW_TAG_formal_parameter
	.long	6934                            @ DW_AT_type
	.byte	0                               @ End Of Children Mark
	.byte	31                              @ Abbrev [31] 0x1e9a:0x8 DW_TAG_imported_declaration
	.byte	5                               @ DW_AT_decl_file
	.short	494                             @ DW_AT_decl_line
	.long	7806                            @ DW_AT_import
	.byte	36                              @ Abbrev [36] 0x1ea2:0x1c DW_TAG_subprogram
	.long	.Linfo_string224                @ DW_AT_name
	.byte	5                               @ DW_AT_decl_file
	.short	369                             @ DW_AT_decl_line
	.long	6934                            @ DW_AT_type
                                        @ DW_AT_declaration
                                        @ DW_AT_external
	.byte	34                              @ Abbrev [34] 0x1eae:0x5 DW_TAG_formal_parameter
	.long	2886                            @ DW_AT_type
	.byte	34                              @ Abbrev [34] 0x1eb3:0x5 DW_TAG_formal_parameter
	.long	2797                            @ DW_AT_type
	.byte	34                              @ Abbrev [34] 0x1eb8:0x5 DW_TAG_formal_parameter
	.long	6934                            @ DW_AT_type
	.byte	0                               @ End Of Children Mark
	.byte	31                              @ Abbrev [31] 0x1ebe:0x8 DW_TAG_imported_declaration
	.byte	5                               @ DW_AT_decl_file
	.short	495                             @ DW_AT_decl_line
	.long	7842                            @ DW_AT_import
	.byte	38                              @ Abbrev [38] 0x1ec6:0x22 DW_TAG_subprogram
	.long	.Linfo_string225                @ DW_AT_name
	.byte	5                               @ DW_AT_decl_file
	.short	395                             @ DW_AT_decl_line
                                        @ DW_AT_declaration
                                        @ DW_AT_external
	.byte	34                              @ Abbrev [34] 0x1ece:0x5 DW_TAG_formal_parameter
	.long	4599                            @ DW_AT_type
	.byte	34                              @ Abbrev [34] 0x1ed3:0x5 DW_TAG_formal_parameter
	.long	4682                            @ DW_AT_type
	.byte	34                              @ Abbrev [34] 0x1ed8:0x5 DW_TAG_formal_parameter
	.long	95                              @ DW_AT_type
	.byte	34                              @ Abbrev [34] 0x1edd:0x5 DW_TAG_formal_parameter
	.long	95                              @ DW_AT_type
	.byte	34                              @ Abbrev [34] 0x1ee2:0x5 DW_TAG_formal_parameter
	.long	6934                            @ DW_AT_type
	.byte	0                               @ End Of Children Mark
	.byte	31                              @ Abbrev [31] 0x1ee8:0x8 DW_TAG_imported_declaration
	.byte	5                               @ DW_AT_decl_file
	.short	496                             @ DW_AT_decl_line
	.long	7878                            @ DW_AT_import
	.byte	38                              @ Abbrev [38] 0x1ef0:0x22 DW_TAG_subprogram
	.long	.Linfo_string226                @ DW_AT_name
	.byte	5                               @ DW_AT_decl_file
	.short	396                             @ DW_AT_decl_line
                                        @ DW_AT_declaration
                                        @ DW_AT_external
	.byte	34                              @ Abbrev [34] 0x1ef8:0x5 DW_TAG_formal_parameter
	.long	4599                            @ DW_AT_type
	.byte	34                              @ Abbrev [34] 0x1efd:0x5 DW_TAG_formal_parameter
	.long	4682                            @ DW_AT_type
	.byte	34                              @ Abbrev [34] 0x1f02:0x5 DW_TAG_formal_parameter
	.long	95                              @ DW_AT_type
	.byte	34                              @ Abbrev [34] 0x1f07:0x5 DW_TAG_formal_parameter
	.long	95                              @ DW_AT_type
	.byte	34                              @ Abbrev [34] 0x1f0c:0x5 DW_TAG_formal_parameter
	.long	6934                            @ DW_AT_type
	.byte	0                               @ End Of Children Mark
	.byte	31                              @ Abbrev [31] 0x1f12:0x8 DW_TAG_imported_declaration
	.byte	5                               @ DW_AT_decl_file
	.short	497                             @ DW_AT_decl_line
	.long	7920                            @ DW_AT_import
	.byte	38                              @ Abbrev [38] 0x1f1a:0x22 DW_TAG_subprogram
	.long	.Linfo_string227                @ DW_AT_name
	.byte	5                               @ DW_AT_decl_file
	.short	397                             @ DW_AT_decl_line
                                        @ DW_AT_declaration
                                        @ DW_AT_external
	.byte	34                              @ Abbrev [34] 0x1f22:0x5 DW_TAG_formal_parameter
	.long	4599                            @ DW_AT_type
	.byte	34                              @ Abbrev [34] 0x1f27:0x5 DW_TAG_formal_parameter
	.long	4682                            @ DW_AT_type
	.byte	34                              @ Abbrev [34] 0x1f2c:0x5 DW_TAG_formal_parameter
	.long	95                              @ DW_AT_type
	.byte	34                              @ Abbrev [34] 0x1f31:0x5 DW_TAG_formal_parameter
	.long	95                              @ DW_AT_type
	.byte	34                              @ Abbrev [34] 0x1f36:0x5 DW_TAG_formal_parameter
	.long	6934                            @ DW_AT_type
	.byte	0                               @ End Of Children Mark
	.byte	31                              @ Abbrev [31] 0x1f3c:0x8 DW_TAG_imported_declaration
	.byte	5                               @ DW_AT_decl_file
	.short	498                             @ DW_AT_decl_line
	.long	7962                            @ DW_AT_import
	.byte	38                              @ Abbrev [38] 0x1f44:0x22 DW_TAG_subprogram
	.long	.Linfo_string228                @ DW_AT_name
	.byte	5                               @ DW_AT_decl_file
	.short	398                             @ DW_AT_decl_line
                                        @ DW_AT_declaration
                                        @ DW_AT_external
	.byte	34                              @ Abbrev [34] 0x1f4c:0x5 DW_TAG_formal_parameter
	.long	4599                            @ DW_AT_type
	.byte	34                              @ Abbrev [34] 0x1f51:0x5 DW_TAG_formal_parameter
	.long	4682                            @ DW_AT_type
	.byte	34                              @ Abbrev [34] 0x1f56:0x5 DW_TAG_formal_parameter
	.long	95                              @ DW_AT_type
	.byte	34                              @ Abbrev [34] 0x1f5b:0x5 DW_TAG_formal_parameter
	.long	95                              @ DW_AT_type
	.byte	34                              @ Abbrev [34] 0x1f60:0x5 DW_TAG_formal_parameter
	.long	6934                            @ DW_AT_type
	.byte	0                               @ End Of Children Mark
	.byte	31                              @ Abbrev [31] 0x1f66:0x8 DW_TAG_imported_declaration
	.byte	5                               @ DW_AT_decl_file
	.short	499                             @ DW_AT_decl_line
	.long	8004                            @ DW_AT_import
	.byte	38                              @ Abbrev [38] 0x1f6e:0x22 DW_TAG_subprogram
	.long	.Linfo_string229                @ DW_AT_name
	.byte	5                               @ DW_AT_decl_file
	.short	399                             @ DW_AT_decl_line
                                        @ DW_AT_declaration
                                        @ DW_AT_external
	.byte	34                              @ Abbrev [34] 0x1f76:0x5 DW_TAG_formal_parameter
	.long	4599                            @ DW_AT_type
	.byte	34                              @ Abbrev [34] 0x1f7b:0x5 DW_TAG_formal_parameter
	.long	4682                            @ DW_AT_type
	.byte	34                              @ Abbrev [34] 0x1f80:0x5 DW_TAG_formal_parameter
	.long	95                              @ DW_AT_type
	.byte	34                              @ Abbrev [34] 0x1f85:0x5 DW_TAG_formal_parameter
	.long	95                              @ DW_AT_type
	.byte	34                              @ Abbrev [34] 0x1f8a:0x5 DW_TAG_formal_parameter
	.long	6934                            @ DW_AT_type
	.byte	0                               @ End Of Children Mark
	.byte	31                              @ Abbrev [31] 0x1f90:0x8 DW_TAG_imported_declaration
	.byte	5                               @ DW_AT_decl_file
	.short	500                             @ DW_AT_decl_line
	.long	8046                            @ DW_AT_import
	.byte	38                              @ Abbrev [38] 0x1f98:0x22 DW_TAG_subprogram
	.long	.Linfo_string230                @ DW_AT_name
	.byte	5                               @ DW_AT_decl_file
	.short	400                             @ DW_AT_decl_line
                                        @ DW_AT_declaration
                                        @ DW_AT_external
	.byte	34                              @ Abbrev [34] 0x1fa0:0x5 DW_TAG_formal_parameter
	.long	4599                            @ DW_AT_type
	.byte	34                              @ Abbrev [34] 0x1fa5:0x5 DW_TAG_formal_parameter
	.long	4682                            @ DW_AT_type
	.byte	34                              @ Abbrev [34] 0x1faa:0x5 DW_TAG_formal_parameter
	.long	95                              @ DW_AT_type
	.byte	34                              @ Abbrev [34] 0x1faf:0x5 DW_TAG_formal_parameter
	.long	95                              @ DW_AT_type
	.byte	34                              @ Abbrev [34] 0x1fb4:0x5 DW_TAG_formal_parameter
	.long	6934                            @ DW_AT_type
	.byte	0                               @ End Of Children Mark
	.byte	31                              @ Abbrev [31] 0x1fba:0x8 DW_TAG_imported_declaration
	.byte	5                               @ DW_AT_decl_file
	.short	501                             @ DW_AT_decl_line
	.long	8088                            @ DW_AT_import
	.byte	38                              @ Abbrev [38] 0x1fc2:0x22 DW_TAG_subprogram
	.long	.Linfo_string231                @ DW_AT_name
	.byte	5                               @ DW_AT_decl_file
	.short	401                             @ DW_AT_decl_line
                                        @ DW_AT_declaration
                                        @ DW_AT_external
	.byte	34                              @ Abbrev [34] 0x1fca:0x5 DW_TAG_formal_parameter
	.long	4599                            @ DW_AT_type
	.byte	34                              @ Abbrev [34] 0x1fcf:0x5 DW_TAG_formal_parameter
	.long	4682                            @ DW_AT_type
	.byte	34                              @ Abbrev [34] 0x1fd4:0x5 DW_TAG_formal_parameter
	.long	95                              @ DW_AT_type
	.byte	34                              @ Abbrev [34] 0x1fd9:0x5 DW_TAG_formal_parameter
	.long	95                              @ DW_AT_type
	.byte	34                              @ Abbrev [34] 0x1fde:0x5 DW_TAG_formal_parameter
	.long	6934                            @ DW_AT_type
	.byte	0                               @ End Of Children Mark
	.byte	31                              @ Abbrev [31] 0x1fe4:0x8 DW_TAG_imported_declaration
	.byte	5                               @ DW_AT_decl_file
	.short	502                             @ DW_AT_decl_line
	.long	8130                            @ DW_AT_import
	.byte	38                              @ Abbrev [38] 0x1fec:0x22 DW_TAG_subprogram
	.long	.Linfo_string232                @ DW_AT_name
	.byte	5                               @ DW_AT_decl_file
	.short	402                             @ DW_AT_decl_line
                                        @ DW_AT_declaration
                                        @ DW_AT_external
	.byte	34                              @ Abbrev [34] 0x1ff4:0x5 DW_TAG_formal_parameter
	.long	4599                            @ DW_AT_type
	.byte	34                              @ Abbrev [34] 0x1ff9:0x5 DW_TAG_formal_parameter
	.long	4682                            @ DW_AT_type
	.byte	34                              @ Abbrev [34] 0x1ffe:0x5 DW_TAG_formal_parameter
	.long	95                              @ DW_AT_type
	.byte	34                              @ Abbrev [34] 0x2003:0x5 DW_TAG_formal_parameter
	.long	95                              @ DW_AT_type
	.byte	34                              @ Abbrev [34] 0x2008:0x5 DW_TAG_formal_parameter
	.long	6934                            @ DW_AT_type
	.byte	0                               @ End Of Children Mark
	.byte	31                              @ Abbrev [31] 0x200e:0x8 DW_TAG_imported_declaration
	.byte	5                               @ DW_AT_decl_file
	.short	503                             @ DW_AT_decl_line
	.long	8172                            @ DW_AT_import
	.byte	38                              @ Abbrev [38] 0x2016:0x22 DW_TAG_subprogram
	.long	.Linfo_string233                @ DW_AT_name
	.byte	5                               @ DW_AT_decl_file
	.short	403                             @ DW_AT_decl_line
                                        @ DW_AT_declaration
                                        @ DW_AT_external
	.byte	34                              @ Abbrev [34] 0x201e:0x5 DW_TAG_formal_parameter
	.long	4599                            @ DW_AT_type
	.byte	34                              @ Abbrev [34] 0x2023:0x5 DW_TAG_formal_parameter
	.long	4682                            @ DW_AT_type
	.byte	34                              @ Abbrev [34] 0x2028:0x5 DW_TAG_formal_parameter
	.long	95                              @ DW_AT_type
	.byte	34                              @ Abbrev [34] 0x202d:0x5 DW_TAG_formal_parameter
	.long	95                              @ DW_AT_type
	.byte	34                              @ Abbrev [34] 0x2032:0x5 DW_TAG_formal_parameter
	.long	6934                            @ DW_AT_type
	.byte	0                               @ End Of Children Mark
	.byte	31                              @ Abbrev [31] 0x2038:0x8 DW_TAG_imported_declaration
	.byte	5                               @ DW_AT_decl_file
	.short	504                             @ DW_AT_decl_line
	.long	8214                            @ DW_AT_import
	.byte	38                              @ Abbrev [38] 0x2040:0x22 DW_TAG_subprogram
	.long	.Linfo_string234                @ DW_AT_name
	.byte	5                               @ DW_AT_decl_file
	.short	404                             @ DW_AT_decl_line
                                        @ DW_AT_declaration
                                        @ DW_AT_external
	.byte	34                              @ Abbrev [34] 0x2048:0x5 DW_TAG_formal_parameter
	.long	4599                            @ DW_AT_type
	.byte	34                              @ Abbrev [34] 0x204d:0x5 DW_TAG_formal_parameter
	.long	4682                            @ DW_AT_type
	.byte	34                              @ Abbrev [34] 0x2052:0x5 DW_TAG_formal_parameter
	.long	95                              @ DW_AT_type
	.byte	34                              @ Abbrev [34] 0x2057:0x5 DW_TAG_formal_parameter
	.long	95                              @ DW_AT_type
	.byte	34                              @ Abbrev [34] 0x205c:0x5 DW_TAG_formal_parameter
	.long	6934                            @ DW_AT_type
	.byte	0                               @ End Of Children Mark
	.byte	31                              @ Abbrev [31] 0x2062:0x8 DW_TAG_imported_declaration
	.byte	5                               @ DW_AT_decl_file
	.short	505                             @ DW_AT_decl_line
	.long	8256                            @ DW_AT_import
	.byte	38                              @ Abbrev [38] 0x206a:0x22 DW_TAG_subprogram
	.long	.Linfo_string235                @ DW_AT_name
	.byte	5                               @ DW_AT_decl_file
	.short	405                             @ DW_AT_decl_line
                                        @ DW_AT_declaration
                                        @ DW_AT_external
	.byte	34                              @ Abbrev [34] 0x2072:0x5 DW_TAG_formal_parameter
	.long	4599                            @ DW_AT_type
	.byte	34                              @ Abbrev [34] 0x2077:0x5 DW_TAG_formal_parameter
	.long	4682                            @ DW_AT_type
	.byte	34                              @ Abbrev [34] 0x207c:0x5 DW_TAG_formal_parameter
	.long	95                              @ DW_AT_type
	.byte	34                              @ Abbrev [34] 0x2081:0x5 DW_TAG_formal_parameter
	.long	95                              @ DW_AT_type
	.byte	34                              @ Abbrev [34] 0x2086:0x5 DW_TAG_formal_parameter
	.long	6934                            @ DW_AT_type
	.byte	0                               @ End Of Children Mark
	.byte	31                              @ Abbrev [31] 0x208c:0x8 DW_TAG_imported_declaration
	.byte	5                               @ DW_AT_decl_file
	.short	506                             @ DW_AT_decl_line
	.long	8298                            @ DW_AT_import
	.byte	38                              @ Abbrev [38] 0x2094:0x22 DW_TAG_subprogram
	.long	.Linfo_string236                @ DW_AT_name
	.byte	5                               @ DW_AT_decl_file
	.short	406                             @ DW_AT_decl_line
                                        @ DW_AT_declaration
                                        @ DW_AT_external
	.byte	34                              @ Abbrev [34] 0x209c:0x5 DW_TAG_formal_parameter
	.long	4599                            @ DW_AT_type
	.byte	34                              @ Abbrev [34] 0x20a1:0x5 DW_TAG_formal_parameter
	.long	4682                            @ DW_AT_type
	.byte	34                              @ Abbrev [34] 0x20a6:0x5 DW_TAG_formal_parameter
	.long	95                              @ DW_AT_type
	.byte	34                              @ Abbrev [34] 0x20ab:0x5 DW_TAG_formal_parameter
	.long	95                              @ DW_AT_type
	.byte	34                              @ Abbrev [34] 0x20b0:0x5 DW_TAG_formal_parameter
	.long	6934                            @ DW_AT_type
	.byte	0                               @ End Of Children Mark
	.byte	31                              @ Abbrev [31] 0x20b6:0x8 DW_TAG_imported_declaration
	.byte	5                               @ DW_AT_decl_file
	.short	507                             @ DW_AT_decl_line
	.long	8340                            @ DW_AT_import
	.byte	0                               @ End Of Children Mark
.Ldebug_info_end0:
	.section	.debug_ranges,"",%progbits
.Ldebug_ranges0:
	.long	.Ltmp34
	.long	.Ltmp37
	.long	.Ltmp38
	.long	.Ltmp54
	.long	.Ltmp55
	.long	.Ltmp62
	.long	.Ltmp64
	.long	.Ltmp70
	.long	.Ltmp72
	.long	.Ltmp78
	.long	0
	.long	0
.Ldebug_ranges1:
	.long	.Ltmp83
	.long	.Ltmp90
	.long	.Ltmp92
	.long	.Ltmp93
	.long	0
	.long	0
.Ldebug_ranges2:
	.long	.Ltmp95
	.long	.Ltmp97
	.long	.Ltmp103
	.long	.Ltmp122
	.long	.Ltmp124
	.long	.Ltmp144
	.long	0
	.long	0
.Ldebug_ranges3:
	.long	.Ltmp103
	.long	.Ltmp122
	.long	.Ltmp124
	.long	.Ltmp144
	.long	0
	.long	0
.Ldebug_ranges4:
	.long	.Ltmp106
	.long	.Ltmp110
	.long	.Ltmp112
	.long	.Ltmp116
	.long	.Ltmp118
	.long	.Ltmp122
	.long	.Ltmp128
	.long	.Ltmp144
	.long	0
	.long	0
.Ldebug_ranges5:
	.long	.Ltmp155
	.long	.Ltmp161
	.long	.Ltmp162
	.long	.Ltmp163
	.long	.Ltmp164
	.long	.Ltmp252
	.long	0
	.long	0
.Ldebug_ranges6:
	.long	.Ltmp166
	.long	.Ltmp167
	.long	.Ltmp169
	.long	.Ltmp229
	.long	0
	.long	0
.Ldebug_ranges7:
	.long	.Ltmp180
	.long	.Ltmp213
	.long	.Ltmp219
	.long	.Ltmp221
	.long	.Ltmp227
	.long	.Ltmp229
	.long	0
	.long	0
.Ldebug_ranges8:
	.long	.Ltmp259
	.long	.Ltmp260
	.long	.Ltmp261
	.long	.Ltmp262
	.long	.Ltmp263
	.long	.Ltmp264
	.long	.Ltmp265
	.long	.Ltmp294
	.long	.Ltmp296
	.long	.Ltmp324
	.long	0
	.long	0
.Ldebug_ranges9:
	.long	.Ltmp266
	.long	.Ltmp272
	.long	.Ltmp275
	.long	.Ltmp281
	.long	.Ltmp284
	.long	.Ltmp290
	.long	.Ltmp300
	.long	.Ltmp324
	.long	0
	.long	0
.Ldebug_ranges10:
	.long	.Ltmp338
	.long	.Ltmp339
	.long	.Ltmp342
	.long	.Ltmp343
	.long	.Ltmp344
	.long	.Ltmp361
	.long	0
	.long	0
.Ldebug_ranges11:
	.long	.Ltmp373
	.long	.Ltmp377
	.long	.Ltmp381
	.long	.Ltmp407
	.long	0
	.long	0
.Ldebug_ranges12:
	.long	.Ltmp409
	.long	.Ltmp410
	.long	.Ltmp411
	.long	.Ltmp412
	.long	.Ltmp417
	.long	.Ltmp448
	.long	.Ltmp450
	.long	.Ltmp451
	.long	.Ltmp455
	.long	.Ltmp483
	.long	0
	.long	0
.Ldebug_ranges13:
	.long	.Ltmp409
	.long	.Ltmp410
	.long	.Ltmp411
	.long	.Ltmp412
	.long	.Ltmp419
	.long	.Ltmp420
	.long	.Ltmp421
	.long	.Ltmp448
	.long	.Ltmp450
	.long	.Ltmp451
	.long	.Ltmp455
	.long	.Ltmp483
	.long	0
	.long	0
.Ldebug_ranges14:
	.long	.Ltmp422
	.long	.Ltmp428
	.long	.Ltmp431
	.long	.Ltmp437
	.long	.Ltmp440
	.long	.Ltmp446
	.long	.Ltmp459
	.long	.Ltmp483
	.long	0
	.long	0
.Ldebug_ranges15:
	.long	.Ltmp451
	.long	.Ltmp455
	.long	.Ltmp483
	.long	.Ltmp514
	.long	0
	.long	0
.Ldebug_ranges16:
	.long	.Ltmp484
	.long	.Ltmp486
	.long	.Ltmp487
	.long	.Ltmp490
	.long	.Ltmp491
	.long	.Ltmp500
	.long	.Ltmp502
	.long	.Ltmp505
	.long	.Ltmp506
	.long	.Ltmp510
	.long	.Ltmp511
	.long	.Ltmp514
	.long	0
	.long	0
.Ldebug_ranges17:
	.long	.Ltmp523
	.long	.Ltmp524
	.long	.Ltmp528
	.long	.Ltmp545
	.long	0
	.long	0
.Ldebug_ranges18:
	.long	.Ltmp547
	.long	.Ltmp548
	.long	.Ltmp549
	.long	.Ltmp550
	.long	.Ltmp551
	.long	.Ltmp552
	.long	.Ltmp556
	.long	.Ltmp588
	.long	0
	.long	0
.Ldebug_ranges19:
	.long	.Ltmp557
	.long	.Ltmp559
	.long	.Ltmp560
	.long	.Ltmp567
	.long	.Ltmp568
	.long	.Ltmp571
	.long	.Ltmp573
	.long	.Ltmp574
	.long	.Ltmp575
	.long	.Ltmp579
	.long	.Ltmp580
	.long	.Ltmp588
	.long	0
	.long	0
.Ldebug_ranges20:
	.long	.Ltmp610
	.long	.Ltmp612
	.long	.Ltmp616
	.long	.Ltmp618
	.long	.Ltmp622
	.long	.Ltmp624
	.long	.Ltmp628
	.long	.Ltmp630
	.long	0
	.long	0
.Ldebug_ranges21:
	.long	.Ltmp659
	.long	.Ltmp696
	.long	.Ltmp697
	.long	.Ltmp700
	.long	0
	.long	0
.Ldebug_ranges22:
	.long	.Ltmp674
	.long	.Ltmp675
	.long	.Ltmp676
	.long	.Ltmp677
	.long	.Ltmp680
	.long	.Ltmp681
	.long	.Ltmp682
	.long	.Ltmp683
	.long	.Ltmp686
	.long	.Ltmp687
	.long	.Ltmp688
	.long	.Ltmp689
	.long	.Ltmp692
	.long	.Ltmp693
	.long	.Ltmp694
	.long	.Ltmp695
	.long	0
	.long	0
.Ldebug_ranges23:
	.long	.Lfunc_begin0
	.long	.Lfunc_end0
	.long	.Lfunc_begin1
	.long	.Lfunc_end1
	.long	.Lfunc_begin2
	.long	.Lfunc_end2
	.long	.Lfunc_begin3
	.long	.Lfunc_end3
	.long	.Lfunc_begin4
	.long	.Lfunc_end4
	.long	.Lfunc_begin5
	.long	.Lfunc_end5
	.long	.Lfunc_begin6
	.long	.Lfunc_end6
	.long	0
	.long	0
	.section	.debug_str,"MS",%progbits,1
.Linfo_string0:
	.asciz	"Component: Arm Compiler for Embedded 6.24 Tool: armclang [5f371800]" @ string offset=0
.Linfo_string1:
	.asciz	"../ByteTrack\\lapjv.cpp"       @ string offset=68
.Linfo_string2:
	.asciz	"C:\\Users\\antia\\TING\\114\\chip\\ML_M55M1_SampleCode\\M55M1BSP-3.01.003\\SampleCode\\NuEdgeWise\\ObjectTracker_YOLOv8n_o\\KEIL" @ string offset=91
.Linfo_string3:
	.asciz	"char"                          @ string offset=209
.Linfo_string4:
	.asciz	"boolean"                       @ string offset=214
.Linfo_string5:
	.asciz	"unsigned int"                  @ string offset=222
.Linfo_string6:
	.asciz	"uint_t"                        @ string offset=235
.Linfo_string7:
	.asciz	"int"                           @ string offset=242
.Linfo_string8:
	.asciz	"int_t"                         @ string offset=246
.Linfo_string9:
	.asciz	"double"                        @ string offset=252
.Linfo_string10:
	.asciz	"cost_t"                        @ string offset=259
.Linfo_string11:
	.asciz	"_Z11_find_densejjPdPiS0_"      @ string offset=266
.Linfo_string12:
	.asciz	"_find_dense"                   @ string offset=291
.Linfo_string13:
	.asciz	"n"                             @ string offset=303
.Linfo_string14:
	.asciz	"lo"                            @ string offset=305
.Linfo_string15:
	.asciz	"d"                             @ string offset=308
.Linfo_string16:
	.asciz	"cols"                          @ string offset=310
.Linfo_string17:
	.asciz	"y"                             @ string offset=315
.Linfo_string18:
	.asciz	"mind"                          @ string offset=317
.Linfo_string19:
	.asciz	"hi"                            @ string offset=322
.Linfo_string20:
	.asciz	"k"                             @ string offset=325
.Linfo_string21:
	.asciz	"j"                             @ string offset=327
.Linfo_string22:
	.asciz	"_Z11_scan_densejPPdPjS1_S_PiS2_S2_S_" @ string offset=329
.Linfo_string23:
	.asciz	"_scan_dense"                   @ string offset=366
.Linfo_string24:
	.asciz	"cost"                          @ string offset=378
.Linfo_string25:
	.asciz	"plo"                           @ string offset=383
.Linfo_string26:
	.asciz	"phi"                           @ string offset=387
.Linfo_string27:
	.asciz	"pred"                          @ string offset=391
.Linfo_string28:
	.asciz	"v"                             @ string offset=396
.Linfo_string29:
	.asciz	"cred_ij"                       @ string offset=398
.Linfo_string30:
	.asciz	"h"                             @ string offset=406
.Linfo_string31:
	.asciz	"i"                             @ string offset=408
.Linfo_string32:
	.asciz	"_Z9_ca_densejPPdjPiS1_S1_S_"   @ string offset=410
.Linfo_string33:
	.asciz	"_ca_dense"                     @ string offset=438
.Linfo_string34:
	.asciz	"n_free_rows"                   @ string offset=448
.Linfo_string35:
	.asciz	"free_rows"                     @ string offset=460
.Linfo_string36:
	.asciz	"x"                             @ string offset=470
.Linfo_string37:
	.asciz	"pfree_i"                       @ string offset=472
.Linfo_string38:
	.asciz	"_temp_index"                   @ string offset=480
.Linfo_string39:
	.asciz	"size_t"                        @ string offset=492
.Linfo_string40:
	.asciz	"__fpos_t_struct"               @ string offset=499
.Linfo_string41:
	.asciz	"fpos_t"                        @ string offset=515
.Linfo_string42:
	.asciz	"__FILE"                        @ string offset=522
.Linfo_string43:
	.asciz	"FILE"                          @ string offset=529
.Linfo_string44:
	.asciz	"remove"                        @ string offset=534
.Linfo_string45:
	.asciz	"rename"                        @ string offset=541
.Linfo_string46:
	.asciz	"tmpfile"                       @ string offset=548
.Linfo_string47:
	.asciz	"tmpnam"                        @ string offset=556
.Linfo_string48:
	.asciz	"fclose"                        @ string offset=563
.Linfo_string49:
	.asciz	"fflush"                        @ string offset=570
.Linfo_string50:
	.asciz	"fopen"                         @ string offset=577
.Linfo_string51:
	.asciz	"freopen"                       @ string offset=583
.Linfo_string52:
	.asciz	"setbuf"                        @ string offset=591
.Linfo_string53:
	.asciz	"setvbuf"                       @ string offset=598
.Linfo_string54:
	.asciz	"fprintf"                       @ string offset=606
.Linfo_string55:
	.asciz	"_fprintf"                      @ string offset=614
.Linfo_string56:
	.asciz	"printf"                        @ string offset=623
.Linfo_string57:
	.asciz	"_printf"                       @ string offset=630
.Linfo_string58:
	.asciz	"sprintf"                       @ string offset=638
.Linfo_string59:
	.asciz	"_sprintf"                      @ string offset=646
.Linfo_string60:
	.asciz	"snprintf"                      @ string offset=655
.Linfo_string61:
	.asciz	"vsnprintf"                     @ string offset=664
.Linfo_string62:
	.asciz	"std"                           @ string offset=674
.Linfo_string63:
	.asciz	"__va_list"                     @ string offset=678
.Linfo_string64:
	.asciz	"__builtin_va_list"             @ string offset=688
.Linfo_string65:
	.asciz	"vfscanf"                       @ string offset=706
.Linfo_string66:
	.asciz	"vscanf"                        @ string offset=714
.Linfo_string67:
	.asciz	"vsscanf"                       @ string offset=721
.Linfo_string68:
	.asciz	"_snprintf"                     @ string offset=729
.Linfo_string69:
	.asciz	"_vsnprintf"                    @ string offset=739
.Linfo_string70:
	.asciz	"__ARM_asprintf"                @ string offset=750
.Linfo_string71:
	.asciz	"__ARM_vasprintf"               @ string offset=765
.Linfo_string72:
	.asciz	"__ARM_vsnprintf"               @ string offset=781
.Linfo_string73:
	.asciz	"__ARM_snprintf"                @ string offset=797
.Linfo_string74:
	.asciz	"__ARM_vsscanf"                 @ string offset=812
.Linfo_string75:
	.asciz	"fscanf"                        @ string offset=826
.Linfo_string76:
	.asciz	"_fscanf"                       @ string offset=833
.Linfo_string77:
	.asciz	"scanf"                         @ string offset=841
.Linfo_string78:
	.asciz	"_scanf"                        @ string offset=847
.Linfo_string79:
	.asciz	"sscanf"                        @ string offset=854
.Linfo_string80:
	.asciz	"_sscanf"                       @ string offset=861
.Linfo_string81:
	.asciz	"_vfscanf"                      @ string offset=869
.Linfo_string82:
	.asciz	"_vscanf"                       @ string offset=878
.Linfo_string83:
	.asciz	"_vsscanf"                      @ string offset=886
.Linfo_string84:
	.asciz	"vprintf"                       @ string offset=895
.Linfo_string85:
	.asciz	"_vprintf"                      @ string offset=903
.Linfo_string86:
	.asciz	"vfprintf"                      @ string offset=912
.Linfo_string87:
	.asciz	"_vfprintf"                     @ string offset=921
.Linfo_string88:
	.asciz	"vsprintf"                      @ string offset=931
.Linfo_string89:
	.asciz	"_vsprintf"                     @ string offset=940
.Linfo_string90:
	.asciz	"fgetc"                         @ string offset=950
.Linfo_string91:
	.asciz	"fgets"                         @ string offset=956
.Linfo_string92:
	.asciz	"fputc"                         @ string offset=962
.Linfo_string93:
	.asciz	"fputs"                         @ string offset=968
.Linfo_string94:
	.asciz	"getc"                          @ string offset=974
.Linfo_string95:
	.asciz	"getchar"                       @ string offset=979
.Linfo_string96:
	.asciz	"gets"                          @ string offset=987
.Linfo_string97:
	.asciz	"putc"                          @ string offset=992
.Linfo_string98:
	.asciz	"putchar"                       @ string offset=997
.Linfo_string99:
	.asciz	"puts"                          @ string offset=1005
.Linfo_string100:
	.asciz	"ungetc"                        @ string offset=1010
.Linfo_string101:
	.asciz	"fread"                         @ string offset=1017
.Linfo_string102:
	.asciz	"__fread_bytes_avail"           @ string offset=1023
.Linfo_string103:
	.asciz	"fwrite"                        @ string offset=1043
.Linfo_string104:
	.asciz	"fgetpos"                       @ string offset=1050
.Linfo_string105:
	.asciz	"fseek"                         @ string offset=1058
.Linfo_string106:
	.asciz	"long"                          @ string offset=1064
.Linfo_string107:
	.asciz	"fsetpos"                       @ string offset=1069
.Linfo_string108:
	.asciz	"ftell"                         @ string offset=1077
.Linfo_string109:
	.asciz	"rewind"                        @ string offset=1083
.Linfo_string110:
	.asciz	"clearerr"                      @ string offset=1090
.Linfo_string111:
	.asciz	"feof"                          @ string offset=1099
.Linfo_string112:
	.asciz	"ferror"                        @ string offset=1104
.Linfo_string113:
	.asciz	"perror"                        @ string offset=1111
.Linfo_string114:
	.asciz	"_fisatty"                      @ string offset=1118
.Linfo_string115:
	.asciz	"__use_no_semihosting_swi"      @ string offset=1127
.Linfo_string116:
	.asciz	"__use_no_semihosting"          @ string offset=1152
.Linfo_string117:
	.asciz	"atoll"                         @ string offset=1173
.Linfo_string118:
	.asciz	"long long"                     @ string offset=1179
.Linfo_string119:
	.asciz	"quot"                          @ string offset=1189
.Linfo_string120:
	.asciz	"rem"                           @ string offset=1194
.Linfo_string121:
	.asciz	"lldiv_t"                       @ string offset=1198
.Linfo_string122:
	.asciz	"div_t"                         @ string offset=1206
.Linfo_string123:
	.asciz	"ldiv_t"                        @ string offset=1212
.Linfo_string124:
	.asciz	"atof"                          @ string offset=1219
.Linfo_string125:
	.asciz	"atoi"                          @ string offset=1224
.Linfo_string126:
	.asciz	"atol"                          @ string offset=1229
.Linfo_string127:
	.asciz	"strtod"                        @ string offset=1234
.Linfo_string128:
	.asciz	"strtof"                        @ string offset=1241
.Linfo_string129:
	.asciz	"float"                         @ string offset=1248
.Linfo_string130:
	.asciz	"strtold"                       @ string offset=1254
.Linfo_string131:
	.asciz	"long double"                   @ string offset=1262
.Linfo_string132:
	.asciz	"strtol"                        @ string offset=1274
.Linfo_string133:
	.asciz	"strtoul"                       @ string offset=1281
.Linfo_string134:
	.asciz	"unsigned long"                 @ string offset=1289
.Linfo_string135:
	.asciz	"strtoll"                       @ string offset=1303
.Linfo_string136:
	.asciz	"strtoull"                      @ string offset=1311
.Linfo_string137:
	.asciz	"unsigned long long"            @ string offset=1320
.Linfo_string138:
	.asciz	"rand"                          @ string offset=1339
.Linfo_string139:
	.asciz	"srand"                         @ string offset=1344
.Linfo_string140:
	.asciz	"_rand_state"                   @ string offset=1350
.Linfo_string141:
	.asciz	"_rand_r"                       @ string offset=1362
.Linfo_string142:
	.asciz	"_srand_r"                      @ string offset=1370
.Linfo_string143:
	.asciz	"_ANSI_rand_state"              @ string offset=1379
.Linfo_string144:
	.asciz	"_ANSI_rand_r"                  @ string offset=1396
.Linfo_string145:
	.asciz	"_ANSI_srand_r"                 @ string offset=1409
.Linfo_string146:
	.asciz	"calloc"                        @ string offset=1423
.Linfo_string147:
	.asciz	"free"                          @ string offset=1430
.Linfo_string148:
	.asciz	"malloc"                        @ string offset=1435
.Linfo_string149:
	.asciz	"realloc"                       @ string offset=1442
.Linfo_string150:
	.asciz	"__heapprt"                     @ string offset=1450
.Linfo_string151:
	.asciz	"__heapstats"                   @ string offset=1460
.Linfo_string152:
	.asciz	"__heapvalid"                   @ string offset=1472
.Linfo_string153:
	.asciz	"abort"                         @ string offset=1484
.Linfo_string154:
	.asciz	"atexit"                        @ string offset=1490
.Linfo_string155:
	.asciz	"exit"                          @ string offset=1497
.Linfo_string156:
	.asciz	"_Exit"                         @ string offset=1502
.Linfo_string157:
	.asciz	"getenv"                        @ string offset=1508
.Linfo_string158:
	.asciz	"system"                        @ string offset=1515
.Linfo_string159:
	.asciz	"bsearch"                       @ string offset=1522
.Linfo_string160:
	.asciz	"qsort"                         @ string offset=1530
.Linfo_string161:
	.asciz	"_ZSt3absx"                     @ string offset=1536
.Linfo_string162:
	.asciz	"abs"                           @ string offset=1546
.Linfo_string163:
	.asciz	"_ZSt3divxx"                    @ string offset=1550
.Linfo_string164:
	.asciz	"div"                           @ string offset=1561
.Linfo_string165:
	.asciz	"labs"                          @ string offset=1565
.Linfo_string166:
	.asciz	"ldiv"                          @ string offset=1570
.Linfo_string167:
	.asciz	"llabs"                         @ string offset=1575
.Linfo_string168:
	.asciz	"lldiv"                         @ string offset=1581
.Linfo_string169:
	.asciz	"__sdiv32by16"                  @ string offset=1587
.Linfo_string170:
	.asciz	"__udiv32by16"                  @ string offset=1600
.Linfo_string171:
	.asciz	"__sdiv64by32"                  @ string offset=1613
.Linfo_string172:
	.asciz	"__rt_sdiv32by16"               @ string offset=1626
.Linfo_string173:
	.asciz	"short"                         @ string offset=1642
.Linfo_string174:
	.asciz	"__rt_udiv32by16"               @ string offset=1648
.Linfo_string175:
	.asciz	"unsigned short"                @ string offset=1664
.Linfo_string176:
	.asciz	"__rt_sdiv64by32"               @ string offset=1679
.Linfo_string177:
	.asciz	"__fp_status"                   @ string offset=1695
.Linfo_string178:
	.asciz	"mblen"                         @ string offset=1707
.Linfo_string179:
	.asciz	"mbtowc"                        @ string offset=1713
.Linfo_string180:
	.asciz	"wchar_t"                       @ string offset=1720
.Linfo_string181:
	.asciz	"wctomb"                        @ string offset=1728
.Linfo_string182:
	.asciz	"mbstowcs"                      @ string offset=1735
.Linfo_string183:
	.asciz	"wcstombs"                      @ string offset=1744
.Linfo_string184:
	.asciz	"__use_realtime_heap"           @ string offset=1753
.Linfo_string185:
	.asciz	"__use_realtime_division"       @ string offset=1773
.Linfo_string186:
	.asciz	"__use_two_region_memory"       @ string offset=1797
.Linfo_string187:
	.asciz	"__use_no_heap"                 @ string offset=1821
.Linfo_string188:
	.asciz	"__use_no_heap_region"          @ string offset=1835
.Linfo_string189:
	.asciz	"__C_library_version_string"    @ string offset=1856
.Linfo_string190:
	.asciz	"__C_library_version_number"    @ string offset=1883
.Linfo_string191:
	.asciz	"__aeabi_MB_CUR_MAX"            @ string offset=1910
.Linfo_string192:
	.asciz	"memcpy"                        @ string offset=1929
.Linfo_string193:
	.asciz	"memmove"                       @ string offset=1936
.Linfo_string194:
	.asciz	"strcpy"                        @ string offset=1944
.Linfo_string195:
	.asciz	"strncpy"                       @ string offset=1951
.Linfo_string196:
	.asciz	"strcat"                        @ string offset=1959
.Linfo_string197:
	.asciz	"strncat"                       @ string offset=1966
.Linfo_string198:
	.asciz	"memcmp"                        @ string offset=1974
.Linfo_string199:
	.asciz	"strcmp"                        @ string offset=1981
.Linfo_string200:
	.asciz	"strncmp"                       @ string offset=1988
.Linfo_string201:
	.asciz	"strcasecmp"                    @ string offset=1996
.Linfo_string202:
	.asciz	"strncasecmp"                   @ string offset=2007
.Linfo_string203:
	.asciz	"strcoll"                       @ string offset=2019
.Linfo_string204:
	.asciz	"strxfrm"                       @ string offset=2027
.Linfo_string205:
	.asciz	"_ZSt6memchrPvij"               @ string offset=2035
.Linfo_string206:
	.asciz	"memchr"                        @ string offset=2051
.Linfo_string207:
	.asciz	"_ZSt6strchrPci"                @ string offset=2058
.Linfo_string208:
	.asciz	"strchr"                        @ string offset=2073
.Linfo_string209:
	.asciz	"strcspn"                       @ string offset=2080
.Linfo_string210:
	.asciz	"_ZSt7strpbrkPcPKc"             @ string offset=2088
.Linfo_string211:
	.asciz	"strpbrk"                       @ string offset=2106
.Linfo_string212:
	.asciz	"_ZSt7strrchrPci"               @ string offset=2114
.Linfo_string213:
	.asciz	"strrchr"                       @ string offset=2130
.Linfo_string214:
	.asciz	"strspn"                        @ string offset=2138
.Linfo_string215:
	.asciz	"_ZSt6strstrPcPKc"              @ string offset=2145
.Linfo_string216:
	.asciz	"strstr"                        @ string offset=2162
.Linfo_string217:
	.asciz	"strtok"                        @ string offset=2169
.Linfo_string218:
	.asciz	"_strtok_r"                     @ string offset=2176
.Linfo_string219:
	.asciz	"memset"                        @ string offset=2186
.Linfo_string220:
	.asciz	"strerror"                      @ string offset=2193
.Linfo_string221:
	.asciz	"strlen"                        @ string offset=2202
.Linfo_string222:
	.asciz	"strnlen"                       @ string offset=2209
.Linfo_string223:
	.asciz	"strlcpy"                       @ string offset=2217
.Linfo_string224:
	.asciz	"strlcat"                       @ string offset=2225
.Linfo_string225:
	.asciz	"_membitcpybl"                  @ string offset=2233
.Linfo_string226:
	.asciz	"_membitcpybb"                  @ string offset=2246
.Linfo_string227:
	.asciz	"_membitcpyhl"                  @ string offset=2259
.Linfo_string228:
	.asciz	"_membitcpyhb"                  @ string offset=2272
.Linfo_string229:
	.asciz	"_membitcpywl"                  @ string offset=2285
.Linfo_string230:
	.asciz	"_membitcpywb"                  @ string offset=2298
.Linfo_string231:
	.asciz	"_membitmovebl"                 @ string offset=2311
.Linfo_string232:
	.asciz	"_membitmovebb"                 @ string offset=2325
.Linfo_string233:
	.asciz	"_membitmovehl"                 @ string offset=2339
.Linfo_string234:
	.asciz	"_membitmovehb"                 @ string offset=2353
.Linfo_string235:
	.asciz	"_membitmovewl"                 @ string offset=2367
.Linfo_string236:
	.asciz	"_membitmovewb"                 @ string offset=2381
.Linfo_string237:
	.asciz	"_Z12_ccrrt_densejPPdPiS1_S1_S_" @ string offset=2395
.Linfo_string238:
	.asciz	"_ccrrt_dense"                  @ string offset=2426
.Linfo_string239:
	.asciz	"_Z11_carr_densejPPdjPiS1_S1_S_" @ string offset=2439
.Linfo_string240:
	.asciz	"_carr_dense"                   @ string offset=2470
.Linfo_string241:
	.asciz	"_Z15find_path_densejPPdiPiS_S1_" @ string offset=2482
.Linfo_string242:
	.asciz	"find_path_dense"               @ string offset=2514
.Linfo_string243:
	.asciz	"_Z14lapjv_internaljPPdPiS1_"   @ string offset=2530
.Linfo_string244:
	.asciz	"lapjv_internal"                @ string offset=2558
.Linfo_string245:
	.asciz	"c"                             @ string offset=2573
.Linfo_string246:
	.asciz	"unique"                        @ string offset=2575
.Linfo_string247:
	.asciz	"j2"                            @ string offset=2582
.Linfo_string248:
	.asciz	"min"                           @ string offset=2585
.Linfo_string249:
	.asciz	"rr_cnt"                        @ string offset=2589
.Linfo_string250:
	.asciz	"new_free_rows"                 @ string offset=2596
.Linfo_string251:
	.asciz	"current"                       @ string offset=2610
.Linfo_string252:
	.asciz	"i0"                            @ string offset=2618
.Linfo_string253:
	.asciz	"free_i"                        @ string offset=2621
.Linfo_string254:
	.asciz	"j1"                            @ string offset=2628
.Linfo_string255:
	.asciz	"v2"                            @ string offset=2631
.Linfo_string256:
	.asciz	"v1"                            @ string offset=2634
.Linfo_string257:
	.asciz	"v1_new"                        @ string offset=2637
.Linfo_string258:
	.asciz	"v1_lowers"                     @ string offset=2644
.Linfo_string259:
	.asciz	"start_i"                       @ string offset=2654
.Linfo_string260:
	.asciz	"n_ready"                       @ string offset=2662
.Linfo_string261:
	.asciz	"final_j"                       @ string offset=2670
.Linfo_string262:
	.asciz	"ret"                           @ string offset=2678
	.ident	"Component: Arm Compiler for Embedded 6.24 Tool: armclang [5f371800]"
	.section	".note.GNU-stack","",%progbits
	.eabi_attribute	30, 1	@ Tag_ABI_optimization_goals
	.ARM_attribute	16, 1	@ Tag_AV_eba
	.section	.debug_line,"",%progbits
.Lline_table_start0:
