	.text
	.syntax unified
	.eabi_attribute	67, "2.09"	@ Tag_conformance
	.cpu	cortex-m55
	.eabi_attribute	6, 21	@ Tag_CPU_arch
	.eabi_attribute	7, 77	@ Tag_CPU_arch_profile
	.eabi_attribute	8, 0	@ Tag_ARM_ISA_use
	.eabi_attribute	9, 3	@ Tag_THUMB_ISA_use
	.fpu	fpv5-d16
	.arch_extension	mve.fp
	.eabi_attribute	36, 1	@ Tag_FP_HP_extension
	.eabi_attribute	48, 2	@ Tag_MVE_arch
	.eabi_attribute	46, 1	@ Tag_DSP_extension
	.eabi_attribute	34, 1	@ Tag_CPU_unaligned_access
	.eabi_attribute	17, 1	@ Tag_ABI_PCS_GOT_use
	.eabi_attribute	20, 2	@ Tag_ABI_FP_denormal
	.eabi_attribute	21, 0	@ Tag_ABI_FP_exceptions
	.eabi_attribute	23, 1	@ Tag_ABI_FP_number_model
	.eabi_attribute	24, 1	@ Tag_ABI_align_needed
	.eabi_attribute	25, 1	@ Tag_ABI_align_preserved
	.eabi_attribute	28, 1	@ Tag_ABI_VFP_args
	.eabi_attribute	38, 1	@ Tag_ABI_FP_16bit_format
	.eabi_attribute	18, 2	@ Tag_ABI_PCS_wchar_t
	.eabi_attribute	26, 1	@ Tag_ABI_enum_size
	.eabi_attribute	14, 0	@ Tag_ABI_PCS_R9_use
	.file	"VoicePlayer.cpp"
	.file	1 "C:\\Users\\antia\\TING\\114\\chip\\ML_M55M1_SampleCode\\M55M1BSP-3.01.003\\SampleCode\\NuEdgeWise\\ObjectTracker_YOLOv8n_o\\KEIL" "../VoicePlayer.cpp"
	.file	2 "C:\\Users\\antia" "AppData\\Local\\Keil_v5\\ARM\\ARMCLANG\\bin\\..\\include\\stdint.h"
	.file	3 "C:\\Users\\antia\\TING\\114\\chip\\ML_M55M1_SampleCode\\M55M1BSP-3.01.003\\SampleCode\\NuEdgeWise\\ObjectTracker_YOLOv8n_o\\KEIL" "../../../../ThirdParty/FatFs/source\\ff.h"
	.file	4 "C:\\Users\\antia\\TING\\114\\chip\\ML_M55M1_SampleCode\\M55M1BSP-3.01.003\\SampleCode\\NuEdgeWise\\ObjectTracker_YOLOv8n_o\\KEIL" "../../../../Library/Device/Nuvoton/M55M1/Include\\i2c_reg.h"
	.file	5 "C:\\Users\\antia\\TING\\114\\chip\\ML_M55M1_SampleCode\\M55M1BSP-3.01.003\\SampleCode\\NuEdgeWise\\ObjectTracker_YOLOv8n_o\\KEIL" "../../../../Library/Device/Nuvoton/M55M1/Include\\i2s_reg.h"
	.file	6 "C:\\Users\\antia\\TING\\114\\chip\\ML_M55M1_SampleCode\\M55M1BSP-3.01.003\\SampleCode\\NuEdgeWise\\ObjectTracker_YOLOv8n_o\\KEIL" "../../../../Library/Device/Nuvoton/M55M1/Include\\pdma_reg.h"
	.file	7 "C:\\Users\\antia\\TING\\114\\chip\\ML_M55M1_SampleCode\\M55M1BSP-3.01.003\\SampleCode\\NuEdgeWise\\ObjectTracker_YOLOv8n_o\\KEIL" "../../../../Library/Device/Nuvoton/M55M1/Include\\sys_reg.h"
	.file	8 "C:\\Users\\antia\\TING\\114\\chip\\ML_M55M1_SampleCode\\M55M1BSP-3.01.003\\SampleCode\\NuEdgeWise\\ObjectTracker_YOLOv8n_o\\KEIL" "../../../../Library/Device/Nuvoton/M55M1/Include\\gpio_reg.h"
	.file	9 "C:\\Users\\antia\\TING\\114\\chip\\ML_M55M1_SampleCode\\M55M1BSP-3.01.003\\SampleCode\\NuEdgeWise\\ObjectTracker_YOLOv8n_o\\KEIL" "../../../../Library/CMSIS/Core/Include\\core_cm55.h"
	.section	.text.VoicePlay_Init,"ax",%progbits
	.hidden	VoicePlay_Init                  @ -- Begin function VoicePlay_Init
	.globl	VoicePlay_Init
	.p2align	2
	.type	VoicePlay_Init,%function
	.code	16                              @ @VoicePlay_Init
	.thumb_func
VoicePlay_Init:
.Lfunc_begin0:
	.loc	1 323 0                         @ ../VoicePlayer.cpp:323:0
	.fnstart
	.cfi_sections .debug_frame
	.cfi_startproc
@ %bb.0:
	.save	{r4, r5, r6, r7, r8, r9, r10, r11, lr}
	push.w	{r4, r5, r6, r7, r8, r9, r10, r11, lr}
	.cfi_def_cfa_offset 36
	.cfi_offset lr, -4
	.cfi_offset r11, -8
	.cfi_offset r10, -12
	.cfi_offset r9, -16
	.cfi_offset r8, -20
	.cfi_offset r7, -24
	.cfi_offset r6, -28
	.cfi_offset r5, -32
	.cfi_offset r4, -36
	.pad	#12
	sub	sp, #12
	.cfi_def_cfa_offset 48
.Ltmp0:
	.loc	1 324 9 prologue_end            @ ../VoicePlayer.cpp:324:9
	movw	r8, :lower16:_ZL13s_initialised
	movt	r8, :upper16:_ZL13s_initialised
	ldrb.w	r0, [r8]
.Ltmp1:
	.loc	1 324 9 is_stmt 0               @ ../VoicePlayer.cpp:324:9
	cmp	r0, #0
	bne.w	.LBB0_586
@ %bb.1:
.Ltmp2:
	.file	10 "C:\\Users\\antia\\TING\\114\\chip\\ML_M55M1_SampleCode\\M55M1BSP-3.01.003\\SampleCode\\NuEdgeWise\\ObjectTracker_YOLOv8n_o\\KEIL" "../../../../Library/StdDriver/inc\\sys.h"
	.loc	10 4257 32 is_stmt 1            @ ../../../../Library/StdDriver/inc\sys.h:4257:32
	movw	r10, :lower16:SystemCoreClock
	movw	r4, #256
	movt	r10, :upper16:SystemCoreClock
	movs	r1, #89
	ldr.w	r0, [r10]
.Ltmp3:
	@DEBUG_VALUE: SYS_UnlockReg:u32TimeOutCount <- $r0
	.loc	10 0 32 is_stmt 0               @ ../../../../Library/StdDriver/inc\sys.h:0:32
	movs	r2, #22
	movt	r4, #16384
	movs	r3, #136
.Ltmp4:
.LBB0_2:                                @ =>This Inner Loop Header: Depth=1
	@DEBUG_VALUE: SYS_UnlockReg:u32TimeOutCount <- $r0
	@DEBUG_VALUE: SYS_UnlockReg:u32TimeOutCount <- $r0
	.loc	10 4265 13 is_stmt 1            @ ../../../../Library/StdDriver/inc\sys.h:4265:13
	cmp	r0, #1
	.loc	10 4261 22                      @ ../../../../Library/StdDriver/inc\sys.h:4261:22
	str	r1, [r4]
	.loc	10 4262 22                      @ ../../../../Library/StdDriver/inc\sys.h:4262:22
	str	r2, [r4]
	.loc	10 4263 22                      @ ../../../../Library/StdDriver/inc\sys.h:4263:22
	str	r3, [r4]
.Ltmp5:
	@DEBUG_VALUE: SYS_UnlockReg:u32TimeOutCount <- [DW_OP_constu 1, DW_OP_minus, DW_OP_stack_value] $r0
	.loc	10 4265 13                      @ ../../../../Library/StdDriver/inc\sys.h:4265:13
	beq	.LBB0_10
.Ltmp6:
@ %bb.3:                                @   in Loop: Header=BB0_2 Depth=1
	@DEBUG_VALUE: SYS_UnlockReg:u32TimeOutCount <- [DW_OP_constu 1, DW_OP_minus, DW_OP_stack_value] $r0
	.loc	10 4266 19                      @ ../../../../Library/StdDriver/inc\sys.h:4266:19
	ldr	r7, [r4]
.Ltmp7:
	.loc	10 4266 5 is_stmt 0             @ ../../../../Library/StdDriver/inc\sys.h:4266:5
	cbnz	r7, .LBB0_10
.Ltmp8:
@ %bb.4:                                @   in Loop: Header=BB0_2 Depth=1
	@DEBUG_VALUE: SYS_UnlockReg:u32TimeOutCount <- [DW_OP_constu 1, DW_OP_minus, DW_OP_stack_value] $r0
	@DEBUG_VALUE: SYS_UnlockReg:u32TimeOutCount <- [DW_OP_constu 1, DW_OP_minus, DW_OP_stack_value] $r0
	.loc	10 4265 13 is_stmt 1            @ ../../../../Library/StdDriver/inc\sys.h:4265:13
	cmp	r0, #2
	.loc	10 4261 22                      @ ../../../../Library/StdDriver/inc\sys.h:4261:22
	str	r1, [r4]
	.loc	10 4262 22                      @ ../../../../Library/StdDriver/inc\sys.h:4262:22
	str	r2, [r4]
	.loc	10 4263 22                      @ ../../../../Library/StdDriver/inc\sys.h:4263:22
	str	r3, [r4]
.Ltmp9:
	@DEBUG_VALUE: SYS_UnlockReg:u32TimeOutCount <- [DW_OP_constu 2, DW_OP_minus, DW_OP_stack_value] $r0
	.loc	10 4265 13                      @ ../../../../Library/StdDriver/inc\sys.h:4265:13
	beq	.LBB0_10
.Ltmp10:
@ %bb.5:                                @   in Loop: Header=BB0_2 Depth=1
	@DEBUG_VALUE: SYS_UnlockReg:u32TimeOutCount <- [DW_OP_constu 2, DW_OP_minus, DW_OP_stack_value] $r0
	.loc	10 4266 19                      @ ../../../../Library/StdDriver/inc\sys.h:4266:19
	ldr	r7, [r4]
.Ltmp11:
	.loc	10 4266 5 is_stmt 0             @ ../../../../Library/StdDriver/inc\sys.h:4266:5
	cbnz	r7, .LBB0_10
.Ltmp12:
@ %bb.6:                                @   in Loop: Header=BB0_2 Depth=1
	@DEBUG_VALUE: SYS_UnlockReg:u32TimeOutCount <- [DW_OP_constu 2, DW_OP_minus, DW_OP_stack_value] $r0
	@DEBUG_VALUE: SYS_UnlockReg:u32TimeOutCount <- [DW_OP_constu 2, DW_OP_minus, DW_OP_stack_value] $r0
	.loc	10 4265 13 is_stmt 1            @ ../../../../Library/StdDriver/inc\sys.h:4265:13
	cmp	r0, #3
	.loc	10 4261 22                      @ ../../../../Library/StdDriver/inc\sys.h:4261:22
	str	r1, [r4]
	.loc	10 4262 22                      @ ../../../../Library/StdDriver/inc\sys.h:4262:22
	str	r2, [r4]
	.loc	10 4263 22                      @ ../../../../Library/StdDriver/inc\sys.h:4263:22
	str	r3, [r4]
.Ltmp13:
	@DEBUG_VALUE: SYS_UnlockReg:u32TimeOutCount <- [DW_OP_constu 3, DW_OP_minus, DW_OP_stack_value] $r0
	.loc	10 4265 13                      @ ../../../../Library/StdDriver/inc\sys.h:4265:13
	beq	.LBB0_10
.Ltmp14:
@ %bb.7:                                @   in Loop: Header=BB0_2 Depth=1
	@DEBUG_VALUE: SYS_UnlockReg:u32TimeOutCount <- [DW_OP_constu 3, DW_OP_minus, DW_OP_stack_value] $r0
	.loc	10 4266 19                      @ ../../../../Library/StdDriver/inc\sys.h:4266:19
	ldr	r7, [r4]
.Ltmp15:
	.loc	10 4266 5 is_stmt 0             @ ../../../../Library/StdDriver/inc\sys.h:4266:5
	cbnz	r7, .LBB0_10
.Ltmp16:
@ %bb.8:                                @   in Loop: Header=BB0_2 Depth=1
	@DEBUG_VALUE: SYS_UnlockReg:u32TimeOutCount <- [DW_OP_constu 3, DW_OP_minus, DW_OP_stack_value] $r0
	@DEBUG_VALUE: SYS_UnlockReg:u32TimeOutCount <- [DW_OP_constu 3, DW_OP_minus, DW_OP_stack_value] $r0
	.loc	10 4265 13 is_stmt 1            @ ../../../../Library/StdDriver/inc\sys.h:4265:13
	subs	r0, #4
.Ltmp17:
	@DEBUG_VALUE: SYS_UnlockReg:u32TimeOutCount <- $r0
	.loc	10 4261 22                      @ ../../../../Library/StdDriver/inc\sys.h:4261:22
	str	r1, [r4]
	.loc	10 4262 22                      @ ../../../../Library/StdDriver/inc\sys.h:4262:22
	str	r2, [r4]
	.loc	10 4263 22                      @ ../../../../Library/StdDriver/inc\sys.h:4263:22
	str	r3, [r4]
	.loc	10 4265 13                      @ ../../../../Library/StdDriver/inc\sys.h:4265:13
	beq	.LBB0_10
.Ltmp18:
@ %bb.9:                                @   in Loop: Header=BB0_2 Depth=1
	@DEBUG_VALUE: SYS_UnlockReg:u32TimeOutCount <- $r0
	.loc	10 4266 19                      @ ../../../../Library/StdDriver/inc\sys.h:4266:19
	ldr	r7, [r4]
.Ltmp19:
	.loc	10 4266 5 is_stmt 0             @ ../../../../Library/StdDriver/inc\sys.h:4266:5
	cbnz	r7, .LBB0_10
	le	.LBB0_2
.Ltmp20:
.LBB0_10:
	.loc	10 0 5                          @ ../../../../Library/StdDriver/inc\sys.h:0:5
	movw	r6, #32768
	movw	r7, #1155
	movt	r6, #33791
	movw	r5, #36864
	movt	r7, #11
	movw	r9, #40960
.Ltmp21:
	.loc	1 157 5 is_stmt 1               @ ../VoicePlayer.cpp:157:5
	mov	r0, r6
	mov	r1, r7
	movt	r5, #16424
	movt	r9, #16421
	bl	CLK_EnableModuleClock
.Ltmp22:
	.loc	1 158 5                         @ ../VoicePlayer.cpp:158:5
	mov.w	r0, #3072
	mov.w	r1, #688128
	bl	CLK_EnableModuleClock
.Ltmp23:
	.loc	1 159 5                         @ ../VoicePlayer.cpp:159:5
	movs	r0, #0
	mov.w	r1, #1277952
	mov.w	r11, #0
	bl	CLK_EnableModuleClock
.Ltmp24:
	.loc	1 160 5                         @ ../VoicePlayer.cpp:160:5
	mov	r0, r6
	mov	r1, r7
	movs	r2, #0
	movs	r3, #1
	bl	CLK_SetModuleClock
.Ltmp25:
	.loc	1 137 5                         @ ../VoicePlayer.cpp:137:5
	ldr.w	r0, [r4, #644]
	movs	r1, #6
	bfi	r0, r1, #16, #5
	str.w	r0, [r4, #644]
	.loc	1 138 5                         @ ../VoicePlayer.cpp:138:5
	ldr.w	r0, [r4, #644]
	bfi	r0, r1, #24, #5
	str.w	r0, [r4, #644]
	.loc	1 139 5                         @ ../VoicePlayer.cpp:139:5
	ldr.w	r0, [r4, #648]
	bfi	r0, r1, #0, #5
	str.w	r0, [r4, #648]
	.loc	1 140 5                         @ ../VoicePlayer.cpp:140:5
	ldr.w	r0, [r4, #648]
	bfi	r0, r1, #8, #5
	str.w	r0, [r4, #648]
	.loc	1 141 5                         @ ../VoicePlayer.cpp:141:5
	ldr.w	r0, [r4, #648]
	bfi	r0, r1, #16, #5
	str.w	r0, [r4, #648]
.Ltmp26:
	.loc	1 142 5                         @ ../VoicePlayer.cpp:142:5
	@APP
	mov	r0, pc
	@NO_APP
.Ltmp27:
	@DEBUG_VALUE: current_pc <- $r0
	.loc	1 142 9 is_stmt 0               @ ../VoicePlayer.cpp:142:9
	lsls	r0, r0, #3
	movw	r0, #37056
	movt	r0, #20514
	mov	r1, r0
	itt	pl
	movwpl	r1, #37056
	movtpl	r1, #16418
	.loc	1 142 15                        @ ../VoicePlayer.cpp:142:15
	ldr.w	r2, [r1, #356]
	orr	r2, r2, #64
	str.w	r2, [r1, #356]
	movs	r2, #9
	.loc	1 145 5 is_stmt 1               @ ../VoicePlayer.cpp:145:5
	ldr.w	r1, [r4, #608]
	bfi	r1, r2, #8, #5
	str.w	r1, [r4, #608]
	.loc	1 146 5                         @ ../VoicePlayer.cpp:146:5
	ldr.w	r1, [r4, #608]
	bfi	r1, r2, #0, #5
	str.w	r1, [r4, #608]
.Ltmp28:
	.loc	1 147 5                         @ ../VoicePlayer.cpp:147:5
	@APP
	mov	r1, pc
	@NO_APP
.Ltmp29:
	@DEBUG_VALUE: current_pc <- $r1
	.loc	1 147 9 is_stmt 0               @ ../VoicePlayer.cpp:147:9
	lsls	r1, r1, #3
	mov	r1, r0
	itt	pl
	movwpl	r1, #37056
	movtpl	r1, #16418
	.loc	1 147 15                        @ ../VoicePlayer.cpp:147:15
	ldr.w	r2, [r1, #228]
	orr	r2, r2, #1
	str.w	r2, [r1, #228]
	.loc	1 151 5 is_stmt 1               @ ../VoicePlayer.cpp:151:5
	movs	r2, #1
	.loc	1 150 5                         @ ../VoicePlayer.cpp:150:5
	ldr.w	r1, [r4, #560]
	bic	r1, r1, #7936
	str.w	r1, [r4, #560]
.Ltmp30:
	.loc	1 151 18                        @ ../VoicePlayer.cpp:151:18
	@APP
	mov	r1, pc
	@NO_APP
.Ltmp31:
	@DEBUG_VALUE: current_pc <- $r1
	.loc	1 151 18 is_stmt 0              @ ../VoicePlayer.cpp:151:18
	lsls	r1, r1, #3
	itt	pl
	movwpl	r0, #37056
	movtpl	r0, #16418
	.loc	1 151 5                         @ ../VoicePlayer.cpp:151:5
	movs	r1, #2
	bl	GPIO_SetMode
.Ltmp32:
	.loc	1 0 5                           @ ../VoicePlayer.cpp:0:5
	movw	r0, #39108
	movw	r1, #34464
	movt	r0, #16418
	.loc	1 152 9 is_stmt 1               @ ../VoicePlayer.cpp:152:9
	str.w	r11, [r0]
.Ltmp33:
	.loc	1 330 5                         @ ../VoicePlayer.cpp:330:5
	mov	r0, r5
	movt	r1, #1
	bl	I2C_Open
.Ltmp34:
	.loc	1 333 5                         @ ../VoicePlayer.cpp:333:5
	mov	r0, r9
	mov.w	r1, #256
	mov.w	r2, #16000
	movs	r3, #16
	str.w	r11, [sp]
	str.w	r11, [sp, #4]
	bl	I2S_Open
.Ltmp35:
	.loc	1 335 5                         @ ../VoicePlayer.cpp:335:5
	movw	r0, #20000
	bl	CLK_SysTickDelay
.Ltmp36:
	@DEBUG_VALUE: I2C_WriteNAU8822:data <- 0
	@DEBUG_VALUE: I2C_WriteNAU8822:addr <- 0
	.loc	1 89 5                          @ ../VoicePlayer.cpp:89:5
	ldr	r0, [r5]
	orr	r0, r0, #32
	bic	r0, r0, #8
	str	r0, [r5]
.Ltmp37:
.LBB0_11:                               @ =>This Inner Loop Header: Depth=1
	@DEBUG_VALUE: I2C_WriteNAU8822:addr <- 0
	@DEBUG_VALUE: I2C_WriteNAU8822:data <- 0
	.loc	1 89 29 is_stmt 0               @ ../VoicePlayer.cpp:89:29
	ldr	r0, [r5]
	lsls	r0, r0, #28
	bmi	.LBB0_14
.Ltmp38:
@ %bb.12:                               @   in Loop: Header=BB0_11 Depth=1
	@DEBUG_VALUE: I2C_WriteNAU8822:addr <- 0
	@DEBUG_VALUE: I2C_WriteNAU8822:data <- 0
	ldr	r0, [r5]
	lsls	r0, r0, #28
	itt	pl
	ldrpl	r0, [r5]
	lslspl.w	r0, r0, #28
	bmi	.LBB0_14
.Ltmp39:
@ %bb.13:                               @   in Loop: Header=BB0_11 Depth=1
	@DEBUG_VALUE: I2C_WriteNAU8822:addr <- 0
	@DEBUG_VALUE: I2C_WriteNAU8822:data <- 0
	ldr	r0, [r5]
	lsls	r0, r0, #28
	bpl	.LBB0_11
.Ltmp40:
.LBB0_14:
	@DEBUG_VALUE: I2C_WriteNAU8822:addr <- 0
	@DEBUG_VALUE: I2C_WriteNAU8822:data <- 0
	.loc	1 0 29                          @ ../VoicePlayer.cpp:0:29
	movs	r0, #52
	movs	r1, #2
	.loc	1 90 5 is_stmt 1                @ ../VoicePlayer.cpp:90:5
	str	r0, [r5, #8]
	.loc	1 91 5                          @ ../VoicePlayer.cpp:91:5
	ldr	r0, [r5]
	bfi	r0, r1, #2, #4
	str	r0, [r5]
.Ltmp41:
.LBB0_15:                               @ =>This Inner Loop Header: Depth=1
	@DEBUG_VALUE: I2C_WriteNAU8822:addr <- 0
	@DEBUG_VALUE: I2C_WriteNAU8822:data <- 0
	.loc	1 91 51 is_stmt 0               @ ../VoicePlayer.cpp:91:51
	ldr	r0, [r5]
	lsls	r0, r0, #28
	bmi	.LBB0_18
.Ltmp42:
@ %bb.16:                               @   in Loop: Header=BB0_15 Depth=1
	@DEBUG_VALUE: I2C_WriteNAU8822:addr <- 0
	@DEBUG_VALUE: I2C_WriteNAU8822:data <- 0
	ldr	r0, [r5]
	lsls	r0, r0, #28
	itt	pl
	ldrpl	r0, [r5]
	lslspl.w	r0, r0, #28
	bmi	.LBB0_18
.Ltmp43:
@ %bb.17:                               @   in Loop: Header=BB0_15 Depth=1
	@DEBUG_VALUE: I2C_WriteNAU8822:addr <- 0
	@DEBUG_VALUE: I2C_WriteNAU8822:data <- 0
	ldr	r0, [r5]
	lsls	r0, r0, #28
	bpl	.LBB0_15
.Ltmp44:
.LBB0_18:
	@DEBUG_VALUE: I2C_WriteNAU8822:addr <- 0
	@DEBUG_VALUE: I2C_WriteNAU8822:data <- 0
	.loc	1 0 51                          @ ../VoicePlayer.cpp:0:51
	movs	r0, #0
	movs	r1, #2
	.loc	1 92 5 is_stmt 1                @ ../VoicePlayer.cpp:92:5
	str	r0, [r5, #8]
	.loc	1 93 5                          @ ../VoicePlayer.cpp:93:5
	ldr	r0, [r5]
	bfi	r0, r1, #2, #4
	str	r0, [r5]
.Ltmp45:
.LBB0_19:                               @ =>This Inner Loop Header: Depth=1
	@DEBUG_VALUE: I2C_WriteNAU8822:addr <- 0
	@DEBUG_VALUE: I2C_WriteNAU8822:data <- 0
	.loc	1 93 51 is_stmt 0               @ ../VoicePlayer.cpp:93:51
	ldr	r0, [r5]
	lsls	r0, r0, #28
	bmi	.LBB0_22
.Ltmp46:
@ %bb.20:                               @   in Loop: Header=BB0_19 Depth=1
	@DEBUG_VALUE: I2C_WriteNAU8822:addr <- 0
	@DEBUG_VALUE: I2C_WriteNAU8822:data <- 0
	ldr	r0, [r5]
	lsls	r0, r0, #28
	itt	pl
	ldrpl	r0, [r5]
	lslspl.w	r0, r0, #28
	bmi	.LBB0_22
.Ltmp47:
@ %bb.21:                               @   in Loop: Header=BB0_19 Depth=1
	@DEBUG_VALUE: I2C_WriteNAU8822:addr <- 0
	@DEBUG_VALUE: I2C_WriteNAU8822:data <- 0
	ldr	r0, [r5]
	lsls	r0, r0, #28
	bpl	.LBB0_19
.Ltmp48:
.LBB0_22:
	@DEBUG_VALUE: I2C_WriteNAU8822:addr <- 0
	@DEBUG_VALUE: I2C_WriteNAU8822:data <- 0
	.loc	1 0 51                          @ ../VoicePlayer.cpp:0:51
	movs	r0, #0
	movs	r1, #2
	.loc	1 94 5 is_stmt 1                @ ../VoicePlayer.cpp:94:5
	str	r0, [r5, #8]
	.loc	1 95 5                          @ ../VoicePlayer.cpp:95:5
	ldr	r0, [r5]
	bfi	r0, r1, #2, #4
	str	r0, [r5]
.Ltmp49:
.LBB0_23:                               @ =>This Inner Loop Header: Depth=1
	@DEBUG_VALUE: I2C_WriteNAU8822:addr <- 0
	@DEBUG_VALUE: I2C_WriteNAU8822:data <- 0
	.loc	1 95 51 is_stmt 0               @ ../VoicePlayer.cpp:95:51
	ldr	r0, [r5]
	lsls	r0, r0, #28
	bmi	.LBB0_26
.Ltmp50:
@ %bb.24:                               @   in Loop: Header=BB0_23 Depth=1
	@DEBUG_VALUE: I2C_WriteNAU8822:addr <- 0
	@DEBUG_VALUE: I2C_WriteNAU8822:data <- 0
	ldr	r0, [r5]
	lsls	r0, r0, #28
	itt	pl
	ldrpl	r0, [r5]
	lslspl.w	r0, r0, #28
	bmi	.LBB0_26
.Ltmp51:
@ %bb.25:                               @   in Loop: Header=BB0_23 Depth=1
	@DEBUG_VALUE: I2C_WriteNAU8822:addr <- 0
	@DEBUG_VALUE: I2C_WriteNAU8822:data <- 0
	ldr	r0, [r5]
	lsls	r0, r0, #28
	bpl	.LBB0_23
.Ltmp52:
.LBB0_26:
	@DEBUG_VALUE: I2C_WriteNAU8822:addr <- 0
	@DEBUG_VALUE: I2C_WriteNAU8822:data <- 0
	@DEBUG_VALUE: I2C_STOP:i2c <- 1076400128
	.file	11 "C:\\Users\\antia\\TING\\114\\chip\\ML_M55M1_SampleCode\\M55M1BSP-3.01.003\\SampleCode\\NuEdgeWise\\ObjectTracker_YOLOv8n_o\\KEIL" "../../../../Library/StdDriver/inc\\i2c.h"
	.loc	11 445 32 is_stmt 1             @ ../../../../Library/StdDriver/inc\i2c.h:445:32
	ldr.w	r0, [r10]
.Ltmp53:
	@DEBUG_VALUE: I2C_STOP:u32TimeOutCount <- $r0
	.loc	11 447 17                       @ ../../../../Library/StdDriver/inc\i2c.h:447:17
	ldr	r1, [r5]
	.loc	11 449 5                        @ ../../../../Library/StdDriver/inc\i2c.h:449:5
	rsb.w	r0, r0, #2
.Ltmp54:
	.loc	11 447 17                       @ ../../../../Library/StdDriver/inc\i2c.h:447:17
	orr	r1, r1, #24
	str	r1, [r5]
.Ltmp55:
	.loc	11 0 17 is_stmt 0               @ :0:17
.Ltmp56:
	.p2align	2
.LBB0_27:                               @ =>This Inner Loop Header: Depth=1
	@DEBUG_VALUE: I2C_STOP:i2c <- 1076400128
	@DEBUG_VALUE: I2C_WriteNAU8822:addr <- 0
	@DEBUG_VALUE: I2C_WriteNAU8822:data <- 0
	@DEBUG_VALUE: I2C_STOP:u32TimeOutCount <- [DW_OP_LLVM_arg 0, DW_OP_consts 2, DW_OP_consts 18446744073709551615, DW_OP_LLVM_arg 0, DW_OP_mul, DW_OP_plus, DW_OP_minus, DW_OP_consts 4, DW_OP_div, DW_OP_consts 18446744073709551612, DW_OP_mul, DW_OP_LLVM_arg 0, DW_OP_plus, DW_OP_stack_value] undef
	.loc	11 449 17 is_stmt 1             @ ../../../../Library/StdDriver/inc\i2c.h:449:17
	ldr	r1, [r5]
.Ltmp57:
	@DEBUG_VALUE: I2C_STOP:u32TimeOutCount <- [DW_OP_constu 1, DW_OP_minus, DW_OP_stack_value] $r0
	.loc	11 449 5 is_stmt 0              @ ../../../../Library/StdDriver/inc\i2c.h:449:5
	lsls	r1, r1, #27
	bpl	.LBB0_35
.Ltmp58:
@ %bb.28:                               @   in Loop: Header=BB0_27 Depth=1
	@DEBUG_VALUE: I2C_STOP:u32TimeOutCount <- [DW_OP_constu 1, DW_OP_minus, DW_OP_stack_value] $r0
	@DEBUG_VALUE: I2C_STOP:i2c <- 1076400128
	@DEBUG_VALUE: I2C_WriteNAU8822:addr <- 0
	@DEBUG_VALUE: I2C_WriteNAU8822:data <- 0
	cmp	r0, #1
	beq	.LBB0_35
.Ltmp59:
@ %bb.29:                               @   in Loop: Header=BB0_27 Depth=1
	@DEBUG_VALUE: I2C_STOP:u32TimeOutCount <- [DW_OP_constu 1, DW_OP_minus, DW_OP_stack_value] $r0
	@DEBUG_VALUE: I2C_STOP:i2c <- 1076400128
	@DEBUG_VALUE: I2C_WriteNAU8822:addr <- 0
	@DEBUG_VALUE: I2C_WriteNAU8822:data <- 0
	@DEBUG_VALUE: I2C_STOP:u32TimeOutCount <- [DW_OP_constu 1, DW_OP_minus, DW_OP_stack_value] $r0
	.loc	11 449 17                       @ ../../../../Library/StdDriver/inc\i2c.h:449:17
	ldr	r1, [r5]
.Ltmp60:
	@DEBUG_VALUE: I2C_STOP:u32TimeOutCount <- [DW_OP_constu 2, DW_OP_minus, DW_OP_stack_value] $r0
	.loc	11 449 5                        @ ../../../../Library/StdDriver/inc\i2c.h:449:5
	lsls	r1, r1, #27
	bpl	.LBB0_35
.Ltmp61:
@ %bb.30:                               @   in Loop: Header=BB0_27 Depth=1
	@DEBUG_VALUE: I2C_STOP:u32TimeOutCount <- [DW_OP_constu 2, DW_OP_minus, DW_OP_stack_value] $r0
	@DEBUG_VALUE: I2C_STOP:i2c <- 1076400128
	@DEBUG_VALUE: I2C_WriteNAU8822:addr <- 0
	@DEBUG_VALUE: I2C_WriteNAU8822:data <- 0
	cbz	r0, .LBB0_35
.Ltmp62:
@ %bb.31:                               @   in Loop: Header=BB0_27 Depth=1
	@DEBUG_VALUE: I2C_STOP:u32TimeOutCount <- [DW_OP_constu 2, DW_OP_minus, DW_OP_stack_value] $r0
	@DEBUG_VALUE: I2C_STOP:i2c <- 1076400128
	@DEBUG_VALUE: I2C_WriteNAU8822:addr <- 0
	@DEBUG_VALUE: I2C_WriteNAU8822:data <- 0
	@DEBUG_VALUE: I2C_STOP:u32TimeOutCount <- [DW_OP_constu 2, DW_OP_minus, DW_OP_stack_value] $r0
	.loc	11 449 17                       @ ../../../../Library/StdDriver/inc\i2c.h:449:17
	ldr	r1, [r5]
.Ltmp63:
	@DEBUG_VALUE: I2C_STOP:u32TimeOutCount <- [DW_OP_constu 3, DW_OP_minus, DW_OP_stack_value] $r0
	.loc	11 449 5                        @ ../../../../Library/StdDriver/inc\i2c.h:449:5
	lsls	r1, r1, #27
	bpl	.LBB0_35
.Ltmp64:
@ %bb.32:                               @   in Loop: Header=BB0_27 Depth=1
	@DEBUG_VALUE: I2C_STOP:u32TimeOutCount <- [DW_OP_constu 3, DW_OP_minus, DW_OP_stack_value] $r0
	@DEBUG_VALUE: I2C_STOP:i2c <- 1076400128
	@DEBUG_VALUE: I2C_WriteNAU8822:addr <- 0
	@DEBUG_VALUE: I2C_WriteNAU8822:data <- 0
	adds	r1, r0, #1
	beq	.LBB0_35
.Ltmp65:
@ %bb.33:                               @   in Loop: Header=BB0_27 Depth=1
	@DEBUG_VALUE: I2C_STOP:u32TimeOutCount <- [DW_OP_constu 3, DW_OP_minus, DW_OP_stack_value] $r0
	@DEBUG_VALUE: I2C_STOP:i2c <- 1076400128
	@DEBUG_VALUE: I2C_WriteNAU8822:addr <- 0
	@DEBUG_VALUE: I2C_WriteNAU8822:data <- 0
	@DEBUG_VALUE: I2C_STOP:u32TimeOutCount <- [DW_OP_constu 3, DW_OP_minus, DW_OP_stack_value] $r0
	.loc	11 449 17                       @ ../../../../Library/StdDriver/inc\i2c.h:449:17
	ldr	r1, [r5]
.Ltmp66:
	@DEBUG_VALUE: I2C_STOP:u32TimeOutCount <- [DW_OP_LLVM_arg 0, DW_OP_consts 2, DW_OP_consts 18446744073709551615, DW_OP_LLVM_arg 0, DW_OP_mul, DW_OP_plus, DW_OP_minus, DW_OP_consts 4, DW_OP_div, DW_OP_consts 18446744073709551612, DW_OP_mul, DW_OP_consts 18446744073709551612, DW_OP_LLVM_arg 0, DW_OP_plus, DW_OP_plus, DW_OP_stack_value] undef
	.loc	11 449 5                        @ ../../../../Library/StdDriver/inc\i2c.h:449:5
	lsls	r1, r1, #27
	bpl	.LBB0_35
.Ltmp67:
@ %bb.34:                               @   in Loop: Header=BB0_27 Depth=1
	@DEBUG_VALUE: I2C_STOP:i2c <- 1076400128
	@DEBUG_VALUE: I2C_WriteNAU8822:addr <- 0
	@DEBUG_VALUE: I2C_WriteNAU8822:data <- 0
	adds	r1, r0, #2
	add.w	r0, r0, #4
	bne	.LBB0_27
.Ltmp68:
.LBB0_35:
	.loc	1 113 34 is_stmt 1              @ ../VoicePlayer.cpp:113:34
	movw	r0, #10000
	bl	CLK_SysTickDelay
.Ltmp69:
	@DEBUG_VALUE: I2C_WriteNAU8822:data <- 47
	@DEBUG_VALUE: I2C_WriteNAU8822:addr <- 1
	.loc	1 89 5                          @ ../VoicePlayer.cpp:89:5
	ldr	r0, [r5]
	orr	r0, r0, #32
	bic	r0, r0, #8
	str	r0, [r5]
.Ltmp70:
.LBB0_36:                               @ =>This Inner Loop Header: Depth=1
	@DEBUG_VALUE: I2C_WriteNAU8822:addr <- 1
	@DEBUG_VALUE: I2C_WriteNAU8822:data <- 47
	.loc	1 89 29 is_stmt 0               @ ../VoicePlayer.cpp:89:29
	ldr	r0, [r5]
	lsls	r0, r0, #28
	bmi	.LBB0_39
.Ltmp71:
@ %bb.37:                               @   in Loop: Header=BB0_36 Depth=1
	@DEBUG_VALUE: I2C_WriteNAU8822:addr <- 1
	@DEBUG_VALUE: I2C_WriteNAU8822:data <- 47
	ldr	r0, [r5]
	lsls	r0, r0, #28
	itt	pl
	ldrpl	r0, [r5]
	lslspl.w	r0, r0, #28
	bmi	.LBB0_39
.Ltmp72:
@ %bb.38:                               @   in Loop: Header=BB0_36 Depth=1
	@DEBUG_VALUE: I2C_WriteNAU8822:addr <- 1
	@DEBUG_VALUE: I2C_WriteNAU8822:data <- 47
	ldr	r0, [r5]
	lsls	r0, r0, #28
	bpl	.LBB0_36
.Ltmp73:
.LBB0_39:
	@DEBUG_VALUE: I2C_WriteNAU8822:addr <- 1
	@DEBUG_VALUE: I2C_WriteNAU8822:data <- 47
	.loc	1 0 29                          @ ../VoicePlayer.cpp:0:29
	movs	r0, #52
	movs	r1, #2
	.loc	1 90 5 is_stmt 1                @ ../VoicePlayer.cpp:90:5
	str	r0, [r5, #8]
	.loc	1 91 5                          @ ../VoicePlayer.cpp:91:5
	ldr	r0, [r5]
	bfi	r0, r1, #2, #4
	str	r0, [r5]
.Ltmp74:
.LBB0_40:                               @ =>This Inner Loop Header: Depth=1
	@DEBUG_VALUE: I2C_WriteNAU8822:addr <- 1
	@DEBUG_VALUE: I2C_WriteNAU8822:data <- 47
	.loc	1 91 51 is_stmt 0               @ ../VoicePlayer.cpp:91:51
	ldr	r0, [r5]
	lsls	r0, r0, #28
	bmi	.LBB0_43
.Ltmp75:
@ %bb.41:                               @   in Loop: Header=BB0_40 Depth=1
	@DEBUG_VALUE: I2C_WriteNAU8822:addr <- 1
	@DEBUG_VALUE: I2C_WriteNAU8822:data <- 47
	ldr	r0, [r5]
	lsls	r0, r0, #28
	itt	pl
	ldrpl	r0, [r5]
	lslspl.w	r0, r0, #28
	bmi	.LBB0_43
.Ltmp76:
@ %bb.42:                               @   in Loop: Header=BB0_40 Depth=1
	@DEBUG_VALUE: I2C_WriteNAU8822:addr <- 1
	@DEBUG_VALUE: I2C_WriteNAU8822:data <- 47
	ldr	r0, [r5]
	lsls	r0, r0, #28
	bpl	.LBB0_40
.Ltmp77:
.LBB0_43:
	@DEBUG_VALUE: I2C_WriteNAU8822:addr <- 1
	@DEBUG_VALUE: I2C_WriteNAU8822:data <- 47
	.loc	1 0 51                          @ ../VoicePlayer.cpp:0:51
	movs	r0, #2
	.loc	1 92 5 is_stmt 1                @ ../VoicePlayer.cpp:92:5
	str	r0, [r5, #8]
	.loc	1 93 5                          @ ../VoicePlayer.cpp:93:5
	ldr	r1, [r5]
	bfi	r1, r0, #2, #4
	str	r1, [r5]
.Ltmp78:
.LBB0_44:                               @ =>This Inner Loop Header: Depth=1
	@DEBUG_VALUE: I2C_WriteNAU8822:addr <- 1
	@DEBUG_VALUE: I2C_WriteNAU8822:data <- 47
	.loc	1 93 51 is_stmt 0               @ ../VoicePlayer.cpp:93:51
	ldr	r0, [r5]
	lsls	r0, r0, #28
	bmi	.LBB0_47
.Ltmp79:
@ %bb.45:                               @   in Loop: Header=BB0_44 Depth=1
	@DEBUG_VALUE: I2C_WriteNAU8822:addr <- 1
	@DEBUG_VALUE: I2C_WriteNAU8822:data <- 47
	ldr	r0, [r5]
	lsls	r0, r0, #28
	itt	pl
	ldrpl	r0, [r5]
	lslspl.w	r0, r0, #28
	bmi	.LBB0_47
.Ltmp80:
@ %bb.46:                               @   in Loop: Header=BB0_44 Depth=1
	@DEBUG_VALUE: I2C_WriteNAU8822:addr <- 1
	@DEBUG_VALUE: I2C_WriteNAU8822:data <- 47
	ldr	r0, [r5]
	lsls	r0, r0, #28
	bpl	.LBB0_44
.Ltmp81:
.LBB0_47:
	@DEBUG_VALUE: I2C_WriteNAU8822:addr <- 1
	@DEBUG_VALUE: I2C_WriteNAU8822:data <- 47
	.loc	1 0 51                          @ ../VoicePlayer.cpp:0:51
	movs	r0, #47
	movs	r1, #2
	.loc	1 94 5 is_stmt 1                @ ../VoicePlayer.cpp:94:5
	str	r0, [r5, #8]
	.loc	1 95 5                          @ ../VoicePlayer.cpp:95:5
	ldr	r0, [r5]
	bfi	r0, r1, #2, #4
	str	r0, [r5]
.Ltmp82:
.LBB0_48:                               @ =>This Inner Loop Header: Depth=1
	@DEBUG_VALUE: I2C_WriteNAU8822:addr <- 1
	@DEBUG_VALUE: I2C_WriteNAU8822:data <- 47
	.loc	1 95 51 is_stmt 0               @ ../VoicePlayer.cpp:95:51
	ldr	r0, [r5]
	lsls	r0, r0, #28
	bmi	.LBB0_51
.Ltmp83:
@ %bb.49:                               @   in Loop: Header=BB0_48 Depth=1
	@DEBUG_VALUE: I2C_WriteNAU8822:addr <- 1
	@DEBUG_VALUE: I2C_WriteNAU8822:data <- 47
	ldr	r0, [r5]
	lsls	r0, r0, #28
	itt	pl
	ldrpl	r0, [r5]
	lslspl.w	r0, r0, #28
	bmi	.LBB0_51
.Ltmp84:
@ %bb.50:                               @   in Loop: Header=BB0_48 Depth=1
	@DEBUG_VALUE: I2C_WriteNAU8822:addr <- 1
	@DEBUG_VALUE: I2C_WriteNAU8822:data <- 47
	ldr	r0, [r5]
	lsls	r0, r0, #28
	bpl	.LBB0_48
.Ltmp85:
.LBB0_51:
	@DEBUG_VALUE: I2C_WriteNAU8822:addr <- 1
	@DEBUG_VALUE: I2C_WriteNAU8822:data <- 47
	@DEBUG_VALUE: I2C_STOP:i2c <- 1076400128
	.loc	11 445 32 is_stmt 1             @ ../../../../Library/StdDriver/inc\i2c.h:445:32
	ldr.w	r0, [r10]
.Ltmp86:
	@DEBUG_VALUE: I2C_STOP:u32TimeOutCount <- $r0
	.loc	11 447 17                       @ ../../../../Library/StdDriver/inc\i2c.h:447:17
	ldr	r1, [r5]
	.loc	11 449 5                        @ ../../../../Library/StdDriver/inc\i2c.h:449:5
	rsb.w	r0, r0, #2
.Ltmp87:
	.loc	11 447 17                       @ ../../../../Library/StdDriver/inc\i2c.h:447:17
	orr	r1, r1, #24
	str	r1, [r5]
.Ltmp88:
	.loc	11 0 17 is_stmt 0               @ :0:17
.Ltmp89:
	.p2align	2
.LBB0_52:                               @ =>This Inner Loop Header: Depth=1
	@DEBUG_VALUE: I2C_STOP:i2c <- 1076400128
	@DEBUG_VALUE: I2C_WriteNAU8822:addr <- 1
	@DEBUG_VALUE: I2C_WriteNAU8822:data <- 47
	@DEBUG_VALUE: I2C_STOP:u32TimeOutCount <- [DW_OP_LLVM_arg 0, DW_OP_consts 2, DW_OP_consts 18446744073709551615, DW_OP_LLVM_arg 0, DW_OP_mul, DW_OP_plus, DW_OP_minus, DW_OP_consts 4, DW_OP_div, DW_OP_consts 18446744073709551612, DW_OP_mul, DW_OP_LLVM_arg 0, DW_OP_plus, DW_OP_stack_value] undef
	.loc	11 449 17 is_stmt 1             @ ../../../../Library/StdDriver/inc\i2c.h:449:17
	ldr	r1, [r5]
.Ltmp90:
	@DEBUG_VALUE: I2C_STOP:u32TimeOutCount <- [DW_OP_constu 1, DW_OP_minus, DW_OP_stack_value] $r0
	.loc	11 449 5 is_stmt 0              @ ../../../../Library/StdDriver/inc\i2c.h:449:5
	lsls	r1, r1, #27
	bpl	.LBB0_60
.Ltmp91:
@ %bb.53:                               @   in Loop: Header=BB0_52 Depth=1
	@DEBUG_VALUE: I2C_STOP:u32TimeOutCount <- [DW_OP_constu 1, DW_OP_minus, DW_OP_stack_value] $r0
	@DEBUG_VALUE: I2C_STOP:i2c <- 1076400128
	@DEBUG_VALUE: I2C_WriteNAU8822:addr <- 1
	@DEBUG_VALUE: I2C_WriteNAU8822:data <- 47
	cmp	r0, #1
	beq	.LBB0_60
.Ltmp92:
@ %bb.54:                               @   in Loop: Header=BB0_52 Depth=1
	@DEBUG_VALUE: I2C_STOP:u32TimeOutCount <- [DW_OP_constu 1, DW_OP_minus, DW_OP_stack_value] $r0
	@DEBUG_VALUE: I2C_STOP:i2c <- 1076400128
	@DEBUG_VALUE: I2C_WriteNAU8822:addr <- 1
	@DEBUG_VALUE: I2C_WriteNAU8822:data <- 47
	@DEBUG_VALUE: I2C_STOP:u32TimeOutCount <- [DW_OP_constu 1, DW_OP_minus, DW_OP_stack_value] $r0
	.loc	11 449 17                       @ ../../../../Library/StdDriver/inc\i2c.h:449:17
	ldr	r1, [r5]
.Ltmp93:
	@DEBUG_VALUE: I2C_STOP:u32TimeOutCount <- [DW_OP_constu 2, DW_OP_minus, DW_OP_stack_value] $r0
	.loc	11 449 5                        @ ../../../../Library/StdDriver/inc\i2c.h:449:5
	lsls	r1, r1, #27
	bpl	.LBB0_60
.Ltmp94:
@ %bb.55:                               @   in Loop: Header=BB0_52 Depth=1
	@DEBUG_VALUE: I2C_STOP:u32TimeOutCount <- [DW_OP_constu 2, DW_OP_minus, DW_OP_stack_value] $r0
	@DEBUG_VALUE: I2C_STOP:i2c <- 1076400128
	@DEBUG_VALUE: I2C_WriteNAU8822:addr <- 1
	@DEBUG_VALUE: I2C_WriteNAU8822:data <- 47
	cbz	r0, .LBB0_60
.Ltmp95:
@ %bb.56:                               @   in Loop: Header=BB0_52 Depth=1
	@DEBUG_VALUE: I2C_STOP:u32TimeOutCount <- [DW_OP_constu 2, DW_OP_minus, DW_OP_stack_value] $r0
	@DEBUG_VALUE: I2C_STOP:i2c <- 1076400128
	@DEBUG_VALUE: I2C_WriteNAU8822:addr <- 1
	@DEBUG_VALUE: I2C_WriteNAU8822:data <- 47
	@DEBUG_VALUE: I2C_STOP:u32TimeOutCount <- [DW_OP_constu 2, DW_OP_minus, DW_OP_stack_value] $r0
	.loc	11 449 17                       @ ../../../../Library/StdDriver/inc\i2c.h:449:17
	ldr	r1, [r5]
.Ltmp96:
	@DEBUG_VALUE: I2C_STOP:u32TimeOutCount <- [DW_OP_constu 3, DW_OP_minus, DW_OP_stack_value] $r0
	.loc	11 449 5                        @ ../../../../Library/StdDriver/inc\i2c.h:449:5
	lsls	r1, r1, #27
	bpl	.LBB0_60
.Ltmp97:
@ %bb.57:                               @   in Loop: Header=BB0_52 Depth=1
	@DEBUG_VALUE: I2C_STOP:u32TimeOutCount <- [DW_OP_constu 3, DW_OP_minus, DW_OP_stack_value] $r0
	@DEBUG_VALUE: I2C_STOP:i2c <- 1076400128
	@DEBUG_VALUE: I2C_WriteNAU8822:addr <- 1
	@DEBUG_VALUE: I2C_WriteNAU8822:data <- 47
	adds	r1, r0, #1
	beq	.LBB0_60
.Ltmp98:
@ %bb.58:                               @   in Loop: Header=BB0_52 Depth=1
	@DEBUG_VALUE: I2C_STOP:u32TimeOutCount <- [DW_OP_constu 3, DW_OP_minus, DW_OP_stack_value] $r0
	@DEBUG_VALUE: I2C_STOP:i2c <- 1076400128
	@DEBUG_VALUE: I2C_WriteNAU8822:addr <- 1
	@DEBUG_VALUE: I2C_WriteNAU8822:data <- 47
	@DEBUG_VALUE: I2C_STOP:u32TimeOutCount <- [DW_OP_constu 3, DW_OP_minus, DW_OP_stack_value] $r0
	.loc	11 449 17                       @ ../../../../Library/StdDriver/inc\i2c.h:449:17
	ldr	r1, [r5]
.Ltmp99:
	@DEBUG_VALUE: I2C_STOP:u32TimeOutCount <- [DW_OP_LLVM_arg 0, DW_OP_consts 2, DW_OP_consts 18446744073709551615, DW_OP_LLVM_arg 0, DW_OP_mul, DW_OP_plus, DW_OP_minus, DW_OP_consts 4, DW_OP_div, DW_OP_consts 18446744073709551612, DW_OP_mul, DW_OP_consts 18446744073709551612, DW_OP_LLVM_arg 0, DW_OP_plus, DW_OP_plus, DW_OP_stack_value] undef
	.loc	11 449 5                        @ ../../../../Library/StdDriver/inc\i2c.h:449:5
	lsls	r1, r1, #27
	bpl	.LBB0_60
.Ltmp100:
@ %bb.59:                               @   in Loop: Header=BB0_52 Depth=1
	@DEBUG_VALUE: I2C_STOP:i2c <- 1076400128
	@DEBUG_VALUE: I2C_WriteNAU8822:addr <- 1
	@DEBUG_VALUE: I2C_WriteNAU8822:data <- 47
	adds	r1, r0, #2
	add.w	r0, r0, #4
	bne	.LBB0_52
.Ltmp101:
.LBB0_60:
	@DEBUG_VALUE: I2C_WriteNAU8822:addr <- 2
	@DEBUG_VALUE: I2C_WriteNAU8822:data <- 447
	.loc	1 89 5 is_stmt 1                @ ../VoicePlayer.cpp:89:5
	ldr	r0, [r5]
	orr	r0, r0, #32
	bic	r0, r0, #8
	str	r0, [r5]
.Ltmp102:
.LBB0_61:                               @ =>This Inner Loop Header: Depth=1
	@DEBUG_VALUE: I2C_WriteNAU8822:data <- 447
	@DEBUG_VALUE: I2C_WriteNAU8822:addr <- 2
	.loc	1 89 29 is_stmt 0               @ ../VoicePlayer.cpp:89:29
	ldr	r0, [r5]
	lsls	r0, r0, #28
	bmi	.LBB0_64
.Ltmp103:
@ %bb.62:                               @   in Loop: Header=BB0_61 Depth=1
	@DEBUG_VALUE: I2C_WriteNAU8822:data <- 447
	@DEBUG_VALUE: I2C_WriteNAU8822:addr <- 2
	ldr	r0, [r5]
	lsls	r0, r0, #28
	itt	pl
	ldrpl	r0, [r5]
	lslspl.w	r0, r0, #28
	bmi	.LBB0_64
.Ltmp104:
@ %bb.63:                               @   in Loop: Header=BB0_61 Depth=1
	@DEBUG_VALUE: I2C_WriteNAU8822:data <- 447
	@DEBUG_VALUE: I2C_WriteNAU8822:addr <- 2
	ldr	r0, [r5]
	lsls	r0, r0, #28
	bpl	.LBB0_61
.Ltmp105:
.LBB0_64:
	@DEBUG_VALUE: I2C_WriteNAU8822:data <- 447
	@DEBUG_VALUE: I2C_WriteNAU8822:addr <- 2
	.loc	1 0 29                          @ ../VoicePlayer.cpp:0:29
	movs	r0, #52
	movs	r1, #2
	.loc	1 90 5 is_stmt 1                @ ../VoicePlayer.cpp:90:5
	str	r0, [r5, #8]
	.loc	1 91 5                          @ ../VoicePlayer.cpp:91:5
	ldr	r0, [r5]
	bfi	r0, r1, #2, #4
	str	r0, [r5]
.Ltmp106:
.LBB0_65:                               @ =>This Inner Loop Header: Depth=1
	@DEBUG_VALUE: I2C_WriteNAU8822:data <- 447
	@DEBUG_VALUE: I2C_WriteNAU8822:addr <- 2
	.loc	1 91 51 is_stmt 0               @ ../VoicePlayer.cpp:91:51
	ldr	r0, [r5]
	lsls	r0, r0, #28
	bmi	.LBB0_68
.Ltmp107:
@ %bb.66:                               @   in Loop: Header=BB0_65 Depth=1
	@DEBUG_VALUE: I2C_WriteNAU8822:data <- 447
	@DEBUG_VALUE: I2C_WriteNAU8822:addr <- 2
	ldr	r0, [r5]
	lsls	r0, r0, #28
	itt	pl
	ldrpl	r0, [r5]
	lslspl.w	r0, r0, #28
	bmi	.LBB0_68
.Ltmp108:
@ %bb.67:                               @   in Loop: Header=BB0_65 Depth=1
	@DEBUG_VALUE: I2C_WriteNAU8822:data <- 447
	@DEBUG_VALUE: I2C_WriteNAU8822:addr <- 2
	ldr	r0, [r5]
	lsls	r0, r0, #28
	bpl	.LBB0_65
.Ltmp109:
.LBB0_68:
	@DEBUG_VALUE: I2C_WriteNAU8822:data <- 447
	@DEBUG_VALUE: I2C_WriteNAU8822:addr <- 2
	.loc	1 0 51                          @ ../VoicePlayer.cpp:0:51
	movs	r0, #5
	movs	r1, #2
	.loc	1 92 5 is_stmt 1                @ ../VoicePlayer.cpp:92:5
	str	r0, [r5, #8]
	.loc	1 93 5                          @ ../VoicePlayer.cpp:93:5
	ldr	r0, [r5]
	bfi	r0, r1, #2, #4
	str	r0, [r5]
.Ltmp110:
.LBB0_69:                               @ =>This Inner Loop Header: Depth=1
	@DEBUG_VALUE: I2C_WriteNAU8822:data <- 447
	@DEBUG_VALUE: I2C_WriteNAU8822:addr <- 2
	.loc	1 93 51 is_stmt 0               @ ../VoicePlayer.cpp:93:51
	ldr	r0, [r5]
	lsls	r0, r0, #28
	bmi	.LBB0_72
.Ltmp111:
@ %bb.70:                               @   in Loop: Header=BB0_69 Depth=1
	@DEBUG_VALUE: I2C_WriteNAU8822:data <- 447
	@DEBUG_VALUE: I2C_WriteNAU8822:addr <- 2
	ldr	r0, [r5]
	lsls	r0, r0, #28
	itt	pl
	ldrpl	r0, [r5]
	lslspl.w	r0, r0, #28
	bmi	.LBB0_72
.Ltmp112:
@ %bb.71:                               @   in Loop: Header=BB0_69 Depth=1
	@DEBUG_VALUE: I2C_WriteNAU8822:data <- 447
	@DEBUG_VALUE: I2C_WriteNAU8822:addr <- 2
	ldr	r0, [r5]
	lsls	r0, r0, #28
	bpl	.LBB0_69
.Ltmp113:
.LBB0_72:
	@DEBUG_VALUE: I2C_WriteNAU8822:data <- 447
	@DEBUG_VALUE: I2C_WriteNAU8822:addr <- 2
	.loc	1 0 51                          @ ../VoicePlayer.cpp:0:51
	movs	r0, #191
	movs	r1, #2
	.loc	1 94 5 is_stmt 1                @ ../VoicePlayer.cpp:94:5
	str	r0, [r5, #8]
	.loc	1 95 5                          @ ../VoicePlayer.cpp:95:5
	ldr	r0, [r5]
	bfi	r0, r1, #2, #4
	str	r0, [r5]
.Ltmp114:
.LBB0_73:                               @ =>This Inner Loop Header: Depth=1
	@DEBUG_VALUE: I2C_WriteNAU8822:data <- 447
	@DEBUG_VALUE: I2C_WriteNAU8822:addr <- 2
	.loc	1 95 51 is_stmt 0               @ ../VoicePlayer.cpp:95:51
	ldr	r0, [r5]
	lsls	r0, r0, #28
	bmi	.LBB0_76
.Ltmp115:
@ %bb.74:                               @   in Loop: Header=BB0_73 Depth=1
	@DEBUG_VALUE: I2C_WriteNAU8822:data <- 447
	@DEBUG_VALUE: I2C_WriteNAU8822:addr <- 2
	ldr	r0, [r5]
	lsls	r0, r0, #28
	itt	pl
	ldrpl	r0, [r5]
	lslspl.w	r0, r0, #28
	bmi	.LBB0_76
.Ltmp116:
@ %bb.75:                               @   in Loop: Header=BB0_73 Depth=1
	@DEBUG_VALUE: I2C_WriteNAU8822:data <- 447
	@DEBUG_VALUE: I2C_WriteNAU8822:addr <- 2
	ldr	r0, [r5]
	lsls	r0, r0, #28
	bpl	.LBB0_73
.Ltmp117:
.LBB0_76:
	@DEBUG_VALUE: I2C_WriteNAU8822:data <- 447
	@DEBUG_VALUE: I2C_WriteNAU8822:addr <- 2
	@DEBUG_VALUE: I2C_STOP:i2c <- 1076400128
	.loc	11 445 32 is_stmt 1             @ ../../../../Library/StdDriver/inc\i2c.h:445:32
	ldr.w	r0, [r10]
.Ltmp118:
	@DEBUG_VALUE: I2C_STOP:u32TimeOutCount <- $r0
	.loc	11 447 17                       @ ../../../../Library/StdDriver/inc\i2c.h:447:17
	ldr	r1, [r5]
	.loc	11 449 5                        @ ../../../../Library/StdDriver/inc\i2c.h:449:5
	rsb.w	r0, r0, #2
.Ltmp119:
	.loc	11 447 17                       @ ../../../../Library/StdDriver/inc\i2c.h:447:17
	orr	r1, r1, #24
	str	r1, [r5]
.Ltmp120:
	.loc	11 0 17 is_stmt 0               @ :0:17
.Ltmp121:
	.p2align	2
.LBB0_77:                               @ =>This Inner Loop Header: Depth=1
	@DEBUG_VALUE: I2C_STOP:i2c <- 1076400128
	@DEBUG_VALUE: I2C_WriteNAU8822:data <- 447
	@DEBUG_VALUE: I2C_WriteNAU8822:addr <- 2
	@DEBUG_VALUE: I2C_STOP:u32TimeOutCount <- [DW_OP_LLVM_arg 0, DW_OP_consts 2, DW_OP_consts 18446744073709551615, DW_OP_LLVM_arg 0, DW_OP_mul, DW_OP_plus, DW_OP_minus, DW_OP_consts 4, DW_OP_div, DW_OP_consts 18446744073709551612, DW_OP_mul, DW_OP_LLVM_arg 0, DW_OP_plus, DW_OP_stack_value] undef
	.loc	11 449 17 is_stmt 1             @ ../../../../Library/StdDriver/inc\i2c.h:449:17
	ldr	r1, [r5]
.Ltmp122:
	@DEBUG_VALUE: I2C_STOP:u32TimeOutCount <- [DW_OP_constu 1, DW_OP_minus, DW_OP_stack_value] $r0
	.loc	11 449 5 is_stmt 0              @ ../../../../Library/StdDriver/inc\i2c.h:449:5
	lsls	r1, r1, #27
	bpl	.LBB0_85
.Ltmp123:
@ %bb.78:                               @   in Loop: Header=BB0_77 Depth=1
	@DEBUG_VALUE: I2C_STOP:u32TimeOutCount <- [DW_OP_constu 1, DW_OP_minus, DW_OP_stack_value] $r0
	@DEBUG_VALUE: I2C_STOP:i2c <- 1076400128
	@DEBUG_VALUE: I2C_WriteNAU8822:data <- 447
	@DEBUG_VALUE: I2C_WriteNAU8822:addr <- 2
	cmp	r0, #1
	beq	.LBB0_85
.Ltmp124:
@ %bb.79:                               @   in Loop: Header=BB0_77 Depth=1
	@DEBUG_VALUE: I2C_STOP:u32TimeOutCount <- [DW_OP_constu 1, DW_OP_minus, DW_OP_stack_value] $r0
	@DEBUG_VALUE: I2C_STOP:i2c <- 1076400128
	@DEBUG_VALUE: I2C_WriteNAU8822:data <- 447
	@DEBUG_VALUE: I2C_WriteNAU8822:addr <- 2
	@DEBUG_VALUE: I2C_STOP:u32TimeOutCount <- [DW_OP_constu 1, DW_OP_minus, DW_OP_stack_value] $r0
	.loc	11 449 17                       @ ../../../../Library/StdDriver/inc\i2c.h:449:17
	ldr	r1, [r5]
.Ltmp125:
	@DEBUG_VALUE: I2C_STOP:u32TimeOutCount <- [DW_OP_constu 2, DW_OP_minus, DW_OP_stack_value] $r0
	.loc	11 449 5                        @ ../../../../Library/StdDriver/inc\i2c.h:449:5
	lsls	r1, r1, #27
	bpl	.LBB0_85
.Ltmp126:
@ %bb.80:                               @   in Loop: Header=BB0_77 Depth=1
	@DEBUG_VALUE: I2C_STOP:u32TimeOutCount <- [DW_OP_constu 2, DW_OP_minus, DW_OP_stack_value] $r0
	@DEBUG_VALUE: I2C_STOP:i2c <- 1076400128
	@DEBUG_VALUE: I2C_WriteNAU8822:data <- 447
	@DEBUG_VALUE: I2C_WriteNAU8822:addr <- 2
	cbz	r0, .LBB0_85
.Ltmp127:
@ %bb.81:                               @   in Loop: Header=BB0_77 Depth=1
	@DEBUG_VALUE: I2C_STOP:u32TimeOutCount <- [DW_OP_constu 2, DW_OP_minus, DW_OP_stack_value] $r0
	@DEBUG_VALUE: I2C_STOP:i2c <- 1076400128
	@DEBUG_VALUE: I2C_WriteNAU8822:data <- 447
	@DEBUG_VALUE: I2C_WriteNAU8822:addr <- 2
	@DEBUG_VALUE: I2C_STOP:u32TimeOutCount <- [DW_OP_constu 2, DW_OP_minus, DW_OP_stack_value] $r0
	.loc	11 449 17                       @ ../../../../Library/StdDriver/inc\i2c.h:449:17
	ldr	r1, [r5]
.Ltmp128:
	@DEBUG_VALUE: I2C_STOP:u32TimeOutCount <- [DW_OP_constu 3, DW_OP_minus, DW_OP_stack_value] $r0
	.loc	11 449 5                        @ ../../../../Library/StdDriver/inc\i2c.h:449:5
	lsls	r1, r1, #27
	bpl	.LBB0_85
.Ltmp129:
@ %bb.82:                               @   in Loop: Header=BB0_77 Depth=1
	@DEBUG_VALUE: I2C_STOP:u32TimeOutCount <- [DW_OP_constu 3, DW_OP_minus, DW_OP_stack_value] $r0
	@DEBUG_VALUE: I2C_STOP:i2c <- 1076400128
	@DEBUG_VALUE: I2C_WriteNAU8822:data <- 447
	@DEBUG_VALUE: I2C_WriteNAU8822:addr <- 2
	adds	r1, r0, #1
	beq	.LBB0_85
.Ltmp130:
@ %bb.83:                               @   in Loop: Header=BB0_77 Depth=1
	@DEBUG_VALUE: I2C_STOP:u32TimeOutCount <- [DW_OP_constu 3, DW_OP_minus, DW_OP_stack_value] $r0
	@DEBUG_VALUE: I2C_STOP:i2c <- 1076400128
	@DEBUG_VALUE: I2C_WriteNAU8822:data <- 447
	@DEBUG_VALUE: I2C_WriteNAU8822:addr <- 2
	@DEBUG_VALUE: I2C_STOP:u32TimeOutCount <- [DW_OP_constu 3, DW_OP_minus, DW_OP_stack_value] $r0
	.loc	11 449 17                       @ ../../../../Library/StdDriver/inc\i2c.h:449:17
	ldr	r1, [r5]
.Ltmp131:
	@DEBUG_VALUE: I2C_STOP:u32TimeOutCount <- [DW_OP_LLVM_arg 0, DW_OP_consts 2, DW_OP_consts 18446744073709551615, DW_OP_LLVM_arg 0, DW_OP_mul, DW_OP_plus, DW_OP_minus, DW_OP_consts 4, DW_OP_div, DW_OP_consts 18446744073709551612, DW_OP_mul, DW_OP_consts 18446744073709551612, DW_OP_LLVM_arg 0, DW_OP_plus, DW_OP_plus, DW_OP_stack_value] undef
	.loc	11 449 5                        @ ../../../../Library/StdDriver/inc\i2c.h:449:5
	lsls	r1, r1, #27
	bpl	.LBB0_85
.Ltmp132:
@ %bb.84:                               @   in Loop: Header=BB0_77 Depth=1
	@DEBUG_VALUE: I2C_STOP:i2c <- 1076400128
	@DEBUG_VALUE: I2C_WriteNAU8822:data <- 447
	@DEBUG_VALUE: I2C_WriteNAU8822:addr <- 2
	adds	r1, r0, #2
	add.w	r0, r0, #4
	bne	.LBB0_77
.Ltmp133:
.LBB0_85:
	@DEBUG_VALUE: I2C_WriteNAU8822:addr <- 3
	@DEBUG_VALUE: I2C_WriteNAU8822:data <- 127
	.loc	1 89 5 is_stmt 1                @ ../VoicePlayer.cpp:89:5
	ldr	r0, [r5]
	orr	r0, r0, #32
	bic	r0, r0, #8
	str	r0, [r5]
.Ltmp134:
.LBB0_86:                               @ =>This Inner Loop Header: Depth=1
	@DEBUG_VALUE: I2C_WriteNAU8822:data <- 127
	@DEBUG_VALUE: I2C_WriteNAU8822:addr <- 3
	.loc	1 89 29 is_stmt 0               @ ../VoicePlayer.cpp:89:29
	ldr	r0, [r5]
	lsls	r0, r0, #28
	bmi	.LBB0_89
.Ltmp135:
@ %bb.87:                               @   in Loop: Header=BB0_86 Depth=1
	@DEBUG_VALUE: I2C_WriteNAU8822:data <- 127
	@DEBUG_VALUE: I2C_WriteNAU8822:addr <- 3
	ldr	r0, [r5]
	lsls	r0, r0, #28
	itt	pl
	ldrpl	r0, [r5]
	lslspl.w	r0, r0, #28
	bmi	.LBB0_89
.Ltmp136:
@ %bb.88:                               @   in Loop: Header=BB0_86 Depth=1
	@DEBUG_VALUE: I2C_WriteNAU8822:data <- 127
	@DEBUG_VALUE: I2C_WriteNAU8822:addr <- 3
	ldr	r0, [r5]
	lsls	r0, r0, #28
	bpl	.LBB0_86
.Ltmp137:
.LBB0_89:
	@DEBUG_VALUE: I2C_WriteNAU8822:data <- 127
	@DEBUG_VALUE: I2C_WriteNAU8822:addr <- 3
	.loc	1 0 29                          @ ../VoicePlayer.cpp:0:29
	movs	r0, #52
	movs	r1, #2
	.loc	1 90 5 is_stmt 1                @ ../VoicePlayer.cpp:90:5
	str	r0, [r5, #8]
	.loc	1 91 5                          @ ../VoicePlayer.cpp:91:5
	ldr	r0, [r5]
	bfi	r0, r1, #2, #4
	str	r0, [r5]
.Ltmp138:
.LBB0_90:                               @ =>This Inner Loop Header: Depth=1
	@DEBUG_VALUE: I2C_WriteNAU8822:data <- 127
	@DEBUG_VALUE: I2C_WriteNAU8822:addr <- 3
	.loc	1 91 51 is_stmt 0               @ ../VoicePlayer.cpp:91:51
	ldr	r0, [r5]
	lsls	r0, r0, #28
	bmi	.LBB0_93
.Ltmp139:
@ %bb.91:                               @   in Loop: Header=BB0_90 Depth=1
	@DEBUG_VALUE: I2C_WriteNAU8822:data <- 127
	@DEBUG_VALUE: I2C_WriteNAU8822:addr <- 3
	ldr	r0, [r5]
	lsls	r0, r0, #28
	itt	pl
	ldrpl	r0, [r5]
	lslspl.w	r0, r0, #28
	bmi	.LBB0_93
.Ltmp140:
@ %bb.92:                               @   in Loop: Header=BB0_90 Depth=1
	@DEBUG_VALUE: I2C_WriteNAU8822:data <- 127
	@DEBUG_VALUE: I2C_WriteNAU8822:addr <- 3
	ldr	r0, [r5]
	lsls	r0, r0, #28
	bpl	.LBB0_90
.Ltmp141:
.LBB0_93:
	@DEBUG_VALUE: I2C_WriteNAU8822:data <- 127
	@DEBUG_VALUE: I2C_WriteNAU8822:addr <- 3
	.loc	1 0 51                          @ ../VoicePlayer.cpp:0:51
	movs	r0, #6
	movs	r1, #2
	.loc	1 92 5 is_stmt 1                @ ../VoicePlayer.cpp:92:5
	str	r0, [r5, #8]
	.loc	1 93 5                          @ ../VoicePlayer.cpp:93:5
	ldr	r0, [r5]
	bfi	r0, r1, #2, #4
	str	r0, [r5]
.Ltmp142:
.LBB0_94:                               @ =>This Inner Loop Header: Depth=1
	@DEBUG_VALUE: I2C_WriteNAU8822:data <- 127
	@DEBUG_VALUE: I2C_WriteNAU8822:addr <- 3
	.loc	1 93 51 is_stmt 0               @ ../VoicePlayer.cpp:93:51
	ldr	r0, [r5]
	lsls	r0, r0, #28
	bmi	.LBB0_97
.Ltmp143:
@ %bb.95:                               @   in Loop: Header=BB0_94 Depth=1
	@DEBUG_VALUE: I2C_WriteNAU8822:data <- 127
	@DEBUG_VALUE: I2C_WriteNAU8822:addr <- 3
	ldr	r0, [r5]
	lsls	r0, r0, #28
	itt	pl
	ldrpl	r0, [r5]
	lslspl.w	r0, r0, #28
	bmi	.LBB0_97
.Ltmp144:
@ %bb.96:                               @   in Loop: Header=BB0_94 Depth=1
	@DEBUG_VALUE: I2C_WriteNAU8822:data <- 127
	@DEBUG_VALUE: I2C_WriteNAU8822:addr <- 3
	ldr	r0, [r5]
	lsls	r0, r0, #28
	bpl	.LBB0_94
.Ltmp145:
.LBB0_97:
	@DEBUG_VALUE: I2C_WriteNAU8822:data <- 127
	@DEBUG_VALUE: I2C_WriteNAU8822:addr <- 3
	.loc	1 0 51                          @ ../VoicePlayer.cpp:0:51
	movs	r0, #127
	movs	r1, #2
	.loc	1 94 5 is_stmt 1                @ ../VoicePlayer.cpp:94:5
	str	r0, [r5, #8]
	.loc	1 95 5                          @ ../VoicePlayer.cpp:95:5
	ldr	r0, [r5]
	bfi	r0, r1, #2, #4
	str	r0, [r5]
.Ltmp146:
.LBB0_98:                               @ =>This Inner Loop Header: Depth=1
	@DEBUG_VALUE: I2C_WriteNAU8822:data <- 127
	@DEBUG_VALUE: I2C_WriteNAU8822:addr <- 3
	.loc	1 95 51 is_stmt 0               @ ../VoicePlayer.cpp:95:51
	ldr	r0, [r5]
	lsls	r0, r0, #28
	bmi	.LBB0_101
.Ltmp147:
@ %bb.99:                               @   in Loop: Header=BB0_98 Depth=1
	@DEBUG_VALUE: I2C_WriteNAU8822:data <- 127
	@DEBUG_VALUE: I2C_WriteNAU8822:addr <- 3
	ldr	r0, [r5]
	lsls	r0, r0, #28
	itt	pl
	ldrpl	r0, [r5]
	lslspl.w	r0, r0, #28
	bmi	.LBB0_101
.Ltmp148:
@ %bb.100:                              @   in Loop: Header=BB0_98 Depth=1
	@DEBUG_VALUE: I2C_WriteNAU8822:data <- 127
	@DEBUG_VALUE: I2C_WriteNAU8822:addr <- 3
	ldr	r0, [r5]
	lsls	r0, r0, #28
	bpl	.LBB0_98
.Ltmp149:
.LBB0_101:
	@DEBUG_VALUE: I2C_WriteNAU8822:data <- 127
	@DEBUG_VALUE: I2C_WriteNAU8822:addr <- 3
	@DEBUG_VALUE: I2C_STOP:i2c <- 1076400128
	.loc	11 445 32 is_stmt 1             @ ../../../../Library/StdDriver/inc\i2c.h:445:32
	ldr.w	r0, [r10]
.Ltmp150:
	@DEBUG_VALUE: I2C_STOP:u32TimeOutCount <- $r0
	.loc	11 447 17                       @ ../../../../Library/StdDriver/inc\i2c.h:447:17
	ldr	r1, [r5]
	.loc	11 449 5                        @ ../../../../Library/StdDriver/inc\i2c.h:449:5
	rsb.w	r0, r0, #2
.Ltmp151:
	.loc	11 447 17                       @ ../../../../Library/StdDriver/inc\i2c.h:447:17
	orr	r1, r1, #24
	str	r1, [r5]
.Ltmp152:
	.loc	11 0 17 is_stmt 0               @ :0:17
.Ltmp153:
	.p2align	2
.LBB0_102:                              @ =>This Inner Loop Header: Depth=1
	@DEBUG_VALUE: I2C_STOP:i2c <- 1076400128
	@DEBUG_VALUE: I2C_WriteNAU8822:data <- 127
	@DEBUG_VALUE: I2C_WriteNAU8822:addr <- 3
	@DEBUG_VALUE: I2C_STOP:u32TimeOutCount <- [DW_OP_LLVM_arg 0, DW_OP_consts 2, DW_OP_consts 18446744073709551615, DW_OP_LLVM_arg 0, DW_OP_mul, DW_OP_plus, DW_OP_minus, DW_OP_consts 4, DW_OP_div, DW_OP_consts 18446744073709551612, DW_OP_mul, DW_OP_LLVM_arg 0, DW_OP_plus, DW_OP_stack_value] undef
	.loc	11 449 17 is_stmt 1             @ ../../../../Library/StdDriver/inc\i2c.h:449:17
	ldr	r1, [r5]
.Ltmp154:
	@DEBUG_VALUE: I2C_STOP:u32TimeOutCount <- [DW_OP_constu 1, DW_OP_minus, DW_OP_stack_value] $r0
	.loc	11 449 5 is_stmt 0              @ ../../../../Library/StdDriver/inc\i2c.h:449:5
	lsls	r1, r1, #27
	bpl	.LBB0_110
.Ltmp155:
@ %bb.103:                              @   in Loop: Header=BB0_102 Depth=1
	@DEBUG_VALUE: I2C_STOP:u32TimeOutCount <- [DW_OP_constu 1, DW_OP_minus, DW_OP_stack_value] $r0
	@DEBUG_VALUE: I2C_STOP:i2c <- 1076400128
	@DEBUG_VALUE: I2C_WriteNAU8822:data <- 127
	@DEBUG_VALUE: I2C_WriteNAU8822:addr <- 3
	cmp	r0, #1
	beq	.LBB0_110
.Ltmp156:
@ %bb.104:                              @   in Loop: Header=BB0_102 Depth=1
	@DEBUG_VALUE: I2C_STOP:u32TimeOutCount <- [DW_OP_constu 1, DW_OP_minus, DW_OP_stack_value] $r0
	@DEBUG_VALUE: I2C_STOP:i2c <- 1076400128
	@DEBUG_VALUE: I2C_WriteNAU8822:data <- 127
	@DEBUG_VALUE: I2C_WriteNAU8822:addr <- 3
	@DEBUG_VALUE: I2C_STOP:u32TimeOutCount <- [DW_OP_constu 1, DW_OP_minus, DW_OP_stack_value] $r0
	.loc	11 449 17                       @ ../../../../Library/StdDriver/inc\i2c.h:449:17
	ldr	r1, [r5]
.Ltmp157:
	@DEBUG_VALUE: I2C_STOP:u32TimeOutCount <- [DW_OP_constu 2, DW_OP_minus, DW_OP_stack_value] $r0
	.loc	11 449 5                        @ ../../../../Library/StdDriver/inc\i2c.h:449:5
	lsls	r1, r1, #27
	bpl	.LBB0_110
.Ltmp158:
@ %bb.105:                              @   in Loop: Header=BB0_102 Depth=1
	@DEBUG_VALUE: I2C_STOP:u32TimeOutCount <- [DW_OP_constu 2, DW_OP_minus, DW_OP_stack_value] $r0
	@DEBUG_VALUE: I2C_STOP:i2c <- 1076400128
	@DEBUG_VALUE: I2C_WriteNAU8822:data <- 127
	@DEBUG_VALUE: I2C_WriteNAU8822:addr <- 3
	cbz	r0, .LBB0_110
.Ltmp159:
@ %bb.106:                              @   in Loop: Header=BB0_102 Depth=1
	@DEBUG_VALUE: I2C_STOP:u32TimeOutCount <- [DW_OP_constu 2, DW_OP_minus, DW_OP_stack_value] $r0
	@DEBUG_VALUE: I2C_STOP:i2c <- 1076400128
	@DEBUG_VALUE: I2C_WriteNAU8822:data <- 127
	@DEBUG_VALUE: I2C_WriteNAU8822:addr <- 3
	@DEBUG_VALUE: I2C_STOP:u32TimeOutCount <- [DW_OP_constu 2, DW_OP_minus, DW_OP_stack_value] $r0
	.loc	11 449 17                       @ ../../../../Library/StdDriver/inc\i2c.h:449:17
	ldr	r1, [r5]
.Ltmp160:
	@DEBUG_VALUE: I2C_STOP:u32TimeOutCount <- [DW_OP_constu 3, DW_OP_minus, DW_OP_stack_value] $r0
	.loc	11 449 5                        @ ../../../../Library/StdDriver/inc\i2c.h:449:5
	lsls	r1, r1, #27
	bpl	.LBB0_110
.Ltmp161:
@ %bb.107:                              @   in Loop: Header=BB0_102 Depth=1
	@DEBUG_VALUE: I2C_STOP:u32TimeOutCount <- [DW_OP_constu 3, DW_OP_minus, DW_OP_stack_value] $r0
	@DEBUG_VALUE: I2C_STOP:i2c <- 1076400128
	@DEBUG_VALUE: I2C_WriteNAU8822:data <- 127
	@DEBUG_VALUE: I2C_WriteNAU8822:addr <- 3
	adds	r1, r0, #1
	beq	.LBB0_110
.Ltmp162:
@ %bb.108:                              @   in Loop: Header=BB0_102 Depth=1
	@DEBUG_VALUE: I2C_STOP:u32TimeOutCount <- [DW_OP_constu 3, DW_OP_minus, DW_OP_stack_value] $r0
	@DEBUG_VALUE: I2C_STOP:i2c <- 1076400128
	@DEBUG_VALUE: I2C_WriteNAU8822:data <- 127
	@DEBUG_VALUE: I2C_WriteNAU8822:addr <- 3
	@DEBUG_VALUE: I2C_STOP:u32TimeOutCount <- [DW_OP_constu 3, DW_OP_minus, DW_OP_stack_value] $r0
	.loc	11 449 17                       @ ../../../../Library/StdDriver/inc\i2c.h:449:17
	ldr	r1, [r5]
.Ltmp163:
	@DEBUG_VALUE: I2C_STOP:u32TimeOutCount <- [DW_OP_LLVM_arg 0, DW_OP_consts 2, DW_OP_consts 18446744073709551615, DW_OP_LLVM_arg 0, DW_OP_mul, DW_OP_plus, DW_OP_minus, DW_OP_consts 4, DW_OP_div, DW_OP_consts 18446744073709551612, DW_OP_mul, DW_OP_consts 18446744073709551612, DW_OP_LLVM_arg 0, DW_OP_plus, DW_OP_plus, DW_OP_stack_value] undef
	.loc	11 449 5                        @ ../../../../Library/StdDriver/inc\i2c.h:449:5
	lsls	r1, r1, #27
	bpl	.LBB0_110
.Ltmp164:
@ %bb.109:                              @   in Loop: Header=BB0_102 Depth=1
	@DEBUG_VALUE: I2C_STOP:i2c <- 1076400128
	@DEBUG_VALUE: I2C_WriteNAU8822:data <- 127
	@DEBUG_VALUE: I2C_WriteNAU8822:addr <- 3
	adds	r1, r0, #2
	add.w	r0, r0, #4
	bne	.LBB0_102
.Ltmp165:
.LBB0_110:
	@DEBUG_VALUE: I2C_WriteNAU8822:addr <- 4
	@DEBUG_VALUE: I2C_WriteNAU8822:data <- 16
	.loc	1 89 5 is_stmt 1                @ ../VoicePlayer.cpp:89:5
	ldr	r0, [r5]
	orr	r0, r0, #32
	bic	r0, r0, #8
	str	r0, [r5]
.Ltmp166:
.LBB0_111:                              @ =>This Inner Loop Header: Depth=1
	@DEBUG_VALUE: I2C_WriteNAU8822:data <- 16
	@DEBUG_VALUE: I2C_WriteNAU8822:addr <- 4
	.loc	1 89 29 is_stmt 0               @ ../VoicePlayer.cpp:89:29
	ldr	r0, [r5]
	lsls	r0, r0, #28
	bmi	.LBB0_114
.Ltmp167:
@ %bb.112:                              @   in Loop: Header=BB0_111 Depth=1
	@DEBUG_VALUE: I2C_WriteNAU8822:data <- 16
	@DEBUG_VALUE: I2C_WriteNAU8822:addr <- 4
	ldr	r0, [r5]
	lsls	r0, r0, #28
	itt	pl
	ldrpl	r0, [r5]
	lslspl.w	r0, r0, #28
	bmi	.LBB0_114
.Ltmp168:
@ %bb.113:                              @   in Loop: Header=BB0_111 Depth=1
	@DEBUG_VALUE: I2C_WriteNAU8822:data <- 16
	@DEBUG_VALUE: I2C_WriteNAU8822:addr <- 4
	ldr	r0, [r5]
	lsls	r0, r0, #28
	bpl	.LBB0_111
.Ltmp169:
.LBB0_114:
	@DEBUG_VALUE: I2C_WriteNAU8822:data <- 16
	@DEBUG_VALUE: I2C_WriteNAU8822:addr <- 4
	.loc	1 0 29                          @ ../VoicePlayer.cpp:0:29
	movs	r0, #52
	movs	r1, #2
	.loc	1 90 5 is_stmt 1                @ ../VoicePlayer.cpp:90:5
	str	r0, [r5, #8]
	.loc	1 91 5                          @ ../VoicePlayer.cpp:91:5
	ldr	r0, [r5]
	bfi	r0, r1, #2, #4
	str	r0, [r5]
.Ltmp170:
.LBB0_115:                              @ =>This Inner Loop Header: Depth=1
	@DEBUG_VALUE: I2C_WriteNAU8822:data <- 16
	@DEBUG_VALUE: I2C_WriteNAU8822:addr <- 4
	.loc	1 91 51 is_stmt 0               @ ../VoicePlayer.cpp:91:51
	ldr	r0, [r5]
	lsls	r0, r0, #28
	bmi	.LBB0_118
.Ltmp171:
@ %bb.116:                              @   in Loop: Header=BB0_115 Depth=1
	@DEBUG_VALUE: I2C_WriteNAU8822:data <- 16
	@DEBUG_VALUE: I2C_WriteNAU8822:addr <- 4
	ldr	r0, [r5]
	lsls	r0, r0, #28
	itt	pl
	ldrpl	r0, [r5]
	lslspl.w	r0, r0, #28
	bmi	.LBB0_118
.Ltmp172:
@ %bb.117:                              @   in Loop: Header=BB0_115 Depth=1
	@DEBUG_VALUE: I2C_WriteNAU8822:data <- 16
	@DEBUG_VALUE: I2C_WriteNAU8822:addr <- 4
	ldr	r0, [r5]
	lsls	r0, r0, #28
	bpl	.LBB0_115
.Ltmp173:
.LBB0_118:
	@DEBUG_VALUE: I2C_WriteNAU8822:data <- 16
	@DEBUG_VALUE: I2C_WriteNAU8822:addr <- 4
	.loc	1 0 51                          @ ../VoicePlayer.cpp:0:51
	movs	r0, #8
	movs	r1, #2
	.loc	1 92 5 is_stmt 1                @ ../VoicePlayer.cpp:92:5
	str	r0, [r5, #8]
	.loc	1 93 5                          @ ../VoicePlayer.cpp:93:5
	ldr	r0, [r5]
	bfi	r0, r1, #2, #4
	str	r0, [r5]
.Ltmp174:
.LBB0_119:                              @ =>This Inner Loop Header: Depth=1
	@DEBUG_VALUE: I2C_WriteNAU8822:data <- 16
	@DEBUG_VALUE: I2C_WriteNAU8822:addr <- 4
	.loc	1 93 51 is_stmt 0               @ ../VoicePlayer.cpp:93:51
	ldr	r0, [r5]
	lsls	r0, r0, #28
	bmi	.LBB0_122
.Ltmp175:
@ %bb.120:                              @   in Loop: Header=BB0_119 Depth=1
	@DEBUG_VALUE: I2C_WriteNAU8822:data <- 16
	@DEBUG_VALUE: I2C_WriteNAU8822:addr <- 4
	ldr	r0, [r5]
	lsls	r0, r0, #28
	itt	pl
	ldrpl	r0, [r5]
	lslspl.w	r0, r0, #28
	bmi	.LBB0_122
.Ltmp176:
@ %bb.121:                              @   in Loop: Header=BB0_119 Depth=1
	@DEBUG_VALUE: I2C_WriteNAU8822:data <- 16
	@DEBUG_VALUE: I2C_WriteNAU8822:addr <- 4
	ldr	r0, [r5]
	lsls	r0, r0, #28
	bpl	.LBB0_119
.Ltmp177:
.LBB0_122:
	@DEBUG_VALUE: I2C_WriteNAU8822:data <- 16
	@DEBUG_VALUE: I2C_WriteNAU8822:addr <- 4
	.loc	1 0 51                          @ ../VoicePlayer.cpp:0:51
	movs	r0, #16
	movs	r1, #2
	.loc	1 94 5 is_stmt 1                @ ../VoicePlayer.cpp:94:5
	str	r0, [r5, #8]
	.loc	1 95 5                          @ ../VoicePlayer.cpp:95:5
	ldr	r0, [r5]
	bfi	r0, r1, #2, #4
	str	r0, [r5]
.Ltmp178:
.LBB0_123:                              @ =>This Inner Loop Header: Depth=1
	@DEBUG_VALUE: I2C_WriteNAU8822:data <- 16
	@DEBUG_VALUE: I2C_WriteNAU8822:addr <- 4
	.loc	1 95 51 is_stmt 0               @ ../VoicePlayer.cpp:95:51
	ldr	r0, [r5]
	lsls	r0, r0, #28
	bmi	.LBB0_126
.Ltmp179:
@ %bb.124:                              @   in Loop: Header=BB0_123 Depth=1
	@DEBUG_VALUE: I2C_WriteNAU8822:data <- 16
	@DEBUG_VALUE: I2C_WriteNAU8822:addr <- 4
	ldr	r0, [r5]
	lsls	r0, r0, #28
	itt	pl
	ldrpl	r0, [r5]
	lslspl.w	r0, r0, #28
	bmi	.LBB0_126
.Ltmp180:
@ %bb.125:                              @   in Loop: Header=BB0_123 Depth=1
	@DEBUG_VALUE: I2C_WriteNAU8822:data <- 16
	@DEBUG_VALUE: I2C_WriteNAU8822:addr <- 4
	ldr	r0, [r5]
	lsls	r0, r0, #28
	bpl	.LBB0_123
.Ltmp181:
.LBB0_126:
	@DEBUG_VALUE: I2C_WriteNAU8822:data <- 16
	@DEBUG_VALUE: I2C_WriteNAU8822:addr <- 4
	@DEBUG_VALUE: I2C_STOP:i2c <- 1076400128
	.loc	11 445 32 is_stmt 1             @ ../../../../Library/StdDriver/inc\i2c.h:445:32
	ldr.w	r0, [r10]
.Ltmp182:
	@DEBUG_VALUE: I2C_STOP:u32TimeOutCount <- $r0
	.loc	11 447 17                       @ ../../../../Library/StdDriver/inc\i2c.h:447:17
	ldr	r1, [r5]
	.loc	11 449 5                        @ ../../../../Library/StdDriver/inc\i2c.h:449:5
	rsb.w	r0, r0, #2
.Ltmp183:
	.loc	11 447 17                       @ ../../../../Library/StdDriver/inc\i2c.h:447:17
	orr	r1, r1, #24
	str	r1, [r5]
.Ltmp184:
	.loc	11 0 17 is_stmt 0               @ :0:17
.Ltmp185:
	.p2align	2
.LBB0_127:                              @ =>This Inner Loop Header: Depth=1
	@DEBUG_VALUE: I2C_STOP:i2c <- 1076400128
	@DEBUG_VALUE: I2C_WriteNAU8822:data <- 16
	@DEBUG_VALUE: I2C_WriteNAU8822:addr <- 4
	@DEBUG_VALUE: I2C_STOP:u32TimeOutCount <- [DW_OP_LLVM_arg 0, DW_OP_consts 2, DW_OP_consts 18446744073709551615, DW_OP_LLVM_arg 0, DW_OP_mul, DW_OP_plus, DW_OP_minus, DW_OP_consts 4, DW_OP_div, DW_OP_consts 18446744073709551612, DW_OP_mul, DW_OP_LLVM_arg 0, DW_OP_plus, DW_OP_stack_value] undef
	.loc	11 449 17 is_stmt 1             @ ../../../../Library/StdDriver/inc\i2c.h:449:17
	ldr	r1, [r5]
.Ltmp186:
	@DEBUG_VALUE: I2C_STOP:u32TimeOutCount <- [DW_OP_constu 1, DW_OP_minus, DW_OP_stack_value] $r0
	.loc	11 449 5 is_stmt 0              @ ../../../../Library/StdDriver/inc\i2c.h:449:5
	lsls	r1, r1, #27
	bpl	.LBB0_135
.Ltmp187:
@ %bb.128:                              @   in Loop: Header=BB0_127 Depth=1
	@DEBUG_VALUE: I2C_STOP:u32TimeOutCount <- [DW_OP_constu 1, DW_OP_minus, DW_OP_stack_value] $r0
	@DEBUG_VALUE: I2C_STOP:i2c <- 1076400128
	@DEBUG_VALUE: I2C_WriteNAU8822:data <- 16
	@DEBUG_VALUE: I2C_WriteNAU8822:addr <- 4
	cmp	r0, #1
	beq	.LBB0_135
.Ltmp188:
@ %bb.129:                              @   in Loop: Header=BB0_127 Depth=1
	@DEBUG_VALUE: I2C_STOP:u32TimeOutCount <- [DW_OP_constu 1, DW_OP_minus, DW_OP_stack_value] $r0
	@DEBUG_VALUE: I2C_STOP:i2c <- 1076400128
	@DEBUG_VALUE: I2C_WriteNAU8822:data <- 16
	@DEBUG_VALUE: I2C_WriteNAU8822:addr <- 4
	@DEBUG_VALUE: I2C_STOP:u32TimeOutCount <- [DW_OP_constu 1, DW_OP_minus, DW_OP_stack_value] $r0
	.loc	11 449 17                       @ ../../../../Library/StdDriver/inc\i2c.h:449:17
	ldr	r1, [r5]
.Ltmp189:
	@DEBUG_VALUE: I2C_STOP:u32TimeOutCount <- [DW_OP_constu 2, DW_OP_minus, DW_OP_stack_value] $r0
	.loc	11 449 5                        @ ../../../../Library/StdDriver/inc\i2c.h:449:5
	lsls	r1, r1, #27
	bpl	.LBB0_135
.Ltmp190:
@ %bb.130:                              @   in Loop: Header=BB0_127 Depth=1
	@DEBUG_VALUE: I2C_STOP:u32TimeOutCount <- [DW_OP_constu 2, DW_OP_minus, DW_OP_stack_value] $r0
	@DEBUG_VALUE: I2C_STOP:i2c <- 1076400128
	@DEBUG_VALUE: I2C_WriteNAU8822:data <- 16
	@DEBUG_VALUE: I2C_WriteNAU8822:addr <- 4
	cbz	r0, .LBB0_135
.Ltmp191:
@ %bb.131:                              @   in Loop: Header=BB0_127 Depth=1
	@DEBUG_VALUE: I2C_STOP:u32TimeOutCount <- [DW_OP_constu 2, DW_OP_minus, DW_OP_stack_value] $r0
	@DEBUG_VALUE: I2C_STOP:i2c <- 1076400128
	@DEBUG_VALUE: I2C_WriteNAU8822:data <- 16
	@DEBUG_VALUE: I2C_WriteNAU8822:addr <- 4
	@DEBUG_VALUE: I2C_STOP:u32TimeOutCount <- [DW_OP_constu 2, DW_OP_minus, DW_OP_stack_value] $r0
	.loc	11 449 17                       @ ../../../../Library/StdDriver/inc\i2c.h:449:17
	ldr	r1, [r5]
.Ltmp192:
	@DEBUG_VALUE: I2C_STOP:u32TimeOutCount <- [DW_OP_constu 3, DW_OP_minus, DW_OP_stack_value] $r0
	.loc	11 449 5                        @ ../../../../Library/StdDriver/inc\i2c.h:449:5
	lsls	r1, r1, #27
	bpl	.LBB0_135
.Ltmp193:
@ %bb.132:                              @   in Loop: Header=BB0_127 Depth=1
	@DEBUG_VALUE: I2C_STOP:u32TimeOutCount <- [DW_OP_constu 3, DW_OP_minus, DW_OP_stack_value] $r0
	@DEBUG_VALUE: I2C_STOP:i2c <- 1076400128
	@DEBUG_VALUE: I2C_WriteNAU8822:data <- 16
	@DEBUG_VALUE: I2C_WriteNAU8822:addr <- 4
	adds	r1, r0, #1
	beq	.LBB0_135
.Ltmp194:
@ %bb.133:                              @   in Loop: Header=BB0_127 Depth=1
	@DEBUG_VALUE: I2C_STOP:u32TimeOutCount <- [DW_OP_constu 3, DW_OP_minus, DW_OP_stack_value] $r0
	@DEBUG_VALUE: I2C_STOP:i2c <- 1076400128
	@DEBUG_VALUE: I2C_WriteNAU8822:data <- 16
	@DEBUG_VALUE: I2C_WriteNAU8822:addr <- 4
	@DEBUG_VALUE: I2C_STOP:u32TimeOutCount <- [DW_OP_constu 3, DW_OP_minus, DW_OP_stack_value] $r0
	.loc	11 449 17                       @ ../../../../Library/StdDriver/inc\i2c.h:449:17
	ldr	r1, [r5]
.Ltmp195:
	@DEBUG_VALUE: I2C_STOP:u32TimeOutCount <- [DW_OP_LLVM_arg 0, DW_OP_consts 2, DW_OP_consts 18446744073709551615, DW_OP_LLVM_arg 0, DW_OP_mul, DW_OP_plus, DW_OP_minus, DW_OP_consts 4, DW_OP_div, DW_OP_consts 18446744073709551612, DW_OP_mul, DW_OP_consts 18446744073709551612, DW_OP_LLVM_arg 0, DW_OP_plus, DW_OP_plus, DW_OP_stack_value] undef
	.loc	11 449 5                        @ ../../../../Library/StdDriver/inc\i2c.h:449:5
	lsls	r1, r1, #27
	bpl	.LBB0_135
.Ltmp196:
@ %bb.134:                              @   in Loop: Header=BB0_127 Depth=1
	@DEBUG_VALUE: I2C_STOP:i2c <- 1076400128
	@DEBUG_VALUE: I2C_WriteNAU8822:data <- 16
	@DEBUG_VALUE: I2C_WriteNAU8822:addr <- 4
	adds	r1, r0, #2
	add.w	r0, r0, #4
	bne	.LBB0_127
.Ltmp197:
.LBB0_135:
	@DEBUG_VALUE: I2C_WriteNAU8822:addr <- 5
	@DEBUG_VALUE: I2C_WriteNAU8822:data <- 0
	.loc	1 89 5 is_stmt 1                @ ../VoicePlayer.cpp:89:5
	ldr	r0, [r5]
	orr	r0, r0, #32
	bic	r0, r0, #8
	str	r0, [r5]
.Ltmp198:
.LBB0_136:                              @ =>This Inner Loop Header: Depth=1
	@DEBUG_VALUE: I2C_WriteNAU8822:data <- 0
	@DEBUG_VALUE: I2C_WriteNAU8822:addr <- 5
	.loc	1 89 29 is_stmt 0               @ ../VoicePlayer.cpp:89:29
	ldr	r0, [r5]
	lsls	r0, r0, #28
	bmi	.LBB0_139
.Ltmp199:
@ %bb.137:                              @   in Loop: Header=BB0_136 Depth=1
	@DEBUG_VALUE: I2C_WriteNAU8822:data <- 0
	@DEBUG_VALUE: I2C_WriteNAU8822:addr <- 5
	ldr	r0, [r5]
	lsls	r0, r0, #28
	itt	pl
	ldrpl	r0, [r5]
	lslspl.w	r0, r0, #28
	bmi	.LBB0_139
.Ltmp200:
@ %bb.138:                              @   in Loop: Header=BB0_136 Depth=1
	@DEBUG_VALUE: I2C_WriteNAU8822:data <- 0
	@DEBUG_VALUE: I2C_WriteNAU8822:addr <- 5
	ldr	r0, [r5]
	lsls	r0, r0, #28
	bpl	.LBB0_136
.Ltmp201:
.LBB0_139:
	@DEBUG_VALUE: I2C_WriteNAU8822:data <- 0
	@DEBUG_VALUE: I2C_WriteNAU8822:addr <- 5
	.loc	1 0 29                          @ ../VoicePlayer.cpp:0:29
	movs	r0, #52
	movs	r1, #2
	.loc	1 90 5 is_stmt 1                @ ../VoicePlayer.cpp:90:5
	str	r0, [r5, #8]
	.loc	1 91 5                          @ ../VoicePlayer.cpp:91:5
	ldr	r0, [r5]
	bfi	r0, r1, #2, #4
	str	r0, [r5]
.Ltmp202:
.LBB0_140:                              @ =>This Inner Loop Header: Depth=1
	@DEBUG_VALUE: I2C_WriteNAU8822:data <- 0
	@DEBUG_VALUE: I2C_WriteNAU8822:addr <- 5
	.loc	1 91 51 is_stmt 0               @ ../VoicePlayer.cpp:91:51
	ldr	r0, [r5]
	lsls	r0, r0, #28
	bmi	.LBB0_143
.Ltmp203:
@ %bb.141:                              @   in Loop: Header=BB0_140 Depth=1
	@DEBUG_VALUE: I2C_WriteNAU8822:data <- 0
	@DEBUG_VALUE: I2C_WriteNAU8822:addr <- 5
	ldr	r0, [r5]
	lsls	r0, r0, #28
	itt	pl
	ldrpl	r0, [r5]
	lslspl.w	r0, r0, #28
	bmi	.LBB0_143
.Ltmp204:
@ %bb.142:                              @   in Loop: Header=BB0_140 Depth=1
	@DEBUG_VALUE: I2C_WriteNAU8822:data <- 0
	@DEBUG_VALUE: I2C_WriteNAU8822:addr <- 5
	ldr	r0, [r5]
	lsls	r0, r0, #28
	bpl	.LBB0_140
.Ltmp205:
.LBB0_143:
	@DEBUG_VALUE: I2C_WriteNAU8822:data <- 0
	@DEBUG_VALUE: I2C_WriteNAU8822:addr <- 5
	.loc	1 0 51                          @ ../VoicePlayer.cpp:0:51
	movs	r0, #10
	movs	r1, #2
	.loc	1 92 5 is_stmt 1                @ ../VoicePlayer.cpp:92:5
	str	r0, [r5, #8]
	.loc	1 93 5                          @ ../VoicePlayer.cpp:93:5
	ldr	r0, [r5]
	bfi	r0, r1, #2, #4
	str	r0, [r5]
.Ltmp206:
.LBB0_144:                              @ =>This Inner Loop Header: Depth=1
	@DEBUG_VALUE: I2C_WriteNAU8822:data <- 0
	@DEBUG_VALUE: I2C_WriteNAU8822:addr <- 5
	.loc	1 93 51 is_stmt 0               @ ../VoicePlayer.cpp:93:51
	ldr	r0, [r5]
	lsls	r0, r0, #28
	bmi	.LBB0_147
.Ltmp207:
@ %bb.145:                              @   in Loop: Header=BB0_144 Depth=1
	@DEBUG_VALUE: I2C_WriteNAU8822:data <- 0
	@DEBUG_VALUE: I2C_WriteNAU8822:addr <- 5
	ldr	r0, [r5]
	lsls	r0, r0, #28
	itt	pl
	ldrpl	r0, [r5]
	lslspl.w	r0, r0, #28
	bmi	.LBB0_147
.Ltmp208:
@ %bb.146:                              @   in Loop: Header=BB0_144 Depth=1
	@DEBUG_VALUE: I2C_WriteNAU8822:data <- 0
	@DEBUG_VALUE: I2C_WriteNAU8822:addr <- 5
	ldr	r0, [r5]
	lsls	r0, r0, #28
	bpl	.LBB0_144
.Ltmp209:
.LBB0_147:
	@DEBUG_VALUE: I2C_WriteNAU8822:data <- 0
	@DEBUG_VALUE: I2C_WriteNAU8822:addr <- 5
	.loc	1 0 51                          @ ../VoicePlayer.cpp:0:51
	movs	r0, #0
	movs	r1, #2
	.loc	1 94 5 is_stmt 1                @ ../VoicePlayer.cpp:94:5
	str	r0, [r5, #8]
	.loc	1 95 5                          @ ../VoicePlayer.cpp:95:5
	ldr	r0, [r5]
	bfi	r0, r1, #2, #4
	str	r0, [r5]
.Ltmp210:
.LBB0_148:                              @ =>This Inner Loop Header: Depth=1
	@DEBUG_VALUE: I2C_WriteNAU8822:data <- 0
	@DEBUG_VALUE: I2C_WriteNAU8822:addr <- 5
	.loc	1 95 51 is_stmt 0               @ ../VoicePlayer.cpp:95:51
	ldr	r0, [r5]
	lsls	r0, r0, #28
	bmi	.LBB0_151
.Ltmp211:
@ %bb.149:                              @   in Loop: Header=BB0_148 Depth=1
	@DEBUG_VALUE: I2C_WriteNAU8822:data <- 0
	@DEBUG_VALUE: I2C_WriteNAU8822:addr <- 5
	ldr	r0, [r5]
	lsls	r0, r0, #28
	itt	pl
	ldrpl	r0, [r5]
	lslspl.w	r0, r0, #28
	bmi	.LBB0_151
.Ltmp212:
@ %bb.150:                              @   in Loop: Header=BB0_148 Depth=1
	@DEBUG_VALUE: I2C_WriteNAU8822:data <- 0
	@DEBUG_VALUE: I2C_WriteNAU8822:addr <- 5
	ldr	r0, [r5]
	lsls	r0, r0, #28
	bpl	.LBB0_148
.Ltmp213:
.LBB0_151:
	@DEBUG_VALUE: I2C_WriteNAU8822:data <- 0
	@DEBUG_VALUE: I2C_WriteNAU8822:addr <- 5
	@DEBUG_VALUE: I2C_STOP:i2c <- 1076400128
	.loc	11 445 32 is_stmt 1             @ ../../../../Library/StdDriver/inc\i2c.h:445:32
	ldr.w	r0, [r10]
.Ltmp214:
	@DEBUG_VALUE: I2C_STOP:u32TimeOutCount <- $r0
	.loc	11 447 17                       @ ../../../../Library/StdDriver/inc\i2c.h:447:17
	ldr	r1, [r5]
	.loc	11 449 5                        @ ../../../../Library/StdDriver/inc\i2c.h:449:5
	rsb.w	r0, r0, #2
.Ltmp215:
	.loc	11 447 17                       @ ../../../../Library/StdDriver/inc\i2c.h:447:17
	orr	r1, r1, #24
	str	r1, [r5]
.Ltmp216:
	.loc	11 0 17 is_stmt 0               @ :0:17
.Ltmp217:
	.p2align	2
.LBB0_152:                              @ =>This Inner Loop Header: Depth=1
	@DEBUG_VALUE: I2C_STOP:i2c <- 1076400128
	@DEBUG_VALUE: I2C_WriteNAU8822:data <- 0
	@DEBUG_VALUE: I2C_WriteNAU8822:addr <- 5
	@DEBUG_VALUE: I2C_STOP:u32TimeOutCount <- [DW_OP_LLVM_arg 0, DW_OP_consts 2, DW_OP_consts 18446744073709551615, DW_OP_LLVM_arg 0, DW_OP_mul, DW_OP_plus, DW_OP_minus, DW_OP_consts 4, DW_OP_div, DW_OP_consts 18446744073709551612, DW_OP_mul, DW_OP_LLVM_arg 0, DW_OP_plus, DW_OP_stack_value] undef
	.loc	11 449 17 is_stmt 1             @ ../../../../Library/StdDriver/inc\i2c.h:449:17
	ldr	r1, [r5]
.Ltmp218:
	@DEBUG_VALUE: I2C_STOP:u32TimeOutCount <- [DW_OP_constu 1, DW_OP_minus, DW_OP_stack_value] $r0
	.loc	11 449 5 is_stmt 0              @ ../../../../Library/StdDriver/inc\i2c.h:449:5
	lsls	r1, r1, #27
	bpl	.LBB0_160
.Ltmp219:
@ %bb.153:                              @   in Loop: Header=BB0_152 Depth=1
	@DEBUG_VALUE: I2C_STOP:u32TimeOutCount <- [DW_OP_constu 1, DW_OP_minus, DW_OP_stack_value] $r0
	@DEBUG_VALUE: I2C_STOP:i2c <- 1076400128
	@DEBUG_VALUE: I2C_WriteNAU8822:data <- 0
	@DEBUG_VALUE: I2C_WriteNAU8822:addr <- 5
	cmp	r0, #1
	beq	.LBB0_160
.Ltmp220:
@ %bb.154:                              @   in Loop: Header=BB0_152 Depth=1
	@DEBUG_VALUE: I2C_STOP:u32TimeOutCount <- [DW_OP_constu 1, DW_OP_minus, DW_OP_stack_value] $r0
	@DEBUG_VALUE: I2C_STOP:i2c <- 1076400128
	@DEBUG_VALUE: I2C_WriteNAU8822:data <- 0
	@DEBUG_VALUE: I2C_WriteNAU8822:addr <- 5
	@DEBUG_VALUE: I2C_STOP:u32TimeOutCount <- [DW_OP_constu 1, DW_OP_minus, DW_OP_stack_value] $r0
	.loc	11 449 17                       @ ../../../../Library/StdDriver/inc\i2c.h:449:17
	ldr	r1, [r5]
.Ltmp221:
	@DEBUG_VALUE: I2C_STOP:u32TimeOutCount <- [DW_OP_constu 2, DW_OP_minus, DW_OP_stack_value] $r0
	.loc	11 449 5                        @ ../../../../Library/StdDriver/inc\i2c.h:449:5
	lsls	r1, r1, #27
	bpl	.LBB0_160
.Ltmp222:
@ %bb.155:                              @   in Loop: Header=BB0_152 Depth=1
	@DEBUG_VALUE: I2C_STOP:u32TimeOutCount <- [DW_OP_constu 2, DW_OP_minus, DW_OP_stack_value] $r0
	@DEBUG_VALUE: I2C_STOP:i2c <- 1076400128
	@DEBUG_VALUE: I2C_WriteNAU8822:data <- 0
	@DEBUG_VALUE: I2C_WriteNAU8822:addr <- 5
	cbz	r0, .LBB0_160
.Ltmp223:
@ %bb.156:                              @   in Loop: Header=BB0_152 Depth=1
	@DEBUG_VALUE: I2C_STOP:u32TimeOutCount <- [DW_OP_constu 2, DW_OP_minus, DW_OP_stack_value] $r0
	@DEBUG_VALUE: I2C_STOP:i2c <- 1076400128
	@DEBUG_VALUE: I2C_WriteNAU8822:data <- 0
	@DEBUG_VALUE: I2C_WriteNAU8822:addr <- 5
	@DEBUG_VALUE: I2C_STOP:u32TimeOutCount <- [DW_OP_constu 2, DW_OP_minus, DW_OP_stack_value] $r0
	.loc	11 449 17                       @ ../../../../Library/StdDriver/inc\i2c.h:449:17
	ldr	r1, [r5]
.Ltmp224:
	@DEBUG_VALUE: I2C_STOP:u32TimeOutCount <- [DW_OP_constu 3, DW_OP_minus, DW_OP_stack_value] $r0
	.loc	11 449 5                        @ ../../../../Library/StdDriver/inc\i2c.h:449:5
	lsls	r1, r1, #27
	bpl	.LBB0_160
.Ltmp225:
@ %bb.157:                              @   in Loop: Header=BB0_152 Depth=1
	@DEBUG_VALUE: I2C_STOP:u32TimeOutCount <- [DW_OP_constu 3, DW_OP_minus, DW_OP_stack_value] $r0
	@DEBUG_VALUE: I2C_STOP:i2c <- 1076400128
	@DEBUG_VALUE: I2C_WriteNAU8822:data <- 0
	@DEBUG_VALUE: I2C_WriteNAU8822:addr <- 5
	adds	r1, r0, #1
	beq	.LBB0_160
.Ltmp226:
@ %bb.158:                              @   in Loop: Header=BB0_152 Depth=1
	@DEBUG_VALUE: I2C_STOP:u32TimeOutCount <- [DW_OP_constu 3, DW_OP_minus, DW_OP_stack_value] $r0
	@DEBUG_VALUE: I2C_STOP:i2c <- 1076400128
	@DEBUG_VALUE: I2C_WriteNAU8822:data <- 0
	@DEBUG_VALUE: I2C_WriteNAU8822:addr <- 5
	@DEBUG_VALUE: I2C_STOP:u32TimeOutCount <- [DW_OP_constu 3, DW_OP_minus, DW_OP_stack_value] $r0
	.loc	11 449 17                       @ ../../../../Library/StdDriver/inc\i2c.h:449:17
	ldr	r1, [r5]
.Ltmp227:
	@DEBUG_VALUE: I2C_STOP:u32TimeOutCount <- [DW_OP_LLVM_arg 0, DW_OP_consts 2, DW_OP_consts 18446744073709551615, DW_OP_LLVM_arg 0, DW_OP_mul, DW_OP_plus, DW_OP_minus, DW_OP_consts 4, DW_OP_div, DW_OP_consts 18446744073709551612, DW_OP_mul, DW_OP_consts 18446744073709551612, DW_OP_LLVM_arg 0, DW_OP_plus, DW_OP_plus, DW_OP_stack_value] undef
	.loc	11 449 5                        @ ../../../../Library/StdDriver/inc\i2c.h:449:5
	lsls	r1, r1, #27
	bpl	.LBB0_160
.Ltmp228:
@ %bb.159:                              @   in Loop: Header=BB0_152 Depth=1
	@DEBUG_VALUE: I2C_STOP:i2c <- 1076400128
	@DEBUG_VALUE: I2C_WriteNAU8822:data <- 0
	@DEBUG_VALUE: I2C_WriteNAU8822:addr <- 5
	adds	r1, r0, #2
	add.w	r0, r0, #4
	bne	.LBB0_152
.Ltmp229:
.LBB0_160:
	@DEBUG_VALUE: I2C_WriteNAU8822:addr <- 6
	@DEBUG_VALUE: I2C_WriteNAU8822:data <- 333
	.loc	1 89 5 is_stmt 1                @ ../VoicePlayer.cpp:89:5
	ldr	r0, [r5]
	orr	r0, r0, #32
	bic	r0, r0, #8
	str	r0, [r5]
.Ltmp230:
.LBB0_161:                              @ =>This Inner Loop Header: Depth=1
	@DEBUG_VALUE: I2C_WriteNAU8822:data <- 333
	@DEBUG_VALUE: I2C_WriteNAU8822:addr <- 6
	.loc	1 89 29 is_stmt 0               @ ../VoicePlayer.cpp:89:29
	ldr	r0, [r5]
	lsls	r0, r0, #28
	bmi	.LBB0_164
.Ltmp231:
@ %bb.162:                              @   in Loop: Header=BB0_161 Depth=1
	@DEBUG_VALUE: I2C_WriteNAU8822:data <- 333
	@DEBUG_VALUE: I2C_WriteNAU8822:addr <- 6
	ldr	r0, [r5]
	lsls	r0, r0, #28
	itt	pl
	ldrpl	r0, [r5]
	lslspl.w	r0, r0, #28
	bmi	.LBB0_164
.Ltmp232:
@ %bb.163:                              @   in Loop: Header=BB0_161 Depth=1
	@DEBUG_VALUE: I2C_WriteNAU8822:data <- 333
	@DEBUG_VALUE: I2C_WriteNAU8822:addr <- 6
	ldr	r0, [r5]
	lsls	r0, r0, #28
	bpl	.LBB0_161
.Ltmp233:
.LBB0_164:
	@DEBUG_VALUE: I2C_WriteNAU8822:data <- 333
	@DEBUG_VALUE: I2C_WriteNAU8822:addr <- 6
	.loc	1 0 29                          @ ../VoicePlayer.cpp:0:29
	movs	r0, #52
	movs	r1, #2
	.loc	1 90 5 is_stmt 1                @ ../VoicePlayer.cpp:90:5
	str	r0, [r5, #8]
	.loc	1 91 5                          @ ../VoicePlayer.cpp:91:5
	ldr	r0, [r5]
	bfi	r0, r1, #2, #4
	str	r0, [r5]
.Ltmp234:
.LBB0_165:                              @ =>This Inner Loop Header: Depth=1
	@DEBUG_VALUE: I2C_WriteNAU8822:data <- 333
	@DEBUG_VALUE: I2C_WriteNAU8822:addr <- 6
	.loc	1 91 51 is_stmt 0               @ ../VoicePlayer.cpp:91:51
	ldr	r0, [r5]
	lsls	r0, r0, #28
	bmi	.LBB0_168
.Ltmp235:
@ %bb.166:                              @   in Loop: Header=BB0_165 Depth=1
	@DEBUG_VALUE: I2C_WriteNAU8822:data <- 333
	@DEBUG_VALUE: I2C_WriteNAU8822:addr <- 6
	ldr	r0, [r5]
	lsls	r0, r0, #28
	itt	pl
	ldrpl	r0, [r5]
	lslspl.w	r0, r0, #28
	bmi	.LBB0_168
.Ltmp236:
@ %bb.167:                              @   in Loop: Header=BB0_165 Depth=1
	@DEBUG_VALUE: I2C_WriteNAU8822:data <- 333
	@DEBUG_VALUE: I2C_WriteNAU8822:addr <- 6
	ldr	r0, [r5]
	lsls	r0, r0, #28
	bpl	.LBB0_165
.Ltmp237:
.LBB0_168:
	@DEBUG_VALUE: I2C_WriteNAU8822:data <- 333
	@DEBUG_VALUE: I2C_WriteNAU8822:addr <- 6
	.loc	1 0 51                          @ ../VoicePlayer.cpp:0:51
	movs	r0, #13
	movs	r1, #2
	.loc	1 92 5 is_stmt 1                @ ../VoicePlayer.cpp:92:5
	str	r0, [r5, #8]
	.loc	1 93 5                          @ ../VoicePlayer.cpp:93:5
	ldr	r0, [r5]
	bfi	r0, r1, #2, #4
	str	r0, [r5]
.Ltmp238:
.LBB0_169:                              @ =>This Inner Loop Header: Depth=1
	@DEBUG_VALUE: I2C_WriteNAU8822:data <- 333
	@DEBUG_VALUE: I2C_WriteNAU8822:addr <- 6
	.loc	1 93 51 is_stmt 0               @ ../VoicePlayer.cpp:93:51
	ldr	r0, [r5]
	lsls	r0, r0, #28
	bmi	.LBB0_172
.Ltmp239:
@ %bb.170:                              @   in Loop: Header=BB0_169 Depth=1
	@DEBUG_VALUE: I2C_WriteNAU8822:data <- 333
	@DEBUG_VALUE: I2C_WriteNAU8822:addr <- 6
	ldr	r0, [r5]
	lsls	r0, r0, #28
	itt	pl
	ldrpl	r0, [r5]
	lslspl.w	r0, r0, #28
	bmi	.LBB0_172
.Ltmp240:
@ %bb.171:                              @   in Loop: Header=BB0_169 Depth=1
	@DEBUG_VALUE: I2C_WriteNAU8822:data <- 333
	@DEBUG_VALUE: I2C_WriteNAU8822:addr <- 6
	ldr	r0, [r5]
	lsls	r0, r0, #28
	bpl	.LBB0_169
.Ltmp241:
.LBB0_172:
	@DEBUG_VALUE: I2C_WriteNAU8822:data <- 333
	@DEBUG_VALUE: I2C_WriteNAU8822:addr <- 6
	.loc	1 0 51                          @ ../VoicePlayer.cpp:0:51
	movs	r0, #77
	movs	r1, #2
	.loc	1 94 5 is_stmt 1                @ ../VoicePlayer.cpp:94:5
	str	r0, [r5, #8]
	.loc	1 95 5                          @ ../VoicePlayer.cpp:95:5
	ldr	r0, [r5]
	bfi	r0, r1, #2, #4
	str	r0, [r5]
.Ltmp242:
.LBB0_173:                              @ =>This Inner Loop Header: Depth=1
	@DEBUG_VALUE: I2C_WriteNAU8822:data <- 333
	@DEBUG_VALUE: I2C_WriteNAU8822:addr <- 6
	.loc	1 95 51 is_stmt 0               @ ../VoicePlayer.cpp:95:51
	ldr	r0, [r5]
	lsls	r0, r0, #28
	bmi	.LBB0_176
.Ltmp243:
@ %bb.174:                              @   in Loop: Header=BB0_173 Depth=1
	@DEBUG_VALUE: I2C_WriteNAU8822:data <- 333
	@DEBUG_VALUE: I2C_WriteNAU8822:addr <- 6
	ldr	r0, [r5]
	lsls	r0, r0, #28
	itt	pl
	ldrpl	r0, [r5]
	lslspl.w	r0, r0, #28
	bmi	.LBB0_176
.Ltmp244:
@ %bb.175:                              @   in Loop: Header=BB0_173 Depth=1
	@DEBUG_VALUE: I2C_WriteNAU8822:data <- 333
	@DEBUG_VALUE: I2C_WriteNAU8822:addr <- 6
	ldr	r0, [r5]
	lsls	r0, r0, #28
	bpl	.LBB0_173
.Ltmp245:
.LBB0_176:
	@DEBUG_VALUE: I2C_WriteNAU8822:data <- 333
	@DEBUG_VALUE: I2C_WriteNAU8822:addr <- 6
	@DEBUG_VALUE: I2C_STOP:i2c <- 1076400128
	.loc	11 445 32 is_stmt 1             @ ../../../../Library/StdDriver/inc\i2c.h:445:32
	ldr.w	r0, [r10]
.Ltmp246:
	@DEBUG_VALUE: I2C_STOP:u32TimeOutCount <- $r0
	.loc	11 447 17                       @ ../../../../Library/StdDriver/inc\i2c.h:447:17
	ldr	r1, [r5]
	.loc	11 449 5                        @ ../../../../Library/StdDriver/inc\i2c.h:449:5
	rsb.w	r0, r0, #2
.Ltmp247:
	.loc	11 447 17                       @ ../../../../Library/StdDriver/inc\i2c.h:447:17
	orr	r1, r1, #24
	str	r1, [r5]
.Ltmp248:
	.loc	11 0 17 is_stmt 0               @ :0:17
.Ltmp249:
	.p2align	2
.LBB0_177:                              @ =>This Inner Loop Header: Depth=1
	@DEBUG_VALUE: I2C_STOP:i2c <- 1076400128
	@DEBUG_VALUE: I2C_WriteNAU8822:data <- 333
	@DEBUG_VALUE: I2C_WriteNAU8822:addr <- 6
	@DEBUG_VALUE: I2C_STOP:u32TimeOutCount <- [DW_OP_LLVM_arg 0, DW_OP_consts 2, DW_OP_consts 18446744073709551615, DW_OP_LLVM_arg 0, DW_OP_mul, DW_OP_plus, DW_OP_minus, DW_OP_consts 4, DW_OP_div, DW_OP_consts 18446744073709551612, DW_OP_mul, DW_OP_LLVM_arg 0, DW_OP_plus, DW_OP_stack_value] undef
	.loc	11 449 17 is_stmt 1             @ ../../../../Library/StdDriver/inc\i2c.h:449:17
	ldr	r1, [r5]
.Ltmp250:
	@DEBUG_VALUE: I2C_STOP:u32TimeOutCount <- [DW_OP_constu 1, DW_OP_minus, DW_OP_stack_value] $r0
	.loc	11 449 5 is_stmt 0              @ ../../../../Library/StdDriver/inc\i2c.h:449:5
	lsls	r1, r1, #27
	bpl	.LBB0_185
.Ltmp251:
@ %bb.178:                              @   in Loop: Header=BB0_177 Depth=1
	@DEBUG_VALUE: I2C_STOP:u32TimeOutCount <- [DW_OP_constu 1, DW_OP_minus, DW_OP_stack_value] $r0
	@DEBUG_VALUE: I2C_STOP:i2c <- 1076400128
	@DEBUG_VALUE: I2C_WriteNAU8822:data <- 333
	@DEBUG_VALUE: I2C_WriteNAU8822:addr <- 6
	cmp	r0, #1
	beq	.LBB0_185
.Ltmp252:
@ %bb.179:                              @   in Loop: Header=BB0_177 Depth=1
	@DEBUG_VALUE: I2C_STOP:u32TimeOutCount <- [DW_OP_constu 1, DW_OP_minus, DW_OP_stack_value] $r0
	@DEBUG_VALUE: I2C_STOP:i2c <- 1076400128
	@DEBUG_VALUE: I2C_WriteNAU8822:data <- 333
	@DEBUG_VALUE: I2C_WriteNAU8822:addr <- 6
	@DEBUG_VALUE: I2C_STOP:u32TimeOutCount <- [DW_OP_constu 1, DW_OP_minus, DW_OP_stack_value] $r0
	.loc	11 449 17                       @ ../../../../Library/StdDriver/inc\i2c.h:449:17
	ldr	r1, [r5]
.Ltmp253:
	@DEBUG_VALUE: I2C_STOP:u32TimeOutCount <- [DW_OP_constu 2, DW_OP_minus, DW_OP_stack_value] $r0
	.loc	11 449 5                        @ ../../../../Library/StdDriver/inc\i2c.h:449:5
	lsls	r1, r1, #27
	bpl	.LBB0_185
.Ltmp254:
@ %bb.180:                              @   in Loop: Header=BB0_177 Depth=1
	@DEBUG_VALUE: I2C_STOP:u32TimeOutCount <- [DW_OP_constu 2, DW_OP_minus, DW_OP_stack_value] $r0
	@DEBUG_VALUE: I2C_STOP:i2c <- 1076400128
	@DEBUG_VALUE: I2C_WriteNAU8822:data <- 333
	@DEBUG_VALUE: I2C_WriteNAU8822:addr <- 6
	cbz	r0, .LBB0_185
.Ltmp255:
@ %bb.181:                              @   in Loop: Header=BB0_177 Depth=1
	@DEBUG_VALUE: I2C_STOP:u32TimeOutCount <- [DW_OP_constu 2, DW_OP_minus, DW_OP_stack_value] $r0
	@DEBUG_VALUE: I2C_STOP:i2c <- 1076400128
	@DEBUG_VALUE: I2C_WriteNAU8822:data <- 333
	@DEBUG_VALUE: I2C_WriteNAU8822:addr <- 6
	@DEBUG_VALUE: I2C_STOP:u32TimeOutCount <- [DW_OP_constu 2, DW_OP_minus, DW_OP_stack_value] $r0
	.loc	11 449 17                       @ ../../../../Library/StdDriver/inc\i2c.h:449:17
	ldr	r1, [r5]
.Ltmp256:
	@DEBUG_VALUE: I2C_STOP:u32TimeOutCount <- [DW_OP_constu 3, DW_OP_minus, DW_OP_stack_value] $r0
	.loc	11 449 5                        @ ../../../../Library/StdDriver/inc\i2c.h:449:5
	lsls	r1, r1, #27
	bpl	.LBB0_185
.Ltmp257:
@ %bb.182:                              @   in Loop: Header=BB0_177 Depth=1
	@DEBUG_VALUE: I2C_STOP:u32TimeOutCount <- [DW_OP_constu 3, DW_OP_minus, DW_OP_stack_value] $r0
	@DEBUG_VALUE: I2C_STOP:i2c <- 1076400128
	@DEBUG_VALUE: I2C_WriteNAU8822:data <- 333
	@DEBUG_VALUE: I2C_WriteNAU8822:addr <- 6
	adds	r1, r0, #1
	beq	.LBB0_185
.Ltmp258:
@ %bb.183:                              @   in Loop: Header=BB0_177 Depth=1
	@DEBUG_VALUE: I2C_STOP:u32TimeOutCount <- [DW_OP_constu 3, DW_OP_minus, DW_OP_stack_value] $r0
	@DEBUG_VALUE: I2C_STOP:i2c <- 1076400128
	@DEBUG_VALUE: I2C_WriteNAU8822:data <- 333
	@DEBUG_VALUE: I2C_WriteNAU8822:addr <- 6
	@DEBUG_VALUE: I2C_STOP:u32TimeOutCount <- [DW_OP_constu 3, DW_OP_minus, DW_OP_stack_value] $r0
	.loc	11 449 17                       @ ../../../../Library/StdDriver/inc\i2c.h:449:17
	ldr	r1, [r5]
.Ltmp259:
	@DEBUG_VALUE: I2C_STOP:u32TimeOutCount <- [DW_OP_LLVM_arg 0, DW_OP_consts 2, DW_OP_consts 18446744073709551615, DW_OP_LLVM_arg 0, DW_OP_mul, DW_OP_plus, DW_OP_minus, DW_OP_consts 4, DW_OP_div, DW_OP_consts 18446744073709551612, DW_OP_mul, DW_OP_consts 18446744073709551612, DW_OP_LLVM_arg 0, DW_OP_plus, DW_OP_plus, DW_OP_stack_value] undef
	.loc	11 449 5                        @ ../../../../Library/StdDriver/inc\i2c.h:449:5
	lsls	r1, r1, #27
	bpl	.LBB0_185
.Ltmp260:
@ %bb.184:                              @   in Loop: Header=BB0_177 Depth=1
	@DEBUG_VALUE: I2C_STOP:i2c <- 1076400128
	@DEBUG_VALUE: I2C_WriteNAU8822:data <- 333
	@DEBUG_VALUE: I2C_WriteNAU8822:addr <- 6
	adds	r1, r0, #2
	add.w	r0, r0, #4
	bne	.LBB0_177
.Ltmp261:
.LBB0_185:
	@DEBUG_VALUE: I2C_WriteNAU8822:addr <- 7
	@DEBUG_VALUE: I2C_WriteNAU8822:data <- 0
	.loc	1 89 5 is_stmt 1                @ ../VoicePlayer.cpp:89:5
	ldr	r0, [r5]
	orr	r0, r0, #32
	bic	r0, r0, #8
	str	r0, [r5]
.Ltmp262:
.LBB0_186:                              @ =>This Inner Loop Header: Depth=1
	@DEBUG_VALUE: I2C_WriteNAU8822:data <- 0
	@DEBUG_VALUE: I2C_WriteNAU8822:addr <- 7
	.loc	1 89 29 is_stmt 0               @ ../VoicePlayer.cpp:89:29
	ldr	r0, [r5]
	lsls	r0, r0, #28
	bmi	.LBB0_189
.Ltmp263:
@ %bb.187:                              @   in Loop: Header=BB0_186 Depth=1
	@DEBUG_VALUE: I2C_WriteNAU8822:data <- 0
	@DEBUG_VALUE: I2C_WriteNAU8822:addr <- 7
	ldr	r0, [r5]
	lsls	r0, r0, #28
	itt	pl
	ldrpl	r0, [r5]
	lslspl.w	r0, r0, #28
	bmi	.LBB0_189
.Ltmp264:
@ %bb.188:                              @   in Loop: Header=BB0_186 Depth=1
	@DEBUG_VALUE: I2C_WriteNAU8822:data <- 0
	@DEBUG_VALUE: I2C_WriteNAU8822:addr <- 7
	ldr	r0, [r5]
	lsls	r0, r0, #28
	bpl	.LBB0_186
.Ltmp265:
.LBB0_189:
	@DEBUG_VALUE: I2C_WriteNAU8822:data <- 0
	@DEBUG_VALUE: I2C_WriteNAU8822:addr <- 7
	.loc	1 0 29                          @ ../VoicePlayer.cpp:0:29
	movs	r0, #52
	movs	r1, #2
	.loc	1 90 5 is_stmt 1                @ ../VoicePlayer.cpp:90:5
	str	r0, [r5, #8]
	.loc	1 91 5                          @ ../VoicePlayer.cpp:91:5
	ldr	r0, [r5]
	bfi	r0, r1, #2, #4
	str	r0, [r5]
.Ltmp266:
.LBB0_190:                              @ =>This Inner Loop Header: Depth=1
	@DEBUG_VALUE: I2C_WriteNAU8822:data <- 0
	@DEBUG_VALUE: I2C_WriteNAU8822:addr <- 7
	.loc	1 91 51 is_stmt 0               @ ../VoicePlayer.cpp:91:51
	ldr	r0, [r5]
	lsls	r0, r0, #28
	bmi	.LBB0_193
.Ltmp267:
@ %bb.191:                              @   in Loop: Header=BB0_190 Depth=1
	@DEBUG_VALUE: I2C_WriteNAU8822:data <- 0
	@DEBUG_VALUE: I2C_WriteNAU8822:addr <- 7
	ldr	r0, [r5]
	lsls	r0, r0, #28
	itt	pl
	ldrpl	r0, [r5]
	lslspl.w	r0, r0, #28
	bmi	.LBB0_193
.Ltmp268:
@ %bb.192:                              @   in Loop: Header=BB0_190 Depth=1
	@DEBUG_VALUE: I2C_WriteNAU8822:data <- 0
	@DEBUG_VALUE: I2C_WriteNAU8822:addr <- 7
	ldr	r0, [r5]
	lsls	r0, r0, #28
	bpl	.LBB0_190
.Ltmp269:
.LBB0_193:
	@DEBUG_VALUE: I2C_WriteNAU8822:data <- 0
	@DEBUG_VALUE: I2C_WriteNAU8822:addr <- 7
	.loc	1 0 51                          @ ../VoicePlayer.cpp:0:51
	movs	r0, #14
	movs	r1, #2
	.loc	1 92 5 is_stmt 1                @ ../VoicePlayer.cpp:92:5
	str	r0, [r5, #8]
	.loc	1 93 5                          @ ../VoicePlayer.cpp:93:5
	ldr	r0, [r5]
	bfi	r0, r1, #2, #4
	str	r0, [r5]
.Ltmp270:
.LBB0_194:                              @ =>This Inner Loop Header: Depth=1
	@DEBUG_VALUE: I2C_WriteNAU8822:data <- 0
	@DEBUG_VALUE: I2C_WriteNAU8822:addr <- 7
	.loc	1 93 51 is_stmt 0               @ ../VoicePlayer.cpp:93:51
	ldr	r0, [r5]
	lsls	r0, r0, #28
	bmi	.LBB0_197
.Ltmp271:
@ %bb.195:                              @   in Loop: Header=BB0_194 Depth=1
	@DEBUG_VALUE: I2C_WriteNAU8822:data <- 0
	@DEBUG_VALUE: I2C_WriteNAU8822:addr <- 7
	ldr	r0, [r5]
	lsls	r0, r0, #28
	itt	pl
	ldrpl	r0, [r5]
	lslspl.w	r0, r0, #28
	bmi	.LBB0_197
.Ltmp272:
@ %bb.196:                              @   in Loop: Header=BB0_194 Depth=1
	@DEBUG_VALUE: I2C_WriteNAU8822:data <- 0
	@DEBUG_VALUE: I2C_WriteNAU8822:addr <- 7
	ldr	r0, [r5]
	lsls	r0, r0, #28
	bpl	.LBB0_194
.Ltmp273:
.LBB0_197:
	@DEBUG_VALUE: I2C_WriteNAU8822:data <- 0
	@DEBUG_VALUE: I2C_WriteNAU8822:addr <- 7
	.loc	1 0 51                          @ ../VoicePlayer.cpp:0:51
	movs	r0, #0
	movs	r1, #2
	.loc	1 94 5 is_stmt 1                @ ../VoicePlayer.cpp:94:5
	str	r0, [r5, #8]
	.loc	1 95 5                          @ ../VoicePlayer.cpp:95:5
	ldr	r0, [r5]
	bfi	r0, r1, #2, #4
	str	r0, [r5]
.Ltmp274:
.LBB0_198:                              @ =>This Inner Loop Header: Depth=1
	@DEBUG_VALUE: I2C_WriteNAU8822:data <- 0
	@DEBUG_VALUE: I2C_WriteNAU8822:addr <- 7
	.loc	1 95 51 is_stmt 0               @ ../VoicePlayer.cpp:95:51
	ldr	r0, [r5]
	lsls	r0, r0, #28
	bmi	.LBB0_201
.Ltmp275:
@ %bb.199:                              @   in Loop: Header=BB0_198 Depth=1
	@DEBUG_VALUE: I2C_WriteNAU8822:data <- 0
	@DEBUG_VALUE: I2C_WriteNAU8822:addr <- 7
	ldr	r0, [r5]
	lsls	r0, r0, #28
	itt	pl
	ldrpl	r0, [r5]
	lslspl.w	r0, r0, #28
	bmi	.LBB0_201
.Ltmp276:
@ %bb.200:                              @   in Loop: Header=BB0_198 Depth=1
	@DEBUG_VALUE: I2C_WriteNAU8822:data <- 0
	@DEBUG_VALUE: I2C_WriteNAU8822:addr <- 7
	ldr	r0, [r5]
	lsls	r0, r0, #28
	bpl	.LBB0_198
.Ltmp277:
.LBB0_201:
	@DEBUG_VALUE: I2C_WriteNAU8822:data <- 0
	@DEBUG_VALUE: I2C_WriteNAU8822:addr <- 7
	@DEBUG_VALUE: I2C_STOP:i2c <- 1076400128
	.loc	11 445 32 is_stmt 1             @ ../../../../Library/StdDriver/inc\i2c.h:445:32
	ldr.w	r0, [r10]
.Ltmp278:
	@DEBUG_VALUE: I2C_STOP:u32TimeOutCount <- $r0
	.loc	11 447 17                       @ ../../../../Library/StdDriver/inc\i2c.h:447:17
	ldr	r1, [r5]
	.loc	11 449 5                        @ ../../../../Library/StdDriver/inc\i2c.h:449:5
	rsb.w	r0, r0, #2
.Ltmp279:
	.loc	11 447 17                       @ ../../../../Library/StdDriver/inc\i2c.h:447:17
	orr	r1, r1, #24
	str	r1, [r5]
.Ltmp280:
	.loc	11 0 17 is_stmt 0               @ :0:17
.Ltmp281:
	.p2align	2
.LBB0_202:                              @ =>This Inner Loop Header: Depth=1
	@DEBUG_VALUE: I2C_STOP:i2c <- 1076400128
	@DEBUG_VALUE: I2C_WriteNAU8822:data <- 0
	@DEBUG_VALUE: I2C_WriteNAU8822:addr <- 7
	@DEBUG_VALUE: I2C_STOP:u32TimeOutCount <- [DW_OP_LLVM_arg 0, DW_OP_consts 2, DW_OP_consts 18446744073709551615, DW_OP_LLVM_arg 0, DW_OP_mul, DW_OP_plus, DW_OP_minus, DW_OP_consts 4, DW_OP_div, DW_OP_consts 18446744073709551612, DW_OP_mul, DW_OP_LLVM_arg 0, DW_OP_plus, DW_OP_stack_value] undef
	.loc	11 449 17 is_stmt 1             @ ../../../../Library/StdDriver/inc\i2c.h:449:17
	ldr	r1, [r5]
.Ltmp282:
	@DEBUG_VALUE: I2C_STOP:u32TimeOutCount <- [DW_OP_constu 1, DW_OP_minus, DW_OP_stack_value] $r0
	.loc	11 449 5 is_stmt 0              @ ../../../../Library/StdDriver/inc\i2c.h:449:5
	lsls	r1, r1, #27
	bpl	.LBB0_210
.Ltmp283:
@ %bb.203:                              @   in Loop: Header=BB0_202 Depth=1
	@DEBUG_VALUE: I2C_STOP:u32TimeOutCount <- [DW_OP_constu 1, DW_OP_minus, DW_OP_stack_value] $r0
	@DEBUG_VALUE: I2C_STOP:i2c <- 1076400128
	@DEBUG_VALUE: I2C_WriteNAU8822:data <- 0
	@DEBUG_VALUE: I2C_WriteNAU8822:addr <- 7
	cmp	r0, #1
	beq	.LBB0_210
.Ltmp284:
@ %bb.204:                              @   in Loop: Header=BB0_202 Depth=1
	@DEBUG_VALUE: I2C_STOP:u32TimeOutCount <- [DW_OP_constu 1, DW_OP_minus, DW_OP_stack_value] $r0
	@DEBUG_VALUE: I2C_STOP:i2c <- 1076400128
	@DEBUG_VALUE: I2C_WriteNAU8822:data <- 0
	@DEBUG_VALUE: I2C_WriteNAU8822:addr <- 7
	@DEBUG_VALUE: I2C_STOP:u32TimeOutCount <- [DW_OP_constu 1, DW_OP_minus, DW_OP_stack_value] $r0
	.loc	11 449 17                       @ ../../../../Library/StdDriver/inc\i2c.h:449:17
	ldr	r1, [r5]
.Ltmp285:
	@DEBUG_VALUE: I2C_STOP:u32TimeOutCount <- [DW_OP_constu 2, DW_OP_minus, DW_OP_stack_value] $r0
	.loc	11 449 5                        @ ../../../../Library/StdDriver/inc\i2c.h:449:5
	lsls	r1, r1, #27
	bpl	.LBB0_210
.Ltmp286:
@ %bb.205:                              @   in Loop: Header=BB0_202 Depth=1
	@DEBUG_VALUE: I2C_STOP:u32TimeOutCount <- [DW_OP_constu 2, DW_OP_minus, DW_OP_stack_value] $r0
	@DEBUG_VALUE: I2C_STOP:i2c <- 1076400128
	@DEBUG_VALUE: I2C_WriteNAU8822:data <- 0
	@DEBUG_VALUE: I2C_WriteNAU8822:addr <- 7
	cbz	r0, .LBB0_210
.Ltmp287:
@ %bb.206:                              @   in Loop: Header=BB0_202 Depth=1
	@DEBUG_VALUE: I2C_STOP:u32TimeOutCount <- [DW_OP_constu 2, DW_OP_minus, DW_OP_stack_value] $r0
	@DEBUG_VALUE: I2C_STOP:i2c <- 1076400128
	@DEBUG_VALUE: I2C_WriteNAU8822:data <- 0
	@DEBUG_VALUE: I2C_WriteNAU8822:addr <- 7
	@DEBUG_VALUE: I2C_STOP:u32TimeOutCount <- [DW_OP_constu 2, DW_OP_minus, DW_OP_stack_value] $r0
	.loc	11 449 17                       @ ../../../../Library/StdDriver/inc\i2c.h:449:17
	ldr	r1, [r5]
.Ltmp288:
	@DEBUG_VALUE: I2C_STOP:u32TimeOutCount <- [DW_OP_constu 3, DW_OP_minus, DW_OP_stack_value] $r0
	.loc	11 449 5                        @ ../../../../Library/StdDriver/inc\i2c.h:449:5
	lsls	r1, r1, #27
	bpl	.LBB0_210
.Ltmp289:
@ %bb.207:                              @   in Loop: Header=BB0_202 Depth=1
	@DEBUG_VALUE: I2C_STOP:u32TimeOutCount <- [DW_OP_constu 3, DW_OP_minus, DW_OP_stack_value] $r0
	@DEBUG_VALUE: I2C_STOP:i2c <- 1076400128
	@DEBUG_VALUE: I2C_WriteNAU8822:data <- 0
	@DEBUG_VALUE: I2C_WriteNAU8822:addr <- 7
	adds	r1, r0, #1
	beq	.LBB0_210
.Ltmp290:
@ %bb.208:                              @   in Loop: Header=BB0_202 Depth=1
	@DEBUG_VALUE: I2C_STOP:u32TimeOutCount <- [DW_OP_constu 3, DW_OP_minus, DW_OP_stack_value] $r0
	@DEBUG_VALUE: I2C_STOP:i2c <- 1076400128
	@DEBUG_VALUE: I2C_WriteNAU8822:data <- 0
	@DEBUG_VALUE: I2C_WriteNAU8822:addr <- 7
	@DEBUG_VALUE: I2C_STOP:u32TimeOutCount <- [DW_OP_constu 3, DW_OP_minus, DW_OP_stack_value] $r0
	.loc	11 449 17                       @ ../../../../Library/StdDriver/inc\i2c.h:449:17
	ldr	r1, [r5]
.Ltmp291:
	@DEBUG_VALUE: I2C_STOP:u32TimeOutCount <- [DW_OP_LLVM_arg 0, DW_OP_consts 2, DW_OP_consts 18446744073709551615, DW_OP_LLVM_arg 0, DW_OP_mul, DW_OP_plus, DW_OP_minus, DW_OP_consts 4, DW_OP_div, DW_OP_consts 18446744073709551612, DW_OP_mul, DW_OP_consts 18446744073709551612, DW_OP_LLVM_arg 0, DW_OP_plus, DW_OP_plus, DW_OP_stack_value] undef
	.loc	11 449 5                        @ ../../../../Library/StdDriver/inc\i2c.h:449:5
	lsls	r1, r1, #27
	bpl	.LBB0_210
.Ltmp292:
@ %bb.209:                              @   in Loop: Header=BB0_202 Depth=1
	@DEBUG_VALUE: I2C_STOP:i2c <- 1076400128
	@DEBUG_VALUE: I2C_WriteNAU8822:data <- 0
	@DEBUG_VALUE: I2C_WriteNAU8822:addr <- 7
	adds	r1, r0, #2
	add.w	r0, r0, #4
	bne	.LBB0_202
.Ltmp293:
.LBB0_210:
	@DEBUG_VALUE: I2C_WriteNAU8822:addr <- 10
	@DEBUG_VALUE: I2C_WriteNAU8822:data <- 8
	.loc	1 89 5 is_stmt 1                @ ../VoicePlayer.cpp:89:5
	ldr	r0, [r5]
	orr	r0, r0, #32
	bic	r0, r0, #8
	str	r0, [r5]
.Ltmp294:
.LBB0_211:                              @ =>This Inner Loop Header: Depth=1
	@DEBUG_VALUE: I2C_WriteNAU8822:data <- 8
	@DEBUG_VALUE: I2C_WriteNAU8822:addr <- 10
	.loc	1 89 29 is_stmt 0               @ ../VoicePlayer.cpp:89:29
	ldr	r0, [r5]
	lsls	r0, r0, #28
	bmi	.LBB0_214
.Ltmp295:
@ %bb.212:                              @   in Loop: Header=BB0_211 Depth=1
	@DEBUG_VALUE: I2C_WriteNAU8822:data <- 8
	@DEBUG_VALUE: I2C_WriteNAU8822:addr <- 10
	ldr	r0, [r5]
	lsls	r0, r0, #28
	itt	pl
	ldrpl	r0, [r5]
	lslspl.w	r0, r0, #28
	bmi	.LBB0_214
.Ltmp296:
@ %bb.213:                              @   in Loop: Header=BB0_211 Depth=1
	@DEBUG_VALUE: I2C_WriteNAU8822:data <- 8
	@DEBUG_VALUE: I2C_WriteNAU8822:addr <- 10
	ldr	r0, [r5]
	lsls	r0, r0, #28
	bpl	.LBB0_211
.Ltmp297:
.LBB0_214:
	@DEBUG_VALUE: I2C_WriteNAU8822:data <- 8
	@DEBUG_VALUE: I2C_WriteNAU8822:addr <- 10
	.loc	1 0 29                          @ ../VoicePlayer.cpp:0:29
	movs	r0, #52
	movs	r1, #2
	.loc	1 90 5 is_stmt 1                @ ../VoicePlayer.cpp:90:5
	str	r0, [r5, #8]
	.loc	1 91 5                          @ ../VoicePlayer.cpp:91:5
	ldr	r0, [r5]
	bfi	r0, r1, #2, #4
	str	r0, [r5]
.Ltmp298:
.LBB0_215:                              @ =>This Inner Loop Header: Depth=1
	@DEBUG_VALUE: I2C_WriteNAU8822:data <- 8
	@DEBUG_VALUE: I2C_WriteNAU8822:addr <- 10
	.loc	1 91 51 is_stmt 0               @ ../VoicePlayer.cpp:91:51
	ldr	r0, [r5]
	lsls	r0, r0, #28
	bmi	.LBB0_218
.Ltmp299:
@ %bb.216:                              @   in Loop: Header=BB0_215 Depth=1
	@DEBUG_VALUE: I2C_WriteNAU8822:data <- 8
	@DEBUG_VALUE: I2C_WriteNAU8822:addr <- 10
	ldr	r0, [r5]
	lsls	r0, r0, #28
	itt	pl
	ldrpl	r0, [r5]
	lslspl.w	r0, r0, #28
	bmi	.LBB0_218
.Ltmp300:
@ %bb.217:                              @   in Loop: Header=BB0_215 Depth=1
	@DEBUG_VALUE: I2C_WriteNAU8822:data <- 8
	@DEBUG_VALUE: I2C_WriteNAU8822:addr <- 10
	ldr	r0, [r5]
	lsls	r0, r0, #28
	bpl	.LBB0_215
.Ltmp301:
.LBB0_218:
	@DEBUG_VALUE: I2C_WriteNAU8822:data <- 8
	@DEBUG_VALUE: I2C_WriteNAU8822:addr <- 10
	.loc	1 0 51                          @ ../VoicePlayer.cpp:0:51
	movs	r0, #20
	movs	r1, #2
	.loc	1 92 5 is_stmt 1                @ ../VoicePlayer.cpp:92:5
	str	r0, [r5, #8]
	.loc	1 93 5                          @ ../VoicePlayer.cpp:93:5
	ldr	r0, [r5]
	bfi	r0, r1, #2, #4
	str	r0, [r5]
.Ltmp302:
.LBB0_219:                              @ =>This Inner Loop Header: Depth=1
	@DEBUG_VALUE: I2C_WriteNAU8822:data <- 8
	@DEBUG_VALUE: I2C_WriteNAU8822:addr <- 10
	.loc	1 93 51 is_stmt 0               @ ../VoicePlayer.cpp:93:51
	ldr	r0, [r5]
	lsls	r0, r0, #28
	bmi	.LBB0_222
.Ltmp303:
@ %bb.220:                              @   in Loop: Header=BB0_219 Depth=1
	@DEBUG_VALUE: I2C_WriteNAU8822:data <- 8
	@DEBUG_VALUE: I2C_WriteNAU8822:addr <- 10
	ldr	r0, [r5]
	lsls	r0, r0, #28
	itt	pl
	ldrpl	r0, [r5]
	lslspl.w	r0, r0, #28
	bmi	.LBB0_222
.Ltmp304:
@ %bb.221:                              @   in Loop: Header=BB0_219 Depth=1
	@DEBUG_VALUE: I2C_WriteNAU8822:data <- 8
	@DEBUG_VALUE: I2C_WriteNAU8822:addr <- 10
	ldr	r0, [r5]
	lsls	r0, r0, #28
	bpl	.LBB0_219
.Ltmp305:
.LBB0_222:
	@DEBUG_VALUE: I2C_WriteNAU8822:data <- 8
	@DEBUG_VALUE: I2C_WriteNAU8822:addr <- 10
	.loc	1 0 51                          @ ../VoicePlayer.cpp:0:51
	movs	r0, #8
	movs	r1, #2
	.loc	1 94 5 is_stmt 1                @ ../VoicePlayer.cpp:94:5
	str	r0, [r5, #8]
	.loc	1 95 5                          @ ../VoicePlayer.cpp:95:5
	ldr	r0, [r5]
	bfi	r0, r1, #2, #4
	str	r0, [r5]
.Ltmp306:
.LBB0_223:                              @ =>This Inner Loop Header: Depth=1
	@DEBUG_VALUE: I2C_WriteNAU8822:data <- 8
	@DEBUG_VALUE: I2C_WriteNAU8822:addr <- 10
	.loc	1 95 51 is_stmt 0               @ ../VoicePlayer.cpp:95:51
	ldr	r0, [r5]
	lsls	r0, r0, #28
	bmi	.LBB0_226
.Ltmp307:
@ %bb.224:                              @   in Loop: Header=BB0_223 Depth=1
	@DEBUG_VALUE: I2C_WriteNAU8822:data <- 8
	@DEBUG_VALUE: I2C_WriteNAU8822:addr <- 10
	ldr	r0, [r5]
	lsls	r0, r0, #28
	itt	pl
	ldrpl	r0, [r5]
	lslspl.w	r0, r0, #28
	bmi	.LBB0_226
.Ltmp308:
@ %bb.225:                              @   in Loop: Header=BB0_223 Depth=1
	@DEBUG_VALUE: I2C_WriteNAU8822:data <- 8
	@DEBUG_VALUE: I2C_WriteNAU8822:addr <- 10
	ldr	r0, [r5]
	lsls	r0, r0, #28
	bpl	.LBB0_223
.Ltmp309:
.LBB0_226:
	@DEBUG_VALUE: I2C_WriteNAU8822:data <- 8
	@DEBUG_VALUE: I2C_WriteNAU8822:addr <- 10
	@DEBUG_VALUE: I2C_STOP:i2c <- 1076400128
	.loc	11 445 32 is_stmt 1             @ ../../../../Library/StdDriver/inc\i2c.h:445:32
	ldr.w	r0, [r10]
.Ltmp310:
	@DEBUG_VALUE: I2C_STOP:u32TimeOutCount <- $r0
	.loc	11 447 17                       @ ../../../../Library/StdDriver/inc\i2c.h:447:17
	ldr	r1, [r5]
	.loc	11 449 5                        @ ../../../../Library/StdDriver/inc\i2c.h:449:5
	rsb.w	r0, r0, #2
.Ltmp311:
	.loc	11 447 17                       @ ../../../../Library/StdDriver/inc\i2c.h:447:17
	orr	r1, r1, #24
	str	r1, [r5]
.Ltmp312:
	.loc	11 0 17 is_stmt 0               @ :0:17
.Ltmp313:
	.p2align	2
.LBB0_227:                              @ =>This Inner Loop Header: Depth=1
	@DEBUG_VALUE: I2C_STOP:i2c <- 1076400128
	@DEBUG_VALUE: I2C_WriteNAU8822:data <- 8
	@DEBUG_VALUE: I2C_WriteNAU8822:addr <- 10
	@DEBUG_VALUE: I2C_STOP:u32TimeOutCount <- [DW_OP_LLVM_arg 0, DW_OP_consts 2, DW_OP_consts 18446744073709551615, DW_OP_LLVM_arg 0, DW_OP_mul, DW_OP_plus, DW_OP_minus, DW_OP_consts 4, DW_OP_div, DW_OP_consts 18446744073709551612, DW_OP_mul, DW_OP_LLVM_arg 0, DW_OP_plus, DW_OP_stack_value] undef
	.loc	11 449 17 is_stmt 1             @ ../../../../Library/StdDriver/inc\i2c.h:449:17
	ldr	r1, [r5]
.Ltmp314:
	@DEBUG_VALUE: I2C_STOP:u32TimeOutCount <- [DW_OP_constu 1, DW_OP_minus, DW_OP_stack_value] $r0
	.loc	11 449 5 is_stmt 0              @ ../../../../Library/StdDriver/inc\i2c.h:449:5
	lsls	r1, r1, #27
	bpl	.LBB0_235
.Ltmp315:
@ %bb.228:                              @   in Loop: Header=BB0_227 Depth=1
	@DEBUG_VALUE: I2C_STOP:u32TimeOutCount <- [DW_OP_constu 1, DW_OP_minus, DW_OP_stack_value] $r0
	@DEBUG_VALUE: I2C_STOP:i2c <- 1076400128
	@DEBUG_VALUE: I2C_WriteNAU8822:data <- 8
	@DEBUG_VALUE: I2C_WriteNAU8822:addr <- 10
	cmp	r0, #1
	beq	.LBB0_235
.Ltmp316:
@ %bb.229:                              @   in Loop: Header=BB0_227 Depth=1
	@DEBUG_VALUE: I2C_STOP:u32TimeOutCount <- [DW_OP_constu 1, DW_OP_minus, DW_OP_stack_value] $r0
	@DEBUG_VALUE: I2C_STOP:i2c <- 1076400128
	@DEBUG_VALUE: I2C_WriteNAU8822:data <- 8
	@DEBUG_VALUE: I2C_WriteNAU8822:addr <- 10
	@DEBUG_VALUE: I2C_STOP:u32TimeOutCount <- [DW_OP_constu 1, DW_OP_minus, DW_OP_stack_value] $r0
	.loc	11 449 17                       @ ../../../../Library/StdDriver/inc\i2c.h:449:17
	ldr	r1, [r5]
.Ltmp317:
	@DEBUG_VALUE: I2C_STOP:u32TimeOutCount <- [DW_OP_constu 2, DW_OP_minus, DW_OP_stack_value] $r0
	.loc	11 449 5                        @ ../../../../Library/StdDriver/inc\i2c.h:449:5
	lsls	r1, r1, #27
	bpl	.LBB0_235
.Ltmp318:
@ %bb.230:                              @   in Loop: Header=BB0_227 Depth=1
	@DEBUG_VALUE: I2C_STOP:u32TimeOutCount <- [DW_OP_constu 2, DW_OP_minus, DW_OP_stack_value] $r0
	@DEBUG_VALUE: I2C_STOP:i2c <- 1076400128
	@DEBUG_VALUE: I2C_WriteNAU8822:data <- 8
	@DEBUG_VALUE: I2C_WriteNAU8822:addr <- 10
	cbz	r0, .LBB0_235
.Ltmp319:
@ %bb.231:                              @   in Loop: Header=BB0_227 Depth=1
	@DEBUG_VALUE: I2C_STOP:u32TimeOutCount <- [DW_OP_constu 2, DW_OP_minus, DW_OP_stack_value] $r0
	@DEBUG_VALUE: I2C_STOP:i2c <- 1076400128
	@DEBUG_VALUE: I2C_WriteNAU8822:data <- 8
	@DEBUG_VALUE: I2C_WriteNAU8822:addr <- 10
	@DEBUG_VALUE: I2C_STOP:u32TimeOutCount <- [DW_OP_constu 2, DW_OP_minus, DW_OP_stack_value] $r0
	.loc	11 449 17                       @ ../../../../Library/StdDriver/inc\i2c.h:449:17
	ldr	r1, [r5]
.Ltmp320:
	@DEBUG_VALUE: I2C_STOP:u32TimeOutCount <- [DW_OP_constu 3, DW_OP_minus, DW_OP_stack_value] $r0
	.loc	11 449 5                        @ ../../../../Library/StdDriver/inc\i2c.h:449:5
	lsls	r1, r1, #27
	bpl	.LBB0_235
.Ltmp321:
@ %bb.232:                              @   in Loop: Header=BB0_227 Depth=1
	@DEBUG_VALUE: I2C_STOP:u32TimeOutCount <- [DW_OP_constu 3, DW_OP_minus, DW_OP_stack_value] $r0
	@DEBUG_VALUE: I2C_STOP:i2c <- 1076400128
	@DEBUG_VALUE: I2C_WriteNAU8822:data <- 8
	@DEBUG_VALUE: I2C_WriteNAU8822:addr <- 10
	adds	r1, r0, #1
	beq	.LBB0_235
.Ltmp322:
@ %bb.233:                              @   in Loop: Header=BB0_227 Depth=1
	@DEBUG_VALUE: I2C_STOP:u32TimeOutCount <- [DW_OP_constu 3, DW_OP_minus, DW_OP_stack_value] $r0
	@DEBUG_VALUE: I2C_STOP:i2c <- 1076400128
	@DEBUG_VALUE: I2C_WriteNAU8822:data <- 8
	@DEBUG_VALUE: I2C_WriteNAU8822:addr <- 10
	@DEBUG_VALUE: I2C_STOP:u32TimeOutCount <- [DW_OP_constu 3, DW_OP_minus, DW_OP_stack_value] $r0
	.loc	11 449 17                       @ ../../../../Library/StdDriver/inc\i2c.h:449:17
	ldr	r1, [r5]
.Ltmp323:
	@DEBUG_VALUE: I2C_STOP:u32TimeOutCount <- [DW_OP_LLVM_arg 0, DW_OP_consts 2, DW_OP_consts 18446744073709551615, DW_OP_LLVM_arg 0, DW_OP_mul, DW_OP_plus, DW_OP_minus, DW_OP_consts 4, DW_OP_div, DW_OP_consts 18446744073709551612, DW_OP_mul, DW_OP_consts 18446744073709551612, DW_OP_LLVM_arg 0, DW_OP_plus, DW_OP_plus, DW_OP_stack_value] undef
	.loc	11 449 5                        @ ../../../../Library/StdDriver/inc\i2c.h:449:5
	lsls	r1, r1, #27
	bpl	.LBB0_235
.Ltmp324:
@ %bb.234:                              @   in Loop: Header=BB0_227 Depth=1
	@DEBUG_VALUE: I2C_STOP:i2c <- 1076400128
	@DEBUG_VALUE: I2C_WriteNAU8822:data <- 8
	@DEBUG_VALUE: I2C_WriteNAU8822:addr <- 10
	adds	r1, r0, #2
	add.w	r0, r0, #4
	bne	.LBB0_227
.Ltmp325:
.LBB0_235:
	@DEBUG_VALUE: I2C_WriteNAU8822:addr <- 14
	@DEBUG_VALUE: I2C_WriteNAU8822:data <- 264
	.loc	1 89 5 is_stmt 1                @ ../VoicePlayer.cpp:89:5
	ldr	r0, [r5]
	orr	r0, r0, #32
	bic	r0, r0, #8
	str	r0, [r5]
.Ltmp326:
.LBB0_236:                              @ =>This Inner Loop Header: Depth=1
	@DEBUG_VALUE: I2C_WriteNAU8822:data <- 264
	@DEBUG_VALUE: I2C_WriteNAU8822:addr <- 14
	.loc	1 89 29 is_stmt 0               @ ../VoicePlayer.cpp:89:29
	ldr	r0, [r5]
	lsls	r0, r0, #28
	bmi	.LBB0_239
.Ltmp327:
@ %bb.237:                              @   in Loop: Header=BB0_236 Depth=1
	@DEBUG_VALUE: I2C_WriteNAU8822:data <- 264
	@DEBUG_VALUE: I2C_WriteNAU8822:addr <- 14
	ldr	r0, [r5]
	lsls	r0, r0, #28
	itt	pl
	ldrpl	r0, [r5]
	lslspl.w	r0, r0, #28
	bmi	.LBB0_239
.Ltmp328:
@ %bb.238:                              @   in Loop: Header=BB0_236 Depth=1
	@DEBUG_VALUE: I2C_WriteNAU8822:data <- 264
	@DEBUG_VALUE: I2C_WriteNAU8822:addr <- 14
	ldr	r0, [r5]
	lsls	r0, r0, #28
	bpl	.LBB0_236
.Ltmp329:
.LBB0_239:
	@DEBUG_VALUE: I2C_WriteNAU8822:data <- 264
	@DEBUG_VALUE: I2C_WriteNAU8822:addr <- 14
	.loc	1 0 29                          @ ../VoicePlayer.cpp:0:29
	movs	r0, #52
	movs	r1, #2
	.loc	1 90 5 is_stmt 1                @ ../VoicePlayer.cpp:90:5
	str	r0, [r5, #8]
	.loc	1 91 5                          @ ../VoicePlayer.cpp:91:5
	ldr	r0, [r5]
	bfi	r0, r1, #2, #4
	str	r0, [r5]
.Ltmp330:
.LBB0_240:                              @ =>This Inner Loop Header: Depth=1
	@DEBUG_VALUE: I2C_WriteNAU8822:data <- 264
	@DEBUG_VALUE: I2C_WriteNAU8822:addr <- 14
	.loc	1 91 51 is_stmt 0               @ ../VoicePlayer.cpp:91:51
	ldr	r0, [r5]
	lsls	r0, r0, #28
	bmi	.LBB0_243
.Ltmp331:
@ %bb.241:                              @   in Loop: Header=BB0_240 Depth=1
	@DEBUG_VALUE: I2C_WriteNAU8822:data <- 264
	@DEBUG_VALUE: I2C_WriteNAU8822:addr <- 14
	ldr	r0, [r5]
	lsls	r0, r0, #28
	itt	pl
	ldrpl	r0, [r5]
	lslspl.w	r0, r0, #28
	bmi	.LBB0_243
.Ltmp332:
@ %bb.242:                              @   in Loop: Header=BB0_240 Depth=1
	@DEBUG_VALUE: I2C_WriteNAU8822:data <- 264
	@DEBUG_VALUE: I2C_WriteNAU8822:addr <- 14
	ldr	r0, [r5]
	lsls	r0, r0, #28
	bpl	.LBB0_240
.Ltmp333:
.LBB0_243:
	@DEBUG_VALUE: I2C_WriteNAU8822:data <- 264
	@DEBUG_VALUE: I2C_WriteNAU8822:addr <- 14
	.loc	1 0 51                          @ ../VoicePlayer.cpp:0:51
	movs	r0, #29
	movs	r1, #2
	.loc	1 92 5 is_stmt 1                @ ../VoicePlayer.cpp:92:5
	str	r0, [r5, #8]
	.loc	1 93 5                          @ ../VoicePlayer.cpp:93:5
	ldr	r0, [r5]
	bfi	r0, r1, #2, #4
	str	r0, [r5]
.Ltmp334:
.LBB0_244:                              @ =>This Inner Loop Header: Depth=1
	@DEBUG_VALUE: I2C_WriteNAU8822:data <- 264
	@DEBUG_VALUE: I2C_WriteNAU8822:addr <- 14
	.loc	1 93 51 is_stmt 0               @ ../VoicePlayer.cpp:93:51
	ldr	r0, [r5]
	lsls	r0, r0, #28
	bmi	.LBB0_247
.Ltmp335:
@ %bb.245:                              @   in Loop: Header=BB0_244 Depth=1
	@DEBUG_VALUE: I2C_WriteNAU8822:data <- 264
	@DEBUG_VALUE: I2C_WriteNAU8822:addr <- 14
	ldr	r0, [r5]
	lsls	r0, r0, #28
	itt	pl
	ldrpl	r0, [r5]
	lslspl.w	r0, r0, #28
	bmi	.LBB0_247
.Ltmp336:
@ %bb.246:                              @   in Loop: Header=BB0_244 Depth=1
	@DEBUG_VALUE: I2C_WriteNAU8822:data <- 264
	@DEBUG_VALUE: I2C_WriteNAU8822:addr <- 14
	ldr	r0, [r5]
	lsls	r0, r0, #28
	bpl	.LBB0_244
.Ltmp337:
.LBB0_247:
	@DEBUG_VALUE: I2C_WriteNAU8822:data <- 264
	@DEBUG_VALUE: I2C_WriteNAU8822:addr <- 14
	.loc	1 0 51                          @ ../VoicePlayer.cpp:0:51
	movs	r0, #8
	movs	r1, #2
	.loc	1 94 5 is_stmt 1                @ ../VoicePlayer.cpp:94:5
	str	r0, [r5, #8]
	.loc	1 95 5                          @ ../VoicePlayer.cpp:95:5
	ldr	r0, [r5]
	bfi	r0, r1, #2, #4
	str	r0, [r5]
.Ltmp338:
.LBB0_248:                              @ =>This Inner Loop Header: Depth=1
	@DEBUG_VALUE: I2C_WriteNAU8822:data <- 264
	@DEBUG_VALUE: I2C_WriteNAU8822:addr <- 14
	.loc	1 95 51 is_stmt 0               @ ../VoicePlayer.cpp:95:51
	ldr	r0, [r5]
	lsls	r0, r0, #28
	bmi	.LBB0_251
.Ltmp339:
@ %bb.249:                              @   in Loop: Header=BB0_248 Depth=1
	@DEBUG_VALUE: I2C_WriteNAU8822:data <- 264
	@DEBUG_VALUE: I2C_WriteNAU8822:addr <- 14
	ldr	r0, [r5]
	lsls	r0, r0, #28
	itt	pl
	ldrpl	r0, [r5]
	lslspl.w	r0, r0, #28
	bmi	.LBB0_251
.Ltmp340:
@ %bb.250:                              @   in Loop: Header=BB0_248 Depth=1
	@DEBUG_VALUE: I2C_WriteNAU8822:data <- 264
	@DEBUG_VALUE: I2C_WriteNAU8822:addr <- 14
	ldr	r0, [r5]
	lsls	r0, r0, #28
	bpl	.LBB0_248
.Ltmp341:
.LBB0_251:
	@DEBUG_VALUE: I2C_WriteNAU8822:data <- 264
	@DEBUG_VALUE: I2C_WriteNAU8822:addr <- 14
	@DEBUG_VALUE: I2C_STOP:i2c <- 1076400128
	.loc	11 445 32 is_stmt 1             @ ../../../../Library/StdDriver/inc\i2c.h:445:32
	ldr.w	r0, [r10]
.Ltmp342:
	@DEBUG_VALUE: I2C_STOP:u32TimeOutCount <- $r0
	.loc	11 447 17                       @ ../../../../Library/StdDriver/inc\i2c.h:447:17
	ldr	r1, [r5]
	.loc	11 449 5                        @ ../../../../Library/StdDriver/inc\i2c.h:449:5
	rsb.w	r0, r0, #2
.Ltmp343:
	.loc	11 447 17                       @ ../../../../Library/StdDriver/inc\i2c.h:447:17
	orr	r1, r1, #24
	str	r1, [r5]
.Ltmp344:
	.loc	11 0 17 is_stmt 0               @ :0:17
.Ltmp345:
	.p2align	2
.LBB0_252:                              @ =>This Inner Loop Header: Depth=1
	@DEBUG_VALUE: I2C_STOP:i2c <- 1076400128
	@DEBUG_VALUE: I2C_WriteNAU8822:data <- 264
	@DEBUG_VALUE: I2C_WriteNAU8822:addr <- 14
	@DEBUG_VALUE: I2C_STOP:u32TimeOutCount <- [DW_OP_LLVM_arg 0, DW_OP_consts 2, DW_OP_consts 18446744073709551615, DW_OP_LLVM_arg 0, DW_OP_mul, DW_OP_plus, DW_OP_minus, DW_OP_consts 4, DW_OP_div, DW_OP_consts 18446744073709551612, DW_OP_mul, DW_OP_LLVM_arg 0, DW_OP_plus, DW_OP_stack_value] undef
	.loc	11 449 17 is_stmt 1             @ ../../../../Library/StdDriver/inc\i2c.h:449:17
	ldr	r1, [r5]
.Ltmp346:
	@DEBUG_VALUE: I2C_STOP:u32TimeOutCount <- [DW_OP_constu 1, DW_OP_minus, DW_OP_stack_value] $r0
	.loc	11 449 5 is_stmt 0              @ ../../../../Library/StdDriver/inc\i2c.h:449:5
	lsls	r1, r1, #27
	bpl	.LBB0_260
.Ltmp347:
@ %bb.253:                              @   in Loop: Header=BB0_252 Depth=1
	@DEBUG_VALUE: I2C_STOP:u32TimeOutCount <- [DW_OP_constu 1, DW_OP_minus, DW_OP_stack_value] $r0
	@DEBUG_VALUE: I2C_STOP:i2c <- 1076400128
	@DEBUG_VALUE: I2C_WriteNAU8822:data <- 264
	@DEBUG_VALUE: I2C_WriteNAU8822:addr <- 14
	cmp	r0, #1
	beq	.LBB0_260
.Ltmp348:
@ %bb.254:                              @   in Loop: Header=BB0_252 Depth=1
	@DEBUG_VALUE: I2C_STOP:u32TimeOutCount <- [DW_OP_constu 1, DW_OP_minus, DW_OP_stack_value] $r0
	@DEBUG_VALUE: I2C_STOP:i2c <- 1076400128
	@DEBUG_VALUE: I2C_WriteNAU8822:data <- 264
	@DEBUG_VALUE: I2C_WriteNAU8822:addr <- 14
	@DEBUG_VALUE: I2C_STOP:u32TimeOutCount <- [DW_OP_constu 1, DW_OP_minus, DW_OP_stack_value] $r0
	.loc	11 449 17                       @ ../../../../Library/StdDriver/inc\i2c.h:449:17
	ldr	r1, [r5]
.Ltmp349:
	@DEBUG_VALUE: I2C_STOP:u32TimeOutCount <- [DW_OP_constu 2, DW_OP_minus, DW_OP_stack_value] $r0
	.loc	11 449 5                        @ ../../../../Library/StdDriver/inc\i2c.h:449:5
	lsls	r1, r1, #27
	bpl	.LBB0_260
.Ltmp350:
@ %bb.255:                              @   in Loop: Header=BB0_252 Depth=1
	@DEBUG_VALUE: I2C_STOP:u32TimeOutCount <- [DW_OP_constu 2, DW_OP_minus, DW_OP_stack_value] $r0
	@DEBUG_VALUE: I2C_STOP:i2c <- 1076400128
	@DEBUG_VALUE: I2C_WriteNAU8822:data <- 264
	@DEBUG_VALUE: I2C_WriteNAU8822:addr <- 14
	cbz	r0, .LBB0_260
.Ltmp351:
@ %bb.256:                              @   in Loop: Header=BB0_252 Depth=1
	@DEBUG_VALUE: I2C_STOP:u32TimeOutCount <- [DW_OP_constu 2, DW_OP_minus, DW_OP_stack_value] $r0
	@DEBUG_VALUE: I2C_STOP:i2c <- 1076400128
	@DEBUG_VALUE: I2C_WriteNAU8822:data <- 264
	@DEBUG_VALUE: I2C_WriteNAU8822:addr <- 14
	@DEBUG_VALUE: I2C_STOP:u32TimeOutCount <- [DW_OP_constu 2, DW_OP_minus, DW_OP_stack_value] $r0
	.loc	11 449 17                       @ ../../../../Library/StdDriver/inc\i2c.h:449:17
	ldr	r1, [r5]
.Ltmp352:
	@DEBUG_VALUE: I2C_STOP:u32TimeOutCount <- [DW_OP_constu 3, DW_OP_minus, DW_OP_stack_value] $r0
	.loc	11 449 5                        @ ../../../../Library/StdDriver/inc\i2c.h:449:5
	lsls	r1, r1, #27
	bpl	.LBB0_260
.Ltmp353:
@ %bb.257:                              @   in Loop: Header=BB0_252 Depth=1
	@DEBUG_VALUE: I2C_STOP:u32TimeOutCount <- [DW_OP_constu 3, DW_OP_minus, DW_OP_stack_value] $r0
	@DEBUG_VALUE: I2C_STOP:i2c <- 1076400128
	@DEBUG_VALUE: I2C_WriteNAU8822:data <- 264
	@DEBUG_VALUE: I2C_WriteNAU8822:addr <- 14
	adds	r1, r0, #1
	beq	.LBB0_260
.Ltmp354:
@ %bb.258:                              @   in Loop: Header=BB0_252 Depth=1
	@DEBUG_VALUE: I2C_STOP:u32TimeOutCount <- [DW_OP_constu 3, DW_OP_minus, DW_OP_stack_value] $r0
	@DEBUG_VALUE: I2C_STOP:i2c <- 1076400128
	@DEBUG_VALUE: I2C_WriteNAU8822:data <- 264
	@DEBUG_VALUE: I2C_WriteNAU8822:addr <- 14
	@DEBUG_VALUE: I2C_STOP:u32TimeOutCount <- [DW_OP_constu 3, DW_OP_minus, DW_OP_stack_value] $r0
	.loc	11 449 17                       @ ../../../../Library/StdDriver/inc\i2c.h:449:17
	ldr	r1, [r5]
.Ltmp355:
	@DEBUG_VALUE: I2C_STOP:u32TimeOutCount <- [DW_OP_LLVM_arg 0, DW_OP_consts 2, DW_OP_consts 18446744073709551615, DW_OP_LLVM_arg 0, DW_OP_mul, DW_OP_plus, DW_OP_minus, DW_OP_consts 4, DW_OP_div, DW_OP_consts 18446744073709551612, DW_OP_mul, DW_OP_consts 18446744073709551612, DW_OP_LLVM_arg 0, DW_OP_plus, DW_OP_plus, DW_OP_stack_value] undef
	.loc	11 449 5                        @ ../../../../Library/StdDriver/inc\i2c.h:449:5
	lsls	r1, r1, #27
	bpl	.LBB0_260
.Ltmp356:
@ %bb.259:                              @   in Loop: Header=BB0_252 Depth=1
	@DEBUG_VALUE: I2C_STOP:i2c <- 1076400128
	@DEBUG_VALUE: I2C_WriteNAU8822:data <- 264
	@DEBUG_VALUE: I2C_WriteNAU8822:addr <- 14
	adds	r1, r0, #2
	add.w	r0, r0, #4
	bne	.LBB0_252
.Ltmp357:
.LBB0_260:
	@DEBUG_VALUE: I2C_WriteNAU8822:addr <- 15
	@DEBUG_VALUE: I2C_WriteNAU8822:data <- 495
	.loc	1 89 5 is_stmt 1                @ ../VoicePlayer.cpp:89:5
	ldr	r0, [r5]
	orr	r0, r0, #32
	bic	r0, r0, #8
	str	r0, [r5]
.Ltmp358:
.LBB0_261:                              @ =>This Inner Loop Header: Depth=1
	@DEBUG_VALUE: I2C_WriteNAU8822:data <- 495
	@DEBUG_VALUE: I2C_WriteNAU8822:addr <- 15
	.loc	1 89 29 is_stmt 0               @ ../VoicePlayer.cpp:89:29
	ldr	r0, [r5]
	lsls	r0, r0, #28
	bmi	.LBB0_264
.Ltmp359:
@ %bb.262:                              @   in Loop: Header=BB0_261 Depth=1
	@DEBUG_VALUE: I2C_WriteNAU8822:data <- 495
	@DEBUG_VALUE: I2C_WriteNAU8822:addr <- 15
	ldr	r0, [r5]
	lsls	r0, r0, #28
	itt	pl
	ldrpl	r0, [r5]
	lslspl.w	r0, r0, #28
	bmi	.LBB0_264
.Ltmp360:
@ %bb.263:                              @   in Loop: Header=BB0_261 Depth=1
	@DEBUG_VALUE: I2C_WriteNAU8822:data <- 495
	@DEBUG_VALUE: I2C_WriteNAU8822:addr <- 15
	ldr	r0, [r5]
	lsls	r0, r0, #28
	bpl	.LBB0_261
.Ltmp361:
.LBB0_264:
	@DEBUG_VALUE: I2C_WriteNAU8822:data <- 495
	@DEBUG_VALUE: I2C_WriteNAU8822:addr <- 15
	.loc	1 0 29                          @ ../VoicePlayer.cpp:0:29
	movs	r0, #52
	movs	r1, #2
	.loc	1 90 5 is_stmt 1                @ ../VoicePlayer.cpp:90:5
	str	r0, [r5, #8]
	.loc	1 91 5                          @ ../VoicePlayer.cpp:91:5
	ldr	r0, [r5]
	bfi	r0, r1, #2, #4
	str	r0, [r5]
.Ltmp362:
.LBB0_265:                              @ =>This Inner Loop Header: Depth=1
	@DEBUG_VALUE: I2C_WriteNAU8822:data <- 495
	@DEBUG_VALUE: I2C_WriteNAU8822:addr <- 15
	.loc	1 91 51 is_stmt 0               @ ../VoicePlayer.cpp:91:51
	ldr	r0, [r5]
	lsls	r0, r0, #28
	bmi	.LBB0_268
.Ltmp363:
@ %bb.266:                              @   in Loop: Header=BB0_265 Depth=1
	@DEBUG_VALUE: I2C_WriteNAU8822:data <- 495
	@DEBUG_VALUE: I2C_WriteNAU8822:addr <- 15
	ldr	r0, [r5]
	lsls	r0, r0, #28
	itt	pl
	ldrpl	r0, [r5]
	lslspl.w	r0, r0, #28
	bmi	.LBB0_268
.Ltmp364:
@ %bb.267:                              @   in Loop: Header=BB0_265 Depth=1
	@DEBUG_VALUE: I2C_WriteNAU8822:data <- 495
	@DEBUG_VALUE: I2C_WriteNAU8822:addr <- 15
	ldr	r0, [r5]
	lsls	r0, r0, #28
	bpl	.LBB0_265
.Ltmp365:
.LBB0_268:
	@DEBUG_VALUE: I2C_WriteNAU8822:data <- 495
	@DEBUG_VALUE: I2C_WriteNAU8822:addr <- 15
	.loc	1 0 51                          @ ../VoicePlayer.cpp:0:51
	movs	r0, #31
	movs	r1, #2
	.loc	1 92 5 is_stmt 1                @ ../VoicePlayer.cpp:92:5
	str	r0, [r5, #8]
	.loc	1 93 5                          @ ../VoicePlayer.cpp:93:5
	ldr	r0, [r5]
	bfi	r0, r1, #2, #4
	str	r0, [r5]
.Ltmp366:
.LBB0_269:                              @ =>This Inner Loop Header: Depth=1
	@DEBUG_VALUE: I2C_WriteNAU8822:data <- 495
	@DEBUG_VALUE: I2C_WriteNAU8822:addr <- 15
	.loc	1 93 51 is_stmt 0               @ ../VoicePlayer.cpp:93:51
	ldr	r0, [r5]
	lsls	r0, r0, #28
	bmi	.LBB0_272
.Ltmp367:
@ %bb.270:                              @   in Loop: Header=BB0_269 Depth=1
	@DEBUG_VALUE: I2C_WriteNAU8822:data <- 495
	@DEBUG_VALUE: I2C_WriteNAU8822:addr <- 15
	ldr	r0, [r5]
	lsls	r0, r0, #28
	itt	pl
	ldrpl	r0, [r5]
	lslspl.w	r0, r0, #28
	bmi	.LBB0_272
.Ltmp368:
@ %bb.271:                              @   in Loop: Header=BB0_269 Depth=1
	@DEBUG_VALUE: I2C_WriteNAU8822:data <- 495
	@DEBUG_VALUE: I2C_WriteNAU8822:addr <- 15
	ldr	r0, [r5]
	lsls	r0, r0, #28
	bpl	.LBB0_269
.Ltmp369:
.LBB0_272:
	@DEBUG_VALUE: I2C_WriteNAU8822:data <- 495
	@DEBUG_VALUE: I2C_WriteNAU8822:addr <- 15
	.loc	1 0 51                          @ ../VoicePlayer.cpp:0:51
	movs	r0, #239
	movs	r1, #2
	.loc	1 94 5 is_stmt 1                @ ../VoicePlayer.cpp:94:5
	str	r0, [r5, #8]
	.loc	1 95 5                          @ ../VoicePlayer.cpp:95:5
	ldr	r0, [r5]
	bfi	r0, r1, #2, #4
	str	r0, [r5]
.Ltmp370:
.LBB0_273:                              @ =>This Inner Loop Header: Depth=1
	@DEBUG_VALUE: I2C_WriteNAU8822:data <- 495
	@DEBUG_VALUE: I2C_WriteNAU8822:addr <- 15
	.loc	1 95 51 is_stmt 0               @ ../VoicePlayer.cpp:95:51
	ldr	r0, [r5]
	lsls	r0, r0, #28
	bmi	.LBB0_276
.Ltmp371:
@ %bb.274:                              @   in Loop: Header=BB0_273 Depth=1
	@DEBUG_VALUE: I2C_WriteNAU8822:data <- 495
	@DEBUG_VALUE: I2C_WriteNAU8822:addr <- 15
	ldr	r0, [r5]
	lsls	r0, r0, #28
	itt	pl
	ldrpl	r0, [r5]
	lslspl.w	r0, r0, #28
	bmi	.LBB0_276
.Ltmp372:
@ %bb.275:                              @   in Loop: Header=BB0_273 Depth=1
	@DEBUG_VALUE: I2C_WriteNAU8822:data <- 495
	@DEBUG_VALUE: I2C_WriteNAU8822:addr <- 15
	ldr	r0, [r5]
	lsls	r0, r0, #28
	bpl	.LBB0_273
.Ltmp373:
.LBB0_276:
	@DEBUG_VALUE: I2C_WriteNAU8822:data <- 495
	@DEBUG_VALUE: I2C_WriteNAU8822:addr <- 15
	@DEBUG_VALUE: I2C_STOP:i2c <- 1076400128
	.loc	11 445 32 is_stmt 1             @ ../../../../Library/StdDriver/inc\i2c.h:445:32
	ldr.w	r0, [r10]
.Ltmp374:
	@DEBUG_VALUE: I2C_STOP:u32TimeOutCount <- $r0
	.loc	11 447 17                       @ ../../../../Library/StdDriver/inc\i2c.h:447:17
	ldr	r1, [r5]
	.loc	11 449 5                        @ ../../../../Library/StdDriver/inc\i2c.h:449:5
	rsb.w	r0, r0, #2
.Ltmp375:
	.loc	11 447 17                       @ ../../../../Library/StdDriver/inc\i2c.h:447:17
	orr	r1, r1, #24
	str	r1, [r5]
.Ltmp376:
	.loc	11 0 17 is_stmt 0               @ :0:17
.Ltmp377:
	.p2align	2
.LBB0_277:                              @ =>This Inner Loop Header: Depth=1
	@DEBUG_VALUE: I2C_STOP:i2c <- 1076400128
	@DEBUG_VALUE: I2C_WriteNAU8822:data <- 495
	@DEBUG_VALUE: I2C_WriteNAU8822:addr <- 15
	@DEBUG_VALUE: I2C_STOP:u32TimeOutCount <- [DW_OP_LLVM_arg 0, DW_OP_consts 2, DW_OP_consts 18446744073709551615, DW_OP_LLVM_arg 0, DW_OP_mul, DW_OP_plus, DW_OP_minus, DW_OP_consts 4, DW_OP_div, DW_OP_consts 18446744073709551612, DW_OP_mul, DW_OP_LLVM_arg 0, DW_OP_plus, DW_OP_stack_value] undef
	.loc	11 449 17 is_stmt 1             @ ../../../../Library/StdDriver/inc\i2c.h:449:17
	ldr	r1, [r5]
.Ltmp378:
	@DEBUG_VALUE: I2C_STOP:u32TimeOutCount <- [DW_OP_constu 1, DW_OP_minus, DW_OP_stack_value] $r0
	.loc	11 449 5 is_stmt 0              @ ../../../../Library/StdDriver/inc\i2c.h:449:5
	lsls	r1, r1, #27
	bpl	.LBB0_285
.Ltmp379:
@ %bb.278:                              @   in Loop: Header=BB0_277 Depth=1
	@DEBUG_VALUE: I2C_STOP:u32TimeOutCount <- [DW_OP_constu 1, DW_OP_minus, DW_OP_stack_value] $r0
	@DEBUG_VALUE: I2C_STOP:i2c <- 1076400128
	@DEBUG_VALUE: I2C_WriteNAU8822:data <- 495
	@DEBUG_VALUE: I2C_WriteNAU8822:addr <- 15
	cmp	r0, #1
	beq	.LBB0_285
.Ltmp380:
@ %bb.279:                              @   in Loop: Header=BB0_277 Depth=1
	@DEBUG_VALUE: I2C_STOP:u32TimeOutCount <- [DW_OP_constu 1, DW_OP_minus, DW_OP_stack_value] $r0
	@DEBUG_VALUE: I2C_STOP:i2c <- 1076400128
	@DEBUG_VALUE: I2C_WriteNAU8822:data <- 495
	@DEBUG_VALUE: I2C_WriteNAU8822:addr <- 15
	@DEBUG_VALUE: I2C_STOP:u32TimeOutCount <- [DW_OP_constu 1, DW_OP_minus, DW_OP_stack_value] $r0
	.loc	11 449 17                       @ ../../../../Library/StdDriver/inc\i2c.h:449:17
	ldr	r1, [r5]
.Ltmp381:
	@DEBUG_VALUE: I2C_STOP:u32TimeOutCount <- [DW_OP_constu 2, DW_OP_minus, DW_OP_stack_value] $r0
	.loc	11 449 5                        @ ../../../../Library/StdDriver/inc\i2c.h:449:5
	lsls	r1, r1, #27
	bpl	.LBB0_285
.Ltmp382:
@ %bb.280:                              @   in Loop: Header=BB0_277 Depth=1
	@DEBUG_VALUE: I2C_STOP:u32TimeOutCount <- [DW_OP_constu 2, DW_OP_minus, DW_OP_stack_value] $r0
	@DEBUG_VALUE: I2C_STOP:i2c <- 1076400128
	@DEBUG_VALUE: I2C_WriteNAU8822:data <- 495
	@DEBUG_VALUE: I2C_WriteNAU8822:addr <- 15
	cbz	r0, .LBB0_285
.Ltmp383:
@ %bb.281:                              @   in Loop: Header=BB0_277 Depth=1
	@DEBUG_VALUE: I2C_STOP:u32TimeOutCount <- [DW_OP_constu 2, DW_OP_minus, DW_OP_stack_value] $r0
	@DEBUG_VALUE: I2C_STOP:i2c <- 1076400128
	@DEBUG_VALUE: I2C_WriteNAU8822:data <- 495
	@DEBUG_VALUE: I2C_WriteNAU8822:addr <- 15
	@DEBUG_VALUE: I2C_STOP:u32TimeOutCount <- [DW_OP_constu 2, DW_OP_minus, DW_OP_stack_value] $r0
	.loc	11 449 17                       @ ../../../../Library/StdDriver/inc\i2c.h:449:17
	ldr	r1, [r5]
.Ltmp384:
	@DEBUG_VALUE: I2C_STOP:u32TimeOutCount <- [DW_OP_constu 3, DW_OP_minus, DW_OP_stack_value] $r0
	.loc	11 449 5                        @ ../../../../Library/StdDriver/inc\i2c.h:449:5
	lsls	r1, r1, #27
	bpl	.LBB0_285
.Ltmp385:
@ %bb.282:                              @   in Loop: Header=BB0_277 Depth=1
	@DEBUG_VALUE: I2C_STOP:u32TimeOutCount <- [DW_OP_constu 3, DW_OP_minus, DW_OP_stack_value] $r0
	@DEBUG_VALUE: I2C_STOP:i2c <- 1076400128
	@DEBUG_VALUE: I2C_WriteNAU8822:data <- 495
	@DEBUG_VALUE: I2C_WriteNAU8822:addr <- 15
	adds	r1, r0, #1
	beq	.LBB0_285
.Ltmp386:
@ %bb.283:                              @   in Loop: Header=BB0_277 Depth=1
	@DEBUG_VALUE: I2C_STOP:u32TimeOutCount <- [DW_OP_constu 3, DW_OP_minus, DW_OP_stack_value] $r0
	@DEBUG_VALUE: I2C_STOP:i2c <- 1076400128
	@DEBUG_VALUE: I2C_WriteNAU8822:data <- 495
	@DEBUG_VALUE: I2C_WriteNAU8822:addr <- 15
	@DEBUG_VALUE: I2C_STOP:u32TimeOutCount <- [DW_OP_constu 3, DW_OP_minus, DW_OP_stack_value] $r0
	.loc	11 449 17                       @ ../../../../Library/StdDriver/inc\i2c.h:449:17
	ldr	r1, [r5]
.Ltmp387:
	@DEBUG_VALUE: I2C_STOP:u32TimeOutCount <- [DW_OP_LLVM_arg 0, DW_OP_consts 2, DW_OP_consts 18446744073709551615, DW_OP_LLVM_arg 0, DW_OP_mul, DW_OP_plus, DW_OP_minus, DW_OP_consts 4, DW_OP_div, DW_OP_consts 18446744073709551612, DW_OP_mul, DW_OP_consts 18446744073709551612, DW_OP_LLVM_arg 0, DW_OP_plus, DW_OP_plus, DW_OP_stack_value] undef
	.loc	11 449 5                        @ ../../../../Library/StdDriver/inc\i2c.h:449:5
	lsls	r1, r1, #27
	bpl	.LBB0_285
.Ltmp388:
@ %bb.284:                              @   in Loop: Header=BB0_277 Depth=1
	@DEBUG_VALUE: I2C_STOP:i2c <- 1076400128
	@DEBUG_VALUE: I2C_WriteNAU8822:data <- 495
	@DEBUG_VALUE: I2C_WriteNAU8822:addr <- 15
	adds	r1, r0, #2
	add.w	r0, r0, #4
	bne	.LBB0_277
.Ltmp389:
.LBB0_285:
	@DEBUG_VALUE: I2C_WriteNAU8822:addr <- 16
	@DEBUG_VALUE: I2C_WriteNAU8822:data <- 495
	.loc	1 89 5 is_stmt 1                @ ../VoicePlayer.cpp:89:5
	ldr	r0, [r5]
	orr	r0, r0, #32
	bic	r0, r0, #8
	str	r0, [r5]
.Ltmp390:
.LBB0_286:                              @ =>This Inner Loop Header: Depth=1
	@DEBUG_VALUE: I2C_WriteNAU8822:data <- 495
	@DEBUG_VALUE: I2C_WriteNAU8822:addr <- 16
	.loc	1 89 29 is_stmt 0               @ ../VoicePlayer.cpp:89:29
	ldr	r0, [r5]
	lsls	r0, r0, #28
	bmi	.LBB0_289
.Ltmp391:
@ %bb.287:                              @   in Loop: Header=BB0_286 Depth=1
	@DEBUG_VALUE: I2C_WriteNAU8822:data <- 495
	@DEBUG_VALUE: I2C_WriteNAU8822:addr <- 16
	ldr	r0, [r5]
	lsls	r0, r0, #28
	itt	pl
	ldrpl	r0, [r5]
	lslspl.w	r0, r0, #28
	bmi	.LBB0_289
.Ltmp392:
@ %bb.288:                              @   in Loop: Header=BB0_286 Depth=1
	@DEBUG_VALUE: I2C_WriteNAU8822:data <- 495
	@DEBUG_VALUE: I2C_WriteNAU8822:addr <- 16
	ldr	r0, [r5]
	lsls	r0, r0, #28
	bpl	.LBB0_286
.Ltmp393:
.LBB0_289:
	@DEBUG_VALUE: I2C_WriteNAU8822:data <- 495
	@DEBUG_VALUE: I2C_WriteNAU8822:addr <- 16
	.loc	1 0 29                          @ ../VoicePlayer.cpp:0:29
	movs	r0, #52
	movs	r1, #2
	.loc	1 90 5 is_stmt 1                @ ../VoicePlayer.cpp:90:5
	str	r0, [r5, #8]
	.loc	1 91 5                          @ ../VoicePlayer.cpp:91:5
	ldr	r0, [r5]
	bfi	r0, r1, #2, #4
	str	r0, [r5]
.Ltmp394:
.LBB0_290:                              @ =>This Inner Loop Header: Depth=1
	@DEBUG_VALUE: I2C_WriteNAU8822:data <- 495
	@DEBUG_VALUE: I2C_WriteNAU8822:addr <- 16
	.loc	1 91 51 is_stmt 0               @ ../VoicePlayer.cpp:91:51
	ldr	r0, [r5]
	lsls	r0, r0, #28
	bmi	.LBB0_293
.Ltmp395:
@ %bb.291:                              @   in Loop: Header=BB0_290 Depth=1
	@DEBUG_VALUE: I2C_WriteNAU8822:data <- 495
	@DEBUG_VALUE: I2C_WriteNAU8822:addr <- 16
	ldr	r0, [r5]
	lsls	r0, r0, #28
	itt	pl
	ldrpl	r0, [r5]
	lslspl.w	r0, r0, #28
	bmi	.LBB0_293
.Ltmp396:
@ %bb.292:                              @   in Loop: Header=BB0_290 Depth=1
	@DEBUG_VALUE: I2C_WriteNAU8822:data <- 495
	@DEBUG_VALUE: I2C_WriteNAU8822:addr <- 16
	ldr	r0, [r5]
	lsls	r0, r0, #28
	bpl	.LBB0_290
.Ltmp397:
.LBB0_293:
	@DEBUG_VALUE: I2C_WriteNAU8822:data <- 495
	@DEBUG_VALUE: I2C_WriteNAU8822:addr <- 16
	.loc	1 0 51                          @ ../VoicePlayer.cpp:0:51
	movs	r0, #33
	movs	r1, #2
	.loc	1 92 5 is_stmt 1                @ ../VoicePlayer.cpp:92:5
	str	r0, [r5, #8]
	.loc	1 93 5                          @ ../VoicePlayer.cpp:93:5
	ldr	r0, [r5]
	bfi	r0, r1, #2, #4
	str	r0, [r5]
.Ltmp398:
.LBB0_294:                              @ =>This Inner Loop Header: Depth=1
	@DEBUG_VALUE: I2C_WriteNAU8822:data <- 495
	@DEBUG_VALUE: I2C_WriteNAU8822:addr <- 16
	.loc	1 93 51 is_stmt 0               @ ../VoicePlayer.cpp:93:51
	ldr	r0, [r5]
	lsls	r0, r0, #28
	bmi	.LBB0_297
.Ltmp399:
@ %bb.295:                              @   in Loop: Header=BB0_294 Depth=1
	@DEBUG_VALUE: I2C_WriteNAU8822:data <- 495
	@DEBUG_VALUE: I2C_WriteNAU8822:addr <- 16
	ldr	r0, [r5]
	lsls	r0, r0, #28
	itt	pl
	ldrpl	r0, [r5]
	lslspl.w	r0, r0, #28
	bmi	.LBB0_297
.Ltmp400:
@ %bb.296:                              @   in Loop: Header=BB0_294 Depth=1
	@DEBUG_VALUE: I2C_WriteNAU8822:data <- 495
	@DEBUG_VALUE: I2C_WriteNAU8822:addr <- 16
	ldr	r0, [r5]
	lsls	r0, r0, #28
	bpl	.LBB0_294
.Ltmp401:
.LBB0_297:
	@DEBUG_VALUE: I2C_WriteNAU8822:data <- 495
	@DEBUG_VALUE: I2C_WriteNAU8822:addr <- 16
	.loc	1 0 51                          @ ../VoicePlayer.cpp:0:51
	movs	r0, #239
	movs	r1, #2
	.loc	1 94 5 is_stmt 1                @ ../VoicePlayer.cpp:94:5
	str	r0, [r5, #8]
	.loc	1 95 5                          @ ../VoicePlayer.cpp:95:5
	ldr	r0, [r5]
	bfi	r0, r1, #2, #4
	str	r0, [r5]
.Ltmp402:
.LBB0_298:                              @ =>This Inner Loop Header: Depth=1
	@DEBUG_VALUE: I2C_WriteNAU8822:data <- 495
	@DEBUG_VALUE: I2C_WriteNAU8822:addr <- 16
	.loc	1 95 51 is_stmt 0               @ ../VoicePlayer.cpp:95:51
	ldr	r0, [r5]
	lsls	r0, r0, #28
	bmi	.LBB0_301
.Ltmp403:
@ %bb.299:                              @   in Loop: Header=BB0_298 Depth=1
	@DEBUG_VALUE: I2C_WriteNAU8822:data <- 495
	@DEBUG_VALUE: I2C_WriteNAU8822:addr <- 16
	ldr	r0, [r5]
	lsls	r0, r0, #28
	itt	pl
	ldrpl	r0, [r5]
	lslspl.w	r0, r0, #28
	bmi	.LBB0_301
.Ltmp404:
@ %bb.300:                              @   in Loop: Header=BB0_298 Depth=1
	@DEBUG_VALUE: I2C_WriteNAU8822:data <- 495
	@DEBUG_VALUE: I2C_WriteNAU8822:addr <- 16
	ldr	r0, [r5]
	lsls	r0, r0, #28
	bpl	.LBB0_298
.Ltmp405:
.LBB0_301:
	@DEBUG_VALUE: I2C_WriteNAU8822:data <- 495
	@DEBUG_VALUE: I2C_WriteNAU8822:addr <- 16
	@DEBUG_VALUE: I2C_STOP:i2c <- 1076400128
	.loc	11 445 32 is_stmt 1             @ ../../../../Library/StdDriver/inc\i2c.h:445:32
	ldr.w	r0, [r10]
.Ltmp406:
	@DEBUG_VALUE: I2C_STOP:u32TimeOutCount <- $r0
	.loc	11 447 17                       @ ../../../../Library/StdDriver/inc\i2c.h:447:17
	ldr	r1, [r5]
	.loc	11 449 5                        @ ../../../../Library/StdDriver/inc\i2c.h:449:5
	rsb.w	r0, r0, #2
.Ltmp407:
	.loc	11 447 17                       @ ../../../../Library/StdDriver/inc\i2c.h:447:17
	orr	r1, r1, #24
	str	r1, [r5]
.Ltmp408:
	.loc	11 0 17 is_stmt 0               @ :0:17
.Ltmp409:
	.p2align	2
.LBB0_302:                              @ =>This Inner Loop Header: Depth=1
	@DEBUG_VALUE: I2C_STOP:i2c <- 1076400128
	@DEBUG_VALUE: I2C_WriteNAU8822:data <- 495
	@DEBUG_VALUE: I2C_WriteNAU8822:addr <- 16
	@DEBUG_VALUE: I2C_STOP:u32TimeOutCount <- [DW_OP_LLVM_arg 0, DW_OP_consts 2, DW_OP_consts 18446744073709551615, DW_OP_LLVM_arg 0, DW_OP_mul, DW_OP_plus, DW_OP_minus, DW_OP_consts 4, DW_OP_div, DW_OP_consts 18446744073709551612, DW_OP_mul, DW_OP_LLVM_arg 0, DW_OP_plus, DW_OP_stack_value] undef
	.loc	11 449 17 is_stmt 1             @ ../../../../Library/StdDriver/inc\i2c.h:449:17
	ldr	r1, [r5]
.Ltmp410:
	@DEBUG_VALUE: I2C_STOP:u32TimeOutCount <- [DW_OP_constu 1, DW_OP_minus, DW_OP_stack_value] $r0
	.loc	11 449 5 is_stmt 0              @ ../../../../Library/StdDriver/inc\i2c.h:449:5
	lsls	r1, r1, #27
	bpl	.LBB0_310
.Ltmp411:
@ %bb.303:                              @   in Loop: Header=BB0_302 Depth=1
	@DEBUG_VALUE: I2C_STOP:u32TimeOutCount <- [DW_OP_constu 1, DW_OP_minus, DW_OP_stack_value] $r0
	@DEBUG_VALUE: I2C_STOP:i2c <- 1076400128
	@DEBUG_VALUE: I2C_WriteNAU8822:data <- 495
	@DEBUG_VALUE: I2C_WriteNAU8822:addr <- 16
	cmp	r0, #1
	beq	.LBB0_310
.Ltmp412:
@ %bb.304:                              @   in Loop: Header=BB0_302 Depth=1
	@DEBUG_VALUE: I2C_STOP:u32TimeOutCount <- [DW_OP_constu 1, DW_OP_minus, DW_OP_stack_value] $r0
	@DEBUG_VALUE: I2C_STOP:i2c <- 1076400128
	@DEBUG_VALUE: I2C_WriteNAU8822:data <- 495
	@DEBUG_VALUE: I2C_WriteNAU8822:addr <- 16
	@DEBUG_VALUE: I2C_STOP:u32TimeOutCount <- [DW_OP_constu 1, DW_OP_minus, DW_OP_stack_value] $r0
	.loc	11 449 17                       @ ../../../../Library/StdDriver/inc\i2c.h:449:17
	ldr	r1, [r5]
.Ltmp413:
	@DEBUG_VALUE: I2C_STOP:u32TimeOutCount <- [DW_OP_constu 2, DW_OP_minus, DW_OP_stack_value] $r0
	.loc	11 449 5                        @ ../../../../Library/StdDriver/inc\i2c.h:449:5
	lsls	r1, r1, #27
	bpl	.LBB0_310
.Ltmp414:
@ %bb.305:                              @   in Loop: Header=BB0_302 Depth=1
	@DEBUG_VALUE: I2C_STOP:u32TimeOutCount <- [DW_OP_constu 2, DW_OP_minus, DW_OP_stack_value] $r0
	@DEBUG_VALUE: I2C_STOP:i2c <- 1076400128
	@DEBUG_VALUE: I2C_WriteNAU8822:data <- 495
	@DEBUG_VALUE: I2C_WriteNAU8822:addr <- 16
	cbz	r0, .LBB0_310
.Ltmp415:
@ %bb.306:                              @   in Loop: Header=BB0_302 Depth=1
	@DEBUG_VALUE: I2C_STOP:u32TimeOutCount <- [DW_OP_constu 2, DW_OP_minus, DW_OP_stack_value] $r0
	@DEBUG_VALUE: I2C_STOP:i2c <- 1076400128
	@DEBUG_VALUE: I2C_WriteNAU8822:data <- 495
	@DEBUG_VALUE: I2C_WriteNAU8822:addr <- 16
	@DEBUG_VALUE: I2C_STOP:u32TimeOutCount <- [DW_OP_constu 2, DW_OP_minus, DW_OP_stack_value] $r0
	.loc	11 449 17                       @ ../../../../Library/StdDriver/inc\i2c.h:449:17
	ldr	r1, [r5]
.Ltmp416:
	@DEBUG_VALUE: I2C_STOP:u32TimeOutCount <- [DW_OP_constu 3, DW_OP_minus, DW_OP_stack_value] $r0
	.loc	11 449 5                        @ ../../../../Library/StdDriver/inc\i2c.h:449:5
	lsls	r1, r1, #27
	bpl	.LBB0_310
.Ltmp417:
@ %bb.307:                              @   in Loop: Header=BB0_302 Depth=1
	@DEBUG_VALUE: I2C_STOP:u32TimeOutCount <- [DW_OP_constu 3, DW_OP_minus, DW_OP_stack_value] $r0
	@DEBUG_VALUE: I2C_STOP:i2c <- 1076400128
	@DEBUG_VALUE: I2C_WriteNAU8822:data <- 495
	@DEBUG_VALUE: I2C_WriteNAU8822:addr <- 16
	adds	r1, r0, #1
	beq	.LBB0_310
.Ltmp418:
@ %bb.308:                              @   in Loop: Header=BB0_302 Depth=1
	@DEBUG_VALUE: I2C_STOP:u32TimeOutCount <- [DW_OP_constu 3, DW_OP_minus, DW_OP_stack_value] $r0
	@DEBUG_VALUE: I2C_STOP:i2c <- 1076400128
	@DEBUG_VALUE: I2C_WriteNAU8822:data <- 495
	@DEBUG_VALUE: I2C_WriteNAU8822:addr <- 16
	@DEBUG_VALUE: I2C_STOP:u32TimeOutCount <- [DW_OP_constu 3, DW_OP_minus, DW_OP_stack_value] $r0
	.loc	11 449 17                       @ ../../../../Library/StdDriver/inc\i2c.h:449:17
	ldr	r1, [r5]
.Ltmp419:
	@DEBUG_VALUE: I2C_STOP:u32TimeOutCount <- [DW_OP_LLVM_arg 0, DW_OP_consts 2, DW_OP_consts 18446744073709551615, DW_OP_LLVM_arg 0, DW_OP_mul, DW_OP_plus, DW_OP_minus, DW_OP_consts 4, DW_OP_div, DW_OP_consts 18446744073709551612, DW_OP_mul, DW_OP_consts 18446744073709551612, DW_OP_LLVM_arg 0, DW_OP_plus, DW_OP_plus, DW_OP_stack_value] undef
	.loc	11 449 5                        @ ../../../../Library/StdDriver/inc\i2c.h:449:5
	lsls	r1, r1, #27
	bpl	.LBB0_310
.Ltmp420:
@ %bb.309:                              @   in Loop: Header=BB0_302 Depth=1
	@DEBUG_VALUE: I2C_STOP:i2c <- 1076400128
	@DEBUG_VALUE: I2C_WriteNAU8822:data <- 495
	@DEBUG_VALUE: I2C_WriteNAU8822:addr <- 16
	adds	r1, r0, #2
	add.w	r0, r0, #4
	bne	.LBB0_302
.Ltmp421:
.LBB0_310:
	@DEBUG_VALUE: I2C_WriteNAU8822:addr <- 44
	@DEBUG_VALUE: I2C_WriteNAU8822:data <- 0
	.loc	1 89 5 is_stmt 1                @ ../VoicePlayer.cpp:89:5
	ldr	r0, [r5]
	orr	r0, r0, #32
	bic	r0, r0, #8
	str	r0, [r5]
.Ltmp422:
.LBB0_311:                              @ =>This Inner Loop Header: Depth=1
	@DEBUG_VALUE: I2C_WriteNAU8822:data <- 0
	@DEBUG_VALUE: I2C_WriteNAU8822:addr <- 44
	.loc	1 89 29 is_stmt 0               @ ../VoicePlayer.cpp:89:29
	ldr	r0, [r5]
	lsls	r0, r0, #28
	bmi	.LBB0_314
.Ltmp423:
@ %bb.312:                              @   in Loop: Header=BB0_311 Depth=1
	@DEBUG_VALUE: I2C_WriteNAU8822:data <- 0
	@DEBUG_VALUE: I2C_WriteNAU8822:addr <- 44
	ldr	r0, [r5]
	lsls	r0, r0, #28
	itt	pl
	ldrpl	r0, [r5]
	lslspl.w	r0, r0, #28
	bmi	.LBB0_314
.Ltmp424:
@ %bb.313:                              @   in Loop: Header=BB0_311 Depth=1
	@DEBUG_VALUE: I2C_WriteNAU8822:data <- 0
	@DEBUG_VALUE: I2C_WriteNAU8822:addr <- 44
	ldr	r0, [r5]
	lsls	r0, r0, #28
	bpl	.LBB0_311
.Ltmp425:
.LBB0_314:
	@DEBUG_VALUE: I2C_WriteNAU8822:data <- 0
	@DEBUG_VALUE: I2C_WriteNAU8822:addr <- 44
	.loc	1 0 29                          @ ../VoicePlayer.cpp:0:29
	movs	r0, #52
	movs	r1, #2
	.loc	1 90 5 is_stmt 1                @ ../VoicePlayer.cpp:90:5
	str	r0, [r5, #8]
	.loc	1 91 5                          @ ../VoicePlayer.cpp:91:5
	ldr	r0, [r5]
	bfi	r0, r1, #2, #4
	str	r0, [r5]
.Ltmp426:
.LBB0_315:                              @ =>This Inner Loop Header: Depth=1
	@DEBUG_VALUE: I2C_WriteNAU8822:data <- 0
	@DEBUG_VALUE: I2C_WriteNAU8822:addr <- 44
	.loc	1 91 51 is_stmt 0               @ ../VoicePlayer.cpp:91:51
	ldr	r0, [r5]
	lsls	r0, r0, #28
	bmi	.LBB0_318
.Ltmp427:
@ %bb.316:                              @   in Loop: Header=BB0_315 Depth=1
	@DEBUG_VALUE: I2C_WriteNAU8822:data <- 0
	@DEBUG_VALUE: I2C_WriteNAU8822:addr <- 44
	ldr	r0, [r5]
	lsls	r0, r0, #28
	itt	pl
	ldrpl	r0, [r5]
	lslspl.w	r0, r0, #28
	bmi	.LBB0_318
.Ltmp428:
@ %bb.317:                              @   in Loop: Header=BB0_315 Depth=1
	@DEBUG_VALUE: I2C_WriteNAU8822:data <- 0
	@DEBUG_VALUE: I2C_WriteNAU8822:addr <- 44
	ldr	r0, [r5]
	lsls	r0, r0, #28
	bpl	.LBB0_315
.Ltmp429:
.LBB0_318:
	@DEBUG_VALUE: I2C_WriteNAU8822:data <- 0
	@DEBUG_VALUE: I2C_WriteNAU8822:addr <- 44
	.loc	1 0 51                          @ ../VoicePlayer.cpp:0:51
	movs	r0, #88
	movs	r1, #2
	.loc	1 92 5 is_stmt 1                @ ../VoicePlayer.cpp:92:5
	str	r0, [r5, #8]
	.loc	1 93 5                          @ ../VoicePlayer.cpp:93:5
	ldr	r0, [r5]
	bfi	r0, r1, #2, #4
	str	r0, [r5]
.Ltmp430:
.LBB0_319:                              @ =>This Inner Loop Header: Depth=1
	@DEBUG_VALUE: I2C_WriteNAU8822:data <- 0
	@DEBUG_VALUE: I2C_WriteNAU8822:addr <- 44
	.loc	1 93 51 is_stmt 0               @ ../VoicePlayer.cpp:93:51
	ldr	r0, [r5]
	lsls	r0, r0, #28
	bmi	.LBB0_322
.Ltmp431:
@ %bb.320:                              @   in Loop: Header=BB0_319 Depth=1
	@DEBUG_VALUE: I2C_WriteNAU8822:data <- 0
	@DEBUG_VALUE: I2C_WriteNAU8822:addr <- 44
	ldr	r0, [r5]
	lsls	r0, r0, #28
	itt	pl
	ldrpl	r0, [r5]
	lslspl.w	r0, r0, #28
	bmi	.LBB0_322
.Ltmp432:
@ %bb.321:                              @   in Loop: Header=BB0_319 Depth=1
	@DEBUG_VALUE: I2C_WriteNAU8822:data <- 0
	@DEBUG_VALUE: I2C_WriteNAU8822:addr <- 44
	ldr	r0, [r5]
	lsls	r0, r0, #28
	bpl	.LBB0_319
.Ltmp433:
.LBB0_322:
	@DEBUG_VALUE: I2C_WriteNAU8822:data <- 0
	@DEBUG_VALUE: I2C_WriteNAU8822:addr <- 44
	.loc	1 0 51                          @ ../VoicePlayer.cpp:0:51
	movs	r0, #0
	movs	r1, #2
	.loc	1 94 5 is_stmt 1                @ ../VoicePlayer.cpp:94:5
	str	r0, [r5, #8]
	.loc	1 95 5                          @ ../VoicePlayer.cpp:95:5
	ldr	r0, [r5]
	bfi	r0, r1, #2, #4
	str	r0, [r5]
.Ltmp434:
.LBB0_323:                              @ =>This Inner Loop Header: Depth=1
	@DEBUG_VALUE: I2C_WriteNAU8822:data <- 0
	@DEBUG_VALUE: I2C_WriteNAU8822:addr <- 44
	.loc	1 95 51 is_stmt 0               @ ../VoicePlayer.cpp:95:51
	ldr	r0, [r5]
	lsls	r0, r0, #28
	bmi	.LBB0_326
.Ltmp435:
@ %bb.324:                              @   in Loop: Header=BB0_323 Depth=1
	@DEBUG_VALUE: I2C_WriteNAU8822:data <- 0
	@DEBUG_VALUE: I2C_WriteNAU8822:addr <- 44
	ldr	r0, [r5]
	lsls	r0, r0, #28
	itt	pl
	ldrpl	r0, [r5]
	lslspl.w	r0, r0, #28
	bmi	.LBB0_326
.Ltmp436:
@ %bb.325:                              @   in Loop: Header=BB0_323 Depth=1
	@DEBUG_VALUE: I2C_WriteNAU8822:data <- 0
	@DEBUG_VALUE: I2C_WriteNAU8822:addr <- 44
	ldr	r0, [r5]
	lsls	r0, r0, #28
	bpl	.LBB0_323
.Ltmp437:
.LBB0_326:
	@DEBUG_VALUE: I2C_WriteNAU8822:data <- 0
	@DEBUG_VALUE: I2C_WriteNAU8822:addr <- 44
	@DEBUG_VALUE: I2C_STOP:i2c <- 1076400128
	.loc	11 445 32 is_stmt 1             @ ../../../../Library/StdDriver/inc\i2c.h:445:32
	ldr.w	r0, [r10]
.Ltmp438:
	@DEBUG_VALUE: I2C_STOP:u32TimeOutCount <- $r0
	.loc	11 447 17                       @ ../../../../Library/StdDriver/inc\i2c.h:447:17
	ldr	r1, [r5]
	.loc	11 449 5                        @ ../../../../Library/StdDriver/inc\i2c.h:449:5
	rsb.w	r0, r0, #2
.Ltmp439:
	.loc	11 447 17                       @ ../../../../Library/StdDriver/inc\i2c.h:447:17
	orr	r1, r1, #24
	str	r1, [r5]
.Ltmp440:
	.loc	11 0 17 is_stmt 0               @ :0:17
.Ltmp441:
	.p2align	2
.LBB0_327:                              @ =>This Inner Loop Header: Depth=1
	@DEBUG_VALUE: I2C_STOP:i2c <- 1076400128
	@DEBUG_VALUE: I2C_WriteNAU8822:data <- 0
	@DEBUG_VALUE: I2C_WriteNAU8822:addr <- 44
	@DEBUG_VALUE: I2C_STOP:u32TimeOutCount <- [DW_OP_LLVM_arg 0, DW_OP_consts 2, DW_OP_consts 18446744073709551615, DW_OP_LLVM_arg 0, DW_OP_mul, DW_OP_plus, DW_OP_minus, DW_OP_consts 4, DW_OP_div, DW_OP_consts 18446744073709551612, DW_OP_mul, DW_OP_LLVM_arg 0, DW_OP_plus, DW_OP_stack_value] undef
	.loc	11 449 17 is_stmt 1             @ ../../../../Library/StdDriver/inc\i2c.h:449:17
	ldr	r1, [r5]
.Ltmp442:
	@DEBUG_VALUE: I2C_STOP:u32TimeOutCount <- [DW_OP_constu 1, DW_OP_minus, DW_OP_stack_value] $r0
	.loc	11 449 5 is_stmt 0              @ ../../../../Library/StdDriver/inc\i2c.h:449:5
	lsls	r1, r1, #27
	bpl	.LBB0_335
.Ltmp443:
@ %bb.328:                              @   in Loop: Header=BB0_327 Depth=1
	@DEBUG_VALUE: I2C_STOP:u32TimeOutCount <- [DW_OP_constu 1, DW_OP_minus, DW_OP_stack_value] $r0
	@DEBUG_VALUE: I2C_STOP:i2c <- 1076400128
	@DEBUG_VALUE: I2C_WriteNAU8822:data <- 0
	@DEBUG_VALUE: I2C_WriteNAU8822:addr <- 44
	cmp	r0, #1
	beq	.LBB0_335
.Ltmp444:
@ %bb.329:                              @   in Loop: Header=BB0_327 Depth=1
	@DEBUG_VALUE: I2C_STOP:u32TimeOutCount <- [DW_OP_constu 1, DW_OP_minus, DW_OP_stack_value] $r0
	@DEBUG_VALUE: I2C_STOP:i2c <- 1076400128
	@DEBUG_VALUE: I2C_WriteNAU8822:data <- 0
	@DEBUG_VALUE: I2C_WriteNAU8822:addr <- 44
	@DEBUG_VALUE: I2C_STOP:u32TimeOutCount <- [DW_OP_constu 1, DW_OP_minus, DW_OP_stack_value] $r0
	.loc	11 449 17                       @ ../../../../Library/StdDriver/inc\i2c.h:449:17
	ldr	r1, [r5]
.Ltmp445:
	@DEBUG_VALUE: I2C_STOP:u32TimeOutCount <- [DW_OP_constu 2, DW_OP_minus, DW_OP_stack_value] $r0
	.loc	11 449 5                        @ ../../../../Library/StdDriver/inc\i2c.h:449:5
	lsls	r1, r1, #27
	bpl	.LBB0_335
.Ltmp446:
@ %bb.330:                              @   in Loop: Header=BB0_327 Depth=1
	@DEBUG_VALUE: I2C_STOP:u32TimeOutCount <- [DW_OP_constu 2, DW_OP_minus, DW_OP_stack_value] $r0
	@DEBUG_VALUE: I2C_STOP:i2c <- 1076400128
	@DEBUG_VALUE: I2C_WriteNAU8822:data <- 0
	@DEBUG_VALUE: I2C_WriteNAU8822:addr <- 44
	cbz	r0, .LBB0_335
.Ltmp447:
@ %bb.331:                              @   in Loop: Header=BB0_327 Depth=1
	@DEBUG_VALUE: I2C_STOP:u32TimeOutCount <- [DW_OP_constu 2, DW_OP_minus, DW_OP_stack_value] $r0
	@DEBUG_VALUE: I2C_STOP:i2c <- 1076400128
	@DEBUG_VALUE: I2C_WriteNAU8822:data <- 0
	@DEBUG_VALUE: I2C_WriteNAU8822:addr <- 44
	@DEBUG_VALUE: I2C_STOP:u32TimeOutCount <- [DW_OP_constu 2, DW_OP_minus, DW_OP_stack_value] $r0
	.loc	11 449 17                       @ ../../../../Library/StdDriver/inc\i2c.h:449:17
	ldr	r1, [r5]
.Ltmp448:
	@DEBUG_VALUE: I2C_STOP:u32TimeOutCount <- [DW_OP_constu 3, DW_OP_minus, DW_OP_stack_value] $r0
	.loc	11 449 5                        @ ../../../../Library/StdDriver/inc\i2c.h:449:5
	lsls	r1, r1, #27
	bpl	.LBB0_335
.Ltmp449:
@ %bb.332:                              @   in Loop: Header=BB0_327 Depth=1
	@DEBUG_VALUE: I2C_STOP:u32TimeOutCount <- [DW_OP_constu 3, DW_OP_minus, DW_OP_stack_value] $r0
	@DEBUG_VALUE: I2C_STOP:i2c <- 1076400128
	@DEBUG_VALUE: I2C_WriteNAU8822:data <- 0
	@DEBUG_VALUE: I2C_WriteNAU8822:addr <- 44
	adds	r1, r0, #1
	beq	.LBB0_335
.Ltmp450:
@ %bb.333:                              @   in Loop: Header=BB0_327 Depth=1
	@DEBUG_VALUE: I2C_STOP:u32TimeOutCount <- [DW_OP_constu 3, DW_OP_minus, DW_OP_stack_value] $r0
	@DEBUG_VALUE: I2C_STOP:i2c <- 1076400128
	@DEBUG_VALUE: I2C_WriteNAU8822:data <- 0
	@DEBUG_VALUE: I2C_WriteNAU8822:addr <- 44
	@DEBUG_VALUE: I2C_STOP:u32TimeOutCount <- [DW_OP_constu 3, DW_OP_minus, DW_OP_stack_value] $r0
	.loc	11 449 17                       @ ../../../../Library/StdDriver/inc\i2c.h:449:17
	ldr	r1, [r5]
.Ltmp451:
	@DEBUG_VALUE: I2C_STOP:u32TimeOutCount <- [DW_OP_LLVM_arg 0, DW_OP_consts 2, DW_OP_consts 18446744073709551615, DW_OP_LLVM_arg 0, DW_OP_mul, DW_OP_plus, DW_OP_minus, DW_OP_consts 4, DW_OP_div, DW_OP_consts 18446744073709551612, DW_OP_mul, DW_OP_consts 18446744073709551612, DW_OP_LLVM_arg 0, DW_OP_plus, DW_OP_plus, DW_OP_stack_value] undef
	.loc	11 449 5                        @ ../../../../Library/StdDriver/inc\i2c.h:449:5
	lsls	r1, r1, #27
	bpl	.LBB0_335
.Ltmp452:
@ %bb.334:                              @   in Loop: Header=BB0_327 Depth=1
	@DEBUG_VALUE: I2C_STOP:i2c <- 1076400128
	@DEBUG_VALUE: I2C_WriteNAU8822:data <- 0
	@DEBUG_VALUE: I2C_WriteNAU8822:addr <- 44
	adds	r1, r0, #2
	add.w	r0, r0, #4
	bne	.LBB0_327
.Ltmp453:
.LBB0_335:
	@DEBUG_VALUE: I2C_WriteNAU8822:addr <- 47
	@DEBUG_VALUE: I2C_WriteNAU8822:data <- 80
	.loc	1 89 5 is_stmt 1                @ ../VoicePlayer.cpp:89:5
	ldr	r0, [r5]
	orr	r0, r0, #32
	bic	r0, r0, #8
	str	r0, [r5]
.Ltmp454:
.LBB0_336:                              @ =>This Inner Loop Header: Depth=1
	@DEBUG_VALUE: I2C_WriteNAU8822:data <- 80
	@DEBUG_VALUE: I2C_WriteNAU8822:addr <- 47
	.loc	1 89 29 is_stmt 0               @ ../VoicePlayer.cpp:89:29
	ldr	r0, [r5]
	lsls	r0, r0, #28
	bmi	.LBB0_339
.Ltmp455:
@ %bb.337:                              @   in Loop: Header=BB0_336 Depth=1
	@DEBUG_VALUE: I2C_WriteNAU8822:data <- 80
	@DEBUG_VALUE: I2C_WriteNAU8822:addr <- 47
	ldr	r0, [r5]
	lsls	r0, r0, #28
	itt	pl
	ldrpl	r0, [r5]
	lslspl.w	r0, r0, #28
	bmi	.LBB0_339
.Ltmp456:
@ %bb.338:                              @   in Loop: Header=BB0_336 Depth=1
	@DEBUG_VALUE: I2C_WriteNAU8822:data <- 80
	@DEBUG_VALUE: I2C_WriteNAU8822:addr <- 47
	ldr	r0, [r5]
	lsls	r0, r0, #28
	bpl	.LBB0_336
.Ltmp457:
.LBB0_339:
	@DEBUG_VALUE: I2C_WriteNAU8822:data <- 80
	@DEBUG_VALUE: I2C_WriteNAU8822:addr <- 47
	.loc	1 0 29                          @ ../VoicePlayer.cpp:0:29
	movs	r0, #52
	movs	r1, #2
	.loc	1 90 5 is_stmt 1                @ ../VoicePlayer.cpp:90:5
	str	r0, [r5, #8]
	.loc	1 91 5                          @ ../VoicePlayer.cpp:91:5
	ldr	r0, [r5]
	bfi	r0, r1, #2, #4
	str	r0, [r5]
.Ltmp458:
.LBB0_340:                              @ =>This Inner Loop Header: Depth=1
	@DEBUG_VALUE: I2C_WriteNAU8822:data <- 80
	@DEBUG_VALUE: I2C_WriteNAU8822:addr <- 47
	.loc	1 91 51 is_stmt 0               @ ../VoicePlayer.cpp:91:51
	ldr	r0, [r5]
	lsls	r0, r0, #28
	bmi	.LBB0_343
.Ltmp459:
@ %bb.341:                              @   in Loop: Header=BB0_340 Depth=1
	@DEBUG_VALUE: I2C_WriteNAU8822:data <- 80
	@DEBUG_VALUE: I2C_WriteNAU8822:addr <- 47
	ldr	r0, [r5]
	lsls	r0, r0, #28
	itt	pl
	ldrpl	r0, [r5]
	lslspl.w	r0, r0, #28
	bmi	.LBB0_343
.Ltmp460:
@ %bb.342:                              @   in Loop: Header=BB0_340 Depth=1
	@DEBUG_VALUE: I2C_WriteNAU8822:data <- 80
	@DEBUG_VALUE: I2C_WriteNAU8822:addr <- 47
	ldr	r0, [r5]
	lsls	r0, r0, #28
	bpl	.LBB0_340
.Ltmp461:
.LBB0_343:
	@DEBUG_VALUE: I2C_WriteNAU8822:data <- 80
	@DEBUG_VALUE: I2C_WriteNAU8822:addr <- 47
	.loc	1 0 51                          @ ../VoicePlayer.cpp:0:51
	movs	r0, #94
	movs	r1, #2
	.loc	1 92 5 is_stmt 1                @ ../VoicePlayer.cpp:92:5
	str	r0, [r5, #8]
	.loc	1 93 5                          @ ../VoicePlayer.cpp:93:5
	ldr	r0, [r5]
	bfi	r0, r1, #2, #4
	str	r0, [r5]
.Ltmp462:
.LBB0_344:                              @ =>This Inner Loop Header: Depth=1
	@DEBUG_VALUE: I2C_WriteNAU8822:data <- 80
	@DEBUG_VALUE: I2C_WriteNAU8822:addr <- 47
	.loc	1 93 51 is_stmt 0               @ ../VoicePlayer.cpp:93:51
	ldr	r0, [r5]
	lsls	r0, r0, #28
	bmi	.LBB0_347
.Ltmp463:
@ %bb.345:                              @   in Loop: Header=BB0_344 Depth=1
	@DEBUG_VALUE: I2C_WriteNAU8822:data <- 80
	@DEBUG_VALUE: I2C_WriteNAU8822:addr <- 47
	ldr	r0, [r5]
	lsls	r0, r0, #28
	itt	pl
	ldrpl	r0, [r5]
	lslspl.w	r0, r0, #28
	bmi	.LBB0_347
.Ltmp464:
@ %bb.346:                              @   in Loop: Header=BB0_344 Depth=1
	@DEBUG_VALUE: I2C_WriteNAU8822:data <- 80
	@DEBUG_VALUE: I2C_WriteNAU8822:addr <- 47
	ldr	r0, [r5]
	lsls	r0, r0, #28
	bpl	.LBB0_344
.Ltmp465:
.LBB0_347:
	@DEBUG_VALUE: I2C_WriteNAU8822:data <- 80
	@DEBUG_VALUE: I2C_WriteNAU8822:addr <- 47
	.loc	1 0 51                          @ ../VoicePlayer.cpp:0:51
	movs	r0, #80
	movs	r1, #2
	.loc	1 94 5 is_stmt 1                @ ../VoicePlayer.cpp:94:5
	str	r0, [r5, #8]
	.loc	1 95 5                          @ ../VoicePlayer.cpp:95:5
	ldr	r0, [r5]
	bfi	r0, r1, #2, #4
	str	r0, [r5]
.Ltmp466:
.LBB0_348:                              @ =>This Inner Loop Header: Depth=1
	@DEBUG_VALUE: I2C_WriteNAU8822:data <- 80
	@DEBUG_VALUE: I2C_WriteNAU8822:addr <- 47
	.loc	1 95 51 is_stmt 0               @ ../VoicePlayer.cpp:95:51
	ldr	r0, [r5]
	lsls	r0, r0, #28
	bmi	.LBB0_351
.Ltmp467:
@ %bb.349:                              @   in Loop: Header=BB0_348 Depth=1
	@DEBUG_VALUE: I2C_WriteNAU8822:data <- 80
	@DEBUG_VALUE: I2C_WriteNAU8822:addr <- 47
	ldr	r0, [r5]
	lsls	r0, r0, #28
	itt	pl
	ldrpl	r0, [r5]
	lslspl.w	r0, r0, #28
	bmi	.LBB0_351
.Ltmp468:
@ %bb.350:                              @   in Loop: Header=BB0_348 Depth=1
	@DEBUG_VALUE: I2C_WriteNAU8822:data <- 80
	@DEBUG_VALUE: I2C_WriteNAU8822:addr <- 47
	ldr	r0, [r5]
	lsls	r0, r0, #28
	bpl	.LBB0_348
.Ltmp469:
.LBB0_351:
	@DEBUG_VALUE: I2C_WriteNAU8822:data <- 80
	@DEBUG_VALUE: I2C_WriteNAU8822:addr <- 47
	@DEBUG_VALUE: I2C_STOP:i2c <- 1076400128
	.loc	11 445 32 is_stmt 1             @ ../../../../Library/StdDriver/inc\i2c.h:445:32
	ldr.w	r0, [r10]
.Ltmp470:
	@DEBUG_VALUE: I2C_STOP:u32TimeOutCount <- $r0
	.loc	11 447 17                       @ ../../../../Library/StdDriver/inc\i2c.h:447:17
	ldr	r1, [r5]
	.loc	11 449 5                        @ ../../../../Library/StdDriver/inc\i2c.h:449:5
	rsb.w	r0, r0, #2
.Ltmp471:
	.loc	11 447 17                       @ ../../../../Library/StdDriver/inc\i2c.h:447:17
	orr	r1, r1, #24
	str	r1, [r5]
.Ltmp472:
	.loc	11 0 17 is_stmt 0               @ :0:17
.Ltmp473:
	.p2align	2
.LBB0_352:                              @ =>This Inner Loop Header: Depth=1
	@DEBUG_VALUE: I2C_STOP:i2c <- 1076400128
	@DEBUG_VALUE: I2C_WriteNAU8822:data <- 80
	@DEBUG_VALUE: I2C_WriteNAU8822:addr <- 47
	@DEBUG_VALUE: I2C_STOP:u32TimeOutCount <- [DW_OP_LLVM_arg 0, DW_OP_consts 2, DW_OP_consts 18446744073709551615, DW_OP_LLVM_arg 0, DW_OP_mul, DW_OP_plus, DW_OP_minus, DW_OP_consts 4, DW_OP_div, DW_OP_consts 18446744073709551612, DW_OP_mul, DW_OP_LLVM_arg 0, DW_OP_plus, DW_OP_stack_value] undef
	.loc	11 449 17 is_stmt 1             @ ../../../../Library/StdDriver/inc\i2c.h:449:17
	ldr	r1, [r5]
.Ltmp474:
	@DEBUG_VALUE: I2C_STOP:u32TimeOutCount <- [DW_OP_constu 1, DW_OP_minus, DW_OP_stack_value] $r0
	.loc	11 449 5 is_stmt 0              @ ../../../../Library/StdDriver/inc\i2c.h:449:5
	lsls	r1, r1, #27
	bpl	.LBB0_360
.Ltmp475:
@ %bb.353:                              @   in Loop: Header=BB0_352 Depth=1
	@DEBUG_VALUE: I2C_STOP:u32TimeOutCount <- [DW_OP_constu 1, DW_OP_minus, DW_OP_stack_value] $r0
	@DEBUG_VALUE: I2C_STOP:i2c <- 1076400128
	@DEBUG_VALUE: I2C_WriteNAU8822:data <- 80
	@DEBUG_VALUE: I2C_WriteNAU8822:addr <- 47
	cmp	r0, #1
	beq	.LBB0_360
.Ltmp476:
@ %bb.354:                              @   in Loop: Header=BB0_352 Depth=1
	@DEBUG_VALUE: I2C_STOP:u32TimeOutCount <- [DW_OP_constu 1, DW_OP_minus, DW_OP_stack_value] $r0
	@DEBUG_VALUE: I2C_STOP:i2c <- 1076400128
	@DEBUG_VALUE: I2C_WriteNAU8822:data <- 80
	@DEBUG_VALUE: I2C_WriteNAU8822:addr <- 47
	@DEBUG_VALUE: I2C_STOP:u32TimeOutCount <- [DW_OP_constu 1, DW_OP_minus, DW_OP_stack_value] $r0
	.loc	11 449 17                       @ ../../../../Library/StdDriver/inc\i2c.h:449:17
	ldr	r1, [r5]
.Ltmp477:
	@DEBUG_VALUE: I2C_STOP:u32TimeOutCount <- [DW_OP_constu 2, DW_OP_minus, DW_OP_stack_value] $r0
	.loc	11 449 5                        @ ../../../../Library/StdDriver/inc\i2c.h:449:5
	lsls	r1, r1, #27
	bpl	.LBB0_360
.Ltmp478:
@ %bb.355:                              @   in Loop: Header=BB0_352 Depth=1
	@DEBUG_VALUE: I2C_STOP:u32TimeOutCount <- [DW_OP_constu 2, DW_OP_minus, DW_OP_stack_value] $r0
	@DEBUG_VALUE: I2C_STOP:i2c <- 1076400128
	@DEBUG_VALUE: I2C_WriteNAU8822:data <- 80
	@DEBUG_VALUE: I2C_WriteNAU8822:addr <- 47
	cbz	r0, .LBB0_360
.Ltmp479:
@ %bb.356:                              @   in Loop: Header=BB0_352 Depth=1
	@DEBUG_VALUE: I2C_STOP:u32TimeOutCount <- [DW_OP_constu 2, DW_OP_minus, DW_OP_stack_value] $r0
	@DEBUG_VALUE: I2C_STOP:i2c <- 1076400128
	@DEBUG_VALUE: I2C_WriteNAU8822:data <- 80
	@DEBUG_VALUE: I2C_WriteNAU8822:addr <- 47
	@DEBUG_VALUE: I2C_STOP:u32TimeOutCount <- [DW_OP_constu 2, DW_OP_minus, DW_OP_stack_value] $r0
	.loc	11 449 17                       @ ../../../../Library/StdDriver/inc\i2c.h:449:17
	ldr	r1, [r5]
.Ltmp480:
	@DEBUG_VALUE: I2C_STOP:u32TimeOutCount <- [DW_OP_constu 3, DW_OP_minus, DW_OP_stack_value] $r0
	.loc	11 449 5                        @ ../../../../Library/StdDriver/inc\i2c.h:449:5
	lsls	r1, r1, #27
	bpl	.LBB0_360
.Ltmp481:
@ %bb.357:                              @   in Loop: Header=BB0_352 Depth=1
	@DEBUG_VALUE: I2C_STOP:u32TimeOutCount <- [DW_OP_constu 3, DW_OP_minus, DW_OP_stack_value] $r0
	@DEBUG_VALUE: I2C_STOP:i2c <- 1076400128
	@DEBUG_VALUE: I2C_WriteNAU8822:data <- 80
	@DEBUG_VALUE: I2C_WriteNAU8822:addr <- 47
	adds	r1, r0, #1
	beq	.LBB0_360
.Ltmp482:
@ %bb.358:                              @   in Loop: Header=BB0_352 Depth=1
	@DEBUG_VALUE: I2C_STOP:u32TimeOutCount <- [DW_OP_constu 3, DW_OP_minus, DW_OP_stack_value] $r0
	@DEBUG_VALUE: I2C_STOP:i2c <- 1076400128
	@DEBUG_VALUE: I2C_WriteNAU8822:data <- 80
	@DEBUG_VALUE: I2C_WriteNAU8822:addr <- 47
	@DEBUG_VALUE: I2C_STOP:u32TimeOutCount <- [DW_OP_constu 3, DW_OP_minus, DW_OP_stack_value] $r0
	.loc	11 449 17                       @ ../../../../Library/StdDriver/inc\i2c.h:449:17
	ldr	r1, [r5]
.Ltmp483:
	@DEBUG_VALUE: I2C_STOP:u32TimeOutCount <- [DW_OP_LLVM_arg 0, DW_OP_consts 2, DW_OP_consts 18446744073709551615, DW_OP_LLVM_arg 0, DW_OP_mul, DW_OP_plus, DW_OP_minus, DW_OP_consts 4, DW_OP_div, DW_OP_consts 18446744073709551612, DW_OP_mul, DW_OP_consts 18446744073709551612, DW_OP_LLVM_arg 0, DW_OP_plus, DW_OP_plus, DW_OP_stack_value] undef
	.loc	11 449 5                        @ ../../../../Library/StdDriver/inc\i2c.h:449:5
	lsls	r1, r1, #27
	bpl	.LBB0_360
.Ltmp484:
@ %bb.359:                              @   in Loop: Header=BB0_352 Depth=1
	@DEBUG_VALUE: I2C_STOP:i2c <- 1076400128
	@DEBUG_VALUE: I2C_WriteNAU8822:data <- 80
	@DEBUG_VALUE: I2C_WriteNAU8822:addr <- 47
	adds	r1, r0, #2
	add.w	r0, r0, #4
	bne	.LBB0_352
.Ltmp485:
.LBB0_360:
	@DEBUG_VALUE: I2C_WriteNAU8822:addr <- 48
	@DEBUG_VALUE: I2C_WriteNAU8822:data <- 80
	.loc	1 89 5 is_stmt 1                @ ../VoicePlayer.cpp:89:5
	ldr	r0, [r5]
	orr	r0, r0, #32
	bic	r0, r0, #8
	str	r0, [r5]
.Ltmp486:
.LBB0_361:                              @ =>This Inner Loop Header: Depth=1
	@DEBUG_VALUE: I2C_WriteNAU8822:data <- 80
	@DEBUG_VALUE: I2C_WriteNAU8822:addr <- 48
	.loc	1 89 29 is_stmt 0               @ ../VoicePlayer.cpp:89:29
	ldr	r0, [r5]
	lsls	r0, r0, #28
	bmi	.LBB0_364
.Ltmp487:
@ %bb.362:                              @   in Loop: Header=BB0_361 Depth=1
	@DEBUG_VALUE: I2C_WriteNAU8822:data <- 80
	@DEBUG_VALUE: I2C_WriteNAU8822:addr <- 48
	ldr	r0, [r5]
	lsls	r0, r0, #28
	itt	pl
	ldrpl	r0, [r5]
	lslspl.w	r0, r0, #28
	bmi	.LBB0_364
.Ltmp488:
@ %bb.363:                              @   in Loop: Header=BB0_361 Depth=1
	@DEBUG_VALUE: I2C_WriteNAU8822:data <- 80
	@DEBUG_VALUE: I2C_WriteNAU8822:addr <- 48
	ldr	r0, [r5]
	lsls	r0, r0, #28
	bpl	.LBB0_361
.Ltmp489:
.LBB0_364:
	@DEBUG_VALUE: I2C_WriteNAU8822:data <- 80
	@DEBUG_VALUE: I2C_WriteNAU8822:addr <- 48
	.loc	1 0 29                          @ ../VoicePlayer.cpp:0:29
	movs	r0, #52
	movs	r1, #2
	.loc	1 90 5 is_stmt 1                @ ../VoicePlayer.cpp:90:5
	str	r0, [r5, #8]
	.loc	1 91 5                          @ ../VoicePlayer.cpp:91:5
	ldr	r0, [r5]
	bfi	r0, r1, #2, #4
	str	r0, [r5]
.Ltmp490:
.LBB0_365:                              @ =>This Inner Loop Header: Depth=1
	@DEBUG_VALUE: I2C_WriteNAU8822:data <- 80
	@DEBUG_VALUE: I2C_WriteNAU8822:addr <- 48
	.loc	1 91 51 is_stmt 0               @ ../VoicePlayer.cpp:91:51
	ldr	r0, [r5]
	lsls	r0, r0, #28
	bmi	.LBB0_368
.Ltmp491:
@ %bb.366:                              @   in Loop: Header=BB0_365 Depth=1
	@DEBUG_VALUE: I2C_WriteNAU8822:data <- 80
	@DEBUG_VALUE: I2C_WriteNAU8822:addr <- 48
	ldr	r0, [r5]
	lsls	r0, r0, #28
	itt	pl
	ldrpl	r0, [r5]
	lslspl.w	r0, r0, #28
	bmi	.LBB0_368
.Ltmp492:
@ %bb.367:                              @   in Loop: Header=BB0_365 Depth=1
	@DEBUG_VALUE: I2C_WriteNAU8822:data <- 80
	@DEBUG_VALUE: I2C_WriteNAU8822:addr <- 48
	ldr	r0, [r5]
	lsls	r0, r0, #28
	bpl	.LBB0_365
.Ltmp493:
.LBB0_368:
	@DEBUG_VALUE: I2C_WriteNAU8822:data <- 80
	@DEBUG_VALUE: I2C_WriteNAU8822:addr <- 48
	.loc	1 0 51                          @ ../VoicePlayer.cpp:0:51
	movs	r0, #96
	movs	r1, #2
	.loc	1 92 5 is_stmt 1                @ ../VoicePlayer.cpp:92:5
	str	r0, [r5, #8]
	.loc	1 93 5                          @ ../VoicePlayer.cpp:93:5
	ldr	r0, [r5]
	bfi	r0, r1, #2, #4
	str	r0, [r5]
.Ltmp494:
.LBB0_369:                              @ =>This Inner Loop Header: Depth=1
	@DEBUG_VALUE: I2C_WriteNAU8822:data <- 80
	@DEBUG_VALUE: I2C_WriteNAU8822:addr <- 48
	.loc	1 93 51 is_stmt 0               @ ../VoicePlayer.cpp:93:51
	ldr	r0, [r5]
	lsls	r0, r0, #28
	bmi	.LBB0_372
.Ltmp495:
@ %bb.370:                              @   in Loop: Header=BB0_369 Depth=1
	@DEBUG_VALUE: I2C_WriteNAU8822:data <- 80
	@DEBUG_VALUE: I2C_WriteNAU8822:addr <- 48
	ldr	r0, [r5]
	lsls	r0, r0, #28
	itt	pl
	ldrpl	r0, [r5]
	lslspl.w	r0, r0, #28
	bmi	.LBB0_372
.Ltmp496:
@ %bb.371:                              @   in Loop: Header=BB0_369 Depth=1
	@DEBUG_VALUE: I2C_WriteNAU8822:data <- 80
	@DEBUG_VALUE: I2C_WriteNAU8822:addr <- 48
	ldr	r0, [r5]
	lsls	r0, r0, #28
	bpl	.LBB0_369
.Ltmp497:
.LBB0_372:
	@DEBUG_VALUE: I2C_WriteNAU8822:data <- 80
	@DEBUG_VALUE: I2C_WriteNAU8822:addr <- 48
	.loc	1 0 51                          @ ../VoicePlayer.cpp:0:51
	movs	r0, #80
	movs	r1, #2
	.loc	1 94 5 is_stmt 1                @ ../VoicePlayer.cpp:94:5
	str	r0, [r5, #8]
	.loc	1 95 5                          @ ../VoicePlayer.cpp:95:5
	ldr	r0, [r5]
	bfi	r0, r1, #2, #4
	str	r0, [r5]
.Ltmp498:
.LBB0_373:                              @ =>This Inner Loop Header: Depth=1
	@DEBUG_VALUE: I2C_WriteNAU8822:data <- 80
	@DEBUG_VALUE: I2C_WriteNAU8822:addr <- 48
	.loc	1 95 51 is_stmt 0               @ ../VoicePlayer.cpp:95:51
	ldr	r0, [r5]
	lsls	r0, r0, #28
	bmi	.LBB0_376
.Ltmp499:
@ %bb.374:                              @   in Loop: Header=BB0_373 Depth=1
	@DEBUG_VALUE: I2C_WriteNAU8822:data <- 80
	@DEBUG_VALUE: I2C_WriteNAU8822:addr <- 48
	ldr	r0, [r5]
	lsls	r0, r0, #28
	itt	pl
	ldrpl	r0, [r5]
	lslspl.w	r0, r0, #28
	bmi	.LBB0_376
.Ltmp500:
@ %bb.375:                              @   in Loop: Header=BB0_373 Depth=1
	@DEBUG_VALUE: I2C_WriteNAU8822:data <- 80
	@DEBUG_VALUE: I2C_WriteNAU8822:addr <- 48
	ldr	r0, [r5]
	lsls	r0, r0, #28
	bpl	.LBB0_373
.Ltmp501:
.LBB0_376:
	@DEBUG_VALUE: I2C_WriteNAU8822:data <- 80
	@DEBUG_VALUE: I2C_WriteNAU8822:addr <- 48
	@DEBUG_VALUE: I2C_STOP:i2c <- 1076400128
	.loc	11 445 32 is_stmt 1             @ ../../../../Library/StdDriver/inc\i2c.h:445:32
	ldr.w	r0, [r10]
.Ltmp502:
	@DEBUG_VALUE: I2C_STOP:u32TimeOutCount <- $r0
	.loc	11 447 17                       @ ../../../../Library/StdDriver/inc\i2c.h:447:17
	ldr	r1, [r5]
	.loc	11 449 5                        @ ../../../../Library/StdDriver/inc\i2c.h:449:5
	rsb.w	r0, r0, #2
.Ltmp503:
	.loc	11 447 17                       @ ../../../../Library/StdDriver/inc\i2c.h:447:17
	orr	r1, r1, #24
	str	r1, [r5]
.Ltmp504:
	.loc	11 0 17 is_stmt 0               @ :0:17
.Ltmp505:
	.p2align	2
.LBB0_377:                              @ =>This Inner Loop Header: Depth=1
	@DEBUG_VALUE: I2C_STOP:i2c <- 1076400128
	@DEBUG_VALUE: I2C_WriteNAU8822:data <- 80
	@DEBUG_VALUE: I2C_WriteNAU8822:addr <- 48
	@DEBUG_VALUE: I2C_STOP:u32TimeOutCount <- [DW_OP_LLVM_arg 0, DW_OP_consts 2, DW_OP_consts 18446744073709551615, DW_OP_LLVM_arg 0, DW_OP_mul, DW_OP_plus, DW_OP_minus, DW_OP_consts 4, DW_OP_div, DW_OP_consts 18446744073709551612, DW_OP_mul, DW_OP_LLVM_arg 0, DW_OP_plus, DW_OP_stack_value] undef
	.loc	11 449 17 is_stmt 1             @ ../../../../Library/StdDriver/inc\i2c.h:449:17
	ldr	r1, [r5]
.Ltmp506:
	@DEBUG_VALUE: I2C_STOP:u32TimeOutCount <- [DW_OP_constu 1, DW_OP_minus, DW_OP_stack_value] $r0
	.loc	11 449 5 is_stmt 0              @ ../../../../Library/StdDriver/inc\i2c.h:449:5
	lsls	r1, r1, #27
	bpl	.LBB0_385
.Ltmp507:
@ %bb.378:                              @   in Loop: Header=BB0_377 Depth=1
	@DEBUG_VALUE: I2C_STOP:u32TimeOutCount <- [DW_OP_constu 1, DW_OP_minus, DW_OP_stack_value] $r0
	@DEBUG_VALUE: I2C_STOP:i2c <- 1076400128
	@DEBUG_VALUE: I2C_WriteNAU8822:data <- 80
	@DEBUG_VALUE: I2C_WriteNAU8822:addr <- 48
	cmp	r0, #1
	beq	.LBB0_385
.Ltmp508:
@ %bb.379:                              @   in Loop: Header=BB0_377 Depth=1
	@DEBUG_VALUE: I2C_STOP:u32TimeOutCount <- [DW_OP_constu 1, DW_OP_minus, DW_OP_stack_value] $r0
	@DEBUG_VALUE: I2C_STOP:i2c <- 1076400128
	@DEBUG_VALUE: I2C_WriteNAU8822:data <- 80
	@DEBUG_VALUE: I2C_WriteNAU8822:addr <- 48
	@DEBUG_VALUE: I2C_STOP:u32TimeOutCount <- [DW_OP_constu 1, DW_OP_minus, DW_OP_stack_value] $r0
	.loc	11 449 17                       @ ../../../../Library/StdDriver/inc\i2c.h:449:17
	ldr	r1, [r5]
.Ltmp509:
	@DEBUG_VALUE: I2C_STOP:u32TimeOutCount <- [DW_OP_constu 2, DW_OP_minus, DW_OP_stack_value] $r0
	.loc	11 449 5                        @ ../../../../Library/StdDriver/inc\i2c.h:449:5
	lsls	r1, r1, #27
	bpl	.LBB0_385
.Ltmp510:
@ %bb.380:                              @   in Loop: Header=BB0_377 Depth=1
	@DEBUG_VALUE: I2C_STOP:u32TimeOutCount <- [DW_OP_constu 2, DW_OP_minus, DW_OP_stack_value] $r0
	@DEBUG_VALUE: I2C_STOP:i2c <- 1076400128
	@DEBUG_VALUE: I2C_WriteNAU8822:data <- 80
	@DEBUG_VALUE: I2C_WriteNAU8822:addr <- 48
	cbz	r0, .LBB0_385
.Ltmp511:
@ %bb.381:                              @   in Loop: Header=BB0_377 Depth=1
	@DEBUG_VALUE: I2C_STOP:u32TimeOutCount <- [DW_OP_constu 2, DW_OP_minus, DW_OP_stack_value] $r0
	@DEBUG_VALUE: I2C_STOP:i2c <- 1076400128
	@DEBUG_VALUE: I2C_WriteNAU8822:data <- 80
	@DEBUG_VALUE: I2C_WriteNAU8822:addr <- 48
	@DEBUG_VALUE: I2C_STOP:u32TimeOutCount <- [DW_OP_constu 2, DW_OP_minus, DW_OP_stack_value] $r0
	.loc	11 449 17                       @ ../../../../Library/StdDriver/inc\i2c.h:449:17
	ldr	r1, [r5]
.Ltmp512:
	@DEBUG_VALUE: I2C_STOP:u32TimeOutCount <- [DW_OP_constu 3, DW_OP_minus, DW_OP_stack_value] $r0
	.loc	11 449 5                        @ ../../../../Library/StdDriver/inc\i2c.h:449:5
	lsls	r1, r1, #27
	bpl	.LBB0_385
.Ltmp513:
@ %bb.382:                              @   in Loop: Header=BB0_377 Depth=1
	@DEBUG_VALUE: I2C_STOP:u32TimeOutCount <- [DW_OP_constu 3, DW_OP_minus, DW_OP_stack_value] $r0
	@DEBUG_VALUE: I2C_STOP:i2c <- 1076400128
	@DEBUG_VALUE: I2C_WriteNAU8822:data <- 80
	@DEBUG_VALUE: I2C_WriteNAU8822:addr <- 48
	adds	r1, r0, #1
	beq	.LBB0_385
.Ltmp514:
@ %bb.383:                              @   in Loop: Header=BB0_377 Depth=1
	@DEBUG_VALUE: I2C_STOP:u32TimeOutCount <- [DW_OP_constu 3, DW_OP_minus, DW_OP_stack_value] $r0
	@DEBUG_VALUE: I2C_STOP:i2c <- 1076400128
	@DEBUG_VALUE: I2C_WriteNAU8822:data <- 80
	@DEBUG_VALUE: I2C_WriteNAU8822:addr <- 48
	@DEBUG_VALUE: I2C_STOP:u32TimeOutCount <- [DW_OP_constu 3, DW_OP_minus, DW_OP_stack_value] $r0
	.loc	11 449 17                       @ ../../../../Library/StdDriver/inc\i2c.h:449:17
	ldr	r1, [r5]
.Ltmp515:
	@DEBUG_VALUE: I2C_STOP:u32TimeOutCount <- [DW_OP_LLVM_arg 0, DW_OP_consts 2, DW_OP_consts 18446744073709551615, DW_OP_LLVM_arg 0, DW_OP_mul, DW_OP_plus, DW_OP_minus, DW_OP_consts 4, DW_OP_div, DW_OP_consts 18446744073709551612, DW_OP_mul, DW_OP_consts 18446744073709551612, DW_OP_LLVM_arg 0, DW_OP_plus, DW_OP_plus, DW_OP_stack_value] undef
	.loc	11 449 5                        @ ../../../../Library/StdDriver/inc\i2c.h:449:5
	lsls	r1, r1, #27
	bpl	.LBB0_385
.Ltmp516:
@ %bb.384:                              @   in Loop: Header=BB0_377 Depth=1
	@DEBUG_VALUE: I2C_STOP:i2c <- 1076400128
	@DEBUG_VALUE: I2C_WriteNAU8822:data <- 80
	@DEBUG_VALUE: I2C_WriteNAU8822:addr <- 48
	adds	r1, r0, #2
	add.w	r0, r0, #4
	bne	.LBB0_377
.Ltmp517:
.LBB0_385:
	@DEBUG_VALUE: I2C_WriteNAU8822:addr <- 50
	@DEBUG_VALUE: I2C_WriteNAU8822:data <- 1
	.loc	1 89 5 is_stmt 1                @ ../VoicePlayer.cpp:89:5
	ldr	r0, [r5]
	orr	r0, r0, #32
	bic	r0, r0, #8
	str	r0, [r5]
.Ltmp518:
.LBB0_386:                              @ =>This Inner Loop Header: Depth=1
	@DEBUG_VALUE: I2C_WriteNAU8822:data <- 1
	@DEBUG_VALUE: I2C_WriteNAU8822:addr <- 50
	.loc	1 89 29 is_stmt 0               @ ../VoicePlayer.cpp:89:29
	ldr	r0, [r5]
	lsls	r0, r0, #28
	bmi	.LBB0_389
.Ltmp519:
@ %bb.387:                              @   in Loop: Header=BB0_386 Depth=1
	@DEBUG_VALUE: I2C_WriteNAU8822:data <- 1
	@DEBUG_VALUE: I2C_WriteNAU8822:addr <- 50
	ldr	r0, [r5]
	lsls	r0, r0, #28
	itt	pl
	ldrpl	r0, [r5]
	lslspl.w	r0, r0, #28
	bmi	.LBB0_389
.Ltmp520:
@ %bb.388:                              @   in Loop: Header=BB0_386 Depth=1
	@DEBUG_VALUE: I2C_WriteNAU8822:data <- 1
	@DEBUG_VALUE: I2C_WriteNAU8822:addr <- 50
	ldr	r0, [r5]
	lsls	r0, r0, #28
	bpl	.LBB0_386
.Ltmp521:
.LBB0_389:
	@DEBUG_VALUE: I2C_WriteNAU8822:data <- 1
	@DEBUG_VALUE: I2C_WriteNAU8822:addr <- 50
	.loc	1 0 29                          @ ../VoicePlayer.cpp:0:29
	movs	r0, #52
	movs	r1, #2
	.loc	1 90 5 is_stmt 1                @ ../VoicePlayer.cpp:90:5
	str	r0, [r5, #8]
	.loc	1 91 5                          @ ../VoicePlayer.cpp:91:5
	ldr	r0, [r5]
	bfi	r0, r1, #2, #4
	str	r0, [r5]
.Ltmp522:
.LBB0_390:                              @ =>This Inner Loop Header: Depth=1
	@DEBUG_VALUE: I2C_WriteNAU8822:data <- 1
	@DEBUG_VALUE: I2C_WriteNAU8822:addr <- 50
	.loc	1 91 51 is_stmt 0               @ ../VoicePlayer.cpp:91:51
	ldr	r0, [r5]
	lsls	r0, r0, #28
	bmi	.LBB0_393
.Ltmp523:
@ %bb.391:                              @   in Loop: Header=BB0_390 Depth=1
	@DEBUG_VALUE: I2C_WriteNAU8822:data <- 1
	@DEBUG_VALUE: I2C_WriteNAU8822:addr <- 50
	ldr	r0, [r5]
	lsls	r0, r0, #28
	itt	pl
	ldrpl	r0, [r5]
	lslspl.w	r0, r0, #28
	bmi	.LBB0_393
.Ltmp524:
@ %bb.392:                              @   in Loop: Header=BB0_390 Depth=1
	@DEBUG_VALUE: I2C_WriteNAU8822:data <- 1
	@DEBUG_VALUE: I2C_WriteNAU8822:addr <- 50
	ldr	r0, [r5]
	lsls	r0, r0, #28
	bpl	.LBB0_390
.Ltmp525:
.LBB0_393:
	@DEBUG_VALUE: I2C_WriteNAU8822:data <- 1
	@DEBUG_VALUE: I2C_WriteNAU8822:addr <- 50
	.loc	1 0 51                          @ ../VoicePlayer.cpp:0:51
	movs	r0, #100
	movs	r1, #2
	.loc	1 92 5 is_stmt 1                @ ../VoicePlayer.cpp:92:5
	str	r0, [r5, #8]
	.loc	1 93 5                          @ ../VoicePlayer.cpp:93:5
	ldr	r0, [r5]
	bfi	r0, r1, #2, #4
	str	r0, [r5]
.Ltmp526:
.LBB0_394:                              @ =>This Inner Loop Header: Depth=1
	@DEBUG_VALUE: I2C_WriteNAU8822:data <- 1
	@DEBUG_VALUE: I2C_WriteNAU8822:addr <- 50
	.loc	1 93 51 is_stmt 0               @ ../VoicePlayer.cpp:93:51
	ldr	r0, [r5]
	lsls	r0, r0, #28
	bmi	.LBB0_397
.Ltmp527:
@ %bb.395:                              @   in Loop: Header=BB0_394 Depth=1
	@DEBUG_VALUE: I2C_WriteNAU8822:data <- 1
	@DEBUG_VALUE: I2C_WriteNAU8822:addr <- 50
	ldr	r0, [r5]
	lsls	r0, r0, #28
	itt	pl
	ldrpl	r0, [r5]
	lslspl.w	r0, r0, #28
	bmi	.LBB0_397
.Ltmp528:
@ %bb.396:                              @   in Loop: Header=BB0_394 Depth=1
	@DEBUG_VALUE: I2C_WriteNAU8822:data <- 1
	@DEBUG_VALUE: I2C_WriteNAU8822:addr <- 50
	ldr	r0, [r5]
	lsls	r0, r0, #28
	bpl	.LBB0_394
.Ltmp529:
.LBB0_397:
	@DEBUG_VALUE: I2C_WriteNAU8822:data <- 1
	@DEBUG_VALUE: I2C_WriteNAU8822:addr <- 50
	.loc	1 0 51                          @ ../VoicePlayer.cpp:0:51
	movs	r0, #1
	movs	r1, #2
	.loc	1 94 5 is_stmt 1                @ ../VoicePlayer.cpp:94:5
	str	r0, [r5, #8]
	.loc	1 95 5                          @ ../VoicePlayer.cpp:95:5
	ldr	r0, [r5]
	bfi	r0, r1, #2, #4
	str	r0, [r5]
.Ltmp530:
.LBB0_398:                              @ =>This Inner Loop Header: Depth=1
	@DEBUG_VALUE: I2C_WriteNAU8822:data <- 1
	@DEBUG_VALUE: I2C_WriteNAU8822:addr <- 50
	.loc	1 95 51 is_stmt 0               @ ../VoicePlayer.cpp:95:51
	ldr	r0, [r5]
	lsls	r0, r0, #28
	bmi	.LBB0_401
.Ltmp531:
@ %bb.399:                              @   in Loop: Header=BB0_398 Depth=1
	@DEBUG_VALUE: I2C_WriteNAU8822:data <- 1
	@DEBUG_VALUE: I2C_WriteNAU8822:addr <- 50
	ldr	r0, [r5]
	lsls	r0, r0, #28
	itt	pl
	ldrpl	r0, [r5]
	lslspl.w	r0, r0, #28
	bmi	.LBB0_401
.Ltmp532:
@ %bb.400:                              @   in Loop: Header=BB0_398 Depth=1
	@DEBUG_VALUE: I2C_WriteNAU8822:data <- 1
	@DEBUG_VALUE: I2C_WriteNAU8822:addr <- 50
	ldr	r0, [r5]
	lsls	r0, r0, #28
	bpl	.LBB0_398
.Ltmp533:
.LBB0_401:
	@DEBUG_VALUE: I2C_WriteNAU8822:data <- 1
	@DEBUG_VALUE: I2C_WriteNAU8822:addr <- 50
	@DEBUG_VALUE: I2C_STOP:i2c <- 1076400128
	.loc	11 445 32 is_stmt 1             @ ../../../../Library/StdDriver/inc\i2c.h:445:32
	ldr.w	r0, [r10]
.Ltmp534:
	@DEBUG_VALUE: I2C_STOP:u32TimeOutCount <- $r0
	.loc	11 447 17                       @ ../../../../Library/StdDriver/inc\i2c.h:447:17
	ldr	r1, [r5]
	.loc	11 449 5                        @ ../../../../Library/StdDriver/inc\i2c.h:449:5
	rsb.w	r0, r0, #2
.Ltmp535:
	.loc	11 447 17                       @ ../../../../Library/StdDriver/inc\i2c.h:447:17
	orr	r1, r1, #24
	str	r1, [r5]
.Ltmp536:
	.loc	11 0 17 is_stmt 0               @ :0:17
.Ltmp537:
	.p2align	2
.LBB0_402:                              @ =>This Inner Loop Header: Depth=1
	@DEBUG_VALUE: I2C_STOP:i2c <- 1076400128
	@DEBUG_VALUE: I2C_WriteNAU8822:data <- 1
	@DEBUG_VALUE: I2C_WriteNAU8822:addr <- 50
	@DEBUG_VALUE: I2C_STOP:u32TimeOutCount <- [DW_OP_LLVM_arg 0, DW_OP_consts 2, DW_OP_consts 18446744073709551615, DW_OP_LLVM_arg 0, DW_OP_mul, DW_OP_plus, DW_OP_minus, DW_OP_consts 4, DW_OP_div, DW_OP_consts 18446744073709551612, DW_OP_mul, DW_OP_LLVM_arg 0, DW_OP_plus, DW_OP_stack_value] undef
	.loc	11 449 17 is_stmt 1             @ ../../../../Library/StdDriver/inc\i2c.h:449:17
	ldr	r1, [r5]
.Ltmp538:
	@DEBUG_VALUE: I2C_STOP:u32TimeOutCount <- [DW_OP_constu 1, DW_OP_minus, DW_OP_stack_value] $r0
	.loc	11 449 5 is_stmt 0              @ ../../../../Library/StdDriver/inc\i2c.h:449:5
	lsls	r1, r1, #27
	bpl	.LBB0_410
.Ltmp539:
@ %bb.403:                              @   in Loop: Header=BB0_402 Depth=1
	@DEBUG_VALUE: I2C_STOP:u32TimeOutCount <- [DW_OP_constu 1, DW_OP_minus, DW_OP_stack_value] $r0
	@DEBUG_VALUE: I2C_STOP:i2c <- 1076400128
	@DEBUG_VALUE: I2C_WriteNAU8822:data <- 1
	@DEBUG_VALUE: I2C_WriteNAU8822:addr <- 50
	cmp	r0, #1
	beq	.LBB0_410
.Ltmp540:
@ %bb.404:                              @   in Loop: Header=BB0_402 Depth=1
	@DEBUG_VALUE: I2C_STOP:u32TimeOutCount <- [DW_OP_constu 1, DW_OP_minus, DW_OP_stack_value] $r0
	@DEBUG_VALUE: I2C_STOP:i2c <- 1076400128
	@DEBUG_VALUE: I2C_WriteNAU8822:data <- 1
	@DEBUG_VALUE: I2C_WriteNAU8822:addr <- 50
	@DEBUG_VALUE: I2C_STOP:u32TimeOutCount <- [DW_OP_constu 1, DW_OP_minus, DW_OP_stack_value] $r0
	.loc	11 449 17                       @ ../../../../Library/StdDriver/inc\i2c.h:449:17
	ldr	r1, [r5]
.Ltmp541:
	@DEBUG_VALUE: I2C_STOP:u32TimeOutCount <- [DW_OP_constu 2, DW_OP_minus, DW_OP_stack_value] $r0
	.loc	11 449 5                        @ ../../../../Library/StdDriver/inc\i2c.h:449:5
	lsls	r1, r1, #27
	bpl	.LBB0_410
.Ltmp542:
@ %bb.405:                              @   in Loop: Header=BB0_402 Depth=1
	@DEBUG_VALUE: I2C_STOP:u32TimeOutCount <- [DW_OP_constu 2, DW_OP_minus, DW_OP_stack_value] $r0
	@DEBUG_VALUE: I2C_STOP:i2c <- 1076400128
	@DEBUG_VALUE: I2C_WriteNAU8822:data <- 1
	@DEBUG_VALUE: I2C_WriteNAU8822:addr <- 50
	cbz	r0, .LBB0_410
.Ltmp543:
@ %bb.406:                              @   in Loop: Header=BB0_402 Depth=1
	@DEBUG_VALUE: I2C_STOP:u32TimeOutCount <- [DW_OP_constu 2, DW_OP_minus, DW_OP_stack_value] $r0
	@DEBUG_VALUE: I2C_STOP:i2c <- 1076400128
	@DEBUG_VALUE: I2C_WriteNAU8822:data <- 1
	@DEBUG_VALUE: I2C_WriteNAU8822:addr <- 50
	@DEBUG_VALUE: I2C_STOP:u32TimeOutCount <- [DW_OP_constu 2, DW_OP_minus, DW_OP_stack_value] $r0
	.loc	11 449 17                       @ ../../../../Library/StdDriver/inc\i2c.h:449:17
	ldr	r1, [r5]
.Ltmp544:
	@DEBUG_VALUE: I2C_STOP:u32TimeOutCount <- [DW_OP_constu 3, DW_OP_minus, DW_OP_stack_value] $r0
	.loc	11 449 5                        @ ../../../../Library/StdDriver/inc\i2c.h:449:5
	lsls	r1, r1, #27
	bpl	.LBB0_410
.Ltmp545:
@ %bb.407:                              @   in Loop: Header=BB0_402 Depth=1
	@DEBUG_VALUE: I2C_STOP:u32TimeOutCount <- [DW_OP_constu 3, DW_OP_minus, DW_OP_stack_value] $r0
	@DEBUG_VALUE: I2C_STOP:i2c <- 1076400128
	@DEBUG_VALUE: I2C_WriteNAU8822:data <- 1
	@DEBUG_VALUE: I2C_WriteNAU8822:addr <- 50
	adds	r1, r0, #1
	beq	.LBB0_410
.Ltmp546:
@ %bb.408:                              @   in Loop: Header=BB0_402 Depth=1
	@DEBUG_VALUE: I2C_STOP:u32TimeOutCount <- [DW_OP_constu 3, DW_OP_minus, DW_OP_stack_value] $r0
	@DEBUG_VALUE: I2C_STOP:i2c <- 1076400128
	@DEBUG_VALUE: I2C_WriteNAU8822:data <- 1
	@DEBUG_VALUE: I2C_WriteNAU8822:addr <- 50
	@DEBUG_VALUE: I2C_STOP:u32TimeOutCount <- [DW_OP_constu 3, DW_OP_minus, DW_OP_stack_value] $r0
	.loc	11 449 17                       @ ../../../../Library/StdDriver/inc\i2c.h:449:17
	ldr	r1, [r5]
.Ltmp547:
	@DEBUG_VALUE: I2C_STOP:u32TimeOutCount <- [DW_OP_LLVM_arg 0, DW_OP_consts 2, DW_OP_consts 18446744073709551615, DW_OP_LLVM_arg 0, DW_OP_mul, DW_OP_plus, DW_OP_minus, DW_OP_consts 4, DW_OP_div, DW_OP_consts 18446744073709551612, DW_OP_mul, DW_OP_consts 18446744073709551612, DW_OP_LLVM_arg 0, DW_OP_plus, DW_OP_plus, DW_OP_stack_value] undef
	.loc	11 449 5                        @ ../../../../Library/StdDriver/inc\i2c.h:449:5
	lsls	r1, r1, #27
	bpl	.LBB0_410
.Ltmp548:
@ %bb.409:                              @   in Loop: Header=BB0_402 Depth=1
	@DEBUG_VALUE: I2C_STOP:i2c <- 1076400128
	@DEBUG_VALUE: I2C_WriteNAU8822:data <- 1
	@DEBUG_VALUE: I2C_WriteNAU8822:addr <- 50
	adds	r1, r0, #2
	add.w	r0, r0, #4
	bne	.LBB0_402
.Ltmp549:
.LBB0_410:
	@DEBUG_VALUE: I2C_WriteNAU8822:addr <- 51
	@DEBUG_VALUE: I2C_WriteNAU8822:data <- 1
	.loc	1 89 5 is_stmt 1                @ ../VoicePlayer.cpp:89:5
	ldr	r0, [r5]
	orr	r0, r0, #32
	bic	r0, r0, #8
	str	r0, [r5]
.Ltmp550:
.LBB0_411:                              @ =>This Inner Loop Header: Depth=1
	@DEBUG_VALUE: I2C_WriteNAU8822:data <- 1
	@DEBUG_VALUE: I2C_WriteNAU8822:addr <- 51
	.loc	1 89 29 is_stmt 0               @ ../VoicePlayer.cpp:89:29
	ldr	r0, [r5]
	lsls	r0, r0, #28
	bmi	.LBB0_414
.Ltmp551:
@ %bb.412:                              @   in Loop: Header=BB0_411 Depth=1
	@DEBUG_VALUE: I2C_WriteNAU8822:data <- 1
	@DEBUG_VALUE: I2C_WriteNAU8822:addr <- 51
	ldr	r0, [r5]
	lsls	r0, r0, #28
	itt	pl
	ldrpl	r0, [r5]
	lslspl.w	r0, r0, #28
	bmi	.LBB0_414
.Ltmp552:
@ %bb.413:                              @   in Loop: Header=BB0_411 Depth=1
	@DEBUG_VALUE: I2C_WriteNAU8822:data <- 1
	@DEBUG_VALUE: I2C_WriteNAU8822:addr <- 51
	ldr	r0, [r5]
	lsls	r0, r0, #28
	bpl	.LBB0_411
.Ltmp553:
.LBB0_414:
	@DEBUG_VALUE: I2C_WriteNAU8822:data <- 1
	@DEBUG_VALUE: I2C_WriteNAU8822:addr <- 51
	.loc	1 0 29                          @ ../VoicePlayer.cpp:0:29
	movs	r0, #52
	movs	r1, #2
	.loc	1 90 5 is_stmt 1                @ ../VoicePlayer.cpp:90:5
	str	r0, [r5, #8]
	.loc	1 91 5                          @ ../VoicePlayer.cpp:91:5
	ldr	r0, [r5]
	bfi	r0, r1, #2, #4
	str	r0, [r5]
.Ltmp554:
.LBB0_415:                              @ =>This Inner Loop Header: Depth=1
	@DEBUG_VALUE: I2C_WriteNAU8822:data <- 1
	@DEBUG_VALUE: I2C_WriteNAU8822:addr <- 51
	.loc	1 91 51 is_stmt 0               @ ../VoicePlayer.cpp:91:51
	ldr	r0, [r5]
	lsls	r0, r0, #28
	bmi	.LBB0_418
.Ltmp555:
@ %bb.416:                              @   in Loop: Header=BB0_415 Depth=1
	@DEBUG_VALUE: I2C_WriteNAU8822:data <- 1
	@DEBUG_VALUE: I2C_WriteNAU8822:addr <- 51
	ldr	r0, [r5]
	lsls	r0, r0, #28
	itt	pl
	ldrpl	r0, [r5]
	lslspl.w	r0, r0, #28
	bmi	.LBB0_418
.Ltmp556:
@ %bb.417:                              @   in Loop: Header=BB0_415 Depth=1
	@DEBUG_VALUE: I2C_WriteNAU8822:data <- 1
	@DEBUG_VALUE: I2C_WriteNAU8822:addr <- 51
	ldr	r0, [r5]
	lsls	r0, r0, #28
	bpl	.LBB0_415
.Ltmp557:
.LBB0_418:
	@DEBUG_VALUE: I2C_WriteNAU8822:data <- 1
	@DEBUG_VALUE: I2C_WriteNAU8822:addr <- 51
	.loc	1 0 51                          @ ../VoicePlayer.cpp:0:51
	movs	r0, #102
	movs	r1, #2
	.loc	1 92 5 is_stmt 1                @ ../VoicePlayer.cpp:92:5
	str	r0, [r5, #8]
	.loc	1 93 5                          @ ../VoicePlayer.cpp:93:5
	ldr	r0, [r5]
	bfi	r0, r1, #2, #4
	str	r0, [r5]
.Ltmp558:
.LBB0_419:                              @ =>This Inner Loop Header: Depth=1
	@DEBUG_VALUE: I2C_WriteNAU8822:data <- 1
	@DEBUG_VALUE: I2C_WriteNAU8822:addr <- 51
	.loc	1 93 51 is_stmt 0               @ ../VoicePlayer.cpp:93:51
	ldr	r0, [r5]
	lsls	r0, r0, #28
	bmi	.LBB0_422
.Ltmp559:
@ %bb.420:                              @   in Loop: Header=BB0_419 Depth=1
	@DEBUG_VALUE: I2C_WriteNAU8822:data <- 1
	@DEBUG_VALUE: I2C_WriteNAU8822:addr <- 51
	ldr	r0, [r5]
	lsls	r0, r0, #28
	itt	pl
	ldrpl	r0, [r5]
	lslspl.w	r0, r0, #28
	bmi	.LBB0_422
.Ltmp560:
@ %bb.421:                              @   in Loop: Header=BB0_419 Depth=1
	@DEBUG_VALUE: I2C_WriteNAU8822:data <- 1
	@DEBUG_VALUE: I2C_WriteNAU8822:addr <- 51
	ldr	r0, [r5]
	lsls	r0, r0, #28
	bpl	.LBB0_419
.Ltmp561:
.LBB0_422:
	@DEBUG_VALUE: I2C_WriteNAU8822:data <- 1
	@DEBUG_VALUE: I2C_WriteNAU8822:addr <- 51
	.loc	1 0 51                          @ ../VoicePlayer.cpp:0:51
	movs	r0, #1
	movs	r1, #2
	.loc	1 94 5 is_stmt 1                @ ../VoicePlayer.cpp:94:5
	str	r0, [r5, #8]
	.loc	1 95 5                          @ ../VoicePlayer.cpp:95:5
	ldr	r0, [r5]
	bfi	r0, r1, #2, #4
	str	r0, [r5]
.Ltmp562:
.LBB0_423:                              @ =>This Inner Loop Header: Depth=1
	@DEBUG_VALUE: I2C_WriteNAU8822:data <- 1
	@DEBUG_VALUE: I2C_WriteNAU8822:addr <- 51
	.loc	1 95 51 is_stmt 0               @ ../VoicePlayer.cpp:95:51
	ldr	r0, [r5]
	lsls	r0, r0, #28
	bmi	.LBB0_426
.Ltmp563:
@ %bb.424:                              @   in Loop: Header=BB0_423 Depth=1
	@DEBUG_VALUE: I2C_WriteNAU8822:data <- 1
	@DEBUG_VALUE: I2C_WriteNAU8822:addr <- 51
	ldr	r0, [r5]
	lsls	r0, r0, #28
	itt	pl
	ldrpl	r0, [r5]
	lslspl.w	r0, r0, #28
	bmi	.LBB0_426
.Ltmp564:
@ %bb.425:                              @   in Loop: Header=BB0_423 Depth=1
	@DEBUG_VALUE: I2C_WriteNAU8822:data <- 1
	@DEBUG_VALUE: I2C_WriteNAU8822:addr <- 51
	ldr	r0, [r5]
	lsls	r0, r0, #28
	bpl	.LBB0_423
.Ltmp565:
.LBB0_426:
	@DEBUG_VALUE: I2C_WriteNAU8822:data <- 1
	@DEBUG_VALUE: I2C_WriteNAU8822:addr <- 51
	@DEBUG_VALUE: I2C_STOP:i2c <- 1076400128
	.loc	11 445 32 is_stmt 1             @ ../../../../Library/StdDriver/inc\i2c.h:445:32
	ldr.w	r0, [r10]
.Ltmp566:
	@DEBUG_VALUE: I2C_STOP:u32TimeOutCount <- $r0
	.loc	11 447 17                       @ ../../../../Library/StdDriver/inc\i2c.h:447:17
	ldr	r1, [r5]
	.loc	11 449 5                        @ ../../../../Library/StdDriver/inc\i2c.h:449:5
	rsb.w	r0, r0, #2
.Ltmp567:
	.loc	11 447 17                       @ ../../../../Library/StdDriver/inc\i2c.h:447:17
	orr	r1, r1, #24
	str	r1, [r5]
.Ltmp568:
	.loc	11 0 17 is_stmt 0               @ :0:17
.Ltmp569:
	.p2align	2
.LBB0_427:                              @ =>This Inner Loop Header: Depth=1
	@DEBUG_VALUE: I2C_STOP:i2c <- 1076400128
	@DEBUG_VALUE: I2C_WriteNAU8822:data <- 1
	@DEBUG_VALUE: I2C_WriteNAU8822:addr <- 51
	@DEBUG_VALUE: I2C_STOP:u32TimeOutCount <- [DW_OP_LLVM_arg 0, DW_OP_consts 2, DW_OP_consts 18446744073709551615, DW_OP_LLVM_arg 0, DW_OP_mul, DW_OP_plus, DW_OP_minus, DW_OP_consts 4, DW_OP_div, DW_OP_consts 18446744073709551612, DW_OP_mul, DW_OP_LLVM_arg 0, DW_OP_plus, DW_OP_stack_value] undef
	.loc	11 449 17 is_stmt 1             @ ../../../../Library/StdDriver/inc\i2c.h:449:17
	ldr	r1, [r5]
.Ltmp570:
	@DEBUG_VALUE: I2C_STOP:u32TimeOutCount <- [DW_OP_constu 1, DW_OP_minus, DW_OP_stack_value] $r0
	.loc	11 449 5 is_stmt 0              @ ../../../../Library/StdDriver/inc\i2c.h:449:5
	lsls	r1, r1, #27
	bpl	.LBB0_435
.Ltmp571:
@ %bb.428:                              @   in Loop: Header=BB0_427 Depth=1
	@DEBUG_VALUE: I2C_STOP:u32TimeOutCount <- [DW_OP_constu 1, DW_OP_minus, DW_OP_stack_value] $r0
	@DEBUG_VALUE: I2C_STOP:i2c <- 1076400128
	@DEBUG_VALUE: I2C_WriteNAU8822:data <- 1
	@DEBUG_VALUE: I2C_WriteNAU8822:addr <- 51
	cmp	r0, #1
	beq	.LBB0_435
.Ltmp572:
@ %bb.429:                              @   in Loop: Header=BB0_427 Depth=1
	@DEBUG_VALUE: I2C_STOP:u32TimeOutCount <- [DW_OP_constu 1, DW_OP_minus, DW_OP_stack_value] $r0
	@DEBUG_VALUE: I2C_STOP:i2c <- 1076400128
	@DEBUG_VALUE: I2C_WriteNAU8822:data <- 1
	@DEBUG_VALUE: I2C_WriteNAU8822:addr <- 51
	@DEBUG_VALUE: I2C_STOP:u32TimeOutCount <- [DW_OP_constu 1, DW_OP_minus, DW_OP_stack_value] $r0
	.loc	11 449 17                       @ ../../../../Library/StdDriver/inc\i2c.h:449:17
	ldr	r1, [r5]
.Ltmp573:
	@DEBUG_VALUE: I2C_STOP:u32TimeOutCount <- [DW_OP_constu 2, DW_OP_minus, DW_OP_stack_value] $r0
	.loc	11 449 5                        @ ../../../../Library/StdDriver/inc\i2c.h:449:5
	lsls	r1, r1, #27
	bpl	.LBB0_435
.Ltmp574:
@ %bb.430:                              @   in Loop: Header=BB0_427 Depth=1
	@DEBUG_VALUE: I2C_STOP:u32TimeOutCount <- [DW_OP_constu 2, DW_OP_minus, DW_OP_stack_value] $r0
	@DEBUG_VALUE: I2C_STOP:i2c <- 1076400128
	@DEBUG_VALUE: I2C_WriteNAU8822:data <- 1
	@DEBUG_VALUE: I2C_WriteNAU8822:addr <- 51
	cbz	r0, .LBB0_435
.Ltmp575:
@ %bb.431:                              @   in Loop: Header=BB0_427 Depth=1
	@DEBUG_VALUE: I2C_STOP:u32TimeOutCount <- [DW_OP_constu 2, DW_OP_minus, DW_OP_stack_value] $r0
	@DEBUG_VALUE: I2C_STOP:i2c <- 1076400128
	@DEBUG_VALUE: I2C_WriteNAU8822:data <- 1
	@DEBUG_VALUE: I2C_WriteNAU8822:addr <- 51
	@DEBUG_VALUE: I2C_STOP:u32TimeOutCount <- [DW_OP_constu 2, DW_OP_minus, DW_OP_stack_value] $r0
	.loc	11 449 17                       @ ../../../../Library/StdDriver/inc\i2c.h:449:17
	ldr	r1, [r5]
.Ltmp576:
	@DEBUG_VALUE: I2C_STOP:u32TimeOutCount <- [DW_OP_constu 3, DW_OP_minus, DW_OP_stack_value] $r0
	.loc	11 449 5                        @ ../../../../Library/StdDriver/inc\i2c.h:449:5
	lsls	r1, r1, #27
	bpl	.LBB0_435
.Ltmp577:
@ %bb.432:                              @   in Loop: Header=BB0_427 Depth=1
	@DEBUG_VALUE: I2C_STOP:u32TimeOutCount <- [DW_OP_constu 3, DW_OP_minus, DW_OP_stack_value] $r0
	@DEBUG_VALUE: I2C_STOP:i2c <- 1076400128
	@DEBUG_VALUE: I2C_WriteNAU8822:data <- 1
	@DEBUG_VALUE: I2C_WriteNAU8822:addr <- 51
	adds	r1, r0, #1
	beq	.LBB0_435
.Ltmp578:
@ %bb.433:                              @   in Loop: Header=BB0_427 Depth=1
	@DEBUG_VALUE: I2C_STOP:u32TimeOutCount <- [DW_OP_constu 3, DW_OP_minus, DW_OP_stack_value] $r0
	@DEBUG_VALUE: I2C_STOP:i2c <- 1076400128
	@DEBUG_VALUE: I2C_WriteNAU8822:data <- 1
	@DEBUG_VALUE: I2C_WriteNAU8822:addr <- 51
	@DEBUG_VALUE: I2C_STOP:u32TimeOutCount <- [DW_OP_constu 3, DW_OP_minus, DW_OP_stack_value] $r0
	.loc	11 449 17                       @ ../../../../Library/StdDriver/inc\i2c.h:449:17
	ldr	r1, [r5]
.Ltmp579:
	@DEBUG_VALUE: I2C_STOP:u32TimeOutCount <- [DW_OP_LLVM_arg 0, DW_OP_consts 2, DW_OP_consts 18446744073709551615, DW_OP_LLVM_arg 0, DW_OP_mul, DW_OP_plus, DW_OP_minus, DW_OP_consts 4, DW_OP_div, DW_OP_consts 18446744073709551612, DW_OP_mul, DW_OP_consts 18446744073709551612, DW_OP_LLVM_arg 0, DW_OP_plus, DW_OP_plus, DW_OP_stack_value] undef
	.loc	11 449 5                        @ ../../../../Library/StdDriver/inc\i2c.h:449:5
	lsls	r1, r1, #27
	bpl	.LBB0_435
.Ltmp580:
@ %bb.434:                              @   in Loop: Header=BB0_427 Depth=1
	@DEBUG_VALUE: I2C_STOP:i2c <- 1076400128
	@DEBUG_VALUE: I2C_WriteNAU8822:data <- 1
	@DEBUG_VALUE: I2C_WriteNAU8822:addr <- 51
	adds	r1, r0, #2
	add.w	r0, r0, #4
	bne	.LBB0_427
.Ltmp581:
.LBB0_435:
	@DEBUG_VALUE: I2C_WriteNAU8822:addr <- 36
	@DEBUG_VALUE: I2C_WriteNAU8822:data <- 8
	.loc	1 89 5 is_stmt 1                @ ../VoicePlayer.cpp:89:5
	ldr	r0, [r5]
	orr	r0, r0, #32
	bic	r0, r0, #8
	str	r0, [r5]
.Ltmp582:
.LBB0_436:                              @ =>This Inner Loop Header: Depth=1
	@DEBUG_VALUE: I2C_WriteNAU8822:data <- 8
	@DEBUG_VALUE: I2C_WriteNAU8822:addr <- 36
	.loc	1 89 29 is_stmt 0               @ ../VoicePlayer.cpp:89:29
	ldr	r0, [r5]
	lsls	r0, r0, #28
	bmi	.LBB0_439
.Ltmp583:
@ %bb.437:                              @   in Loop: Header=BB0_436 Depth=1
	@DEBUG_VALUE: I2C_WriteNAU8822:data <- 8
	@DEBUG_VALUE: I2C_WriteNAU8822:addr <- 36
	ldr	r0, [r5]
	lsls	r0, r0, #28
	itt	pl
	ldrpl	r0, [r5]
	lslspl.w	r0, r0, #28
	bmi	.LBB0_439
.Ltmp584:
@ %bb.438:                              @   in Loop: Header=BB0_436 Depth=1
	@DEBUG_VALUE: I2C_WriteNAU8822:data <- 8
	@DEBUG_VALUE: I2C_WriteNAU8822:addr <- 36
	ldr	r0, [r5]
	lsls	r0, r0, #28
	bpl	.LBB0_436
.Ltmp585:
.LBB0_439:
	@DEBUG_VALUE: I2C_WriteNAU8822:data <- 8
	@DEBUG_VALUE: I2C_WriteNAU8822:addr <- 36
	.loc	1 0 29                          @ ../VoicePlayer.cpp:0:29
	movs	r0, #52
	movs	r1, #2
	.loc	1 90 5 is_stmt 1                @ ../VoicePlayer.cpp:90:5
	str	r0, [r5, #8]
	.loc	1 91 5                          @ ../VoicePlayer.cpp:91:5
	ldr	r0, [r5]
	bfi	r0, r1, #2, #4
	str	r0, [r5]
.Ltmp586:
.LBB0_440:                              @ =>This Inner Loop Header: Depth=1
	@DEBUG_VALUE: I2C_WriteNAU8822:data <- 8
	@DEBUG_VALUE: I2C_WriteNAU8822:addr <- 36
	.loc	1 91 51 is_stmt 0               @ ../VoicePlayer.cpp:91:51
	ldr	r0, [r5]
	lsls	r0, r0, #28
	bmi	.LBB0_443
.Ltmp587:
@ %bb.441:                              @   in Loop: Header=BB0_440 Depth=1
	@DEBUG_VALUE: I2C_WriteNAU8822:data <- 8
	@DEBUG_VALUE: I2C_WriteNAU8822:addr <- 36
	ldr	r0, [r5]
	lsls	r0, r0, #28
	itt	pl
	ldrpl	r0, [r5]
	lslspl.w	r0, r0, #28
	bmi	.LBB0_443
.Ltmp588:
@ %bb.442:                              @   in Loop: Header=BB0_440 Depth=1
	@DEBUG_VALUE: I2C_WriteNAU8822:data <- 8
	@DEBUG_VALUE: I2C_WriteNAU8822:addr <- 36
	ldr	r0, [r5]
	lsls	r0, r0, #28
	bpl	.LBB0_440
.Ltmp589:
.LBB0_443:
	@DEBUG_VALUE: I2C_WriteNAU8822:data <- 8
	@DEBUG_VALUE: I2C_WriteNAU8822:addr <- 36
	.loc	1 0 51                          @ ../VoicePlayer.cpp:0:51
	movs	r0, #72
	movs	r1, #2
	.loc	1 92 5 is_stmt 1                @ ../VoicePlayer.cpp:92:5
	str	r0, [r5, #8]
	.loc	1 93 5                          @ ../VoicePlayer.cpp:93:5
	ldr	r0, [r5]
	bfi	r0, r1, #2, #4
	str	r0, [r5]
.Ltmp590:
.LBB0_444:                              @ =>This Inner Loop Header: Depth=1
	@DEBUG_VALUE: I2C_WriteNAU8822:data <- 8
	@DEBUG_VALUE: I2C_WriteNAU8822:addr <- 36
	.loc	1 93 51 is_stmt 0               @ ../VoicePlayer.cpp:93:51
	ldr	r0, [r5]
	lsls	r0, r0, #28
	bmi	.LBB0_447
.Ltmp591:
@ %bb.445:                              @   in Loop: Header=BB0_444 Depth=1
	@DEBUG_VALUE: I2C_WriteNAU8822:data <- 8
	@DEBUG_VALUE: I2C_WriteNAU8822:addr <- 36
	ldr	r0, [r5]
	lsls	r0, r0, #28
	itt	pl
	ldrpl	r0, [r5]
	lslspl.w	r0, r0, #28
	bmi	.LBB0_447
.Ltmp592:
@ %bb.446:                              @   in Loop: Header=BB0_444 Depth=1
	@DEBUG_VALUE: I2C_WriteNAU8822:data <- 8
	@DEBUG_VALUE: I2C_WriteNAU8822:addr <- 36
	ldr	r0, [r5]
	lsls	r0, r0, #28
	bpl	.LBB0_444
.Ltmp593:
.LBB0_447:
	@DEBUG_VALUE: I2C_WriteNAU8822:data <- 8
	@DEBUG_VALUE: I2C_WriteNAU8822:addr <- 36
	.loc	1 0 51                          @ ../VoicePlayer.cpp:0:51
	movs	r0, #8
	movs	r1, #2
	.loc	1 94 5 is_stmt 1                @ ../VoicePlayer.cpp:94:5
	str	r0, [r5, #8]
	.loc	1 95 5                          @ ../VoicePlayer.cpp:95:5
	ldr	r0, [r5]
	bfi	r0, r1, #2, #4
	str	r0, [r5]
.Ltmp594:
.LBB0_448:                              @ =>This Inner Loop Header: Depth=1
	@DEBUG_VALUE: I2C_WriteNAU8822:data <- 8
	@DEBUG_VALUE: I2C_WriteNAU8822:addr <- 36
	.loc	1 95 51 is_stmt 0               @ ../VoicePlayer.cpp:95:51
	ldr	r0, [r5]
	lsls	r0, r0, #28
	bmi	.LBB0_451
.Ltmp595:
@ %bb.449:                              @   in Loop: Header=BB0_448 Depth=1
	@DEBUG_VALUE: I2C_WriteNAU8822:data <- 8
	@DEBUG_VALUE: I2C_WriteNAU8822:addr <- 36
	ldr	r0, [r5]
	lsls	r0, r0, #28
	itt	pl
	ldrpl	r0, [r5]
	lslspl.w	r0, r0, #28
	bmi	.LBB0_451
.Ltmp596:
@ %bb.450:                              @   in Loop: Header=BB0_448 Depth=1
	@DEBUG_VALUE: I2C_WriteNAU8822:data <- 8
	@DEBUG_VALUE: I2C_WriteNAU8822:addr <- 36
	ldr	r0, [r5]
	lsls	r0, r0, #28
	bpl	.LBB0_448
.Ltmp597:
.LBB0_451:
	@DEBUG_VALUE: I2C_WriteNAU8822:data <- 8
	@DEBUG_VALUE: I2C_WriteNAU8822:addr <- 36
	@DEBUG_VALUE: I2C_STOP:i2c <- 1076400128
	.loc	11 445 32 is_stmt 1             @ ../../../../Library/StdDriver/inc\i2c.h:445:32
	ldr.w	r0, [r10]
.Ltmp598:
	@DEBUG_VALUE: I2C_STOP:u32TimeOutCount <- $r0
	.loc	11 447 17                       @ ../../../../Library/StdDriver/inc\i2c.h:447:17
	ldr	r1, [r5]
	.loc	11 449 5                        @ ../../../../Library/StdDriver/inc\i2c.h:449:5
	rsb.w	r0, r0, #2
.Ltmp599:
	.loc	11 447 17                       @ ../../../../Library/StdDriver/inc\i2c.h:447:17
	orr	r1, r1, #24
	str	r1, [r5]
.Ltmp600:
	.loc	11 0 17 is_stmt 0               @ :0:17
.Ltmp601:
	.p2align	2
.LBB0_452:                              @ =>This Inner Loop Header: Depth=1
	@DEBUG_VALUE: I2C_STOP:i2c <- 1076400128
	@DEBUG_VALUE: I2C_WriteNAU8822:data <- 8
	@DEBUG_VALUE: I2C_WriteNAU8822:addr <- 36
	@DEBUG_VALUE: I2C_STOP:u32TimeOutCount <- [DW_OP_LLVM_arg 0, DW_OP_consts 2, DW_OP_consts 18446744073709551615, DW_OP_LLVM_arg 0, DW_OP_mul, DW_OP_plus, DW_OP_minus, DW_OP_consts 4, DW_OP_div, DW_OP_consts 18446744073709551612, DW_OP_mul, DW_OP_LLVM_arg 0, DW_OP_plus, DW_OP_stack_value] undef
	.loc	11 449 17 is_stmt 1             @ ../../../../Library/StdDriver/inc\i2c.h:449:17
	ldr	r1, [r5]
.Ltmp602:
	@DEBUG_VALUE: I2C_STOP:u32TimeOutCount <- [DW_OP_constu 1, DW_OP_minus, DW_OP_stack_value] $r0
	.loc	11 449 5 is_stmt 0              @ ../../../../Library/StdDriver/inc\i2c.h:449:5
	lsls	r1, r1, #27
	bpl	.LBB0_460
.Ltmp603:
@ %bb.453:                              @   in Loop: Header=BB0_452 Depth=1
	@DEBUG_VALUE: I2C_STOP:u32TimeOutCount <- [DW_OP_constu 1, DW_OP_minus, DW_OP_stack_value] $r0
	@DEBUG_VALUE: I2C_STOP:i2c <- 1076400128
	@DEBUG_VALUE: I2C_WriteNAU8822:data <- 8
	@DEBUG_VALUE: I2C_WriteNAU8822:addr <- 36
	cmp	r0, #1
	beq	.LBB0_460
.Ltmp604:
@ %bb.454:                              @   in Loop: Header=BB0_452 Depth=1
	@DEBUG_VALUE: I2C_STOP:u32TimeOutCount <- [DW_OP_constu 1, DW_OP_minus, DW_OP_stack_value] $r0
	@DEBUG_VALUE: I2C_STOP:i2c <- 1076400128
	@DEBUG_VALUE: I2C_WriteNAU8822:data <- 8
	@DEBUG_VALUE: I2C_WriteNAU8822:addr <- 36
	@DEBUG_VALUE: I2C_STOP:u32TimeOutCount <- [DW_OP_constu 1, DW_OP_minus, DW_OP_stack_value] $r0
	.loc	11 449 17                       @ ../../../../Library/StdDriver/inc\i2c.h:449:17
	ldr	r1, [r5]
.Ltmp605:
	@DEBUG_VALUE: I2C_STOP:u32TimeOutCount <- [DW_OP_constu 2, DW_OP_minus, DW_OP_stack_value] $r0
	.loc	11 449 5                        @ ../../../../Library/StdDriver/inc\i2c.h:449:5
	lsls	r1, r1, #27
	bpl	.LBB0_460
.Ltmp606:
@ %bb.455:                              @   in Loop: Header=BB0_452 Depth=1
	@DEBUG_VALUE: I2C_STOP:u32TimeOutCount <- [DW_OP_constu 2, DW_OP_minus, DW_OP_stack_value] $r0
	@DEBUG_VALUE: I2C_STOP:i2c <- 1076400128
	@DEBUG_VALUE: I2C_WriteNAU8822:data <- 8
	@DEBUG_VALUE: I2C_WriteNAU8822:addr <- 36
	cbz	r0, .LBB0_460
.Ltmp607:
@ %bb.456:                              @   in Loop: Header=BB0_452 Depth=1
	@DEBUG_VALUE: I2C_STOP:u32TimeOutCount <- [DW_OP_constu 2, DW_OP_minus, DW_OP_stack_value] $r0
	@DEBUG_VALUE: I2C_STOP:i2c <- 1076400128
	@DEBUG_VALUE: I2C_WriteNAU8822:data <- 8
	@DEBUG_VALUE: I2C_WriteNAU8822:addr <- 36
	@DEBUG_VALUE: I2C_STOP:u32TimeOutCount <- [DW_OP_constu 2, DW_OP_minus, DW_OP_stack_value] $r0
	.loc	11 449 17                       @ ../../../../Library/StdDriver/inc\i2c.h:449:17
	ldr	r1, [r5]
.Ltmp608:
	@DEBUG_VALUE: I2C_STOP:u32TimeOutCount <- [DW_OP_constu 3, DW_OP_minus, DW_OP_stack_value] $r0
	.loc	11 449 5                        @ ../../../../Library/StdDriver/inc\i2c.h:449:5
	lsls	r1, r1, #27
	bpl	.LBB0_460
.Ltmp609:
@ %bb.457:                              @   in Loop: Header=BB0_452 Depth=1
	@DEBUG_VALUE: I2C_STOP:u32TimeOutCount <- [DW_OP_constu 3, DW_OP_minus, DW_OP_stack_value] $r0
	@DEBUG_VALUE: I2C_STOP:i2c <- 1076400128
	@DEBUG_VALUE: I2C_WriteNAU8822:data <- 8
	@DEBUG_VALUE: I2C_WriteNAU8822:addr <- 36
	adds	r1, r0, #1
	beq	.LBB0_460
.Ltmp610:
@ %bb.458:                              @   in Loop: Header=BB0_452 Depth=1
	@DEBUG_VALUE: I2C_STOP:u32TimeOutCount <- [DW_OP_constu 3, DW_OP_minus, DW_OP_stack_value] $r0
	@DEBUG_VALUE: I2C_STOP:i2c <- 1076400128
	@DEBUG_VALUE: I2C_WriteNAU8822:data <- 8
	@DEBUG_VALUE: I2C_WriteNAU8822:addr <- 36
	@DEBUG_VALUE: I2C_STOP:u32TimeOutCount <- [DW_OP_constu 3, DW_OP_minus, DW_OP_stack_value] $r0
	.loc	11 449 17                       @ ../../../../Library/StdDriver/inc\i2c.h:449:17
	ldr	r1, [r5]
.Ltmp611:
	@DEBUG_VALUE: I2C_STOP:u32TimeOutCount <- [DW_OP_LLVM_arg 0, DW_OP_consts 2, DW_OP_consts 18446744073709551615, DW_OP_LLVM_arg 0, DW_OP_mul, DW_OP_plus, DW_OP_minus, DW_OP_consts 4, DW_OP_div, DW_OP_consts 18446744073709551612, DW_OP_mul, DW_OP_consts 18446744073709551612, DW_OP_LLVM_arg 0, DW_OP_plus, DW_OP_plus, DW_OP_stack_value] undef
	.loc	11 449 5                        @ ../../../../Library/StdDriver/inc\i2c.h:449:5
	lsls	r1, r1, #27
	bpl	.LBB0_460
.Ltmp612:
@ %bb.459:                              @   in Loop: Header=BB0_452 Depth=1
	@DEBUG_VALUE: I2C_STOP:i2c <- 1076400128
	@DEBUG_VALUE: I2C_WriteNAU8822:data <- 8
	@DEBUG_VALUE: I2C_WriteNAU8822:addr <- 36
	adds	r1, r0, #2
	add.w	r0, r0, #4
	bne	.LBB0_452
.Ltmp613:
.LBB0_460:
	@DEBUG_VALUE: I2C_WriteNAU8822:addr <- 37
	@DEBUG_VALUE: I2C_WriteNAU8822:data <- 12
	.loc	1 89 5 is_stmt 1                @ ../VoicePlayer.cpp:89:5
	ldr	r0, [r5]
	orr	r0, r0, #32
	bic	r0, r0, #8
	str	r0, [r5]
.Ltmp614:
.LBB0_461:                              @ =>This Inner Loop Header: Depth=1
	@DEBUG_VALUE: I2C_WriteNAU8822:data <- 12
	@DEBUG_VALUE: I2C_WriteNAU8822:addr <- 37
	.loc	1 89 29 is_stmt 0               @ ../VoicePlayer.cpp:89:29
	ldr	r0, [r5]
	lsls	r0, r0, #28
	bmi	.LBB0_464
.Ltmp615:
@ %bb.462:                              @   in Loop: Header=BB0_461 Depth=1
	@DEBUG_VALUE: I2C_WriteNAU8822:data <- 12
	@DEBUG_VALUE: I2C_WriteNAU8822:addr <- 37
	ldr	r0, [r5]
	lsls	r0, r0, #28
	itt	pl
	ldrpl	r0, [r5]
	lslspl.w	r0, r0, #28
	bmi	.LBB0_464
.Ltmp616:
@ %bb.463:                              @   in Loop: Header=BB0_461 Depth=1
	@DEBUG_VALUE: I2C_WriteNAU8822:data <- 12
	@DEBUG_VALUE: I2C_WriteNAU8822:addr <- 37
	ldr	r0, [r5]
	lsls	r0, r0, #28
	bpl	.LBB0_461
.Ltmp617:
.LBB0_464:
	@DEBUG_VALUE: I2C_WriteNAU8822:data <- 12
	@DEBUG_VALUE: I2C_WriteNAU8822:addr <- 37
	.loc	1 0 29                          @ ../VoicePlayer.cpp:0:29
	movs	r0, #52
	movs	r1, #2
	.loc	1 90 5 is_stmt 1                @ ../VoicePlayer.cpp:90:5
	str	r0, [r5, #8]
	.loc	1 91 5                          @ ../VoicePlayer.cpp:91:5
	ldr	r0, [r5]
	bfi	r0, r1, #2, #4
	str	r0, [r5]
.Ltmp618:
.LBB0_465:                              @ =>This Inner Loop Header: Depth=1
	@DEBUG_VALUE: I2C_WriteNAU8822:data <- 12
	@DEBUG_VALUE: I2C_WriteNAU8822:addr <- 37
	.loc	1 91 51 is_stmt 0               @ ../VoicePlayer.cpp:91:51
	ldr	r0, [r5]
	lsls	r0, r0, #28
	bmi	.LBB0_468
.Ltmp619:
@ %bb.466:                              @   in Loop: Header=BB0_465 Depth=1
	@DEBUG_VALUE: I2C_WriteNAU8822:data <- 12
	@DEBUG_VALUE: I2C_WriteNAU8822:addr <- 37
	ldr	r0, [r5]
	lsls	r0, r0, #28
	itt	pl
	ldrpl	r0, [r5]
	lslspl.w	r0, r0, #28
	bmi	.LBB0_468
.Ltmp620:
@ %bb.467:                              @   in Loop: Header=BB0_465 Depth=1
	@DEBUG_VALUE: I2C_WriteNAU8822:data <- 12
	@DEBUG_VALUE: I2C_WriteNAU8822:addr <- 37
	ldr	r0, [r5]
	lsls	r0, r0, #28
	bpl	.LBB0_465
.Ltmp621:
.LBB0_468:
	@DEBUG_VALUE: I2C_WriteNAU8822:data <- 12
	@DEBUG_VALUE: I2C_WriteNAU8822:addr <- 37
	.loc	1 0 51                          @ ../VoicePlayer.cpp:0:51
	movs	r0, #74
	movs	r1, #2
	.loc	1 92 5 is_stmt 1                @ ../VoicePlayer.cpp:92:5
	str	r0, [r5, #8]
	.loc	1 93 5                          @ ../VoicePlayer.cpp:93:5
	ldr	r0, [r5]
	bfi	r0, r1, #2, #4
	str	r0, [r5]
.Ltmp622:
.LBB0_469:                              @ =>This Inner Loop Header: Depth=1
	@DEBUG_VALUE: I2C_WriteNAU8822:data <- 12
	@DEBUG_VALUE: I2C_WriteNAU8822:addr <- 37
	.loc	1 93 51 is_stmt 0               @ ../VoicePlayer.cpp:93:51
	ldr	r0, [r5]
	lsls	r0, r0, #28
	bmi	.LBB0_472
.Ltmp623:
@ %bb.470:                              @   in Loop: Header=BB0_469 Depth=1
	@DEBUG_VALUE: I2C_WriteNAU8822:data <- 12
	@DEBUG_VALUE: I2C_WriteNAU8822:addr <- 37
	ldr	r0, [r5]
	lsls	r0, r0, #28
	itt	pl
	ldrpl	r0, [r5]
	lslspl.w	r0, r0, #28
	bmi	.LBB0_472
.Ltmp624:
@ %bb.471:                              @   in Loop: Header=BB0_469 Depth=1
	@DEBUG_VALUE: I2C_WriteNAU8822:data <- 12
	@DEBUG_VALUE: I2C_WriteNAU8822:addr <- 37
	ldr	r0, [r5]
	lsls	r0, r0, #28
	bpl	.LBB0_469
.Ltmp625:
.LBB0_472:
	@DEBUG_VALUE: I2C_WriteNAU8822:data <- 12
	@DEBUG_VALUE: I2C_WriteNAU8822:addr <- 37
	.loc	1 0 51                          @ ../VoicePlayer.cpp:0:51
	movs	r0, #12
	movs	r1, #2
	.loc	1 94 5 is_stmt 1                @ ../VoicePlayer.cpp:94:5
	str	r0, [r5, #8]
	.loc	1 95 5                          @ ../VoicePlayer.cpp:95:5
	ldr	r0, [r5]
	bfi	r0, r1, #2, #4
	str	r0, [r5]
.Ltmp626:
.LBB0_473:                              @ =>This Inner Loop Header: Depth=1
	@DEBUG_VALUE: I2C_WriteNAU8822:data <- 12
	@DEBUG_VALUE: I2C_WriteNAU8822:addr <- 37
	.loc	1 95 51 is_stmt 0               @ ../VoicePlayer.cpp:95:51
	ldr	r0, [r5]
	lsls	r0, r0, #28
	bmi	.LBB0_476
.Ltmp627:
@ %bb.474:                              @   in Loop: Header=BB0_473 Depth=1
	@DEBUG_VALUE: I2C_WriteNAU8822:data <- 12
	@DEBUG_VALUE: I2C_WriteNAU8822:addr <- 37
	ldr	r0, [r5]
	lsls	r0, r0, #28
	itt	pl
	ldrpl	r0, [r5]
	lslspl.w	r0, r0, #28
	bmi	.LBB0_476
.Ltmp628:
@ %bb.475:                              @   in Loop: Header=BB0_473 Depth=1
	@DEBUG_VALUE: I2C_WriteNAU8822:data <- 12
	@DEBUG_VALUE: I2C_WriteNAU8822:addr <- 37
	ldr	r0, [r5]
	lsls	r0, r0, #28
	bpl	.LBB0_473
.Ltmp629:
.LBB0_476:
	@DEBUG_VALUE: I2C_WriteNAU8822:data <- 12
	@DEBUG_VALUE: I2C_WriteNAU8822:addr <- 37
	@DEBUG_VALUE: I2C_STOP:i2c <- 1076400128
	.loc	11 445 32 is_stmt 1             @ ../../../../Library/StdDriver/inc\i2c.h:445:32
	ldr.w	r0, [r10]
.Ltmp630:
	@DEBUG_VALUE: I2C_STOP:u32TimeOutCount <- $r0
	.loc	11 447 17                       @ ../../../../Library/StdDriver/inc\i2c.h:447:17
	ldr	r1, [r5]
	.loc	11 449 5                        @ ../../../../Library/StdDriver/inc\i2c.h:449:5
	rsb.w	r0, r0, #2
.Ltmp631:
	.loc	11 447 17                       @ ../../../../Library/StdDriver/inc\i2c.h:447:17
	orr	r1, r1, #24
	str	r1, [r5]
.Ltmp632:
	.loc	11 0 17 is_stmt 0               @ :0:17
.Ltmp633:
	.p2align	2
.LBB0_477:                              @ =>This Inner Loop Header: Depth=1
	@DEBUG_VALUE: I2C_STOP:i2c <- 1076400128
	@DEBUG_VALUE: I2C_WriteNAU8822:data <- 12
	@DEBUG_VALUE: I2C_WriteNAU8822:addr <- 37
	@DEBUG_VALUE: I2C_STOP:u32TimeOutCount <- [DW_OP_LLVM_arg 0, DW_OP_consts 2, DW_OP_consts 18446744073709551615, DW_OP_LLVM_arg 0, DW_OP_mul, DW_OP_plus, DW_OP_minus, DW_OP_consts 4, DW_OP_div, DW_OP_consts 18446744073709551612, DW_OP_mul, DW_OP_LLVM_arg 0, DW_OP_plus, DW_OP_stack_value] undef
	.loc	11 449 17 is_stmt 1             @ ../../../../Library/StdDriver/inc\i2c.h:449:17
	ldr	r1, [r5]
.Ltmp634:
	@DEBUG_VALUE: I2C_STOP:u32TimeOutCount <- [DW_OP_constu 1, DW_OP_minus, DW_OP_stack_value] $r0
	.loc	11 449 5 is_stmt 0              @ ../../../../Library/StdDriver/inc\i2c.h:449:5
	lsls	r1, r1, #27
	bpl	.LBB0_485
.Ltmp635:
@ %bb.478:                              @   in Loop: Header=BB0_477 Depth=1
	@DEBUG_VALUE: I2C_STOP:u32TimeOutCount <- [DW_OP_constu 1, DW_OP_minus, DW_OP_stack_value] $r0
	@DEBUG_VALUE: I2C_STOP:i2c <- 1076400128
	@DEBUG_VALUE: I2C_WriteNAU8822:data <- 12
	@DEBUG_VALUE: I2C_WriteNAU8822:addr <- 37
	cmp	r0, #1
	beq	.LBB0_485
.Ltmp636:
@ %bb.479:                              @   in Loop: Header=BB0_477 Depth=1
	@DEBUG_VALUE: I2C_STOP:u32TimeOutCount <- [DW_OP_constu 1, DW_OP_minus, DW_OP_stack_value] $r0
	@DEBUG_VALUE: I2C_STOP:i2c <- 1076400128
	@DEBUG_VALUE: I2C_WriteNAU8822:data <- 12
	@DEBUG_VALUE: I2C_WriteNAU8822:addr <- 37
	@DEBUG_VALUE: I2C_STOP:u32TimeOutCount <- [DW_OP_constu 1, DW_OP_minus, DW_OP_stack_value] $r0
	.loc	11 449 17                       @ ../../../../Library/StdDriver/inc\i2c.h:449:17
	ldr	r1, [r5]
.Ltmp637:
	@DEBUG_VALUE: I2C_STOP:u32TimeOutCount <- [DW_OP_constu 2, DW_OP_minus, DW_OP_stack_value] $r0
	.loc	11 449 5                        @ ../../../../Library/StdDriver/inc\i2c.h:449:5
	lsls	r1, r1, #27
	bpl	.LBB0_485
.Ltmp638:
@ %bb.480:                              @   in Loop: Header=BB0_477 Depth=1
	@DEBUG_VALUE: I2C_STOP:u32TimeOutCount <- [DW_OP_constu 2, DW_OP_minus, DW_OP_stack_value] $r0
	@DEBUG_VALUE: I2C_STOP:i2c <- 1076400128
	@DEBUG_VALUE: I2C_WriteNAU8822:data <- 12
	@DEBUG_VALUE: I2C_WriteNAU8822:addr <- 37
	cbz	r0, .LBB0_485
.Ltmp639:
@ %bb.481:                              @   in Loop: Header=BB0_477 Depth=1
	@DEBUG_VALUE: I2C_STOP:u32TimeOutCount <- [DW_OP_constu 2, DW_OP_minus, DW_OP_stack_value] $r0
	@DEBUG_VALUE: I2C_STOP:i2c <- 1076400128
	@DEBUG_VALUE: I2C_WriteNAU8822:data <- 12
	@DEBUG_VALUE: I2C_WriteNAU8822:addr <- 37
	@DEBUG_VALUE: I2C_STOP:u32TimeOutCount <- [DW_OP_constu 2, DW_OP_minus, DW_OP_stack_value] $r0
	.loc	11 449 17                       @ ../../../../Library/StdDriver/inc\i2c.h:449:17
	ldr	r1, [r5]
.Ltmp640:
	@DEBUG_VALUE: I2C_STOP:u32TimeOutCount <- [DW_OP_constu 3, DW_OP_minus, DW_OP_stack_value] $r0
	.loc	11 449 5                        @ ../../../../Library/StdDriver/inc\i2c.h:449:5
	lsls	r1, r1, #27
	bpl	.LBB0_485
.Ltmp641:
@ %bb.482:                              @   in Loop: Header=BB0_477 Depth=1
	@DEBUG_VALUE: I2C_STOP:u32TimeOutCount <- [DW_OP_constu 3, DW_OP_minus, DW_OP_stack_value] $r0
	@DEBUG_VALUE: I2C_STOP:i2c <- 1076400128
	@DEBUG_VALUE: I2C_WriteNAU8822:data <- 12
	@DEBUG_VALUE: I2C_WriteNAU8822:addr <- 37
	adds	r1, r0, #1
	beq	.LBB0_485
.Ltmp642:
@ %bb.483:                              @   in Loop: Header=BB0_477 Depth=1
	@DEBUG_VALUE: I2C_STOP:u32TimeOutCount <- [DW_OP_constu 3, DW_OP_minus, DW_OP_stack_value] $r0
	@DEBUG_VALUE: I2C_STOP:i2c <- 1076400128
	@DEBUG_VALUE: I2C_WriteNAU8822:data <- 12
	@DEBUG_VALUE: I2C_WriteNAU8822:addr <- 37
	@DEBUG_VALUE: I2C_STOP:u32TimeOutCount <- [DW_OP_constu 3, DW_OP_minus, DW_OP_stack_value] $r0
	.loc	11 449 17                       @ ../../../../Library/StdDriver/inc\i2c.h:449:17
	ldr	r1, [r5]
.Ltmp643:
	@DEBUG_VALUE: I2C_STOP:u32TimeOutCount <- [DW_OP_LLVM_arg 0, DW_OP_consts 2, DW_OP_consts 18446744073709551615, DW_OP_LLVM_arg 0, DW_OP_mul, DW_OP_plus, DW_OP_minus, DW_OP_consts 4, DW_OP_div, DW_OP_consts 18446744073709551612, DW_OP_mul, DW_OP_consts 18446744073709551612, DW_OP_LLVM_arg 0, DW_OP_plus, DW_OP_plus, DW_OP_stack_value] undef
	.loc	11 449 5                        @ ../../../../Library/StdDriver/inc\i2c.h:449:5
	lsls	r1, r1, #27
	bpl	.LBB0_485
.Ltmp644:
@ %bb.484:                              @   in Loop: Header=BB0_477 Depth=1
	@DEBUG_VALUE: I2C_STOP:i2c <- 1076400128
	@DEBUG_VALUE: I2C_WriteNAU8822:data <- 12
	@DEBUG_VALUE: I2C_WriteNAU8822:addr <- 37
	adds	r1, r0, #2
	add.w	r0, r0, #4
	bne	.LBB0_477
.Ltmp645:
.LBB0_485:
	@DEBUG_VALUE: I2C_WriteNAU8822:addr <- 38
	@DEBUG_VALUE: I2C_WriteNAU8822:data <- 147
	.loc	1 89 5 is_stmt 1                @ ../VoicePlayer.cpp:89:5
	ldr	r0, [r5]
	orr	r0, r0, #32
	bic	r0, r0, #8
	str	r0, [r5]
.Ltmp646:
.LBB0_486:                              @ =>This Inner Loop Header: Depth=1
	@DEBUG_VALUE: I2C_WriteNAU8822:data <- 147
	@DEBUG_VALUE: I2C_WriteNAU8822:addr <- 38
	.loc	1 89 29 is_stmt 0               @ ../VoicePlayer.cpp:89:29
	ldr	r0, [r5]
	lsls	r0, r0, #28
	bmi	.LBB0_489
.Ltmp647:
@ %bb.487:                              @   in Loop: Header=BB0_486 Depth=1
	@DEBUG_VALUE: I2C_WriteNAU8822:data <- 147
	@DEBUG_VALUE: I2C_WriteNAU8822:addr <- 38
	ldr	r0, [r5]
	lsls	r0, r0, #28
	itt	pl
	ldrpl	r0, [r5]
	lslspl.w	r0, r0, #28
	bmi	.LBB0_489
.Ltmp648:
@ %bb.488:                              @   in Loop: Header=BB0_486 Depth=1
	@DEBUG_VALUE: I2C_WriteNAU8822:data <- 147
	@DEBUG_VALUE: I2C_WriteNAU8822:addr <- 38
	ldr	r0, [r5]
	lsls	r0, r0, #28
	bpl	.LBB0_486
.Ltmp649:
.LBB0_489:
	@DEBUG_VALUE: I2C_WriteNAU8822:data <- 147
	@DEBUG_VALUE: I2C_WriteNAU8822:addr <- 38
	.loc	1 0 29                          @ ../VoicePlayer.cpp:0:29
	movs	r0, #52
	movs	r1, #2
	.loc	1 90 5 is_stmt 1                @ ../VoicePlayer.cpp:90:5
	str	r0, [r5, #8]
	.loc	1 91 5                          @ ../VoicePlayer.cpp:91:5
	ldr	r0, [r5]
	bfi	r0, r1, #2, #4
	str	r0, [r5]
.Ltmp650:
.LBB0_490:                              @ =>This Inner Loop Header: Depth=1
	@DEBUG_VALUE: I2C_WriteNAU8822:data <- 147
	@DEBUG_VALUE: I2C_WriteNAU8822:addr <- 38
	.loc	1 91 51 is_stmt 0               @ ../VoicePlayer.cpp:91:51
	ldr	r0, [r5]
	lsls	r0, r0, #28
	bmi	.LBB0_493
.Ltmp651:
@ %bb.491:                              @   in Loop: Header=BB0_490 Depth=1
	@DEBUG_VALUE: I2C_WriteNAU8822:data <- 147
	@DEBUG_VALUE: I2C_WriteNAU8822:addr <- 38
	ldr	r0, [r5]
	lsls	r0, r0, #28
	itt	pl
	ldrpl	r0, [r5]
	lslspl.w	r0, r0, #28
	bmi	.LBB0_493
.Ltmp652:
@ %bb.492:                              @   in Loop: Header=BB0_490 Depth=1
	@DEBUG_VALUE: I2C_WriteNAU8822:data <- 147
	@DEBUG_VALUE: I2C_WriteNAU8822:addr <- 38
	ldr	r0, [r5]
	lsls	r0, r0, #28
	bpl	.LBB0_490
.Ltmp653:
.LBB0_493:
	@DEBUG_VALUE: I2C_WriteNAU8822:data <- 147
	@DEBUG_VALUE: I2C_WriteNAU8822:addr <- 38
	.loc	1 0 51                          @ ../VoicePlayer.cpp:0:51
	movs	r0, #76
	movs	r1, #2
	.loc	1 92 5 is_stmt 1                @ ../VoicePlayer.cpp:92:5
	str	r0, [r5, #8]
	.loc	1 93 5                          @ ../VoicePlayer.cpp:93:5
	ldr	r0, [r5]
	bfi	r0, r1, #2, #4
	str	r0, [r5]
.Ltmp654:
.LBB0_494:                              @ =>This Inner Loop Header: Depth=1
	@DEBUG_VALUE: I2C_WriteNAU8822:data <- 147
	@DEBUG_VALUE: I2C_WriteNAU8822:addr <- 38
	.loc	1 93 51 is_stmt 0               @ ../VoicePlayer.cpp:93:51
	ldr	r0, [r5]
	lsls	r0, r0, #28
	bmi	.LBB0_497
.Ltmp655:
@ %bb.495:                              @   in Loop: Header=BB0_494 Depth=1
	@DEBUG_VALUE: I2C_WriteNAU8822:data <- 147
	@DEBUG_VALUE: I2C_WriteNAU8822:addr <- 38
	ldr	r0, [r5]
	lsls	r0, r0, #28
	itt	pl
	ldrpl	r0, [r5]
	lslspl.w	r0, r0, #28
	bmi	.LBB0_497
.Ltmp656:
@ %bb.496:                              @   in Loop: Header=BB0_494 Depth=1
	@DEBUG_VALUE: I2C_WriteNAU8822:data <- 147
	@DEBUG_VALUE: I2C_WriteNAU8822:addr <- 38
	ldr	r0, [r5]
	lsls	r0, r0, #28
	bpl	.LBB0_494
.Ltmp657:
.LBB0_497:
	@DEBUG_VALUE: I2C_WriteNAU8822:data <- 147
	@DEBUG_VALUE: I2C_WriteNAU8822:addr <- 38
	.loc	1 0 51                          @ ../VoicePlayer.cpp:0:51
	movs	r0, #147
	movs	r1, #2
	.loc	1 94 5 is_stmt 1                @ ../VoicePlayer.cpp:94:5
	str	r0, [r5, #8]
	.loc	1 95 5                          @ ../VoicePlayer.cpp:95:5
	ldr	r0, [r5]
	bfi	r0, r1, #2, #4
	str	r0, [r5]
.Ltmp658:
.LBB0_498:                              @ =>This Inner Loop Header: Depth=1
	@DEBUG_VALUE: I2C_WriteNAU8822:data <- 147
	@DEBUG_VALUE: I2C_WriteNAU8822:addr <- 38
	.loc	1 95 51 is_stmt 0               @ ../VoicePlayer.cpp:95:51
	ldr	r0, [r5]
	lsls	r0, r0, #28
	bmi	.LBB0_501
.Ltmp659:
@ %bb.499:                              @   in Loop: Header=BB0_498 Depth=1
	@DEBUG_VALUE: I2C_WriteNAU8822:data <- 147
	@DEBUG_VALUE: I2C_WriteNAU8822:addr <- 38
	ldr	r0, [r5]
	lsls	r0, r0, #28
	itt	pl
	ldrpl	r0, [r5]
	lslspl.w	r0, r0, #28
	bmi	.LBB0_501
.Ltmp660:
@ %bb.500:                              @   in Loop: Header=BB0_498 Depth=1
	@DEBUG_VALUE: I2C_WriteNAU8822:data <- 147
	@DEBUG_VALUE: I2C_WriteNAU8822:addr <- 38
	ldr	r0, [r5]
	lsls	r0, r0, #28
	bpl	.LBB0_498
.Ltmp661:
.LBB0_501:
	@DEBUG_VALUE: I2C_WriteNAU8822:data <- 147
	@DEBUG_VALUE: I2C_WriteNAU8822:addr <- 38
	@DEBUG_VALUE: I2C_STOP:i2c <- 1076400128
	.loc	11 445 32 is_stmt 1             @ ../../../../Library/StdDriver/inc\i2c.h:445:32
	ldr.w	r0, [r10]
.Ltmp662:
	@DEBUG_VALUE: I2C_STOP:u32TimeOutCount <- $r0
	.loc	11 447 17                       @ ../../../../Library/StdDriver/inc\i2c.h:447:17
	ldr	r1, [r5]
	.loc	11 449 5                        @ ../../../../Library/StdDriver/inc\i2c.h:449:5
	rsb.w	r0, r0, #2
.Ltmp663:
	.loc	11 447 17                       @ ../../../../Library/StdDriver/inc\i2c.h:447:17
	orr	r1, r1, #24
	str	r1, [r5]
.Ltmp664:
	.loc	11 0 17 is_stmt 0               @ :0:17
.Ltmp665:
	.p2align	2
.LBB0_502:                              @ =>This Inner Loop Header: Depth=1
	@DEBUG_VALUE: I2C_STOP:i2c <- 1076400128
	@DEBUG_VALUE: I2C_WriteNAU8822:data <- 147
	@DEBUG_VALUE: I2C_WriteNAU8822:addr <- 38
	@DEBUG_VALUE: I2C_STOP:u32TimeOutCount <- [DW_OP_LLVM_arg 0, DW_OP_consts 2, DW_OP_consts 18446744073709551615, DW_OP_LLVM_arg 0, DW_OP_mul, DW_OP_plus, DW_OP_minus, DW_OP_consts 4, DW_OP_div, DW_OP_consts 18446744073709551612, DW_OP_mul, DW_OP_LLVM_arg 0, DW_OP_plus, DW_OP_stack_value] undef
	.loc	11 449 17 is_stmt 1             @ ../../../../Library/StdDriver/inc\i2c.h:449:17
	ldr	r1, [r5]
.Ltmp666:
	@DEBUG_VALUE: I2C_STOP:u32TimeOutCount <- [DW_OP_constu 1, DW_OP_minus, DW_OP_stack_value] $r0
	.loc	11 449 5 is_stmt 0              @ ../../../../Library/StdDriver/inc\i2c.h:449:5
	lsls	r1, r1, #27
	bpl	.LBB0_510
.Ltmp667:
@ %bb.503:                              @   in Loop: Header=BB0_502 Depth=1
	@DEBUG_VALUE: I2C_STOP:u32TimeOutCount <- [DW_OP_constu 1, DW_OP_minus, DW_OP_stack_value] $r0
	@DEBUG_VALUE: I2C_STOP:i2c <- 1076400128
	@DEBUG_VALUE: I2C_WriteNAU8822:data <- 147
	@DEBUG_VALUE: I2C_WriteNAU8822:addr <- 38
	cmp	r0, #1
	beq	.LBB0_510
.Ltmp668:
@ %bb.504:                              @   in Loop: Header=BB0_502 Depth=1
	@DEBUG_VALUE: I2C_STOP:u32TimeOutCount <- [DW_OP_constu 1, DW_OP_minus, DW_OP_stack_value] $r0
	@DEBUG_VALUE: I2C_STOP:i2c <- 1076400128
	@DEBUG_VALUE: I2C_WriteNAU8822:data <- 147
	@DEBUG_VALUE: I2C_WriteNAU8822:addr <- 38
	@DEBUG_VALUE: I2C_STOP:u32TimeOutCount <- [DW_OP_constu 1, DW_OP_minus, DW_OP_stack_value] $r0
	.loc	11 449 17                       @ ../../../../Library/StdDriver/inc\i2c.h:449:17
	ldr	r1, [r5]
.Ltmp669:
	@DEBUG_VALUE: I2C_STOP:u32TimeOutCount <- [DW_OP_constu 2, DW_OP_minus, DW_OP_stack_value] $r0
	.loc	11 449 5                        @ ../../../../Library/StdDriver/inc\i2c.h:449:5
	lsls	r1, r1, #27
	bpl	.LBB0_510
.Ltmp670:
@ %bb.505:                              @   in Loop: Header=BB0_502 Depth=1
	@DEBUG_VALUE: I2C_STOP:u32TimeOutCount <- [DW_OP_constu 2, DW_OP_minus, DW_OP_stack_value] $r0
	@DEBUG_VALUE: I2C_STOP:i2c <- 1076400128
	@DEBUG_VALUE: I2C_WriteNAU8822:data <- 147
	@DEBUG_VALUE: I2C_WriteNAU8822:addr <- 38
	cbz	r0, .LBB0_510
.Ltmp671:
@ %bb.506:                              @   in Loop: Header=BB0_502 Depth=1
	@DEBUG_VALUE: I2C_STOP:u32TimeOutCount <- [DW_OP_constu 2, DW_OP_minus, DW_OP_stack_value] $r0
	@DEBUG_VALUE: I2C_STOP:i2c <- 1076400128
	@DEBUG_VALUE: I2C_WriteNAU8822:data <- 147
	@DEBUG_VALUE: I2C_WriteNAU8822:addr <- 38
	@DEBUG_VALUE: I2C_STOP:u32TimeOutCount <- [DW_OP_constu 2, DW_OP_minus, DW_OP_stack_value] $r0
	.loc	11 449 17                       @ ../../../../Library/StdDriver/inc\i2c.h:449:17
	ldr	r1, [r5]
.Ltmp672:
	@DEBUG_VALUE: I2C_STOP:u32TimeOutCount <- [DW_OP_constu 3, DW_OP_minus, DW_OP_stack_value] $r0
	.loc	11 449 5                        @ ../../../../Library/StdDriver/inc\i2c.h:449:5
	lsls	r1, r1, #27
	bpl	.LBB0_510
.Ltmp673:
@ %bb.507:                              @   in Loop: Header=BB0_502 Depth=1
	@DEBUG_VALUE: I2C_STOP:u32TimeOutCount <- [DW_OP_constu 3, DW_OP_minus, DW_OP_stack_value] $r0
	@DEBUG_VALUE: I2C_STOP:i2c <- 1076400128
	@DEBUG_VALUE: I2C_WriteNAU8822:data <- 147
	@DEBUG_VALUE: I2C_WriteNAU8822:addr <- 38
	adds	r1, r0, #1
	beq	.LBB0_510
.Ltmp674:
@ %bb.508:                              @   in Loop: Header=BB0_502 Depth=1
	@DEBUG_VALUE: I2C_STOP:u32TimeOutCount <- [DW_OP_constu 3, DW_OP_minus, DW_OP_stack_value] $r0
	@DEBUG_VALUE: I2C_STOP:i2c <- 1076400128
	@DEBUG_VALUE: I2C_WriteNAU8822:data <- 147
	@DEBUG_VALUE: I2C_WriteNAU8822:addr <- 38
	@DEBUG_VALUE: I2C_STOP:u32TimeOutCount <- [DW_OP_constu 3, DW_OP_minus, DW_OP_stack_value] $r0
	.loc	11 449 17                       @ ../../../../Library/StdDriver/inc\i2c.h:449:17
	ldr	r1, [r5]
.Ltmp675:
	@DEBUG_VALUE: I2C_STOP:u32TimeOutCount <- [DW_OP_LLVM_arg 0, DW_OP_consts 2, DW_OP_consts 18446744073709551615, DW_OP_LLVM_arg 0, DW_OP_mul, DW_OP_plus, DW_OP_minus, DW_OP_consts 4, DW_OP_div, DW_OP_consts 18446744073709551612, DW_OP_mul, DW_OP_consts 18446744073709551612, DW_OP_LLVM_arg 0, DW_OP_plus, DW_OP_plus, DW_OP_stack_value] undef
	.loc	11 449 5                        @ ../../../../Library/StdDriver/inc\i2c.h:449:5
	lsls	r1, r1, #27
	bpl	.LBB0_510
.Ltmp676:
@ %bb.509:                              @   in Loop: Header=BB0_502 Depth=1
	@DEBUG_VALUE: I2C_STOP:i2c <- 1076400128
	@DEBUG_VALUE: I2C_WriteNAU8822:data <- 147
	@DEBUG_VALUE: I2C_WriteNAU8822:addr <- 38
	adds	r1, r0, #2
	add.w	r0, r0, #4
	bne	.LBB0_502
.Ltmp677:
.LBB0_510:
	@DEBUG_VALUE: I2C_WriteNAU8822:addr <- 39
	@DEBUG_VALUE: I2C_WriteNAU8822:data <- 233
	.loc	1 89 5 is_stmt 1                @ ../VoicePlayer.cpp:89:5
	ldr	r0, [r5]
	orr	r0, r0, #32
	bic	r0, r0, #8
	str	r0, [r5]
.Ltmp678:
.LBB0_511:                              @ =>This Inner Loop Header: Depth=1
	@DEBUG_VALUE: I2C_WriteNAU8822:data <- 233
	@DEBUG_VALUE: I2C_WriteNAU8822:addr <- 39
	.loc	1 89 29 is_stmt 0               @ ../VoicePlayer.cpp:89:29
	ldr	r0, [r5]
	lsls	r0, r0, #28
	bmi	.LBB0_514
.Ltmp679:
@ %bb.512:                              @   in Loop: Header=BB0_511 Depth=1
	@DEBUG_VALUE: I2C_WriteNAU8822:data <- 233
	@DEBUG_VALUE: I2C_WriteNAU8822:addr <- 39
	ldr	r0, [r5]
	lsls	r0, r0, #28
	itt	pl
	ldrpl	r0, [r5]
	lslspl.w	r0, r0, #28
	bmi	.LBB0_514
.Ltmp680:
@ %bb.513:                              @   in Loop: Header=BB0_511 Depth=1
	@DEBUG_VALUE: I2C_WriteNAU8822:data <- 233
	@DEBUG_VALUE: I2C_WriteNAU8822:addr <- 39
	ldr	r0, [r5]
	lsls	r0, r0, #28
	bpl	.LBB0_511
.Ltmp681:
.LBB0_514:
	@DEBUG_VALUE: I2C_WriteNAU8822:data <- 233
	@DEBUG_VALUE: I2C_WriteNAU8822:addr <- 39
	.loc	1 0 29                          @ ../VoicePlayer.cpp:0:29
	movs	r0, #52
	movs	r1, #2
	.loc	1 90 5 is_stmt 1                @ ../VoicePlayer.cpp:90:5
	str	r0, [r5, #8]
	.loc	1 91 5                          @ ../VoicePlayer.cpp:91:5
	ldr	r0, [r5]
	bfi	r0, r1, #2, #4
	str	r0, [r5]
.Ltmp682:
.LBB0_515:                              @ =>This Inner Loop Header: Depth=1
	@DEBUG_VALUE: I2C_WriteNAU8822:data <- 233
	@DEBUG_VALUE: I2C_WriteNAU8822:addr <- 39
	.loc	1 91 51 is_stmt 0               @ ../VoicePlayer.cpp:91:51
	ldr	r0, [r5]
	lsls	r0, r0, #28
	bmi	.LBB0_518
.Ltmp683:
@ %bb.516:                              @   in Loop: Header=BB0_515 Depth=1
	@DEBUG_VALUE: I2C_WriteNAU8822:data <- 233
	@DEBUG_VALUE: I2C_WriteNAU8822:addr <- 39
	ldr	r0, [r5]
	lsls	r0, r0, #28
	itt	pl
	ldrpl	r0, [r5]
	lslspl.w	r0, r0, #28
	bmi	.LBB0_518
.Ltmp684:
@ %bb.517:                              @   in Loop: Header=BB0_515 Depth=1
	@DEBUG_VALUE: I2C_WriteNAU8822:data <- 233
	@DEBUG_VALUE: I2C_WriteNAU8822:addr <- 39
	ldr	r0, [r5]
	lsls	r0, r0, #28
	bpl	.LBB0_515
.Ltmp685:
.LBB0_518:
	@DEBUG_VALUE: I2C_WriteNAU8822:data <- 233
	@DEBUG_VALUE: I2C_WriteNAU8822:addr <- 39
	.loc	1 0 51                          @ ../VoicePlayer.cpp:0:51
	movs	r0, #78
	movs	r1, #2
	.loc	1 92 5 is_stmt 1                @ ../VoicePlayer.cpp:92:5
	str	r0, [r5, #8]
	.loc	1 93 5                          @ ../VoicePlayer.cpp:93:5
	ldr	r0, [r5]
	bfi	r0, r1, #2, #4
	str	r0, [r5]
.Ltmp686:
.LBB0_519:                              @ =>This Inner Loop Header: Depth=1
	@DEBUG_VALUE: I2C_WriteNAU8822:data <- 233
	@DEBUG_VALUE: I2C_WriteNAU8822:addr <- 39
	.loc	1 93 51 is_stmt 0               @ ../VoicePlayer.cpp:93:51
	ldr	r0, [r5]
	lsls	r0, r0, #28
	bmi	.LBB0_522
.Ltmp687:
@ %bb.520:                              @   in Loop: Header=BB0_519 Depth=1
	@DEBUG_VALUE: I2C_WriteNAU8822:data <- 233
	@DEBUG_VALUE: I2C_WriteNAU8822:addr <- 39
	ldr	r0, [r5]
	lsls	r0, r0, #28
	itt	pl
	ldrpl	r0, [r5]
	lslspl.w	r0, r0, #28
	bmi	.LBB0_522
.Ltmp688:
@ %bb.521:                              @   in Loop: Header=BB0_519 Depth=1
	@DEBUG_VALUE: I2C_WriteNAU8822:data <- 233
	@DEBUG_VALUE: I2C_WriteNAU8822:addr <- 39
	ldr	r0, [r5]
	lsls	r0, r0, #28
	bpl	.LBB0_519
.Ltmp689:
.LBB0_522:
	@DEBUG_VALUE: I2C_WriteNAU8822:data <- 233
	@DEBUG_VALUE: I2C_WriteNAU8822:addr <- 39
	.loc	1 0 51                          @ ../VoicePlayer.cpp:0:51
	movs	r0, #233
	movs	r1, #2
	.loc	1 94 5 is_stmt 1                @ ../VoicePlayer.cpp:94:5
	str	r0, [r5, #8]
	.loc	1 95 5                          @ ../VoicePlayer.cpp:95:5
	ldr	r0, [r5]
	bfi	r0, r1, #2, #4
	str	r0, [r5]
.Ltmp690:
.LBB0_523:                              @ =>This Inner Loop Header: Depth=1
	@DEBUG_VALUE: I2C_WriteNAU8822:data <- 233
	@DEBUG_VALUE: I2C_WriteNAU8822:addr <- 39
	.loc	1 95 51 is_stmt 0               @ ../VoicePlayer.cpp:95:51
	ldr	r0, [r5]
	lsls	r0, r0, #28
	bmi	.LBB0_526
.Ltmp691:
@ %bb.524:                              @   in Loop: Header=BB0_523 Depth=1
	@DEBUG_VALUE: I2C_WriteNAU8822:data <- 233
	@DEBUG_VALUE: I2C_WriteNAU8822:addr <- 39
	ldr	r0, [r5]
	lsls	r0, r0, #28
	itt	pl
	ldrpl	r0, [r5]
	lslspl.w	r0, r0, #28
	bmi	.LBB0_526
.Ltmp692:
@ %bb.525:                              @   in Loop: Header=BB0_523 Depth=1
	@DEBUG_VALUE: I2C_WriteNAU8822:data <- 233
	@DEBUG_VALUE: I2C_WriteNAU8822:addr <- 39
	ldr	r0, [r5]
	lsls	r0, r0, #28
	bpl	.LBB0_523
.Ltmp693:
.LBB0_526:
	@DEBUG_VALUE: I2C_WriteNAU8822:data <- 233
	@DEBUG_VALUE: I2C_WriteNAU8822:addr <- 39
	@DEBUG_VALUE: I2C_STOP:i2c <- 1076400128
	.loc	11 445 32 is_stmt 1             @ ../../../../Library/StdDriver/inc\i2c.h:445:32
	ldr.w	r0, [r10]
.Ltmp694:
	@DEBUG_VALUE: I2C_STOP:u32TimeOutCount <- $r0
	.loc	11 447 17                       @ ../../../../Library/StdDriver/inc\i2c.h:447:17
	ldr	r1, [r5]
	.loc	11 449 5                        @ ../../../../Library/StdDriver/inc\i2c.h:449:5
	rsb.w	r0, r0, #2
.Ltmp695:
	.loc	11 447 17                       @ ../../../../Library/StdDriver/inc\i2c.h:447:17
	orr	r1, r1, #24
	str	r1, [r5]
.Ltmp696:
	.loc	11 0 17 is_stmt 0               @ :0:17
.Ltmp697:
	.p2align	2
.LBB0_527:                              @ =>This Inner Loop Header: Depth=1
	@DEBUG_VALUE: I2C_STOP:i2c <- 1076400128
	@DEBUG_VALUE: I2C_WriteNAU8822:data <- 233
	@DEBUG_VALUE: I2C_WriteNAU8822:addr <- 39
	@DEBUG_VALUE: I2C_STOP:u32TimeOutCount <- [DW_OP_LLVM_arg 0, DW_OP_consts 2, DW_OP_consts 18446744073709551615, DW_OP_LLVM_arg 0, DW_OP_mul, DW_OP_plus, DW_OP_minus, DW_OP_consts 4, DW_OP_div, DW_OP_consts 18446744073709551612, DW_OP_mul, DW_OP_LLVM_arg 0, DW_OP_plus, DW_OP_stack_value] undef
	.loc	11 449 17 is_stmt 1             @ ../../../../Library/StdDriver/inc\i2c.h:449:17
	ldr	r1, [r5]
.Ltmp698:
	@DEBUG_VALUE: I2C_STOP:u32TimeOutCount <- [DW_OP_constu 1, DW_OP_minus, DW_OP_stack_value] $r0
	.loc	11 449 5 is_stmt 0              @ ../../../../Library/StdDriver/inc\i2c.h:449:5
	lsls	r1, r1, #27
	bpl	.LBB0_535
.Ltmp699:
@ %bb.528:                              @   in Loop: Header=BB0_527 Depth=1
	@DEBUG_VALUE: I2C_STOP:u32TimeOutCount <- [DW_OP_constu 1, DW_OP_minus, DW_OP_stack_value] $r0
	@DEBUG_VALUE: I2C_STOP:i2c <- 1076400128
	@DEBUG_VALUE: I2C_WriteNAU8822:data <- 233
	@DEBUG_VALUE: I2C_WriteNAU8822:addr <- 39
	cmp	r0, #1
	beq	.LBB0_535
.Ltmp700:
@ %bb.529:                              @   in Loop: Header=BB0_527 Depth=1
	@DEBUG_VALUE: I2C_STOP:u32TimeOutCount <- [DW_OP_constu 1, DW_OP_minus, DW_OP_stack_value] $r0
	@DEBUG_VALUE: I2C_STOP:i2c <- 1076400128
	@DEBUG_VALUE: I2C_WriteNAU8822:data <- 233
	@DEBUG_VALUE: I2C_WriteNAU8822:addr <- 39
	@DEBUG_VALUE: I2C_STOP:u32TimeOutCount <- [DW_OP_constu 1, DW_OP_minus, DW_OP_stack_value] $r0
	.loc	11 449 17                       @ ../../../../Library/StdDriver/inc\i2c.h:449:17
	ldr	r1, [r5]
.Ltmp701:
	@DEBUG_VALUE: I2C_STOP:u32TimeOutCount <- [DW_OP_constu 2, DW_OP_minus, DW_OP_stack_value] $r0
	.loc	11 449 5                        @ ../../../../Library/StdDriver/inc\i2c.h:449:5
	lsls	r1, r1, #27
	bpl	.LBB0_535
.Ltmp702:
@ %bb.530:                              @   in Loop: Header=BB0_527 Depth=1
	@DEBUG_VALUE: I2C_STOP:u32TimeOutCount <- [DW_OP_constu 2, DW_OP_minus, DW_OP_stack_value] $r0
	@DEBUG_VALUE: I2C_STOP:i2c <- 1076400128
	@DEBUG_VALUE: I2C_WriteNAU8822:data <- 233
	@DEBUG_VALUE: I2C_WriteNAU8822:addr <- 39
	cbz	r0, .LBB0_535
.Ltmp703:
@ %bb.531:                              @   in Loop: Header=BB0_527 Depth=1
	@DEBUG_VALUE: I2C_STOP:u32TimeOutCount <- [DW_OP_constu 2, DW_OP_minus, DW_OP_stack_value] $r0
	@DEBUG_VALUE: I2C_STOP:i2c <- 1076400128
	@DEBUG_VALUE: I2C_WriteNAU8822:data <- 233
	@DEBUG_VALUE: I2C_WriteNAU8822:addr <- 39
	@DEBUG_VALUE: I2C_STOP:u32TimeOutCount <- [DW_OP_constu 2, DW_OP_minus, DW_OP_stack_value] $r0
	.loc	11 449 17                       @ ../../../../Library/StdDriver/inc\i2c.h:449:17
	ldr	r1, [r5]
.Ltmp704:
	@DEBUG_VALUE: I2C_STOP:u32TimeOutCount <- [DW_OP_constu 3, DW_OP_minus, DW_OP_stack_value] $r0
	.loc	11 449 5                        @ ../../../../Library/StdDriver/inc\i2c.h:449:5
	lsls	r1, r1, #27
	bpl	.LBB0_535
.Ltmp705:
@ %bb.532:                              @   in Loop: Header=BB0_527 Depth=1
	@DEBUG_VALUE: I2C_STOP:u32TimeOutCount <- [DW_OP_constu 3, DW_OP_minus, DW_OP_stack_value] $r0
	@DEBUG_VALUE: I2C_STOP:i2c <- 1076400128
	@DEBUG_VALUE: I2C_WriteNAU8822:data <- 233
	@DEBUG_VALUE: I2C_WriteNAU8822:addr <- 39
	adds	r1, r0, #1
	beq	.LBB0_535
.Ltmp706:
@ %bb.533:                              @   in Loop: Header=BB0_527 Depth=1
	@DEBUG_VALUE: I2C_STOP:u32TimeOutCount <- [DW_OP_constu 3, DW_OP_minus, DW_OP_stack_value] $r0
	@DEBUG_VALUE: I2C_STOP:i2c <- 1076400128
	@DEBUG_VALUE: I2C_WriteNAU8822:data <- 233
	@DEBUG_VALUE: I2C_WriteNAU8822:addr <- 39
	@DEBUG_VALUE: I2C_STOP:u32TimeOutCount <- [DW_OP_constu 3, DW_OP_minus, DW_OP_stack_value] $r0
	.loc	11 449 17                       @ ../../../../Library/StdDriver/inc\i2c.h:449:17
	ldr	r1, [r5]
.Ltmp707:
	@DEBUG_VALUE: I2C_STOP:u32TimeOutCount <- [DW_OP_LLVM_arg 0, DW_OP_consts 2, DW_OP_consts 18446744073709551615, DW_OP_LLVM_arg 0, DW_OP_mul, DW_OP_plus, DW_OP_minus, DW_OP_consts 4, DW_OP_div, DW_OP_consts 18446744073709551612, DW_OP_mul, DW_OP_consts 18446744073709551612, DW_OP_LLVM_arg 0, DW_OP_plus, DW_OP_plus, DW_OP_stack_value] undef
	.loc	11 449 5                        @ ../../../../Library/StdDriver/inc\i2c.h:449:5
	lsls	r1, r1, #27
	bpl	.LBB0_535
.Ltmp708:
@ %bb.534:                              @   in Loop: Header=BB0_527 Depth=1
	@DEBUG_VALUE: I2C_STOP:i2c <- 1076400128
	@DEBUG_VALUE: I2C_WriteNAU8822:data <- 233
	@DEBUG_VALUE: I2C_WriteNAU8822:addr <- 39
	adds	r1, r0, #2
	add.w	r0, r0, #4
	bne	.LBB0_527
.Ltmp709:
.LBB0_535:
	@DEBUG_VALUE: I2C_WriteNAU8822:addr <- 6
	@DEBUG_VALUE: I2C_WriteNAU8822:data <- 429
	.loc	1 89 5 is_stmt 1                @ ../VoicePlayer.cpp:89:5
	ldr	r0, [r5]
	orr	r0, r0, #32
	bic	r0, r0, #8
	str	r0, [r5]
.Ltmp710:
.LBB0_536:                              @ =>This Inner Loop Header: Depth=1
	@DEBUG_VALUE: I2C_WriteNAU8822:data <- 429
	@DEBUG_VALUE: I2C_WriteNAU8822:addr <- 6
	.loc	1 89 29 is_stmt 0               @ ../VoicePlayer.cpp:89:29
	ldr	r0, [r5]
	lsls	r0, r0, #28
	bmi	.LBB0_539
.Ltmp711:
@ %bb.537:                              @   in Loop: Header=BB0_536 Depth=1
	@DEBUG_VALUE: I2C_WriteNAU8822:data <- 429
	@DEBUG_VALUE: I2C_WriteNAU8822:addr <- 6
	ldr	r0, [r5]
	lsls	r0, r0, #28
	itt	pl
	ldrpl	r0, [r5]
	lslspl.w	r0, r0, #28
	bmi	.LBB0_539
.Ltmp712:
@ %bb.538:                              @   in Loop: Header=BB0_536 Depth=1
	@DEBUG_VALUE: I2C_WriteNAU8822:data <- 429
	@DEBUG_VALUE: I2C_WriteNAU8822:addr <- 6
	ldr	r0, [r5]
	lsls	r0, r0, #28
	bpl	.LBB0_536
.Ltmp713:
.LBB0_539:
	@DEBUG_VALUE: I2C_WriteNAU8822:data <- 429
	@DEBUG_VALUE: I2C_WriteNAU8822:addr <- 6
	.loc	1 0 29                          @ ../VoicePlayer.cpp:0:29
	movs	r0, #52
	movs	r1, #2
	.loc	1 90 5 is_stmt 1                @ ../VoicePlayer.cpp:90:5
	str	r0, [r5, #8]
	.loc	1 91 5                          @ ../VoicePlayer.cpp:91:5
	ldr	r0, [r5]
	bfi	r0, r1, #2, #4
	str	r0, [r5]
.Ltmp714:
.LBB0_540:                              @ =>This Inner Loop Header: Depth=1
	@DEBUG_VALUE: I2C_WriteNAU8822:data <- 429
	@DEBUG_VALUE: I2C_WriteNAU8822:addr <- 6
	.loc	1 91 51 is_stmt 0               @ ../VoicePlayer.cpp:91:51
	ldr	r0, [r5]
	lsls	r0, r0, #28
	bmi	.LBB0_543
.Ltmp715:
@ %bb.541:                              @   in Loop: Header=BB0_540 Depth=1
	@DEBUG_VALUE: I2C_WriteNAU8822:data <- 429
	@DEBUG_VALUE: I2C_WriteNAU8822:addr <- 6
	ldr	r0, [r5]
	lsls	r0, r0, #28
	itt	pl
	ldrpl	r0, [r5]
	lslspl.w	r0, r0, #28
	bmi	.LBB0_543
.Ltmp716:
@ %bb.542:                              @   in Loop: Header=BB0_540 Depth=1
	@DEBUG_VALUE: I2C_WriteNAU8822:data <- 429
	@DEBUG_VALUE: I2C_WriteNAU8822:addr <- 6
	ldr	r0, [r5]
	lsls	r0, r0, #28
	bpl	.LBB0_540
.Ltmp717:
.LBB0_543:
	@DEBUG_VALUE: I2C_WriteNAU8822:data <- 429
	@DEBUG_VALUE: I2C_WriteNAU8822:addr <- 6
	.loc	1 0 51                          @ ../VoicePlayer.cpp:0:51
	movs	r0, #13
	movs	r1, #2
	.loc	1 92 5 is_stmt 1                @ ../VoicePlayer.cpp:92:5
	str	r0, [r5, #8]
	.loc	1 93 5                          @ ../VoicePlayer.cpp:93:5
	ldr	r0, [r5]
	bfi	r0, r1, #2, #4
	str	r0, [r5]
.Ltmp718:
.LBB0_544:                              @ =>This Inner Loop Header: Depth=1
	@DEBUG_VALUE: I2C_WriteNAU8822:data <- 429
	@DEBUG_VALUE: I2C_WriteNAU8822:addr <- 6
	.loc	1 93 51 is_stmt 0               @ ../VoicePlayer.cpp:93:51
	ldr	r0, [r5]
	lsls	r0, r0, #28
	bmi	.LBB0_547
.Ltmp719:
@ %bb.545:                              @   in Loop: Header=BB0_544 Depth=1
	@DEBUG_VALUE: I2C_WriteNAU8822:data <- 429
	@DEBUG_VALUE: I2C_WriteNAU8822:addr <- 6
	ldr	r0, [r5]
	lsls	r0, r0, #28
	itt	pl
	ldrpl	r0, [r5]
	lslspl.w	r0, r0, #28
	bmi	.LBB0_547
.Ltmp720:
@ %bb.546:                              @   in Loop: Header=BB0_544 Depth=1
	@DEBUG_VALUE: I2C_WriteNAU8822:data <- 429
	@DEBUG_VALUE: I2C_WriteNAU8822:addr <- 6
	ldr	r0, [r5]
	lsls	r0, r0, #28
	bpl	.LBB0_544
.Ltmp721:
.LBB0_547:
	@DEBUG_VALUE: I2C_WriteNAU8822:data <- 429
	@DEBUG_VALUE: I2C_WriteNAU8822:addr <- 6
	.loc	1 0 51                          @ ../VoicePlayer.cpp:0:51
	movs	r0, #173
	movs	r1, #2
	.loc	1 94 5 is_stmt 1                @ ../VoicePlayer.cpp:94:5
	str	r0, [r5, #8]
	.loc	1 95 5                          @ ../VoicePlayer.cpp:95:5
	ldr	r0, [r5]
	bfi	r0, r1, #2, #4
	str	r0, [r5]
.Ltmp722:
.LBB0_548:                              @ =>This Inner Loop Header: Depth=1
	@DEBUG_VALUE: I2C_WriteNAU8822:data <- 429
	@DEBUG_VALUE: I2C_WriteNAU8822:addr <- 6
	.loc	1 95 51 is_stmt 0               @ ../VoicePlayer.cpp:95:51
	ldr	r0, [r5]
	lsls	r0, r0, #28
	bmi	.LBB0_551
.Ltmp723:
@ %bb.549:                              @   in Loop: Header=BB0_548 Depth=1
	@DEBUG_VALUE: I2C_WriteNAU8822:data <- 429
	@DEBUG_VALUE: I2C_WriteNAU8822:addr <- 6
	ldr	r0, [r5]
	lsls	r0, r0, #28
	itt	pl
	ldrpl	r0, [r5]
	lslspl.w	r0, r0, #28
	bmi	.LBB0_551
.Ltmp724:
@ %bb.550:                              @   in Loop: Header=BB0_548 Depth=1
	@DEBUG_VALUE: I2C_WriteNAU8822:data <- 429
	@DEBUG_VALUE: I2C_WriteNAU8822:addr <- 6
	ldr	r0, [r5]
	lsls	r0, r0, #28
	bpl	.LBB0_548
.Ltmp725:
.LBB0_551:
	@DEBUG_VALUE: I2C_WriteNAU8822:data <- 429
	@DEBUG_VALUE: I2C_WriteNAU8822:addr <- 6
	@DEBUG_VALUE: I2C_STOP:i2c <- 1076400128
	.loc	11 445 32 is_stmt 1             @ ../../../../Library/StdDriver/inc\i2c.h:445:32
	ldr.w	r0, [r10]
.Ltmp726:
	@DEBUG_VALUE: I2C_STOP:u32TimeOutCount <- $r0
	.loc	11 447 17                       @ ../../../../Library/StdDriver/inc\i2c.h:447:17
	ldr	r1, [r5]
	.loc	11 449 5                        @ ../../../../Library/StdDriver/inc\i2c.h:449:5
	rsb.w	r0, r0, #2
.Ltmp727:
	.loc	11 447 17                       @ ../../../../Library/StdDriver/inc\i2c.h:447:17
	orr	r1, r1, #24
	str	r1, [r5]
.Ltmp728:
	.loc	11 0 17 is_stmt 0               @ :0:17
.Ltmp729:
	.p2align	2
.LBB0_552:                              @ =>This Inner Loop Header: Depth=1
	@DEBUG_VALUE: I2C_STOP:i2c <- 1076400128
	@DEBUG_VALUE: I2C_WriteNAU8822:data <- 429
	@DEBUG_VALUE: I2C_WriteNAU8822:addr <- 6
	@DEBUG_VALUE: I2C_STOP:u32TimeOutCount <- [DW_OP_LLVM_arg 0, DW_OP_consts 2, DW_OP_consts 18446744073709551615, DW_OP_LLVM_arg 0, DW_OP_mul, DW_OP_plus, DW_OP_minus, DW_OP_consts 4, DW_OP_div, DW_OP_consts 18446744073709551612, DW_OP_mul, DW_OP_LLVM_arg 0, DW_OP_plus, DW_OP_stack_value] undef
	.loc	11 449 17 is_stmt 1             @ ../../../../Library/StdDriver/inc\i2c.h:449:17
	ldr	r1, [r5]
.Ltmp730:
	@DEBUG_VALUE: I2C_STOP:u32TimeOutCount <- [DW_OP_constu 1, DW_OP_minus, DW_OP_stack_value] $r0
	.loc	11 449 5 is_stmt 0              @ ../../../../Library/StdDriver/inc\i2c.h:449:5
	lsls	r1, r1, #27
	bpl	.LBB0_560
.Ltmp731:
@ %bb.553:                              @   in Loop: Header=BB0_552 Depth=1
	@DEBUG_VALUE: I2C_STOP:u32TimeOutCount <- [DW_OP_constu 1, DW_OP_minus, DW_OP_stack_value] $r0
	@DEBUG_VALUE: I2C_STOP:i2c <- 1076400128
	@DEBUG_VALUE: I2C_WriteNAU8822:data <- 429
	@DEBUG_VALUE: I2C_WriteNAU8822:addr <- 6
	cmp	r0, #1
	beq	.LBB0_560
.Ltmp732:
@ %bb.554:                              @   in Loop: Header=BB0_552 Depth=1
	@DEBUG_VALUE: I2C_STOP:u32TimeOutCount <- [DW_OP_constu 1, DW_OP_minus, DW_OP_stack_value] $r0
	@DEBUG_VALUE: I2C_STOP:i2c <- 1076400128
	@DEBUG_VALUE: I2C_WriteNAU8822:data <- 429
	@DEBUG_VALUE: I2C_WriteNAU8822:addr <- 6
	@DEBUG_VALUE: I2C_STOP:u32TimeOutCount <- [DW_OP_constu 1, DW_OP_minus, DW_OP_stack_value] $r0
	.loc	11 449 17                       @ ../../../../Library/StdDriver/inc\i2c.h:449:17
	ldr	r1, [r5]
.Ltmp733:
	@DEBUG_VALUE: I2C_STOP:u32TimeOutCount <- [DW_OP_constu 2, DW_OP_minus, DW_OP_stack_value] $r0
	.loc	11 449 5                        @ ../../../../Library/StdDriver/inc\i2c.h:449:5
	lsls	r1, r1, #27
	bpl	.LBB0_560
.Ltmp734:
@ %bb.555:                              @   in Loop: Header=BB0_552 Depth=1
	@DEBUG_VALUE: I2C_STOP:u32TimeOutCount <- [DW_OP_constu 2, DW_OP_minus, DW_OP_stack_value] $r0
	@DEBUG_VALUE: I2C_STOP:i2c <- 1076400128
	@DEBUG_VALUE: I2C_WriteNAU8822:data <- 429
	@DEBUG_VALUE: I2C_WriteNAU8822:addr <- 6
	cbz	r0, .LBB0_560
.Ltmp735:
@ %bb.556:                              @   in Loop: Header=BB0_552 Depth=1
	@DEBUG_VALUE: I2C_STOP:u32TimeOutCount <- [DW_OP_constu 2, DW_OP_minus, DW_OP_stack_value] $r0
	@DEBUG_VALUE: I2C_STOP:i2c <- 1076400128
	@DEBUG_VALUE: I2C_WriteNAU8822:data <- 429
	@DEBUG_VALUE: I2C_WriteNAU8822:addr <- 6
	@DEBUG_VALUE: I2C_STOP:u32TimeOutCount <- [DW_OP_constu 2, DW_OP_minus, DW_OP_stack_value] $r0
	.loc	11 449 17                       @ ../../../../Library/StdDriver/inc\i2c.h:449:17
	ldr	r1, [r5]
.Ltmp736:
	@DEBUG_VALUE: I2C_STOP:u32TimeOutCount <- [DW_OP_constu 3, DW_OP_minus, DW_OP_stack_value] $r0
	.loc	11 449 5                        @ ../../../../Library/StdDriver/inc\i2c.h:449:5
	lsls	r1, r1, #27
	bpl	.LBB0_560
.Ltmp737:
@ %bb.557:                              @   in Loop: Header=BB0_552 Depth=1
	@DEBUG_VALUE: I2C_STOP:u32TimeOutCount <- [DW_OP_constu 3, DW_OP_minus, DW_OP_stack_value] $r0
	@DEBUG_VALUE: I2C_STOP:i2c <- 1076400128
	@DEBUG_VALUE: I2C_WriteNAU8822:data <- 429
	@DEBUG_VALUE: I2C_WriteNAU8822:addr <- 6
	adds	r1, r0, #1
	beq	.LBB0_560
.Ltmp738:
@ %bb.558:                              @   in Loop: Header=BB0_552 Depth=1
	@DEBUG_VALUE: I2C_STOP:u32TimeOutCount <- [DW_OP_constu 3, DW_OP_minus, DW_OP_stack_value] $r0
	@DEBUG_VALUE: I2C_STOP:i2c <- 1076400128
	@DEBUG_VALUE: I2C_WriteNAU8822:data <- 429
	@DEBUG_VALUE: I2C_WriteNAU8822:addr <- 6
	@DEBUG_VALUE: I2C_STOP:u32TimeOutCount <- [DW_OP_constu 3, DW_OP_minus, DW_OP_stack_value] $r0
	.loc	11 449 17                       @ ../../../../Library/StdDriver/inc\i2c.h:449:17
	ldr	r1, [r5]
.Ltmp739:
	@DEBUG_VALUE: I2C_STOP:u32TimeOutCount <- [DW_OP_LLVM_arg 0, DW_OP_consts 2, DW_OP_consts 18446744073709551615, DW_OP_LLVM_arg 0, DW_OP_mul, DW_OP_plus, DW_OP_minus, DW_OP_consts 4, DW_OP_div, DW_OP_consts 18446744073709551612, DW_OP_mul, DW_OP_consts 18446744073709551612, DW_OP_LLVM_arg 0, DW_OP_plus, DW_OP_plus, DW_OP_stack_value] undef
	.loc	11 449 5                        @ ../../../../Library/StdDriver/inc\i2c.h:449:5
	lsls	r1, r1, #27
	bpl	.LBB0_560
.Ltmp740:
@ %bb.559:                              @   in Loop: Header=BB0_552 Depth=1
	@DEBUG_VALUE: I2C_STOP:i2c <- 1076400128
	@DEBUG_VALUE: I2C_WriteNAU8822:data <- 429
	@DEBUG_VALUE: I2C_WriteNAU8822:addr <- 6
	adds	r1, r0, #2
	add.w	r0, r0, #4
	bne	.LBB0_552
.Ltmp741:
.LBB0_560:
	@DEBUG_VALUE: I2C_WriteNAU8822:addr <- 7
	@DEBUG_VALUE: I2C_WriteNAU8822:data <- 6
	.loc	1 89 5 is_stmt 1                @ ../VoicePlayer.cpp:89:5
	ldr	r0, [r5]
	orr	r0, r0, #32
	bic	r0, r0, #8
	str	r0, [r5]
.Ltmp742:
.LBB0_561:                              @ =>This Inner Loop Header: Depth=1
	@DEBUG_VALUE: I2C_WriteNAU8822:data <- 6
	@DEBUG_VALUE: I2C_WriteNAU8822:addr <- 7
	.loc	1 89 29 is_stmt 0               @ ../VoicePlayer.cpp:89:29
	ldr	r0, [r5]
	lsls	r0, r0, #28
	bmi	.LBB0_564
.Ltmp743:
@ %bb.562:                              @   in Loop: Header=BB0_561 Depth=1
	@DEBUG_VALUE: I2C_WriteNAU8822:data <- 6
	@DEBUG_VALUE: I2C_WriteNAU8822:addr <- 7
	ldr	r0, [r5]
	lsls	r0, r0, #28
	itt	pl
	ldrpl	r0, [r5]
	lslspl.w	r0, r0, #28
	bmi	.LBB0_564
.Ltmp744:
@ %bb.563:                              @   in Loop: Header=BB0_561 Depth=1
	@DEBUG_VALUE: I2C_WriteNAU8822:data <- 6
	@DEBUG_VALUE: I2C_WriteNAU8822:addr <- 7
	ldr	r0, [r5]
	lsls	r0, r0, #28
	bpl	.LBB0_561
.Ltmp745:
.LBB0_564:
	@DEBUG_VALUE: I2C_WriteNAU8822:data <- 6
	@DEBUG_VALUE: I2C_WriteNAU8822:addr <- 7
	.loc	1 0 29                          @ ../VoicePlayer.cpp:0:29
	movs	r0, #52
	movs	r1, #2
	.loc	1 90 5 is_stmt 1                @ ../VoicePlayer.cpp:90:5
	str	r0, [r5, #8]
	.loc	1 91 5                          @ ../VoicePlayer.cpp:91:5
	ldr	r0, [r5]
	bfi	r0, r1, #2, #4
	str	r0, [r5]
.Ltmp746:
.LBB0_565:                              @ =>This Inner Loop Header: Depth=1
	@DEBUG_VALUE: I2C_WriteNAU8822:data <- 6
	@DEBUG_VALUE: I2C_WriteNAU8822:addr <- 7
	.loc	1 91 51 is_stmt 0               @ ../VoicePlayer.cpp:91:51
	ldr	r0, [r5]
	lsls	r0, r0, #28
	bmi	.LBB0_568
.Ltmp747:
@ %bb.566:                              @   in Loop: Header=BB0_565 Depth=1
	@DEBUG_VALUE: I2C_WriteNAU8822:data <- 6
	@DEBUG_VALUE: I2C_WriteNAU8822:addr <- 7
	ldr	r0, [r5]
	lsls	r0, r0, #28
	itt	pl
	ldrpl	r0, [r5]
	lslspl.w	r0, r0, #28
	bmi	.LBB0_568
.Ltmp748:
@ %bb.567:                              @   in Loop: Header=BB0_565 Depth=1
	@DEBUG_VALUE: I2C_WriteNAU8822:data <- 6
	@DEBUG_VALUE: I2C_WriteNAU8822:addr <- 7
	ldr	r0, [r5]
	lsls	r0, r0, #28
	bpl	.LBB0_565
.Ltmp749:
.LBB0_568:
	@DEBUG_VALUE: I2C_WriteNAU8822:data <- 6
	@DEBUG_VALUE: I2C_WriteNAU8822:addr <- 7
	.loc	1 0 51                          @ ../VoicePlayer.cpp:0:51
	movs	r0, #14
	movs	r1, #2
	.loc	1 92 5 is_stmt 1                @ ../VoicePlayer.cpp:92:5
	str	r0, [r5, #8]
	.loc	1 93 5                          @ ../VoicePlayer.cpp:93:5
	ldr	r0, [r5]
	bfi	r0, r1, #2, #4
	str	r0, [r5]
.Ltmp750:
.LBB0_569:                              @ =>This Inner Loop Header: Depth=1
	@DEBUG_VALUE: I2C_WriteNAU8822:data <- 6
	@DEBUG_VALUE: I2C_WriteNAU8822:addr <- 7
	.loc	1 93 51 is_stmt 0               @ ../VoicePlayer.cpp:93:51
	ldr	r0, [r5]
	lsls	r0, r0, #28
	bmi	.LBB0_572
.Ltmp751:
@ %bb.570:                              @   in Loop: Header=BB0_569 Depth=1
	@DEBUG_VALUE: I2C_WriteNAU8822:data <- 6
	@DEBUG_VALUE: I2C_WriteNAU8822:addr <- 7
	ldr	r0, [r5]
	lsls	r0, r0, #28
	itt	pl
	ldrpl	r0, [r5]
	lslspl.w	r0, r0, #28
	bmi	.LBB0_572
.Ltmp752:
@ %bb.571:                              @   in Loop: Header=BB0_569 Depth=1
	@DEBUG_VALUE: I2C_WriteNAU8822:data <- 6
	@DEBUG_VALUE: I2C_WriteNAU8822:addr <- 7
	ldr	r0, [r5]
	lsls	r0, r0, #28
	bpl	.LBB0_569
.Ltmp753:
.LBB0_572:
	@DEBUG_VALUE: I2C_WriteNAU8822:data <- 6
	@DEBUG_VALUE: I2C_WriteNAU8822:addr <- 7
	.loc	1 0 51                          @ ../VoicePlayer.cpp:0:51
	movs	r0, #6
	movs	r1, #2
	.loc	1 94 5 is_stmt 1                @ ../VoicePlayer.cpp:94:5
	str	r0, [r5, #8]
	.loc	1 95 5                          @ ../VoicePlayer.cpp:95:5
	ldr	r0, [r5]
	bfi	r0, r1, #2, #4
	str	r0, [r5]
.Ltmp754:
.LBB0_573:                              @ =>This Inner Loop Header: Depth=1
	@DEBUG_VALUE: I2C_WriteNAU8822:data <- 6
	@DEBUG_VALUE: I2C_WriteNAU8822:addr <- 7
	.loc	1 95 51 is_stmt 0               @ ../VoicePlayer.cpp:95:51
	ldr	r0, [r5]
	lsls	r0, r0, #28
	bmi	.LBB0_576
.Ltmp755:
@ %bb.574:                              @   in Loop: Header=BB0_573 Depth=1
	@DEBUG_VALUE: I2C_WriteNAU8822:data <- 6
	@DEBUG_VALUE: I2C_WriteNAU8822:addr <- 7
	ldr	r0, [r5]
	lsls	r0, r0, #28
	itt	pl
	ldrpl	r0, [r5]
	lslspl.w	r0, r0, #28
	bmi	.LBB0_576
.Ltmp756:
@ %bb.575:                              @   in Loop: Header=BB0_573 Depth=1
	@DEBUG_VALUE: I2C_WriteNAU8822:data <- 6
	@DEBUG_VALUE: I2C_WriteNAU8822:addr <- 7
	ldr	r0, [r5]
	lsls	r0, r0, #28
	bpl	.LBB0_573
.Ltmp757:
.LBB0_576:
	@DEBUG_VALUE: I2C_WriteNAU8822:data <- 6
	@DEBUG_VALUE: I2C_WriteNAU8822:addr <- 7
	@DEBUG_VALUE: I2C_STOP:i2c <- 1076400128
	.loc	11 445 32 is_stmt 1             @ ../../../../Library/StdDriver/inc\i2c.h:445:32
	ldr.w	r0, [r10]
.Ltmp758:
	@DEBUG_VALUE: I2C_STOP:u32TimeOutCount <- $r0
	.loc	11 447 17                       @ ../../../../Library/StdDriver/inc\i2c.h:447:17
	ldr	r1, [r5]
	.loc	11 449 5                        @ ../../../../Library/StdDriver/inc\i2c.h:449:5
	rsb.w	r0, r0, #2
.Ltmp759:
	.loc	11 447 17                       @ ../../../../Library/StdDriver/inc\i2c.h:447:17
	orr	r1, r1, #24
	str	r1, [r5]
.Ltmp760:
	.loc	11 0 17 is_stmt 0               @ :0:17
.Ltmp761:
	.p2align	2
.LBB0_577:                              @ =>This Inner Loop Header: Depth=1
	@DEBUG_VALUE: I2C_STOP:i2c <- 1076400128
	@DEBUG_VALUE: I2C_WriteNAU8822:data <- 6
	@DEBUG_VALUE: I2C_WriteNAU8822:addr <- 7
	@DEBUG_VALUE: I2C_STOP:u32TimeOutCount <- [DW_OP_LLVM_arg 0, DW_OP_consts 2, DW_OP_consts 18446744073709551615, DW_OP_LLVM_arg 0, DW_OP_mul, DW_OP_plus, DW_OP_minus, DW_OP_consts 4, DW_OP_div, DW_OP_consts 18446744073709551612, DW_OP_mul, DW_OP_LLVM_arg 0, DW_OP_plus, DW_OP_stack_value] undef
	.loc	11 449 17 is_stmt 1             @ ../../../../Library/StdDriver/inc\i2c.h:449:17
	ldr	r1, [r5]
.Ltmp762:
	@DEBUG_VALUE: I2C_STOP:u32TimeOutCount <- [DW_OP_constu 1, DW_OP_minus, DW_OP_stack_value] $r0
	.loc	11 449 5 is_stmt 0              @ ../../../../Library/StdDriver/inc\i2c.h:449:5
	lsls	r1, r1, #27
	bpl	.LBB0_585
.Ltmp763:
@ %bb.578:                              @   in Loop: Header=BB0_577 Depth=1
	@DEBUG_VALUE: I2C_STOP:u32TimeOutCount <- [DW_OP_constu 1, DW_OP_minus, DW_OP_stack_value] $r0
	@DEBUG_VALUE: I2C_STOP:i2c <- 1076400128
	@DEBUG_VALUE: I2C_WriteNAU8822:data <- 6
	@DEBUG_VALUE: I2C_WriteNAU8822:addr <- 7
	cmp	r0, #1
	beq	.LBB0_585
.Ltmp764:
@ %bb.579:                              @   in Loop: Header=BB0_577 Depth=1
	@DEBUG_VALUE: I2C_STOP:u32TimeOutCount <- [DW_OP_constu 1, DW_OP_minus, DW_OP_stack_value] $r0
	@DEBUG_VALUE: I2C_STOP:i2c <- 1076400128
	@DEBUG_VALUE: I2C_WriteNAU8822:data <- 6
	@DEBUG_VALUE: I2C_WriteNAU8822:addr <- 7
	@DEBUG_VALUE: I2C_STOP:u32TimeOutCount <- [DW_OP_constu 1, DW_OP_minus, DW_OP_stack_value] $r0
	.loc	11 449 17                       @ ../../../../Library/StdDriver/inc\i2c.h:449:17
	ldr	r1, [r5]
.Ltmp765:
	@DEBUG_VALUE: I2C_STOP:u32TimeOutCount <- [DW_OP_constu 2, DW_OP_minus, DW_OP_stack_value] $r0
	.loc	11 449 5                        @ ../../../../Library/StdDriver/inc\i2c.h:449:5
	lsls	r1, r1, #27
	bpl	.LBB0_585
.Ltmp766:
@ %bb.580:                              @   in Loop: Header=BB0_577 Depth=1
	@DEBUG_VALUE: I2C_STOP:u32TimeOutCount <- [DW_OP_constu 2, DW_OP_minus, DW_OP_stack_value] $r0
	@DEBUG_VALUE: I2C_STOP:i2c <- 1076400128
	@DEBUG_VALUE: I2C_WriteNAU8822:data <- 6
	@DEBUG_VALUE: I2C_WriteNAU8822:addr <- 7
	cbz	r0, .LBB0_585
.Ltmp767:
@ %bb.581:                              @   in Loop: Header=BB0_577 Depth=1
	@DEBUG_VALUE: I2C_STOP:u32TimeOutCount <- [DW_OP_constu 2, DW_OP_minus, DW_OP_stack_value] $r0
	@DEBUG_VALUE: I2C_STOP:i2c <- 1076400128
	@DEBUG_VALUE: I2C_WriteNAU8822:data <- 6
	@DEBUG_VALUE: I2C_WriteNAU8822:addr <- 7
	@DEBUG_VALUE: I2C_STOP:u32TimeOutCount <- [DW_OP_constu 2, DW_OP_minus, DW_OP_stack_value] $r0
	.loc	11 449 17                       @ ../../../../Library/StdDriver/inc\i2c.h:449:17
	ldr	r1, [r5]
.Ltmp768:
	@DEBUG_VALUE: I2C_STOP:u32TimeOutCount <- [DW_OP_constu 3, DW_OP_minus, DW_OP_stack_value] $r0
	.loc	11 449 5                        @ ../../../../Library/StdDriver/inc\i2c.h:449:5
	lsls	r1, r1, #27
	bpl	.LBB0_585
.Ltmp769:
@ %bb.582:                              @   in Loop: Header=BB0_577 Depth=1
	@DEBUG_VALUE: I2C_STOP:u32TimeOutCount <- [DW_OP_constu 3, DW_OP_minus, DW_OP_stack_value] $r0
	@DEBUG_VALUE: I2C_STOP:i2c <- 1076400128
	@DEBUG_VALUE: I2C_WriteNAU8822:data <- 6
	@DEBUG_VALUE: I2C_WriteNAU8822:addr <- 7
	adds	r1, r0, #1
	beq	.LBB0_585
.Ltmp770:
@ %bb.583:                              @   in Loop: Header=BB0_577 Depth=1
	@DEBUG_VALUE: I2C_STOP:u32TimeOutCount <- [DW_OP_constu 3, DW_OP_minus, DW_OP_stack_value] $r0
	@DEBUG_VALUE: I2C_STOP:i2c <- 1076400128
	@DEBUG_VALUE: I2C_WriteNAU8822:data <- 6
	@DEBUG_VALUE: I2C_WriteNAU8822:addr <- 7
	@DEBUG_VALUE: I2C_STOP:u32TimeOutCount <- [DW_OP_constu 3, DW_OP_minus, DW_OP_stack_value] $r0
	.loc	11 449 17                       @ ../../../../Library/StdDriver/inc\i2c.h:449:17
	ldr	r1, [r5]
.Ltmp771:
	@DEBUG_VALUE: I2C_STOP:u32TimeOutCount <- [DW_OP_LLVM_arg 0, DW_OP_consts 2, DW_OP_consts 18446744073709551615, DW_OP_LLVM_arg 0, DW_OP_mul, DW_OP_plus, DW_OP_minus, DW_OP_consts 4, DW_OP_div, DW_OP_consts 18446744073709551612, DW_OP_mul, DW_OP_consts 18446744073709551612, DW_OP_LLVM_arg 0, DW_OP_plus, DW_OP_plus, DW_OP_stack_value] undef
	.loc	11 449 5                        @ ../../../../Library/StdDriver/inc\i2c.h:449:5
	lsls	r1, r1, #27
	bpl	.LBB0_585
.Ltmp772:
@ %bb.584:                              @   in Loop: Header=BB0_577 Depth=1
	@DEBUG_VALUE: I2C_STOP:i2c <- 1076400128
	@DEBUG_VALUE: I2C_WriteNAU8822:data <- 6
	@DEBUG_VALUE: I2C_WriteNAU8822:addr <- 7
	adds	r1, r0, #2
	add.w	r0, r0, #4
	bne	.LBB0_577
.Ltmp773:
.LBB0_585:
	.loc	11 0 5                          @ ../../../../Library/StdDriver/inc\i2c.h:0:5
	movw	r1, #6912
	.loc	1 339 5 is_stmt 1               @ ../VoicePlayer.cpp:339:5
	mov	r0, r9
	movt	r1, #183
	bl	I2S_EnableMCLK
.Ltmp774:
	.loc	1 340 16                        @ ../VoicePlayer.cpp:340:16
	ldr.w	r0, [r9]
.Ltmp775:
	.loc	1 169 23                        @ ../VoicePlayer.cpp:169:23
	movw	r5, :lower16:_ZL6s_desc
	movt	r5, :upper16:_ZL6s_desc
	.loc	1 170 23                        @ ../VoicePlayer.cpp:170:23
	movw	r2, :lower16:_ZL5s_pcm
.Ltmp776:
	.loc	1 340 16                        @ ../VoicePlayer.cpp:340:16
	orr	r0, r0, #128
.Ltmp777:
	.loc	1 174 23                        @ ../VoicePlayer.cpp:174:23
	mov	r1, r5
.Ltmp778:
	.loc	1 340 16                        @ ../VoicePlayer.cpp:340:16
	str	r0, [r9], #16
.Ltmp779:
	@DEBUG_VALUE: vp_pdma_init:ctl <- 134163462
	.loc	1 0 16 is_stmt 0                @ ../VoicePlayer.cpp:0:16
	movw	r0, #11270
	movt	r0, #2047
	movs	r4, #0
.Ltmp780:
	.loc	1 170 23 is_stmt 1              @ ../VoicePlayer.cpp:170:23
	movt	r2, :upper16:_ZL5s_pcm
	.loc	1 174 23                        @ ../VoicePlayer.cpp:174:23
	str	r0, [r1, #16]!
	.loc	1 169 23                        @ ../VoicePlayer.cpp:169:23
	stm.w	r5, {r0, r2, r9}
	.loc	1 175 23                        @ ../VoicePlayer.cpp:175:23
	add.w	r0, r2, #8192
	movt	r4, #16416
	.loc	1 172 23                        @ ../VoicePlayer.cpp:172:23
	str	r1, [r5, #12]
	.loc	1 179 5                         @ ../VoicePlayer.cpp:179:5
	movs	r1, #128
	.loc	1 175 23                        @ ../VoicePlayer.cpp:175:23
	strd	r0, r9, [r5, #20]
	.loc	1 179 5                         @ ../VoicePlayer.cpp:179:5
	mov	r0, r4
	.loc	1 177 23                        @ ../VoicePlayer.cpp:177:23
	str	r5, [r5, #28]
	.loc	1 179 5                         @ ../VoicePlayer.cpp:179:5
	bl	PDMA_Open
.Ltmp781:
	.loc	1 180 5                         @ ../VoicePlayer.cpp:180:5
	mov	r0, r4
	movs	r1, #7
	movs	r2, #56
	movs	r3, #1
	str	r5, [sp]
	movs	r4, #1
	bl	PDMA_SetTransferMode
.Ltmp782:
	.loc	1 345 5                         @ ../VoicePlayer.cpp:345:5
	adr	r0, .LCPI0_0
	.loc	1 344 19                        @ ../VoicePlayer.cpp:344:19
	strb.w	r4, [r8]
	.loc	1 345 5                         @ ../VoicePlayer.cpp:345:5
	bl	puts
.Ltmp783:
.LBB0_586:
	.loc	1 347 1                         @ ../VoicePlayer.cpp:347:1
	movs	r0, #0
	.loc	1 347 1 epilogue_begin is_stmt 0 @ ../VoicePlayer.cpp:347:1
	add	sp, #12
	pop.w	{r4, r5, r6, r7, r8, r9, r10, r11, pc}
.Ltmp784:
	.loc	1 0 1                           @ :0:1
.Ltmp785:
	.p2align	2
@ %bb.587:
.LCPI0_0:
.Lstr:
	.asciz	"[voice] init ok"
.Lfunc_end0:
	.size	VoicePlay_Init, .Lfunc_end0-VoicePlay_Init
	.cfi_endproc
	.cantunwind
	.fnend
                                        @ -- End function
	.section	.text.VoicePlay_StopAll,"ax",%progbits
	.hidden	VoicePlay_StopAll               @ -- Begin function VoicePlay_StopAll
	.globl	VoicePlay_StopAll
	.p2align	2
	.type	VoicePlay_StopAll,%function
	.code	16                              @ @VoicePlay_StopAll
	.thumb_func
VoicePlay_StopAll:
.Lfunc_begin1:
	.fnstart
	.cfi_startproc
@ %bb.0:
	.loc	1 351 10 prologue_end is_stmt 1 @ ../VoicePlayer.cpp:351:10
	movw	r0, :lower16:_ZL13s_initialised
	movt	r0, :upper16:_ZL13s_initialised
	ldrb	r0, [r0]
.Ltmp786:
	.loc	1 351 9 is_stmt 0               @ ../VoicePlayer.cpp:351:9
	cmp	r0, #1
	.loc	1 355 1 is_stmt 1               @ ../VoicePlayer.cpp:355:1
	it	ne
	bxne	lr
.LBB1_1:
	.save	{r4, r5, r7, lr}
	push	{r4, r5, r7, lr}
	.cfi_def_cfa_offset 16
	.cfi_offset lr, -4
	.cfi_offset r7, -8
	.cfi_offset r5, -12
	.cfi_offset r4, -16
	.pad	#8
	sub	sp, #8
	.cfi_def_cfa_offset 24
.Ltmp787:
	.loc	1 353 9                         @ ../VoicePlayer.cpp:353:9
	movw	r5, :lower16:_ZL11s_file_open
.Ltmp788:
	.loc	1 352 25                        @ ../VoicePlayer.cpp:352:25
	movw	r0, :lower16:_ZL8s_q_tail
.Ltmp789:
	.loc	1 353 9                         @ ../VoicePlayer.cpp:353:9
	movt	r5, :upper16:_ZL11s_file_open
	movs	r4, #0
.Ltmp790:
	.loc	1 352 25                        @ ../VoicePlayer.cpp:352:25
	movt	r0, :upper16:_ZL8s_q_tail
.Ltmp791:
	.loc	1 353 9                         @ ../VoicePlayer.cpp:353:9
	ldrb	r1, [r5]
.Ltmp792:
	.loc	1 352 25                        @ ../VoicePlayer.cpp:352:25
	strb	r4, [r0]
	.loc	1 352 14 is_stmt 0              @ ../VoicePlayer.cpp:352:14
	movw	r0, :lower16:_ZL8s_q_head
	.loc	1 353 9 is_stmt 1               @ ../VoicePlayer.cpp:353:9
	cmp	r1, #1
	.loc	1 352 14                        @ ../VoicePlayer.cpp:352:14
	movt	r0, :upper16:_ZL8s_q_head
	strb	r4, [r0]
	.loc	1 353 9                         @ ../VoicePlayer.cpp:353:9
	bne	.LBB1_3
@ %bb.2:
.Ltmp793:
	.loc	1 353 24 is_stmt 0              @ ../VoicePlayer.cpp:353:24
	movw	r0, :lower16:_ZL5s_fil
	movt	r0, :upper16:_ZL5s_fil
	bl	f_close
.Ltmp794:
	.loc	1 353 53                        @ ../VoicePlayer.cpp:353:53
	strb	r4, [r5]
.Ltmp795:
.LBB1_3:
	.loc	1 0 53                          @ ../VoicePlayer.cpp:0:53
	movw	r0, #40960
.Ltmp796:
	.loc	1 316 5 is_stmt 1               @ ../VoicePlayer.cpp:316:5
	movw	r5, :lower16:_ZL6s_desc
	movt	r0, #16421
	movs	r2, #56
	.loc	1 310 5                         @ ../VoicePlayer.cpp:310:5
	ldr	r1, [r0]
	.loc	1 316 5                         @ ../VoicePlayer.cpp:316:5
	movs	r3, #1
	movt	r5, :upper16:_ZL6s_desc
	.loc	1 310 5                         @ ../VoicePlayer.cpp:310:5
	bic	r1, r1, #2
	str	r1, [r0]
	.loc	1 311 5                         @ ../VoicePlayer.cpp:311:5
	ldr	r1, [r0]
	bic	r1, r1, #1048576
	str	r1, [r0]
	.loc	1 312 15                        @ ../VoicePlayer.cpp:312:15
	movw	r0, :lower16:_ZL9s_playing
	movt	r0, :upper16:_ZL9s_playing
	.loc	1 316 5                         @ ../VoicePlayer.cpp:316:5
	movs	r1, #7
	.loc	1 312 15                        @ ../VoicePlayer.cpp:312:15
	strb	r4, [r0]
	.loc	1 313 35                        @ ../VoicePlayer.cpp:313:35
	movw	r0, :lower16:_ZL10s_buf_full
	movt	r0, :upper16:_ZL10s_buf_full
	.loc	1 313 19 is_stmt 0              @ ../VoicePlayer.cpp:313:19
	strh	r4, [r0]
	.loc	1 314 19 is_stmt 1              @ ../VoicePlayer.cpp:314:19
	movw	r0, :lower16:_ZL13s_playing_idx
	movt	r0, :upper16:_ZL13s_playing_idx
	strb	r4, [r0]
	movs	r0, #0
	movt	r0, #16416
	.loc	1 316 5                         @ ../VoicePlayer.cpp:316:5
	str	r5, [sp]
	bl	PDMA_SetTransferMode
.Ltmp797:
	.loc	1 0 5 is_stmt 0                 @ ../VoicePlayer.cpp:0:5
	movw	r0, #1060
	movs	r1, #128
	movt	r0, #16416
	.loc	1 317 5 is_stmt 1               @ ../VoicePlayer.cpp:317:5
	str	r1, [r0]
	ldr	r0, [r0]
	add	sp, #8
	pop.w	{r4, r5, r7, lr}
.Ltmp798:
	.loc	1 355 1                         @ ../VoicePlayer.cpp:355:1
	bx	lr
.Ltmp799:
.Lfunc_end1:
	.size	VoicePlay_StopAll, .Lfunc_end1-VoicePlay_StopAll
	.cfi_endproc
	.cantunwind
	.fnend
                                        @ -- End function
	.section	.text.VoicePlay_IsBusy,"ax",%progbits
	.hidden	VoicePlay_IsBusy                @ -- Begin function VoicePlay_IsBusy
	.globl	VoicePlay_IsBusy
	.p2align	2
	.type	VoicePlay_IsBusy,%function
	.code	16                              @ @VoicePlay_IsBusy
	.thumb_func
VoicePlay_IsBusy:
.Lfunc_begin2:
	.fnstart
	.cfi_startproc
@ %bb.0:
	.loc	1 83 43 prologue_end            @ ../VoicePlayer.cpp:83:43
	movw	r0, :lower16:_ZL8s_q_head
	.loc	1 83 55 is_stmt 0               @ ../VoicePlayer.cpp:83:55
	movw	r1, :lower16:_ZL8s_q_tail
	.loc	1 83 43                         @ ../VoicePlayer.cpp:83:43
	movt	r0, :upper16:_ZL8s_q_head
	.loc	1 83 55                         @ ../VoicePlayer.cpp:83:55
	movt	r1, :upper16:_ZL8s_q_tail
	.loc	1 83 43                         @ ../VoicePlayer.cpp:83:43
	ldrb	r0, [r0]
	.loc	1 83 55                         @ ../VoicePlayer.cpp:83:55
	ldrb	r1, [r1]
.Ltmp800:
	.loc	1 359 24 is_stmt 1              @ ../VoicePlayer.cpp:359:24
	cmp	r0, r1
	bne	.LBB2_2
@ %bb.1:
	.loc	1 359 27 is_stmt 0              @ ../VoicePlayer.cpp:359:27
	movw	r0, :lower16:_ZL11s_file_open
	movt	r0, :upper16:_ZL11s_file_open
	ldrb	r0, [r0]
	.loc	1 359 39                        @ ../VoicePlayer.cpp:359:39
	cbz	r0, .LBB2_3
.LBB2_2:
	.loc	1 0 39                          @ ../VoicePlayer.cpp:0:39
	movs	r0, #1
	.loc	1 359 5                         @ ../VoicePlayer.cpp:359:5
	bx	lr
.LBB2_3:
	.loc	1 359 42                        @ ../VoicePlayer.cpp:359:42
	movw	r0, :lower16:_ZL9s_playing
	movt	r0, :upper16:_ZL9s_playing
	ldrb	r0, [r0]
	.loc	1 359 5                         @ ../VoicePlayer.cpp:359:5
	bx	lr
.Ltmp801:
.Lfunc_end2:
	.size	VoicePlay_IsBusy, .Lfunc_end2-VoicePlay_IsBusy
	.cfi_endproc
	.cantunwind
	.fnend
                                        @ -- End function
	.section	.text.VoicePlay_Speak,"ax",%progbits
	.hidden	VoicePlay_Speak                 @ -- Begin function VoicePlay_Speak
	.globl	VoicePlay_Speak
	.p2align	2
	.type	VoicePlay_Speak,%function
	.code	16                              @ @VoicePlay_Speak
	.thumb_func
VoicePlay_Speak:
.Lfunc_begin3:
	.loc	1 363 0 is_stmt 1               @ ../VoicePlayer.cpp:363:0
	.fnstart
	.cfi_startproc
@ %bb.0:
	@DEBUG_VALUE: VoicePlay_Speak:dir <- $r0
	@DEBUG_VALUE: VoicePlay_Speak:class_id <- $r1
	@DEBUG_VALUE: VoicePlay_Speak:severity <- $r2
	.save	{r4, r5, r6, r7, r8, r9, r10, r11, lr}
	push.w	{r4, r5, r6, r7, r8, r9, r10, r11, lr}
	.cfi_def_cfa_offset 36
	.cfi_offset lr, -4
	.cfi_offset r11, -8
	.cfi_offset r10, -12
	.cfi_offset r9, -16
	.cfi_offset r8, -20
	.cfi_offset r7, -24
	.cfi_offset r6, -28
	.cfi_offset r5, -32
	.cfi_offset r4, -36
	.pad	#60
	sub	sp, #60
	.cfi_def_cfa_offset 96
	mov	r10, r2
.Ltmp802:
	@DEBUG_VALUE: VoicePlay_Speak:severity <- $r10
	@DEBUG_VALUE: VoicePlay_Speak:severity <- $r10
	.loc	1 364 10 prologue_end           @ ../VoicePlayer.cpp:364:10
	movw	r2, :lower16:_ZL13s_initialised
	movt	r2, :upper16:_ZL13s_initialised
	ldrb	r2, [r2]
.Ltmp803:
	@DEBUG_VALUE: VoicePlay_Speak:class_id <- $r1
	.loc	1 364 9 is_stmt 0               @ ../VoicePlayer.cpp:364:9
	cmp	r2, #0
	@DEBUG_VALUE: VoicePlay_Speak:dir <- $r0
	beq.w	.LBB3_11
.Ltmp804:
@ %bb.1:
	@DEBUG_VALUE: VoicePlay_Speak:severity <- $r10
	@DEBUG_VALUE: VoicePlay_Speak:class_id <- $r1
	@DEBUG_VALUE: VoicePlay_Speak:dir <- $r0
	@DEBUG_VALUE: VoicePlay_Speak:class_id <- $r1
	.loc	1 0 9                           @ ../VoicePlayer.cpp:0:9
	mov	r11, r0
.Ltmp805:
	@DEBUG_VALUE: VoicePlay_Speak:dir <- $r11
	.loc	1 365 9 is_stmt 1               @ ../VoicePlayer.cpp:365:9
	cmp	r0, #2
	bhi.w	.LBB3_16
.Ltmp806:
@ %bb.2:
	@DEBUG_VALUE: VoicePlay_Speak:dir <- $r11
	@DEBUG_VALUE: VoicePlay_Speak:severity <- $r10
	@DEBUG_VALUE: VoicePlay_Speak:class_id <- $r1
	@DEBUG_VALUE: VoicePlay_Speak:class_id <- $r1
	cmp.w	r10, #1
	blt.w	.LBB3_16
.Ltmp807:
@ %bb.3:
	@DEBUG_VALUE: VoicePlay_Speak:dir <- $r11
	@DEBUG_VALUE: VoicePlay_Speak:severity <- $r10
	@DEBUG_VALUE: VoicePlay_Speak:class_id <- $r1
	.loc	1 0 9 is_stmt 0                 @ ../VoicePlayer.cpp:0:9
	mov	r6, r1
.Ltmp808:
	@DEBUG_VALUE: VoicePlay_Speak:class_id <- $r6
	@DEBUG_VALUE: VoicePlay_Speak:class_id <- $r6
	@DEBUG_VALUE: VoicePlay_Speak:pushed <- 0
	add	r0, sp, #20
	.loc	1 371 5 is_stmt 1               @ ../VoicePlayer.cpp:371:5
	adr	r2, .LCPI3_1
	movs	r1, #40
	mov	r3, r11
	bl	__2snprintf
.Ltmp809:
	@DEBUG_VALUE: q_push:path <- [DW_OP_plus_uconst 20, DW_OP_stack_value] $sp
	.loc	1 188 20                        @ ../VoicePlayer.cpp:188:20
	movw	r9, :lower16:_ZL8s_q_tail
	movw	r1, #5462
	movt	r9, :upper16:_ZL8s_q_tail
	ldrb.w	r5, [r9]
	.loc	1 188 34 is_stmt 0              @ ../VoicePlayer.cpp:188:34
	adds	r0, r5, #1
	muls	r1, r0, r1
	lsrs	r1, r1, #16
	add.w	r1, r1, r1, lsl #1
	sub.w	r4, r0, r1, lsl #2
.Ltmp810:
	@DEBUG_VALUE: q_push:nxt <- [DW_OP_LLVM_convert 16 7, DW_OP_LLVM_convert 32 7, DW_OP_LLVM_convert 32 7, DW_OP_LLVM_convert 8 7, DW_OP_stack_value] $r4
	.loc	1 189 16 is_stmt 1              @ ../VoicePlayer.cpp:189:16
	movw	r0, :lower16:_ZL8s_q_head
	movw	r1, :lower16:_ZL7s_queue
	movt	r0, :upper16:_ZL8s_q_head
.Ltmp811:
	.loc	1 188 34                        @ ../VoicePlayer.cpp:188:34
	uxth	r7, r4
.Ltmp812:
	.loc	1 189 16                        @ ../VoicePlayer.cpp:189:16
	ldrb.w	r8, [r0]
	movt	r1, :upper16:_ZL7s_queue
.Ltmp813:
	.loc	1 189 9 is_stmt 0               @ ../VoicePlayer.cpp:189:9
	cmp	r7, r8
	beq	.LBB3_5
.Ltmp814:
@ %bb.4:
	@DEBUG_VALUE: q_push:nxt <- [DW_OP_LLVM_convert 16 7, DW_OP_LLVM_convert 32 7, DW_OP_LLVM_convert 32 7, DW_OP_LLVM_convert 8 7, DW_OP_stack_value] $r4
	@DEBUG_VALUE: q_push:path <- [DW_OP_plus_uconst 20, DW_OP_stack_value] $sp
	@DEBUG_VALUE: VoicePlay_Speak:pushed <- 0
	@DEBUG_VALUE: VoicePlay_Speak:class_id <- $r6
	@DEBUG_VALUE: VoicePlay_Speak:dir <- $r11
	@DEBUG_VALUE: VoicePlay_Speak:severity <- $r10
	@DEBUG_VALUE: q_push:nxt <- undef
	.loc	1 190 18 is_stmt 1              @ ../VoicePlayer.cpp:190:18
	add.w	r0, r5, r5, lsl #2
	.loc	1 190 5 is_stmt 0               @ ../VoicePlayer.cpp:190:5
	movs	r2, #39
	.loc	1 190 18                        @ ../VoicePlayer.cpp:190:18
	add.w	r0, r1, r0, lsl #3
	add	r1, sp, #20
	.loc	1 190 5                         @ ../VoicePlayer.cpp:190:5
	bl	strncpy
.Ltmp815:
	.loc	1 0 5                           @ ../VoicePlayer.cpp:0:5
	movs	r1, #0
	mov	r5, r4
	.loc	1 191 40 is_stmt 1              @ ../VoicePlayer.cpp:191:40
	strb.w	r1, [r0, #39]
	.loc	1 192 14                        @ ../VoicePlayer.cpp:192:14
	strb.w	r4, [r9]
.Ltmp816:
.LBB3_5:
	@DEBUG_VALUE: q_push:path <- [DW_OP_plus_uconst 20, DW_OP_stack_value] $sp
	@DEBUG_VALUE: VoicePlay_Speak:pushed <- 0
	@DEBUG_VALUE: VoicePlay_Speak:class_id <- $r6
	@DEBUG_VALUE: VoicePlay_Speak:dir <- $r11
	@DEBUG_VALUE: VoicePlay_Speak:severity <- $r10
	.loc	1 189 13                        @ ../VoicePlayer.cpp:189:13
	cmp	r7, r8
	str	r7, [sp, #16]                   @ 4-byte Spill
	cset	r7, ne
.Ltmp817:
	@DEBUG_VALUE: VoicePlay_Speak:pushed <- $r7
	.loc	1 374 9                         @ ../VoicePlayer.cpp:374:9
	cmp.w	r6, #-1
	ble	.LBB3_12
.Ltmp818:
@ %bb.6:
	@DEBUG_VALUE: VoicePlay_Speak:pushed <- $r7
	@DEBUG_VALUE: VoicePlay_Speak:class_id <- $r6
	@DEBUG_VALUE: VoicePlay_Speak:dir <- $r11
	@DEBUG_VALUE: VoicePlay_Speak:severity <- $r10
	.loc	1 0 9 is_stmt 0                 @ ../VoicePlayer.cpp:0:9
	add	r0, sp, #20
.Ltmp819:
	.loc	1 378 9 is_stmt 1               @ ../VoicePlayer.cpp:378:9
	adr	r2, .LCPI3_2
	movs	r1, #40
	mov	r3, r6
	mov	r4, r7
.Ltmp820:
	@DEBUG_VALUE: VoicePlay_Speak:pushed <- $r4
	.loc	1 0 9 is_stmt 0                 @ ../VoicePlayer.cpp:0:9
	str.w	r10, [sp, #8]                   @ 4-byte Spill
.Ltmp821:
	@DEBUG_VALUE: VoicePlay_Speak:severity <- [DW_OP_plus_uconst 8] [$sp+0]
	str	r6, [sp, #12]                   @ 4-byte Spill
.Ltmp822:
	@DEBUG_VALUE: VoicePlay_Speak:class_id <- [DW_OP_plus_uconst 12] [$sp+0]
	.loc	1 378 9                         @ ../VoicePlayer.cpp:378:9
	bl	__2snprintf
.Ltmp823:
	@DEBUG_VALUE: q_push:path <- [DW_OP_plus_uconst 20, DW_OP_stack_value] $sp
	.loc	1 188 20 is_stmt 1              @ ../VoicePlayer.cpp:188:20
	ldrb.w	r5, [r9]
	movs	r2, #1
	movw	r1, #5462
	mov	r6, r9
	.loc	1 188 34 is_stmt 0              @ ../VoicePlayer.cpp:188:34
	uxtab	r0, r2, r5
	muls	r1, r0, r1
	lsrs	r1, r1, #16
	add.w	r1, r1, r1, lsl #1
	sub.w	r9, r0, r1, lsl #2
.Ltmp824:
	@DEBUG_VALUE: q_push:nxt <- [DW_OP_LLVM_convert 16 7, DW_OP_LLVM_convert 32 7, DW_OP_LLVM_convert 32 7, DW_OP_LLVM_convert 8 7, DW_OP_stack_value] $r9
	.loc	1 189 16 is_stmt 1              @ ../VoicePlayer.cpp:189:16
	movw	r0, :lower16:_ZL8s_q_head
	movt	r0, :upper16:_ZL8s_q_head
.Ltmp825:
	.loc	1 188 34                        @ ../VoicePlayer.cpp:188:34
	uxth.w	r10, r9
.Ltmp826:
	.loc	1 189 16                        @ ../VoicePlayer.cpp:189:16
	ldrb	r7, [r0]
.Ltmp827:
	.loc	1 189 9 is_stmt 0               @ ../VoicePlayer.cpp:189:9
	cmp	r10, r7
	beq	.LBB3_8
.Ltmp828:
@ %bb.7:
	@DEBUG_VALUE: q_push:nxt <- [DW_OP_LLVM_convert 16 7, DW_OP_LLVM_convert 32 7, DW_OP_LLVM_convert 32 7, DW_OP_LLVM_convert 8 7, DW_OP_stack_value] $r9
	@DEBUG_VALUE: q_push:path <- [DW_OP_plus_uconst 20, DW_OP_stack_value] $sp
	@DEBUG_VALUE: VoicePlay_Speak:class_id <- [DW_OP_plus_uconst 12] [$sp+0]
	@DEBUG_VALUE: VoicePlay_Speak:severity <- [DW_OP_plus_uconst 8] [$sp+0]
	@DEBUG_VALUE: VoicePlay_Speak:pushed <- $r4
	@DEBUG_VALUE: VoicePlay_Speak:dir <- $r11
	@DEBUG_VALUE: q_push:nxt <- [DW_OP_LLVM_convert 16 7, DW_OP_LLVM_convert 32 7, DW_OP_LLVM_convert 32 7, DW_OP_LLVM_convert 8 7, DW_OP_stack_value] $r9
	.loc	1 188 20 is_stmt 1              @ ../VoicePlayer.cpp:188:20
	uxtb	r0, r5
	.loc	1 190 18                        @ ../VoicePlayer.cpp:190:18
	movw	r1, :lower16:_ZL7s_queue
	lsls	r0, r0, #2
	.loc	1 190 5 is_stmt 0               @ ../VoicePlayer.cpp:190:5
	movs	r2, #39
	.loc	1 190 18                        @ ../VoicePlayer.cpp:190:18
	uxtab	r0, r0, r5
	movt	r1, :upper16:_ZL7s_queue
	.loc	1 188 19 is_stmt 1              @ ../VoicePlayer.cpp:188:19
	mov	r5, r9
.Ltmp829:
	@DEBUG_VALUE: q_push:nxt <- undef
	.loc	1 190 18                        @ ../VoicePlayer.cpp:190:18
	add.w	r0, r1, r0, lsl #3
	add	r1, sp, #20
	.loc	1 190 5 is_stmt 0               @ ../VoicePlayer.cpp:190:5
	bl	strncpy
.Ltmp830:
	.loc	1 0 5                           @ ../VoicePlayer.cpp:0:5
	movs	r1, #0
.Ltmp831:
	.loc	1 188 34 is_stmt 1              @ ../VoicePlayer.cpp:188:34
	add.w	r2, r9, #1
.Ltmp832:
	.loc	1 191 40                        @ ../VoicePlayer.cpp:191:40
	strb.w	r1, [r0, #39]
.Ltmp833:
	.loc	1 188 34                        @ ../VoicePlayer.cpp:188:34
	uxth	r0, r2
	subs	r0, #12
	mov.w	r2, #1
.Ltmp834:
	.loc	1 192 14                        @ ../VoicePlayer.cpp:192:14
	strb.w	r9, [r6]
.Ltmp835:
	.loc	1 188 34                        @ ../VoicePlayer.cpp:188:34
	csinc	r9, r0, r9, eq
.Ltmp836:
.LBB3_8:
	@DEBUG_VALUE: VoicePlay_Speak:class_id <- [DW_OP_plus_uconst 12] [$sp+0]
	@DEBUG_VALUE: VoicePlay_Speak:severity <- [DW_OP_plus_uconst 8] [$sp+0]
	@DEBUG_VALUE: VoicePlay_Speak:pushed <- $r4
	@DEBUG_VALUE: VoicePlay_Speak:dir <- $r11
	.loc	1 0 34 is_stmt 0                @ ../VoicePlayer.cpp:0:34
	ldr	r0, [sp, #16]                   @ 4-byte Reload
	.loc	1 380 27 is_stmt 1              @ ../VoicePlayer.cpp:380:27
	adr	r1, .LCPI3_4
	cmp	r0, r8
	cinc	r0, r2, ne
	.loc	1 379 13                        @ ../VoicePlayer.cpp:379:13
	cmp	r10, r7
	ldr.w	r10, [sp, #8]                   @ 4-byte Reload
.Ltmp837:
	@DEBUG_VALUE: VoicePlay_Speak:severity <- $r10
	csel	r8, r4, r0, eq
.Ltmp838:
	@DEBUG_VALUE: VoicePlay_Speak:pushed <- $r8
	.loc	1 380 27                        @ ../VoicePlayer.cpp:380:27
	adr	r0, .LCPI3_3
	cmp.w	r10, #1
	csel	r1, r0, r1, eq
	add	r0, sp, #20
	.loc	1 380 9 is_stmt 0               @ ../VoicePlayer.cpp:380:9
	bl	strcpy
.Ltmp839:
	@DEBUG_VALUE: q_push:nxt <- [DW_OP_LLVM_convert 16 7, DW_OP_LLVM_convert 32 7, DW_OP_LLVM_convert 32 7, DW_OP_LLVM_convert 8 7, DW_OP_stack_value] $r9
	@DEBUG_VALUE: q_push:path <- [DW_OP_plus_uconst 20, DW_OP_stack_value] $sp
	.loc	1 189 13 is_stmt 1              @ ../VoicePlayer.cpp:189:13
	uxth.w	r4, r9
.Ltmp840:
	.loc	1 189 9 is_stmt 0               @ ../VoicePlayer.cpp:189:9
	cmp	r4, r7
	beq	.LBB3_10
.Ltmp841:
@ %bb.9:
	@DEBUG_VALUE: q_push:path <- [DW_OP_plus_uconst 20, DW_OP_stack_value] $sp
	@DEBUG_VALUE: q_push:nxt <- [DW_OP_LLVM_convert 16 7, DW_OP_LLVM_convert 32 7, DW_OP_LLVM_convert 32 7, DW_OP_LLVM_convert 8 7, DW_OP_stack_value] $r9
	@DEBUG_VALUE: VoicePlay_Speak:pushed <- $r8
	@DEBUG_VALUE: VoicePlay_Speak:class_id <- [DW_OP_plus_uconst 12] [$sp+0]
	@DEBUG_VALUE: VoicePlay_Speak:dir <- $r11
	@DEBUG_VALUE: VoicePlay_Speak:severity <- $r10
	@DEBUG_VALUE: q_push:nxt <- [DW_OP_LLVM_convert 16 7, DW_OP_LLVM_convert 32 7, DW_OP_LLVM_convert 32 7, DW_OP_LLVM_convert 8 7, DW_OP_stack_value] $r9
	.loc	1 188 20 is_stmt 1              @ ../VoicePlayer.cpp:188:20
	uxtb	r0, r5
.Ltmp842:
	@DEBUG_VALUE: q_push:nxt <- undef
	.loc	1 190 18                        @ ../VoicePlayer.cpp:190:18
	movw	r1, :lower16:_ZL7s_queue
	lsls	r0, r0, #2
	.loc	1 190 5 is_stmt 0               @ ../VoicePlayer.cpp:190:5
	movs	r2, #39
	.loc	1 190 18                        @ ../VoicePlayer.cpp:190:18
	uxtab	r0, r0, r5
	movt	r1, :upper16:_ZL7s_queue
	add.w	r0, r1, r0, lsl #3
	add	r1, sp, #20
	.loc	1 190 5                         @ ../VoicePlayer.cpp:190:5
	bl	strncpy
.Ltmp843:
	.loc	1 0 5                           @ ../VoicePlayer.cpp:0:5
	movs	r1, #0
	mov	r5, r9
	.loc	1 191 40 is_stmt 1              @ ../VoicePlayer.cpp:191:40
	strb.w	r1, [r0, #39]
	.loc	1 192 14                        @ ../VoicePlayer.cpp:192:14
	movw	r0, :lower16:_ZL8s_q_tail
	movt	r0, :upper16:_ZL8s_q_tail
	strb.w	r9, [r0]
.Ltmp844:
.LBB3_10:
	@DEBUG_VALUE: VoicePlay_Speak:pushed <- $r8
	@DEBUG_VALUE: VoicePlay_Speak:class_id <- [DW_OP_plus_uconst 12] [$sp+0]
	@DEBUG_VALUE: VoicePlay_Speak:dir <- $r11
	@DEBUG_VALUE: VoicePlay_Speak:severity <- $r10
	.loc	1 0 14 is_stmt 0                @ ../VoicePlayer.cpp:0:14
	ldr	r6, [sp, #12]                   @ 4-byte Reload
.Ltmp845:
	@DEBUG_VALUE: VoicePlay_Speak:class_id <- $r6
	.loc	1 382 13 is_stmt 1              @ ../VoicePlayer.cpp:382:13
	cmp	r4, r7
	cinc	r4, r8, ne
	mov	r8, r7
.Ltmp846:
	.loc	1 0 13 is_stmt 0                @ ../VoicePlayer.cpp:0:13
	b	.LBB3_15
.Ltmp847:
.LBB3_11:
	@DEBUG_VALUE: VoicePlay_Speak:severity <- $r10
	@DEBUG_VALUE: VoicePlay_Speak:class_id <- $r1
	@DEBUG_VALUE: VoicePlay_Speak:dir <- $r0
	.loc	1 364 27 is_stmt 1              @ ../VoicePlayer.cpp:364:27
	adr	r0, .LCPI3_0
.Ltmp848:
	.loc	1 364 27 epilogue_begin is_stmt 0 @ ../VoicePlayer.cpp:364:27
	add	sp, #60
	pop.w	{r4, r5, r6, r7, r8, r9, r10, r11, lr}
.Ltmp849:
	@DEBUG_VALUE: VoicePlay_Speak:severity <- [DW_OP_LLVM_entry_value 1] $r2
	b	puts
.Ltmp850:
.LBB3_12:
	@DEBUG_VALUE: VoicePlay_Speak:pushed <- $r7
	@DEBUG_VALUE: VoicePlay_Speak:class_id <- $r6
	@DEBUG_VALUE: VoicePlay_Speak:dir <- $r11
	@DEBUG_VALUE: VoicePlay_Speak:severity <- $r10
	.loc	1 0 27                          @ ../VoicePlayer.cpp:0:27
	movs	r4, #1
.Ltmp851:
	@DEBUG_VALUE: q_push:path <- [DW_OP_plus_uconst 20, DW_OP_stack_value] $sp
	movw	r1, #5462
.Ltmp852:
	.loc	1 188 34 is_stmt 1              @ ../VoicePlayer.cpp:188:34
	uxtab	r0, r4, r5
.Ltmp853:
	.loc	1 375 9                         @ ../VoicePlayer.cpp:375:9
	ldr	r2, .LCPI3_5
.Ltmp854:
	.loc	1 188 34                        @ ../VoicePlayer.cpp:188:34
	muls	r1, r0, r1
.Ltmp855:
	.loc	1 375 9                         @ ../VoicePlayer.cpp:375:9
	str	r2, [sp, #20]
.Ltmp856:
	.loc	1 188 34                        @ ../VoicePlayer.cpp:188:34
	lsrs	r1, r1, #16
	@DEBUG_VALUE: q_push:path <- [DW_OP_plus_uconst 20, DW_OP_stack_value] $sp
	add.w	r1, r1, r1, lsl #1
	sub.w	r12, r0, r1, lsl #2
.Ltmp857:
	@DEBUG_VALUE: q_push:nxt <- [DW_OP_LLVM_convert 16 7, DW_OP_LLVM_convert 32 7, DW_OP_LLVM_convert 32 7, DW_OP_LLVM_convert 8 7, DW_OP_stack_value] $r12
	@DEBUG_VALUE: q_push:path <- [DW_OP_plus_uconst 20, DW_OP_stack_value] $sp
	.loc	1 375 9                         @ ../VoicePlayer.cpp:375:9
	adr	r0, .LCPI3_5
	adds	r3, r0, #4
.Ltmp858:
	.loc	1 188 34                        @ ../VoicePlayer.cpp:188:34
	uxth.w	r9, r12
.Ltmp859:
	@DEBUG_VALUE: q_push:path <- [DW_OP_plus_uconst 20, DW_OP_stack_value] $sp
	.loc	1 375 9                         @ ../VoicePlayer.cpp:375:9
	ldm	r3, {r1, r2, r3}
	str	r2, [sp, #28]
	str	r1, [sp, #24]
	ldr	r1, [r0, #16]
	ldr	r2, [r0, #20]
	ldrb	r0, [r0, #24]
.Ltmp860:
	.loc	1 189 9                         @ ../VoicePlayer.cpp:189:9
	cmp	r9, r8
.Ltmp861:
	.loc	1 375 9                         @ ../VoicePlayer.cpp:375:9
	str	r3, [sp, #32]
	str	r1, [sp, #36]
	strb.w	r0, [sp, #44]
	str	r2, [sp, #40]
	@DEBUG_VALUE: q_push:path <- [DW_OP_plus_uconst 20, DW_OP_stack_value] $sp
.Ltmp862:
	.loc	1 189 9                         @ ../VoicePlayer.cpp:189:9
	beq	.LBB3_14
.Ltmp863:
@ %bb.13:
	@DEBUG_VALUE: q_push:nxt <- [DW_OP_LLVM_convert 16 7, DW_OP_LLVM_convert 32 7, DW_OP_LLVM_convert 32 7, DW_OP_LLVM_convert 8 7, DW_OP_stack_value] $r12
	@DEBUG_VALUE: q_push:path <- [DW_OP_plus_uconst 20, DW_OP_stack_value] $sp
	@DEBUG_VALUE: VoicePlay_Speak:pushed <- $r7
	@DEBUG_VALUE: VoicePlay_Speak:class_id <- $r6
	@DEBUG_VALUE: VoicePlay_Speak:dir <- $r11
	@DEBUG_VALUE: VoicePlay_Speak:severity <- $r10
	@DEBUG_VALUE: q_push:nxt <- [DW_OP_LLVM_convert 16 7, DW_OP_LLVM_convert 32 7, DW_OP_LLVM_convert 32 7, DW_OP_LLVM_convert 8 7, DW_OP_stack_value] $r12
	.loc	1 188 20                        @ ../VoicePlayer.cpp:188:20
	uxtb	r0, r5
.Ltmp864:
	@DEBUG_VALUE: q_push:nxt <- undef
	.loc	1 190 18                        @ ../VoicePlayer.cpp:190:18
	movw	r1, :lower16:_ZL7s_queue
	lsls	r0, r0, #2
	.loc	1 190 5 is_stmt 0               @ ../VoicePlayer.cpp:190:5
	movs	r2, #39
	.loc	1 190 18                        @ ../VoicePlayer.cpp:190:18
	uxtab	r0, r0, r5
	movt	r1, :upper16:_ZL7s_queue
	mov	r5, r12
	add.w	r0, r1, r0, lsl #3
	add	r1, sp, #20
	.loc	1 190 5                         @ ../VoicePlayer.cpp:190:5
	bl	strncpy
.Ltmp865:
	.loc	1 0 5                           @ ../VoicePlayer.cpp:0:5
	movs	r1, #0
	movs	r4, #1
	.loc	1 191 40 is_stmt 1              @ ../VoicePlayer.cpp:191:40
	strb.w	r1, [r0, #39]
	.loc	1 192 14                        @ ../VoicePlayer.cpp:192:14
	movw	r0, :lower16:_ZL8s_q_tail
	movt	r0, :upper16:_ZL8s_q_tail
	strb	r5, [r0]
.Ltmp866:
.LBB3_14:
	@DEBUG_VALUE: VoicePlay_Speak:pushed <- $r7
	@DEBUG_VALUE: VoicePlay_Speak:class_id <- $r6
	@DEBUG_VALUE: VoicePlay_Speak:dir <- $r11
	@DEBUG_VALUE: VoicePlay_Speak:severity <- $r10
	.loc	1 0 14 is_stmt 0                @ ../VoicePlayer.cpp:0:14
	ldr	r0, [sp, #16]                   @ 4-byte Reload
	cmp	r0, r8
	cinc	r0, r4, ne
	.loc	1 376 13 is_stmt 1              @ ../VoicePlayer.cpp:376:13
	cmp	r9, r8
	csel	r4, r7, r0, eq
.Ltmp867:
.LBB3_15:
	@DEBUG_VALUE: VoicePlay_Speak:class_id <- $r6
	@DEBUG_VALUE: VoicePlay_Speak:dir <- $r11
	@DEBUG_VALUE: VoicePlay_Speak:severity <- $r10
	@DEBUG_VALUE: VoicePlay_Speak:pushed <- $r4
	.loc	1 80 23                         @ ../VoicePlayer.cpp:80:23
	uxtb	r0, r5
	movw	r1, #10923
	.loc	1 80 47 is_stmt 0               @ ../VoicePlayer.cpp:80:47
	sub.w	r0, r0, r8
.Ltmp868:
	.loc	1 384 5 is_stmt 1               @ ../VoicePlayer.cpp:384:5
	mov	r3, r10
.Ltmp869:
	.loc	1 80 47                         @ ../VoicePlayer.cpp:80:47
	adds	r0, #12
	.loc	1 80 59 is_stmt 0               @ ../VoicePlayer.cpp:80:59
	muls	r1, r0, r1
	lsrs	r2, r1, #17
	add.w	r1, r2, r1, lsr #31
.Ltmp870:
	.loc	1 384 5 is_stmt 1               @ ../VoicePlayer.cpp:384:5
	mov	r2, r6
.Ltmp871:
	.loc	1 80 59                         @ ../VoicePlayer.cpp:80:59
	add.w	r1, r1, r1, lsl #1
	sub.w	r0, r0, r1, lsl #2
.Ltmp872:
	.loc	1 384 5                         @ ../VoicePlayer.cpp:384:5
	mov	r1, r11
	.loc	1 385 60                        @ ../VoicePlayer.cpp:385:60
	uxtb	r7, r0
	.loc	1 384 5                         @ ../VoicePlayer.cpp:384:5
	movw	r0, :lower16:.L.str.7
	movt	r0, :upper16:.L.str.7
	strd	r4, r7, [sp]
	bl	__2printf
.Ltmp873:
.LBB3_16:
	@DEBUG_VALUE: VoicePlay_Speak:dir <- $r11
	@DEBUG_VALUE: VoicePlay_Speak:severity <- $r10
	.loc	1 386 1 epilogue_begin          @ ../VoicePlayer.cpp:386:1
	add	sp, #60
	pop.w	{r4, r5, r6, r7, r8, r9, r10, r11, pc}
.Ltmp874:
	.loc	1 0 1 is_stmt 0                 @ :0:1
.Ltmp875:
	.p2align	2
@ %bb.17:
.LCPI3_0:
.Lstr.11:
	.asciz	"[voice] Speak: not init"
.LCPI3_1:
.L.str.2:
	.asciz	"0:/voice/dir_%d.wav"
.LCPI3_2:
.L.str.4:
	.asciz	"0:/voice/cls_%d.wav"
.LCPI3_3:
.L.str.6:
	.asciz	"0:/voice/act_caution.wav\000\000\000"
.LCPI3_4:
.L.str.5:
	.asciz	"0:/voice/act_danger.wav"
.LCPI3_5:
.L.str.3:
	.asciz	"0:/voice/act_unknown.wav\000\000\000"
.Lfunc_end3:
	.size	VoicePlay_Speak, .Lfunc_end3-VoicePlay_Speak
	.cfi_endproc
	.cantunwind
	.fnend
                                        @ -- End function
	.section	.text.VoicePlay_TestFile,"ax",%progbits
	.hidden	VoicePlay_TestFile              @ -- Begin function VoicePlay_TestFile
	.globl	VoicePlay_TestFile
	.p2align	2
	.type	VoicePlay_TestFile,%function
	.code	16                              @ @VoicePlay_TestFile
	.thumb_func
VoicePlay_TestFile:
.Lfunc_begin4:
	.fnstart
	.cfi_startproc
@ %bb.0:
	@DEBUG_VALUE: VoicePlay_TestFile:path <- $r0
	@DEBUG_VALUE: VoicePlay_TestFile:path <- $r0
	.loc	1 390 24 prologue_end is_stmt 1 @ ../VoicePlayer.cpp:390:24
	cbz	r0, .LBB4_5
.Ltmp876:
@ %bb.1:
	@DEBUG_VALUE: VoicePlay_TestFile:path <- $r0
	.loc	1 0 24 is_stmt 0                @ ../VoicePlayer.cpp:0:24
	mov	r1, r0
.Ltmp877:
	@DEBUG_VALUE: VoicePlay_TestFile:path <- $r1
	.loc	1 390 0                         @ ../VoicePlayer.cpp:390:0
	movw	r0, :lower16:_ZL13s_initialised
	movt	r0, :upper16:_ZL13s_initialised
	ldrb	r0, [r0]
	.loc	1 390 24                        @ ../VoicePlayer.cpp:390:24
	cmp	r0, #0
.Ltmp878:
	.loc	1 392 1 is_stmt 1               @ ../VoicePlayer.cpp:392:1
	it	eq
	bxeq	lr
.Ltmp879:
.LBB4_2:
	@DEBUG_VALUE: VoicePlay_TestFile:path <- $r1
	@DEBUG_VALUE: q_push:path <- $r1
	.save	{r4, r5, r7, lr}
	push	{r4, r5, r7, lr}
	.cfi_def_cfa_offset 16
	.cfi_offset lr, -4
	.cfi_offset r7, -8
	.cfi_offset r5, -12
	.cfi_offset r4, -16
.Ltmp880:
	.loc	1 188 20                        @ ../VoicePlayer.cpp:188:20
	movw	r4, :lower16:_ZL8s_q_tail
	movw	r3, #21846
	movt	r4, :upper16:_ZL8s_q_tail
	ldrb	r0, [r4]
	movt	r3, #5461
	.loc	1 188 34 is_stmt 0              @ ../VoicePlayer.cpp:188:34
	adds	r2, r0, #1
	umull	r3, r5, r2, r3
	add.w	r3, r5, r5, lsl #1
	sub.w	r5, r2, r3, lsl #2
.Ltmp881:
	@DEBUG_VALUE: q_push:nxt <- [DW_OP_LLVM_convert 16 7, DW_OP_LLVM_convert 32 7, DW_OP_LLVM_convert 32 7, DW_OP_LLVM_convert 8 7, DW_OP_stack_value] $r5
	.loc	1 189 16 is_stmt 1              @ ../VoicePlayer.cpp:189:16
	movw	r2, :lower16:_ZL8s_q_head
	movt	r2, :upper16:_ZL8s_q_head
	ldrb	r2, [r2]
.Ltmp882:
	.loc	1 189 9 is_stmt 0               @ ../VoicePlayer.cpp:189:9
	cmp	r5, r2
	beq	.LBB4_4
.Ltmp883:
@ %bb.3:
	@DEBUG_VALUE: q_push:nxt <- [DW_OP_LLVM_convert 16 7, DW_OP_LLVM_convert 32 7, DW_OP_LLVM_convert 32 7, DW_OP_LLVM_convert 8 7, DW_OP_stack_value] $r5
	@DEBUG_VALUE: q_push:path <- $r1
	@DEBUG_VALUE: VoicePlay_TestFile:path <- $r1
	@DEBUG_VALUE: q_push:nxt <- undef
	.loc	1 190 18 is_stmt 1              @ ../VoicePlayer.cpp:190:18
	add.w	r0, r0, r0, lsl #2
	movw	r2, :lower16:_ZL7s_queue
	movt	r2, :upper16:_ZL7s_queue
	add.w	r0, r2, r0, lsl #3
	.loc	1 190 5 is_stmt 0               @ ../VoicePlayer.cpp:190:5
	movs	r2, #39
	bl	strncpy
.Ltmp884:
	.loc	1 0 5                           @ ../VoicePlayer.cpp:0:5
	movs	r1, #0
	.loc	1 192 14 is_stmt 1              @ ../VoicePlayer.cpp:192:14
	strb	r5, [r4]
	.loc	1 191 40                        @ ../VoicePlayer.cpp:191:40
	strb.w	r1, [r0, #39]
.Ltmp885:
.LBB4_4:
	.loc	1 0 40 is_stmt 0                @ ../VoicePlayer.cpp:0:40
	pop.w	{r4, r5, r7, lr}
.LBB4_5:
	.loc	1 392 1 is_stmt 1               @ ../VoicePlayer.cpp:392:1
	bx	lr
.Ltmp886:
.Lfunc_end4:
	.size	VoicePlay_TestFile, .Lfunc_end4-VoicePlay_TestFile
	.cfi_endproc
	.cantunwind
	.fnend
                                        @ -- End function
	.section	.text.VoicePlay_SetVolume,"ax",%progbits
	.hidden	VoicePlay_SetVolume             @ -- Begin function VoicePlay_SetVolume
	.globl	VoicePlay_SetVolume
	.p2align	2
	.type	VoicePlay_SetVolume,%function
	.code	16                              @ @VoicePlay_SetVolume
	.thumb_func
VoicePlay_SetVolume:
.Lfunc_begin5:
	.fnstart
	.cfi_startproc
@ %bb.0:
	@DEBUG_VALUE: VoicePlay_SetVolume:db <- $r0
	.loc	1 396 10 prologue_end           @ ../VoicePlayer.cpp:396:10
	movw	r1, :lower16:_ZL13s_initialised
	movt	r1, :upper16:_ZL13s_initialised
	ldrb	r1, [r1]
.Ltmp887:
	.loc	1 396 9 is_stmt 0               @ ../VoicePlayer.cpp:396:9
	cmp	r1, #1
	bne.w	.LBB5_51
.Ltmp888:
@ %bb.1:
	@DEBUG_VALUE: VoicePlay_SetVolume:db <- $r0
	.loc	1 0 9                           @ ../VoicePlayer.cpp:0:9
	movw	r1, #36864
	.loc	1 397 9 is_stmt 1               @ ../VoicePlayer.cpp:397:9
	cmp	r0, #6
	movt	r1, #16424
	it	ge
	movge	r0, #6
.Ltmp889:
	@DEBUG_VALUE: VoicePlay_SetVolume:db <- $r0
	.loc	1 89 5                          @ ../VoicePlayer.cpp:89:5
	ldr	r2, [r1]
.Ltmp890:
	.loc	1 398 9                         @ ../VoicePlayer.cpp:398:9
	cmn.w	r0, #57
	it	le
	mvnle	r0, #56
.Ltmp891:
	@DEBUG_VALUE: I2C_WriteNAU8822:addr <- 52
	@DEBUG_VALUE: I2C_WriteNAU8822:data <- [DW_OP_LLVM_convert 32 7, DW_OP_LLVM_convert 16 7, DW_OP_plus_uconst 57, DW_OP_stack_value] $r0
	@DEBUG_VALUE: VoicePlay_SetVolume:v <- [DW_OP_LLVM_convert 32 7, DW_OP_LLVM_convert 16 7, DW_OP_plus_uconst 57, DW_OP_stack_value] $r0
	@DEBUG_VALUE: VoicePlay_SetVolume:db <- $r0
	.loc	1 89 5                          @ ../VoicePlayer.cpp:89:5
	orr	r2, r2, #32
	bic	r2, r2, #8
	str	r2, [r1]
.Ltmp892:
.LBB5_2:                                @ =>This Inner Loop Header: Depth=1
	@DEBUG_VALUE: VoicePlay_SetVolume:v <- [DW_OP_LLVM_convert 32 7, DW_OP_LLVM_convert 16 7, DW_OP_plus_uconst 57, DW_OP_stack_value] $r0
	@DEBUG_VALUE: I2C_WriteNAU8822:data <- [DW_OP_LLVM_convert 32 7, DW_OP_LLVM_convert 16 7, DW_OP_plus_uconst 57, DW_OP_stack_value] $r0
	@DEBUG_VALUE: I2C_WriteNAU8822:addr <- 52
	@DEBUG_VALUE: VoicePlay_SetVolume:db <- $r0
	.loc	1 89 29 is_stmt 0               @ ../VoicePlayer.cpp:89:29
	ldr	r2, [r1]
	lsls	r2, r2, #28
	bmi	.LBB5_5
.Ltmp893:
@ %bb.3:                                @   in Loop: Header=BB5_2 Depth=1
	@DEBUG_VALUE: VoicePlay_SetVolume:v <- [DW_OP_LLVM_convert 32 7, DW_OP_LLVM_convert 16 7, DW_OP_plus_uconst 57, DW_OP_stack_value] $r0
	@DEBUG_VALUE: I2C_WriteNAU8822:data <- [DW_OP_LLVM_convert 32 7, DW_OP_LLVM_convert 16 7, DW_OP_plus_uconst 57, DW_OP_stack_value] $r0
	@DEBUG_VALUE: I2C_WriteNAU8822:addr <- 52
	@DEBUG_VALUE: VoicePlay_SetVolume:db <- $r0
	ldr	r2, [r1]
	lsls	r2, r2, #28
	itt	pl
	ldrpl	r2, [r1]
	lslspl.w	r2, r2, #28
	bmi	.LBB5_5
.Ltmp894:
@ %bb.4:                                @   in Loop: Header=BB5_2 Depth=1
	@DEBUG_VALUE: VoicePlay_SetVolume:v <- [DW_OP_LLVM_convert 32 7, DW_OP_LLVM_convert 16 7, DW_OP_plus_uconst 57, DW_OP_stack_value] $r0
	@DEBUG_VALUE: I2C_WriteNAU8822:data <- [DW_OP_LLVM_convert 32 7, DW_OP_LLVM_convert 16 7, DW_OP_plus_uconst 57, DW_OP_stack_value] $r0
	@DEBUG_VALUE: I2C_WriteNAU8822:addr <- 52
	@DEBUG_VALUE: VoicePlay_SetVolume:db <- $r0
	ldr	r2, [r1]
	lsls	r2, r2, #28
	bpl	.LBB5_2
.Ltmp895:
.LBB5_5:
	@DEBUG_VALUE: VoicePlay_SetVolume:v <- [DW_OP_LLVM_convert 32 7, DW_OP_LLVM_convert 16 7, DW_OP_plus_uconst 57, DW_OP_stack_value] $r0
	@DEBUG_VALUE: I2C_WriteNAU8822:data <- [DW_OP_LLVM_convert 32 7, DW_OP_LLVM_convert 16 7, DW_OP_plus_uconst 57, DW_OP_stack_value] $r0
	@DEBUG_VALUE: I2C_WriteNAU8822:addr <- 52
	@DEBUG_VALUE: VoicePlay_SetVolume:db <- $r0
	.loc	1 0 29                          @ ../VoicePlayer.cpp:0:29
	movs	r2, #52
	movs	r3, #2
	.loc	1 90 5 is_stmt 1                @ ../VoicePlayer.cpp:90:5
	str	r2, [r1, #8]
	.loc	1 91 5                          @ ../VoicePlayer.cpp:91:5
	ldr	r2, [r1]
	bfi	r2, r3, #2, #4
	str	r2, [r1]
.Ltmp896:
.LBB5_6:                                @ =>This Inner Loop Header: Depth=1
	@DEBUG_VALUE: VoicePlay_SetVolume:v <- [DW_OP_LLVM_convert 32 7, DW_OP_LLVM_convert 16 7, DW_OP_plus_uconst 57, DW_OP_stack_value] $r0
	@DEBUG_VALUE: I2C_WriteNAU8822:data <- [DW_OP_LLVM_convert 32 7, DW_OP_LLVM_convert 16 7, DW_OP_plus_uconst 57, DW_OP_stack_value] $r0
	@DEBUG_VALUE: I2C_WriteNAU8822:addr <- 52
	@DEBUG_VALUE: VoicePlay_SetVolume:db <- $r0
	.loc	1 91 51 is_stmt 0               @ ../VoicePlayer.cpp:91:51
	ldr	r2, [r1]
	lsls	r2, r2, #28
	bmi	.LBB5_9
.Ltmp897:
@ %bb.7:                                @   in Loop: Header=BB5_6 Depth=1
	@DEBUG_VALUE: VoicePlay_SetVolume:v <- [DW_OP_LLVM_convert 32 7, DW_OP_LLVM_convert 16 7, DW_OP_plus_uconst 57, DW_OP_stack_value] $r0
	@DEBUG_VALUE: I2C_WriteNAU8822:data <- [DW_OP_LLVM_convert 32 7, DW_OP_LLVM_convert 16 7, DW_OP_plus_uconst 57, DW_OP_stack_value] $r0
	@DEBUG_VALUE: I2C_WriteNAU8822:addr <- 52
	@DEBUG_VALUE: VoicePlay_SetVolume:db <- $r0
	ldr	r2, [r1]
	lsls	r2, r2, #28
	itt	pl
	ldrpl	r2, [r1]
	lslspl.w	r2, r2, #28
	bmi	.LBB5_9
.Ltmp898:
@ %bb.8:                                @   in Loop: Header=BB5_6 Depth=1
	@DEBUG_VALUE: VoicePlay_SetVolume:v <- [DW_OP_LLVM_convert 32 7, DW_OP_LLVM_convert 16 7, DW_OP_plus_uconst 57, DW_OP_stack_value] $r0
	@DEBUG_VALUE: I2C_WriteNAU8822:data <- [DW_OP_LLVM_convert 32 7, DW_OP_LLVM_convert 16 7, DW_OP_plus_uconst 57, DW_OP_stack_value] $r0
	@DEBUG_VALUE: I2C_WriteNAU8822:addr <- 52
	@DEBUG_VALUE: VoicePlay_SetVolume:db <- $r0
	ldr	r2, [r1]
	lsls	r2, r2, #28
	bpl	.LBB5_6
.Ltmp899:
.LBB5_9:
	@DEBUG_VALUE: VoicePlay_SetVolume:v <- [DW_OP_LLVM_convert 32 7, DW_OP_LLVM_convert 16 7, DW_OP_plus_uconst 57, DW_OP_stack_value] $r0
	@DEBUG_VALUE: I2C_WriteNAU8822:data <- [DW_OP_LLVM_convert 32 7, DW_OP_LLVM_convert 16 7, DW_OP_plus_uconst 57, DW_OP_stack_value] $r0
	@DEBUG_VALUE: I2C_WriteNAU8822:addr <- 52
	@DEBUG_VALUE: VoicePlay_SetVolume:db <- $r0
	.loc	1 0 51                          @ ../VoicePlayer.cpp:0:51
	movs	r2, #104
	movs	r3, #2
	.loc	1 92 5 is_stmt 1                @ ../VoicePlayer.cpp:92:5
	str	r2, [r1, #8]
.Ltmp900:
	.loc	1 400 18                        @ ../VoicePlayer.cpp:400:18
	adds	r0, #57
.Ltmp901:
	.loc	1 93 5                          @ ../VoicePlayer.cpp:93:5
	ldr	r2, [r1]
	bfi	r2, r3, #2, #4
	str	r2, [r1]
.Ltmp902:
.LBB5_10:                               @ =>This Inner Loop Header: Depth=1
	@DEBUG_VALUE: I2C_WriteNAU8822:addr <- 52
	.loc	1 93 51 is_stmt 0               @ ../VoicePlayer.cpp:93:51
	ldr	r2, [r1]
	lsls	r2, r2, #28
	bmi	.LBB5_13
.Ltmp903:
@ %bb.11:                               @   in Loop: Header=BB5_10 Depth=1
	@DEBUG_VALUE: I2C_WriteNAU8822:addr <- 52
	ldr	r2, [r1]
	lsls	r2, r2, #28
	itt	pl
	ldrpl	r2, [r1]
	lslspl.w	r2, r2, #28
	bmi	.LBB5_13
.Ltmp904:
@ %bb.12:                               @   in Loop: Header=BB5_10 Depth=1
	@DEBUG_VALUE: I2C_WriteNAU8822:addr <- 52
	ldr	r2, [r1]
	lsls	r2, r2, #28
	bpl	.LBB5_10
.Ltmp905:
.LBB5_13:
	@DEBUG_VALUE: I2C_WriteNAU8822:addr <- 52
	.loc	1 94 5 is_stmt 1                @ ../VoicePlayer.cpp:94:5
	uxth	r0, r0
	movs	r3, #2
	str	r0, [r1, #8]
	.loc	1 95 5                          @ ../VoicePlayer.cpp:95:5
	ldr	r2, [r1]
	bfi	r2, r3, #2, #4
	str	r2, [r1]
.Ltmp906:
.LBB5_14:                               @ =>This Inner Loop Header: Depth=1
	@DEBUG_VALUE: I2C_WriteNAU8822:addr <- 52
	.loc	1 95 51 is_stmt 0               @ ../VoicePlayer.cpp:95:51
	ldr	r2, [r1]
	lsls	r2, r2, #28
	bmi	.LBB5_17
.Ltmp907:
@ %bb.15:                               @   in Loop: Header=BB5_14 Depth=1
	@DEBUG_VALUE: I2C_WriteNAU8822:addr <- 52
	ldr	r2, [r1]
	lsls	r2, r2, #28
	itt	pl
	ldrpl	r2, [r1]
	lslspl.w	r2, r2, #28
	bmi	.LBB5_17
.Ltmp908:
@ %bb.16:                               @   in Loop: Header=BB5_14 Depth=1
	@DEBUG_VALUE: I2C_WriteNAU8822:addr <- 52
	ldr	r2, [r1]
	lsls	r2, r2, #28
	bpl	.LBB5_14
.Ltmp909:
.LBB5_17:
	@DEBUG_VALUE: I2C_WriteNAU8822:addr <- 52
	@DEBUG_VALUE: I2C_STOP:i2c <- 1076400128
	.loc	11 445 32 is_stmt 1             @ ../../../../Library/StdDriver/inc\i2c.h:445:32
	movw	r12, :lower16:SystemCoreClock
	movt	r12, :upper16:SystemCoreClock
	ldr.w	r3, [r12]
.Ltmp910:
	@DEBUG_VALUE: I2C_STOP:u32TimeOutCount <- $r3
	.loc	11 447 17                       @ ../../../../Library/StdDriver/inc\i2c.h:447:17
	ldr	r2, [r1]
	.loc	11 449 5                        @ ../../../../Library/StdDriver/inc\i2c.h:449:5
	rsb.w	r3, r3, #2
.Ltmp911:
	.loc	11 447 17                       @ ../../../../Library/StdDriver/inc\i2c.h:447:17
	orr	r2, r2, #24
	str	r2, [r1]
.Ltmp912:
	.loc	11 0 17 is_stmt 0               @ :0:17
.Ltmp913:
	.p2align	2
.LBB5_18:                               @ =>This Inner Loop Header: Depth=1
	@DEBUG_VALUE: I2C_STOP:i2c <- 1076400128
	@DEBUG_VALUE: I2C_WriteNAU8822:addr <- 52
	@DEBUG_VALUE: I2C_STOP:u32TimeOutCount <- [DW_OP_LLVM_arg 0, DW_OP_consts 2, DW_OP_consts 18446744073709551615, DW_OP_LLVM_arg 0, DW_OP_mul, DW_OP_plus, DW_OP_minus, DW_OP_consts 4, DW_OP_div, DW_OP_consts 18446744073709551612, DW_OP_mul, DW_OP_LLVM_arg 0, DW_OP_plus, DW_OP_stack_value] undef
	.loc	11 449 17 is_stmt 1             @ ../../../../Library/StdDriver/inc\i2c.h:449:17
	ldr	r2, [r1]
.Ltmp914:
	@DEBUG_VALUE: I2C_STOP:u32TimeOutCount <- [DW_OP_constu 1, DW_OP_minus, DW_OP_stack_value] $r3
	.loc	11 449 5 is_stmt 0              @ ../../../../Library/StdDriver/inc\i2c.h:449:5
	lsls	r2, r2, #27
	bpl	.LBB5_26
.Ltmp915:
@ %bb.19:                               @   in Loop: Header=BB5_18 Depth=1
	@DEBUG_VALUE: I2C_STOP:u32TimeOutCount <- [DW_OP_constu 1, DW_OP_minus, DW_OP_stack_value] $r3
	@DEBUG_VALUE: I2C_STOP:i2c <- 1076400128
	@DEBUG_VALUE: I2C_WriteNAU8822:addr <- 52
	cmp	r3, #1
	beq	.LBB5_26
.Ltmp916:
@ %bb.20:                               @   in Loop: Header=BB5_18 Depth=1
	@DEBUG_VALUE: I2C_STOP:u32TimeOutCount <- [DW_OP_constu 1, DW_OP_minus, DW_OP_stack_value] $r3
	@DEBUG_VALUE: I2C_STOP:i2c <- 1076400128
	@DEBUG_VALUE: I2C_WriteNAU8822:addr <- 52
	@DEBUG_VALUE: I2C_STOP:u32TimeOutCount <- [DW_OP_constu 1, DW_OP_minus, DW_OP_stack_value] $r3
	.loc	11 449 17                       @ ../../../../Library/StdDriver/inc\i2c.h:449:17
	ldr	r2, [r1]
.Ltmp917:
	@DEBUG_VALUE: I2C_STOP:u32TimeOutCount <- [DW_OP_constu 2, DW_OP_minus, DW_OP_stack_value] $r3
	.loc	11 449 5                        @ ../../../../Library/StdDriver/inc\i2c.h:449:5
	lsls	r2, r2, #27
	bpl	.LBB5_26
.Ltmp918:
@ %bb.21:                               @   in Loop: Header=BB5_18 Depth=1
	@DEBUG_VALUE: I2C_STOP:u32TimeOutCount <- [DW_OP_constu 2, DW_OP_minus, DW_OP_stack_value] $r3
	@DEBUG_VALUE: I2C_STOP:i2c <- 1076400128
	@DEBUG_VALUE: I2C_WriteNAU8822:addr <- 52
	cbz	r3, .LBB5_26
.Ltmp919:
@ %bb.22:                               @   in Loop: Header=BB5_18 Depth=1
	@DEBUG_VALUE: I2C_STOP:u32TimeOutCount <- [DW_OP_constu 2, DW_OP_minus, DW_OP_stack_value] $r3
	@DEBUG_VALUE: I2C_STOP:i2c <- 1076400128
	@DEBUG_VALUE: I2C_WriteNAU8822:addr <- 52
	@DEBUG_VALUE: I2C_STOP:u32TimeOutCount <- [DW_OP_constu 2, DW_OP_minus, DW_OP_stack_value] $r3
	.loc	11 449 17                       @ ../../../../Library/StdDriver/inc\i2c.h:449:17
	ldr	r2, [r1]
.Ltmp920:
	@DEBUG_VALUE: I2C_STOP:u32TimeOutCount <- [DW_OP_constu 3, DW_OP_minus, DW_OP_stack_value] $r3
	.loc	11 449 5                        @ ../../../../Library/StdDriver/inc\i2c.h:449:5
	lsls	r2, r2, #27
	bpl	.LBB5_26
.Ltmp921:
@ %bb.23:                               @   in Loop: Header=BB5_18 Depth=1
	@DEBUG_VALUE: I2C_STOP:u32TimeOutCount <- [DW_OP_constu 3, DW_OP_minus, DW_OP_stack_value] $r3
	@DEBUG_VALUE: I2C_STOP:i2c <- 1076400128
	@DEBUG_VALUE: I2C_WriteNAU8822:addr <- 52
	adds	r2, r3, #1
	beq	.LBB5_26
.Ltmp922:
@ %bb.24:                               @   in Loop: Header=BB5_18 Depth=1
	@DEBUG_VALUE: I2C_STOP:u32TimeOutCount <- [DW_OP_constu 3, DW_OP_minus, DW_OP_stack_value] $r3
	@DEBUG_VALUE: I2C_STOP:i2c <- 1076400128
	@DEBUG_VALUE: I2C_WriteNAU8822:addr <- 52
	@DEBUG_VALUE: I2C_STOP:u32TimeOutCount <- [DW_OP_constu 3, DW_OP_minus, DW_OP_stack_value] $r3
	.loc	11 449 17                       @ ../../../../Library/StdDriver/inc\i2c.h:449:17
	ldr	r2, [r1]
.Ltmp923:
	@DEBUG_VALUE: I2C_STOP:u32TimeOutCount <- [DW_OP_LLVM_arg 0, DW_OP_consts 2, DW_OP_consts 18446744073709551615, DW_OP_LLVM_arg 0, DW_OP_mul, DW_OP_plus, DW_OP_minus, DW_OP_consts 4, DW_OP_div, DW_OP_consts 18446744073709551612, DW_OP_mul, DW_OP_consts 18446744073709551612, DW_OP_LLVM_arg 0, DW_OP_plus, DW_OP_plus, DW_OP_stack_value] undef
	.loc	11 449 5                        @ ../../../../Library/StdDriver/inc\i2c.h:449:5
	lsls	r2, r2, #27
	bpl	.LBB5_26
.Ltmp924:
@ %bb.25:                               @   in Loop: Header=BB5_18 Depth=1
	@DEBUG_VALUE: I2C_STOP:i2c <- 1076400128
	@DEBUG_VALUE: I2C_WriteNAU8822:addr <- 52
	adds	r2, r3, #2
	add.w	r3, r3, #4
	bne	.LBB5_18
.Ltmp925:
.LBB5_26:
	@DEBUG_VALUE: I2C_WriteNAU8822:addr <- 53
	@DEBUG_VALUE: I2C_WriteNAU8822:data <- [DW_OP_constu 256, DW_OP_or, DW_OP_stack_value] undef
	.loc	1 89 5 is_stmt 1                @ ../VoicePlayer.cpp:89:5
	ldr	r2, [r1]
	orr	r2, r2, #32
	bic	r2, r2, #8
	str	r2, [r1]
.Ltmp926:
.LBB5_27:                               @ =>This Inner Loop Header: Depth=1
	@DEBUG_VALUE: I2C_WriteNAU8822:addr <- 53
	.loc	1 89 29 is_stmt 0               @ ../VoicePlayer.cpp:89:29
	ldr	r2, [r1]
	lsls	r2, r2, #28
	bmi	.LBB5_30
.Ltmp927:
@ %bb.28:                               @   in Loop: Header=BB5_27 Depth=1
	@DEBUG_VALUE: I2C_WriteNAU8822:addr <- 53
	ldr	r2, [r1]
	lsls	r2, r2, #28
	itt	pl
	ldrpl	r2, [r1]
	lslspl.w	r2, r2, #28
	bmi	.LBB5_30
.Ltmp928:
@ %bb.29:                               @   in Loop: Header=BB5_27 Depth=1
	@DEBUG_VALUE: I2C_WriteNAU8822:addr <- 53
	ldr	r2, [r1]
	lsls	r2, r2, #28
	bpl	.LBB5_27
.Ltmp929:
.LBB5_30:
	@DEBUG_VALUE: I2C_WriteNAU8822:addr <- 53
	.loc	1 0 29                          @ ../VoicePlayer.cpp:0:29
	movs	r2, #52
	movs	r3, #2
	.loc	1 90 5 is_stmt 1                @ ../VoicePlayer.cpp:90:5
	str	r2, [r1, #8]
	.loc	1 91 5                          @ ../VoicePlayer.cpp:91:5
	ldr	r2, [r1]
	bfi	r2, r3, #2, #4
	str	r2, [r1]
.Ltmp930:
.LBB5_31:                               @ =>This Inner Loop Header: Depth=1
	@DEBUG_VALUE: I2C_WriteNAU8822:addr <- 53
	.loc	1 91 51 is_stmt 0               @ ../VoicePlayer.cpp:91:51
	ldr	r2, [r1]
	lsls	r2, r2, #28
	bmi	.LBB5_34
.Ltmp931:
@ %bb.32:                               @   in Loop: Header=BB5_31 Depth=1
	@DEBUG_VALUE: I2C_WriteNAU8822:addr <- 53
	ldr	r2, [r1]
	lsls	r2, r2, #28
	itt	pl
	ldrpl	r2, [r1]
	lslspl.w	r2, r2, #28
	bmi	.LBB5_34
.Ltmp932:
@ %bb.33:                               @   in Loop: Header=BB5_31 Depth=1
	@DEBUG_VALUE: I2C_WriteNAU8822:addr <- 53
	ldr	r2, [r1]
	lsls	r2, r2, #28
	bpl	.LBB5_31
.Ltmp933:
.LBB5_34:
	@DEBUG_VALUE: I2C_WriteNAU8822:addr <- 53
	.loc	1 0 51                          @ ../VoicePlayer.cpp:0:51
	movs	r2, #107
	movs	r3, #2
	.loc	1 92 5 is_stmt 1                @ ../VoicePlayer.cpp:92:5
	str	r2, [r1, #8]
	.loc	1 93 5                          @ ../VoicePlayer.cpp:93:5
	ldr	r2, [r1]
	bfi	r2, r3, #2, #4
	str	r2, [r1]
.Ltmp934:
.LBB5_35:                               @ =>This Inner Loop Header: Depth=1
	@DEBUG_VALUE: I2C_WriteNAU8822:addr <- 53
	.loc	1 93 51 is_stmt 0               @ ../VoicePlayer.cpp:93:51
	ldr	r2, [r1]
	lsls	r2, r2, #28
	bmi	.LBB5_38
.Ltmp935:
@ %bb.36:                               @   in Loop: Header=BB5_35 Depth=1
	@DEBUG_VALUE: I2C_WriteNAU8822:addr <- 53
	ldr	r2, [r1]
	lsls	r2, r2, #28
	itt	pl
	ldrpl	r2, [r1]
	lslspl.w	r2, r2, #28
	bmi	.LBB5_38
.Ltmp936:
@ %bb.37:                               @   in Loop: Header=BB5_35 Depth=1
	@DEBUG_VALUE: I2C_WriteNAU8822:addr <- 53
	ldr	r2, [r1]
	lsls	r2, r2, #28
	bpl	.LBB5_35
.Ltmp937:
.LBB5_38:
	@DEBUG_VALUE: I2C_WriteNAU8822:addr <- 53
	.loc	1 94 5 is_stmt 1                @ ../VoicePlayer.cpp:94:5
	str	r0, [r1, #8]
	movs	r2, #2
	.loc	1 95 5                          @ ../VoicePlayer.cpp:95:5
	ldr	r0, [r1]
	bfi	r0, r2, #2, #4
	str	r0, [r1]
.Ltmp938:
.LBB5_39:                               @ =>This Inner Loop Header: Depth=1
	@DEBUG_VALUE: I2C_WriteNAU8822:addr <- 53
	.loc	1 95 51 is_stmt 0               @ ../VoicePlayer.cpp:95:51
	ldr	r0, [r1]
	lsls	r0, r0, #28
	bmi	.LBB5_42
.Ltmp939:
@ %bb.40:                               @   in Loop: Header=BB5_39 Depth=1
	@DEBUG_VALUE: I2C_WriteNAU8822:addr <- 53
	ldr	r0, [r1]
	lsls	r0, r0, #28
	itt	pl
	ldrpl	r0, [r1]
	lslspl.w	r0, r0, #28
	bmi	.LBB5_42
.Ltmp940:
@ %bb.41:                               @   in Loop: Header=BB5_39 Depth=1
	@DEBUG_VALUE: I2C_WriteNAU8822:addr <- 53
	ldr	r0, [r1]
	lsls	r0, r0, #28
	bpl	.LBB5_39
.Ltmp941:
.LBB5_42:
	@DEBUG_VALUE: I2C_WriteNAU8822:addr <- 53
	@DEBUG_VALUE: I2C_STOP:i2c <- 1076400128
	.loc	11 445 32 is_stmt 1             @ ../../../../Library/StdDriver/inc\i2c.h:445:32
	ldr.w	r0, [r12]
.Ltmp942:
	@DEBUG_VALUE: I2C_STOP:u32TimeOutCount <- $r0
	.loc	11 447 17                       @ ../../../../Library/StdDriver/inc\i2c.h:447:17
	ldr	r2, [r1]
	.loc	11 449 5                        @ ../../../../Library/StdDriver/inc\i2c.h:449:5
	rsb.w	r0, r0, #2
.Ltmp943:
	.loc	11 447 17                       @ ../../../../Library/StdDriver/inc\i2c.h:447:17
	orr	r2, r2, #24
	str	r2, [r1]
	b	.LBB5_45
.Ltmp944:
	.loc	11 0 17 is_stmt 0               @ :0:17
.Ltmp945:
	.p2align	2
.LBB5_43:                               @   in Loop: Header=BB5_45 Depth=1
	@DEBUG_VALUE: I2C_STOP:u32TimeOutCount <- [DW_OP_constu 3, DW_OP_minus, DW_OP_stack_value] $r0
	@DEBUG_VALUE: I2C_STOP:i2c <- 1076400128
	@DEBUG_VALUE: I2C_WriteNAU8822:addr <- 53
	@DEBUG_VALUE: I2C_STOP:u32TimeOutCount <- [DW_OP_constu 3, DW_OP_minus, DW_OP_stack_value] $r0
	.loc	11 449 17 is_stmt 1             @ ../../../../Library/StdDriver/inc\i2c.h:449:17
	ldr	r2, [r1]
.Ltmp946:
	@DEBUG_VALUE: I2C_STOP:u32TimeOutCount <- [DW_OP_LLVM_arg 0, DW_OP_consts 2, DW_OP_consts 18446744073709551615, DW_OP_LLVM_arg 0, DW_OP_mul, DW_OP_plus, DW_OP_minus, DW_OP_consts 4, DW_OP_div, DW_OP_consts 18446744073709551612, DW_OP_mul, DW_OP_consts 18446744073709551612, DW_OP_LLVM_arg 0, DW_OP_plus, DW_OP_plus, DW_OP_stack_value] undef
	.loc	11 449 5 is_stmt 0              @ ../../../../Library/StdDriver/inc\i2c.h:449:5
	lsls	r2, r2, #27
.Ltmp947:
	.loc	1 403 1 is_stmt 1               @ ../VoicePlayer.cpp:403:1
	it	pl
	bxpl	lr
.Ltmp948:
.LBB5_44:                               @   in Loop: Header=BB5_45 Depth=1
	@DEBUG_VALUE: I2C_STOP:i2c <- 1076400128
	@DEBUG_VALUE: I2C_WriteNAU8822:addr <- 53
	.loc	11 449 5                        @ ../../../../Library/StdDriver/inc\i2c.h:449:5
	adds	r2, r0, #2
	add.w	r0, r0, #4
	beq	.LBB5_51
.Ltmp949:
.LBB5_45:                               @ =>This Inner Loop Header: Depth=1
	@DEBUG_VALUE: I2C_STOP:i2c <- 1076400128
	@DEBUG_VALUE: I2C_WriteNAU8822:addr <- 53
	@DEBUG_VALUE: I2C_STOP:u32TimeOutCount <- [DW_OP_LLVM_arg 0, DW_OP_consts 2, DW_OP_consts 18446744073709551615, DW_OP_LLVM_arg 0, DW_OP_mul, DW_OP_plus, DW_OP_minus, DW_OP_consts 4, DW_OP_div, DW_OP_consts 18446744073709551612, DW_OP_mul, DW_OP_LLVM_arg 0, DW_OP_plus, DW_OP_stack_value] undef
	.loc	11 449 17 is_stmt 0             @ ../../../../Library/StdDriver/inc\i2c.h:449:17
	ldr	r2, [r1]
.Ltmp950:
	@DEBUG_VALUE: I2C_STOP:u32TimeOutCount <- [DW_OP_constu 1, DW_OP_minus, DW_OP_stack_value] $r0
	.loc	11 449 5                        @ ../../../../Library/StdDriver/inc\i2c.h:449:5
	lsls	r2, r2, #27
	bpl	.LBB5_51
.Ltmp951:
@ %bb.46:                               @   in Loop: Header=BB5_45 Depth=1
	@DEBUG_VALUE: I2C_STOP:u32TimeOutCount <- [DW_OP_constu 1, DW_OP_minus, DW_OP_stack_value] $r0
	@DEBUG_VALUE: I2C_STOP:i2c <- 1076400128
	@DEBUG_VALUE: I2C_WriteNAU8822:addr <- 53
	cmp	r0, #1
	beq	.LBB5_51
.Ltmp952:
@ %bb.47:                               @   in Loop: Header=BB5_45 Depth=1
	@DEBUG_VALUE: I2C_STOP:u32TimeOutCount <- [DW_OP_constu 1, DW_OP_minus, DW_OP_stack_value] $r0
	@DEBUG_VALUE: I2C_STOP:i2c <- 1076400128
	@DEBUG_VALUE: I2C_WriteNAU8822:addr <- 53
	@DEBUG_VALUE: I2C_STOP:u32TimeOutCount <- [DW_OP_constu 1, DW_OP_minus, DW_OP_stack_value] $r0
	.loc	11 449 17                       @ ../../../../Library/StdDriver/inc\i2c.h:449:17
	ldr	r2, [r1]
.Ltmp953:
	@DEBUG_VALUE: I2C_STOP:u32TimeOutCount <- [DW_OP_constu 2, DW_OP_minus, DW_OP_stack_value] $r0
	.loc	11 449 5                        @ ../../../../Library/StdDriver/inc\i2c.h:449:5
	lsls	r2, r2, #27
	bpl	.LBB5_51
.Ltmp954:
@ %bb.48:                               @   in Loop: Header=BB5_45 Depth=1
	@DEBUG_VALUE: I2C_STOP:u32TimeOutCount <- [DW_OP_constu 2, DW_OP_minus, DW_OP_stack_value] $r0
	@DEBUG_VALUE: I2C_STOP:i2c <- 1076400128
	@DEBUG_VALUE: I2C_WriteNAU8822:addr <- 53
	cbz	r0, .LBB5_51
.Ltmp955:
@ %bb.49:                               @   in Loop: Header=BB5_45 Depth=1
	@DEBUG_VALUE: I2C_STOP:u32TimeOutCount <- [DW_OP_constu 2, DW_OP_minus, DW_OP_stack_value] $r0
	@DEBUG_VALUE: I2C_STOP:i2c <- 1076400128
	@DEBUG_VALUE: I2C_WriteNAU8822:addr <- 53
	@DEBUG_VALUE: I2C_STOP:u32TimeOutCount <- [DW_OP_constu 2, DW_OP_minus, DW_OP_stack_value] $r0
	.loc	11 449 17                       @ ../../../../Library/StdDriver/inc\i2c.h:449:17
	ldr	r2, [r1]
.Ltmp956:
	@DEBUG_VALUE: I2C_STOP:u32TimeOutCount <- [DW_OP_constu 3, DW_OP_minus, DW_OP_stack_value] $r0
	.loc	11 449 5                        @ ../../../../Library/StdDriver/inc\i2c.h:449:5
	lsls	r2, r2, #27
	bpl	.LBB5_51
.Ltmp957:
@ %bb.50:                               @   in Loop: Header=BB5_45 Depth=1
	@DEBUG_VALUE: I2C_STOP:u32TimeOutCount <- [DW_OP_constu 3, DW_OP_minus, DW_OP_stack_value] $r0
	@DEBUG_VALUE: I2C_STOP:i2c <- 1076400128
	@DEBUG_VALUE: I2C_WriteNAU8822:addr <- 53
	adds	r2, r0, #1
	bne	.LBB5_43
.Ltmp958:
.LBB5_51:
	.loc	1 403 1 is_stmt 1               @ ../VoicePlayer.cpp:403:1
	bx	lr
.Ltmp959:
.Lfunc_end5:
	.size	VoicePlay_SetVolume, .Lfunc_end5-VoicePlay_SetVolume
	.cfi_endproc
	.cantunwind
	.fnend
                                        @ -- End function
	.section	.text.VoicePlay_Pump,"ax",%progbits
	.hidden	VoicePlay_Pump                  @ -- Begin function VoicePlay_Pump
	.globl	VoicePlay_Pump
	.p2align	2
	.type	VoicePlay_Pump,%function
	.code	16                              @ @VoicePlay_Pump
	.thumb_func
VoicePlay_Pump:
.Lfunc_begin6:
	.fnstart
	.cfi_startproc
@ %bb.0:
	.loc	1 407 10 prologue_end           @ ../VoicePlayer.cpp:407:10
	movw	r0, :lower16:_ZL13s_initialised
	movt	r0, :upper16:_ZL13s_initialised
	ldrb	r0, [r0]
.Ltmp960:
	.loc	1 407 9 is_stmt 0               @ ../VoicePlayer.cpp:407:9
	cmp	r0, #1
	.loc	1 468 1 is_stmt 1               @ ../VoicePlayer.cpp:468:1
	it	ne
	bxne	lr
.LBB6_1:
	.save	{r4, r5, r6, r7, r8, r9, r10, r11, lr}
	push.w	{r4, r5, r6, r7, r8, r9, r10, r11, lr}
	.cfi_def_cfa_offset 36
	.cfi_offset lr, -4
	.cfi_offset r11, -8
	.cfi_offset r10, -12
	.cfi_offset r9, -16
	.cfi_offset r8, -20
	.cfi_offset r7, -24
	.cfi_offset r6, -28
	.cfi_offset r5, -32
	.cfi_offset r4, -36
	.pad	#124
	sub	sp, #124
	.cfi_def_cfa_offset 160
.Ltmp961:
	.loc	1 83 43                         @ ../VoicePlayer.cpp:83:43
	movw	r7, :lower16:_ZL8s_q_head
	.loc	1 83 55 is_stmt 0               @ ../VoicePlayer.cpp:83:55
	movw	r9, :lower16:_ZL8s_q_tail
	.loc	1 83 43                         @ ../VoicePlayer.cpp:83:43
	movt	r7, :upper16:_ZL8s_q_head
	movs	r4, #0
	.loc	1 83 55                         @ ../VoicePlayer.cpp:83:55
	movt	r9, :upper16:_ZL8s_q_tail
	movw	r5, :lower16:_ZL9s_playing
	.loc	1 83 43                         @ ../VoicePlayer.cpp:83:43
	ldrb	r0, [r7]
	movw	r12, :lower16:_ZL10s_buf_full
	.loc	1 83 55                         @ ../VoicePlayer.cpp:83:55
	ldrb.w	r1, [r9]
	movw	r3, :lower16:_ZL11s_file_open
	movt	r4, #16416
.Ltmp962:
	.loc	1 410 20 is_stmt 1              @ ../VoicePlayer.cpp:410:20
	cmp	r0, r1
	movt	r5, :upper16:_ZL9s_playing
	movt	r12, :upper16:_ZL10s_buf_full
	movt	r3, :upper16:_ZL11s_file_open
	bne	.LBB6_4
@ %bb.2:
	.loc	1 410 23 is_stmt 0              @ ../VoicePlayer.cpp:410:23
	ldrb	r0, [r3]
.Ltmp963:
	.loc	1 427 9 is_stmt 1               @ ../VoicePlayer.cpp:427:9
	ldrb	r1, [r5]
.Ltmp964:
	.loc	1 410 35                        @ ../VoicePlayer.cpp:410:35
	eor	r2, r0, #1
	cmp	r0, #0
	orr.w	r0, r2, r1
	it	eq
	cmpeq	r1, #0
	bne	.LBB6_5
@ %bb.3:
	.loc	1 0 35 is_stmt 0                @ ../VoicePlayer.cpp:0:35
	movs	r0, #0
	.loc	1 410 35                        @ ../VoicePlayer.cpp:410:35
	b	.LBB6_13
.Ltmp965:
.LBB6_4:
	.loc	1 427 9 is_stmt 1               @ ../VoicePlayer.cpp:427:9
	ldrb	r0, [r5]
.Ltmp966:
.LBB6_5:
	.loc	1 411 14                        @ ../VoicePlayer.cpp:411:14
	movw	r1, :lower16:_ZZ14VoicePlay_PumpE8dbg_tick
	movt	r1, :upper16:_ZZ14VoicePlay_PumpE8dbg_tick
	ldrb	r2, [r1]
	adds	r2, #1
.Ltmp967:
	.loc	1 411 13 is_stmt 0              @ ../VoicePlayer.cpp:411:13
	lsls	r3, r2, #27
.Ltmp968:
	.loc	1 411 14                        @ ../VoicePlayer.cpp:411:14
	strb	r2, [r1]
	beq	.LBB6_10
.Ltmp969:
@ %bb.6:
	.loc	1 427 9 is_stmt 1               @ ../VoicePlayer.cpp:427:9
	lsls	r0, r0, #31
	beq	.LBB6_11
.LBB6_7:
.Ltmp970:
	.loc	1 429 31                        @ ../VoicePlayer.cpp:429:31
	movw	r0, :lower16:_ZL13s_playing_idx
	.loc	1 428 24                        @ ../VoicePlayer.cpp:428:24
	ldr.w	r3, [r4, #284]
.Ltmp971:
	@DEBUG_VALUE: cur <- $r3
	.loc	1 429 31                        @ ../VoicePlayer.cpp:429:31
	movt	r0, :upper16:_ZL13s_playing_idx
	.loc	1 429 36 is_stmt 0              @ ../VoicePlayer.cpp:429:36
	movw	r2, :lower16:_ZL6s_desc
	movt	r2, :upper16:_ZL6s_desc
	.loc	1 429 31                        @ ../VoicePlayer.cpp:429:31
	ldrb	r1, [r0]
	.loc	1 429 36                        @ ../VoicePlayer.cpp:429:36
	add.w	r6, r2, #16
	.loc	1 429 31                        @ ../VoicePlayer.cpp:429:31
	subs	r2, r3, r2
	csel	r2, r1, r2, ne
	cmp	r3, r6
	it	eq
	moveq	r2, #1
.Ltmp972:
	@DEBUG_VALUE: current_idx <- $r2
	.loc	1 432 13 is_stmt 1              @ ../VoicePlayer.cpp:432:13
	cmp	r2, r1
	beq	.LBB6_9
.Ltmp973:
@ %bb.8:
	@DEBUG_VALUE: current_idx <- $r2
	@DEBUG_VALUE: cur <- $r3
	.loc	1 0 13 is_stmt 0                @ ../VoicePlayer.cpp:0:13
	movs	r3, #0
.Ltmp974:
	.loc	1 434 27 is_stmt 1              @ ../VoicePlayer.cpp:434:27
	strb	r2, [r0]
	movw	r0, #1060
	.loc	1 433 39                        @ ../VoicePlayer.cpp:433:39
	strb.w	r3, [r12, r1]
	movt	r0, #16416
	movs	r1, #128
	.loc	1 435 13                        @ ../VoicePlayer.cpp:435:13
	str	r1, [r0]
	ldr	r0, [r0]
.Ltmp975:
.LBB6_9:
	@DEBUG_VALUE: current_idx <- $r2
	.loc	1 0 13 is_stmt 0                @ ../VoicePlayer.cpp:0:13
	movs	r0, #1
	b	.LBB6_12
.LBB6_10:
.Ltmp976:
	.loc	1 414 55 is_stmt 1              @ ../VoicePlayer.cpp:414:55
	movw	r1, :lower16:_ZL13s_playing_idx
	.loc	1 414 25 is_stmt 0              @ ../VoicePlayer.cpp:414:25
	ldrb.w	r2, [r12]
	.loc	1 414 55                        @ ../VoicePlayer.cpp:414:55
	movt	r1, :upper16:_ZL13s_playing_idx
	ldrb.w	r11, [r1]
	movw	r1, #1060
	movt	r1, #16416
	.loc	1 414 40                        @ ../VoicePlayer.cpp:414:40
	ldrb.w	r3, [r12, #1]
	.loc	1 415 40 is_stmt 1              @ ../VoicePlayer.cpp:415:40
	ldr.w	lr, [r4, #284]
	.loc	1 416 49                        @ ../VoicePlayer.cpp:416:49
	ldr.w	r12, [r4, #1024]
	.loc	1 417 49                        @ ../VoicePlayer.cpp:417:49
	ldr.w	r10, [r1, #96]
	movw	r1, #40960
	movt	r1, #16421
	.loc	1 418 46                        @ ../VoicePlayer.cpp:418:46
	ldr	r5, [r1]
	.loc	1 419 66                        @ ../VoicePlayer.cpp:419:66
	ldr	r6, [r4, #112]
	.loc	1 420 66                        @ ../VoicePlayer.cpp:420:66
	ldr.w	r8, [r4, #124]
	.loc	1 413 25                        @ ../VoicePlayer.cpp:413:25
	and	r1, r0, #1
	.loc	1 412 13                        @ ../VoicePlayer.cpp:412:13
	movw	r0, :lower16:.L.str.8
	movt	r0, :upper16:.L.str.8
	strd	r11, lr, [sp]
	strd	r12, r10, [sp, #8]
	strd	r5, r6, [sp, #16]
	str.w	r8, [sp, #24]
	bl	__2printf
.Ltmp977:
	.loc	1 0 13 is_stmt 0                @ ../VoicePlayer.cpp:0:13
	movw	r5, :lower16:_ZL9s_playing
	movw	r12, :lower16:_ZL10s_buf_full
	movt	r5, :upper16:_ZL9s_playing
.Ltmp978:
	.loc	1 427 9 is_stmt 1               @ ../VoicePlayer.cpp:427:9
	ldrb	r0, [r5]
	movt	r12, :upper16:_ZL10s_buf_full
.Ltmp979:
	.loc	1 427 9 is_stmt 0               @ ../VoicePlayer.cpp:427:9
	cmp	r0, #0
	bne	.LBB6_7
.LBB6_11:
	.loc	1 0 9                           @ ../VoicePlayer.cpp:0:9
	movs	r0, #0
.LBB6_12:
	movw	r3, :lower16:_ZL11s_file_open
	movt	r3, :upper16:_ZL11s_file_open
.LBB6_13:
.Ltmp980:
	.loc	1 83 43 is_stmt 1               @ ../VoicePlayer.cpp:83:43
	ldrb	r1, [r7]
	.loc	1 83 55 is_stmt 0               @ ../VoicePlayer.cpp:83:55
	ldrb.w	r2, [r9]
.Ltmp981:
	.loc	1 440 19 is_stmt 1              @ ../VoicePlayer.cpp:440:19
	cmp	r1, r2
	bne	.LBB6_19
@ %bb.14:
	.loc	1 440 23 is_stmt 0              @ ../VoicePlayer.cpp:440:23
	ldrb	r1, [r3]
	.loc	1 440 35                        @ ../VoicePlayer.cpp:440:35
	cbnz	r1, .LBB6_19
@ %bb.15:
	.loc	1 0 35                          @ ../VoicePlayer.cpp:0:35
	ldrb.w	r1, [r12]
	.loc	1 440 35                        @ ../VoicePlayer.cpp:440:35
	cbnz	r1, .LBB6_19
@ %bb.16:
	.loc	1 0 35                          @ ../VoicePlayer.cpp:0:35
	ldrb.w	r1, [r12, #1]
	.loc	1 440 35                        @ ../VoicePlayer.cpp:440:35
	cbnz	r1, .LBB6_19
@ %bb.17:
.Ltmp982:
	.loc	1 441 13 is_stmt 1              @ ../VoicePlayer.cpp:441:13
	cmp	r0, #0
	beq.w	.LBB6_59
@ %bb.18:
	.loc	1 0 13 is_stmt 0                @ ../VoicePlayer.cpp:0:13
	movw	r0, #40960
.Ltmp983:
	.loc	1 316 5 is_stmt 1               @ ../VoicePlayer.cpp:316:5
	movw	r7, :lower16:_ZL6s_desc
	movt	r0, #16421
	movs	r2, #56
	.loc	1 310 5                         @ ../VoicePlayer.cpp:310:5
	ldr	r1, [r0]
	.loc	1 316 5                         @ ../VoicePlayer.cpp:316:5
	movs	r3, #1
	movt	r7, :upper16:_ZL6s_desc
	.loc	1 310 5                         @ ../VoicePlayer.cpp:310:5
	bic	r1, r1, #2
	str	r1, [r0]
	.loc	1 311 5                         @ ../VoicePlayer.cpp:311:5
	ldr	r1, [r0]
	bic	r1, r1, #1048576
	str	r1, [r0]
	.loc	1 314 19                        @ ../VoicePlayer.cpp:314:19
	movw	r1, :lower16:_ZL13s_playing_idx
	movs	r0, #0
	movt	r1, :upper16:_ZL13s_playing_idx
	.loc	1 312 15                        @ ../VoicePlayer.cpp:312:15
	strb	r0, [r5]
	.loc	1 313 19                        @ ../VoicePlayer.cpp:313:19
	strh.w	r0, [r12]
	.loc	1 314 19                        @ ../VoicePlayer.cpp:314:19
	strb	r0, [r1]
	.loc	1 316 5                         @ ../VoicePlayer.cpp:316:5
	mov	r0, r4
	movs	r1, #7
	str	r7, [sp]
	bl	PDMA_SetTransferMode
.Ltmp984:
	.loc	1 0 5 is_stmt 0                 @ ../VoicePlayer.cpp:0:5
	movw	r0, #1060
	movs	r1, #128
	movt	r0, #16416
	.loc	1 317 5 is_stmt 1               @ ../VoicePlayer.cpp:317:5
	str	r1, [r0]
	ldr	r0, [r0]
.Ltmp985:
	.loc	1 441 24                        @ ../VoicePlayer.cpp:441:24
	b	.LBB6_59
.Ltmp986:
.LBB6_19:
	.loc	1 0 24 is_stmt 0                @ ../VoicePlayer.cpp:0:24
	movw	r10, #61288
	movw	r4, :lower16:_ZL5s_fil
	mov.w	r11, #1
	movt	r10, #57344
	@DEBUG_VALUE: i <- 0
	movt	r4, :upper16:_ZL5s_fil
	add	r5, sp, #60
	movs	r2, #1
	movs	r6, #0
	b	.LBB6_21
	.p2align	2
.LBB6_20:                               @   in Loop: Header=BB6_21 Depth=1
.Ltmp987:
	.loc	1 446 5 is_stmt 1               @ ../VoicePlayer.cpp:446:5
	lsls	r0, r2, #31
	mov.w	r6, #1
.Ltmp988:
	@DEBUG_VALUE: i <- [DW_OP_plus_uconst 1, DW_OP_stack_value] $r6
	.loc	1 0 5 is_stmt 0                 @ ../VoicePlayer.cpp:0:5
	mov.w	r2, #0
	.loc	1 446 5                         @ ../VoicePlayer.cpp:446:5
	beq.w	.LBB6_53
.Ltmp989:
.LBB6_21:                               @ =>This Loop Header: Depth=1
                                        @     Child Loop BB6_25 Depth 2
                                        @       Child Loop BB6_35 Depth 3
                                        @         Child Loop BB6_41 Depth 4
                                        @       Child Loop BB6_28 Depth 3
                                        @     Child Loop BB6_51 Depth 2
	@DEBUG_VALUE: i <- $r6
	.loc	1 447 13 is_stmt 1              @ ../VoicePlayer.cpp:447:13
	ldrb.w	r0, [r12, r6]
.Ltmp990:
	.loc	1 447 13 is_stmt 0              @ ../VoicePlayer.cpp:447:13
	cmp	r0, #0
	bne	.LBB6_20
.Ltmp991:
@ %bb.22:                               @   in Loop: Header=BB6_21 Depth=1
	@DEBUG_VALUE: i <- $r6
	.loc	1 83 43 is_stmt 1               @ ../VoicePlayer.cpp:83:43
	ldrb	r0, [r7]
	.loc	1 83 55 is_stmt 0               @ ../VoicePlayer.cpp:83:55
	ldrb.w	r1, [r9]
.Ltmp992:
	.loc	1 448 23 is_stmt 1              @ ../VoicePlayer.cpp:448:23
	cmp	r0, r1
	bne	.LBB6_24
.Ltmp993:
@ %bb.23:                               @   in Loop: Header=BB6_21 Depth=1
	@DEBUG_VALUE: i <- $r6
	.loc	1 448 27 is_stmt 0              @ ../VoicePlayer.cpp:448:27
	ldrb	r0, [r3]
.Ltmp994:
	.loc	1 448 13                        @ ../VoicePlayer.cpp:448:13
	cmp	r0, #1
	bne.w	.LBB6_53
.Ltmp995:
.LBB6_24:                               @   in Loop: Header=BB6_21 Depth=1
	@DEBUG_VALUE: i <- $r6
	.loc	1 450 34 is_stmt 1              @ ../VoicePlayer.cpp:450:34
	movw	r0, :lower16:_ZL5s_pcm
	movs	r1, #0
	@DEBUG_VALUE: fill_buffer:written <- 0
	@DEBUG_VALUE: got <- undef
	movt	r0, :upper16:_ZL5s_pcm
	add.w	r8, r0, r6, lsl #13
	@DEBUG_VALUE: fill_buffer:dst <- $r8
	str	r2, [sp, #40]                   @ 4-byte Spill
	str	r6, [sp, #32]                   @ 4-byte Spill
.Ltmp996:
	@DEBUG_VALUE: i <- [DW_OP_plus_uconst 32] [$sp+0]
.LBB6_25:                               @   Parent Loop BB6_21 Depth=1
                                        @ =>  This Loop Header: Depth=2
                                        @       Child Loop BB6_35 Depth 3
                                        @         Child Loop BB6_41 Depth 4
                                        @       Child Loop BB6_28 Depth 3
	@DEBUG_VALUE: i <- [DW_OP_plus_uconst 32] [$sp+0]
	@DEBUG_VALUE: fill_buffer:dst <- $r8
	@DEBUG_VALUE: fill_buffer:written <- $r1
	.loc	1 267 14                        @ ../VoicePlayer.cpp:267:14
	ldrb	r0, [r3]
.Ltmp997:
	.loc	1 267 13 is_stmt 0              @ ../VoicePlayer.cpp:267:13
	str	r1, [sp, #44]                   @ 4-byte Spill
	cmp	r0, #0
	beq	.LBB6_32
.Ltmp998:
.LBB6_26:                               @   in Loop: Header=BB6_25 Depth=2
	@DEBUG_VALUE: i <- [DW_OP_plus_uconst 32] [$sp+0]
	@DEBUG_VALUE: fill_buffer:dst <- $r8
	.loc	1 270 52 is_stmt 1              @ ../VoicePlayer.cpp:270:52
	mov.w	r0, #4096
	.loc	1 272 9                         @ ../VoicePlayer.cpp:272:9
	mov	r3, r5
	.loc	1 270 52                        @ ../VoicePlayer.cpp:270:52
	sub.w	r2, r0, r1, lsl #1
.Ltmp999:
	@DEBUG_VALUE: need_bytes <- $r2
	.loc	1 271 14                        @ ../VoicePlayer.cpp:271:14
	movs	r0, #0
	.loc	1 272 9                         @ ../VoicePlayer.cpp:272:9
	movw	r1, :lower16:_ZZL11fill_bufferPiE4mono
	.loc	1 271 14                        @ ../VoicePlayer.cpp:271:14
	str	r0, [sp, #60]
.Ltmp1000:
	@DEBUG_VALUE: got <- [DW_OP_plus_uconst 60, DW_OP_deref] $sp
	.loc	1 272 9                         @ ../VoicePlayer.cpp:272:9
	mov	r0, r4
	movt	r1, :upper16:_ZZL11fill_bufferPiE4mono
.Ltmp1001:
	@DEBUG_VALUE: need_bytes <- $r3
	str	r2, [sp, #36]                   @ 4-byte Spill
.Ltmp1002:
	@DEBUG_VALUE: need_bytes <- [DW_OP_plus_uconst 36] [$sp+0]
	bl	f_read
.Ltmp1003:
	.loc	1 273 32                        @ ../VoicePlayer.cpp:273:32
	ldr	r0, [sp, #60]
	.loc	1 273 36 is_stmt 0              @ ../VoicePlayer.cpp:273:36
	lsrs	r5, r0, #1
.Ltmp1004:
	@DEBUG_VALUE: i <- 0
	@DEBUG_VALUE: got_samples <- $r5
	.loc	1 275 9 is_stmt 1               @ ../VoicePlayer.cpp:275:9
	beq	.LBB6_29
.Ltmp1005:
@ %bb.27:                               @   in Loop: Header=BB6_25 Depth=2
	@DEBUG_VALUE: got_samples <- $r5
	@DEBUG_VALUE: i <- 0
	@DEBUG_VALUE: need_bytes <- [DW_OP_plus_uconst 36] [$sp+0]
	@DEBUG_VALUE: got <- [DW_OP_plus_uconst 60, DW_OP_deref] $sp
	@DEBUG_VALUE: i <- [DW_OP_plus_uconst 32] [$sp+0]
	@DEBUG_VALUE: fill_buffer:dst <- $r8
	.loc	1 0 9 is_stmt 0                 @ ../VoicePlayer.cpp:0:9
	ldr	r1, [sp, #44]                   @ 4-byte Reload
	add.w	r1, r8, r1, lsl #2
	movw	r2, :lower16:_ZZL11fill_bufferPiE4mono
	movt	r2, :upper16:_ZZL11fill_bufferPiE4mono
	.loc	1 275 9                         @ ../VoicePlayer.cpp:275:9
	dlstp.32	lr, r5
.Ltmp1006:
	.loc	1 0 9                           @ :0:9
.Ltmp1007:
	.p2align	2
.LBB6_28:                               @   Parent Loop BB6_21 Depth=1
                                        @     Parent Loop BB6_25 Depth=2
                                        @ =>    This Inner Loop Header: Depth=3
	@DEBUG_VALUE: got_samples <- $r5
	@DEBUG_VALUE: i <- 0
	@DEBUG_VALUE: need_bytes <- [DW_OP_plus_uconst 36] [$sp+0]
	@DEBUG_VALUE: got <- [DW_OP_plus_uconst 60, DW_OP_deref] $sp
	@DEBUG_VALUE: i <- [DW_OP_plus_uconst 32] [$sp+0]
	@DEBUG_VALUE: fill_buffer:dst <- $r8
	.loc	1 276 25 is_stmt 1              @ ../VoicePlayer.cpp:276:25
	vldrh.u32	q0, [r2], #8
	.loc	1 277 71                        @ ../VoicePlayer.cpp:277:71
	vshl.i32	q1, q0, #16
	.loc	1 277 46 is_stmt 0              @ ../VoicePlayer.cpp:277:46
	vorr	q0, q1, q0
	.loc	1 277 30                        @ ../VoicePlayer.cpp:277:30
	vstrw.32	q0, [r1], #16
.Ltmp1008:
	.loc	1 275 47 is_stmt 1              @ ../VoicePlayer.cpp:275:47
	letp	lr, .LBB6_28
.Ltmp1009:
.LBB6_29:                               @   in Loop: Header=BB6_25 Depth=2
	@DEBUG_VALUE: got_samples <- $r5
	@DEBUG_VALUE: need_bytes <- [DW_OP_plus_uconst 36] [$sp+0]
	@DEBUG_VALUE: got <- [DW_OP_plus_uconst 60, DW_OP_deref] $sp
	@DEBUG_VALUE: i <- [DW_OP_plus_uconst 32] [$sp+0]
	@DEBUG_VALUE: fill_buffer:dst <- $r8
	@DEBUG_VALUE: fill_buffer:written <- undef
	.loc	1 281 13                        @ ../VoicePlayer.cpp:281:13
	ldr	r1, [sp, #36]                   @ 4-byte Reload
	cmp	r0, r1
	bhs	.LBB6_31
.Ltmp1010:
@ %bb.30:                               @   in Loop: Header=BB6_25 Depth=2
	@DEBUG_VALUE: got_samples <- $r5
	@DEBUG_VALUE: need_bytes <- [DW_OP_plus_uconst 36] [$sp+0]
	@DEBUG_VALUE: got <- [DW_OP_plus_uconst 60, DW_OP_deref] $sp
	@DEBUG_VALUE: i <- [DW_OP_plus_uconst 32] [$sp+0]
	@DEBUG_VALUE: fill_buffer:dst <- $r8
	.loc	1 282 13                        @ ../VoicePlayer.cpp:282:13
	mov	r0, r4
	bl	f_close
.Ltmp1011:
	.loc	1 283 25                        @ ../VoicePlayer.cpp:283:25
	movw	r0, :lower16:_ZL11s_file_open
	movs	r1, #0
	movt	r0, :upper16:_ZL11s_file_open
	strb	r1, [r0]
.Ltmp1012:
.LBB6_31:                               @   in Loop: Header=BB6_25 Depth=2
	@DEBUG_VALUE: i <- [DW_OP_plus_uconst 32] [$sp+0]
	@DEBUG_VALUE: fill_buffer:dst <- $r8
	.loc	1 0 25 is_stmt 0                @ ../VoicePlayer.cpp:0:25
	ldr	r1, [sp, #44]                   @ 4-byte Reload
	movw	r12, :lower16:_ZL10s_buf_full
	movw	r3, :lower16:_ZL11s_file_open
	ldr	r2, [sp, #40]                   @ 4-byte Reload
	add	r1, r5
.Ltmp1013:
	@DEBUG_VALUE: fill_buffer:written <- $r1
	add	r5, sp, #60
	.loc	1 266 5 is_stmt 1               @ ../VoicePlayer.cpp:266:5
	cmp.w	r1, #2048
	movt	r12, :upper16:_ZL10s_buf_full
	movt	r3, :upper16:_ZL11s_file_open
	blo	.LBB6_25
	b	.LBB6_50
.Ltmp1014:
	.loc	1 0 5 is_stmt 0                 @ :0:5
.Ltmp1015:
	.p2align	2
.LBB6_32:                               @   in Loop: Header=BB6_25 Depth=2
	@DEBUG_VALUE: fill_buffer:written <- $r1
	@DEBUG_VALUE: i <- [DW_OP_plus_uconst 32] [$sp+0]
	@DEBUG_VALUE: fill_buffer:dst <- $r8
	.loc	1 83 43 is_stmt 1               @ ../VoicePlayer.cpp:83:43
	ldrb	r6, [r7]
	.loc	1 83 55 is_stmt 0               @ ../VoicePlayer.cpp:83:55
	ldrb.w	r0, [r9]
.Ltmp1016:
	.loc	1 237 5 is_stmt 1               @ ../VoicePlayer.cpp:237:5
	cmp	r6, r0
	bne	.LBB6_35
	b	.LBB6_49
.Ltmp1017:
	.loc	1 0 5 is_stmt 0                 @ :0:5
.Ltmp1018:
	.p2align	2
.LBB6_33:                               @   in Loop: Header=BB6_35 Depth=3
	@DEBUG_VALUE: i <- [DW_OP_plus_uconst 32] [$sp+0]
	@DEBUG_VALUE: fill_buffer:dst <- $r8
	.loc	1 249 13 is_stmt 1              @ ../VoicePlayer.cpp:249:13
	adr	r0, .LCPI6_0
	mov	r1, r5
	bl	__2printf
.Ltmp1019:
.LBB6_34:                               @   in Loop: Header=BB6_35 Depth=3
	@DEBUG_VALUE: i <- [DW_OP_plus_uconst 32] [$sp+0]
	@DEBUG_VALUE: fill_buffer:dst <- $r8
	.loc	1 83 43                         @ ../VoicePlayer.cpp:83:43
	ldrb	r6, [r7]
	.loc	1 83 55 is_stmt 0               @ ../VoicePlayer.cpp:83:55
	ldrb.w	r0, [r9]
.Ltmp1020:
	.loc	1 237 5 is_stmt 1               @ ../VoicePlayer.cpp:237:5
	cmp	r6, r0
	beq.w	.LBB6_48
.Ltmp1021:
.LBB6_35:                               @   Parent Loop BB6_21 Depth=1
                                        @     Parent Loop BB6_25 Depth=2
                                        @ =>    This Loop Header: Depth=3
                                        @         Child Loop BB6_41 Depth 4
	@DEBUG_VALUE: i <- [DW_OP_plus_uconst 32] [$sp+0]
	@DEBUG_VALUE: fill_buffer:dst <- $r8
	@DEBUG_VALUE: q_peek:out <- [DW_OP_plus_uconst 60, DW_OP_stack_value] $sp
	.loc	1 199 23                        @ ../VoicePlayer.cpp:199:23
	add.w	r0, r6, r6, lsl #2
	movw	r1, :lower16:_ZL7s_queue
	.loc	1 199 5 is_stmt 0               @ ../VoicePlayer.cpp:199:5
	movs	r2, #40
	.loc	1 199 23                        @ ../VoicePlayer.cpp:199:23
	movt	r1, :upper16:_ZL7s_queue
	add.w	r1, r1, r0, lsl #3
	.loc	1 199 5                         @ ../VoicePlayer.cpp:199:5
	mov	r0, r5
	bl	strncpy
.Ltmp1022:
	.loc	1 205 42 is_stmt 1              @ ../VoicePlayer.cpp:205:42
	uxtab	r0, r11, r6
	.loc	1 205 47 is_stmt 0              @ ../VoicePlayer.cpp:205:47
	movw	r1, #5462
.Ltmp1023:
	.loc	1 241 13 is_stmt 1              @ ../VoicePlayer.cpp:241:13
	movs	r2, #1
.Ltmp1024:
	.loc	1 205 47                        @ ../VoicePlayer.cpp:205:47
	muls	r1, r0, r1
	lsrs	r1, r1, #16
	add.w	r1, r1, r1, lsl #1
	sub.w	r0, r0, r1, lsl #2
.Ltmp1025:
	.loc	1 241 13                        @ ../VoicePlayer.cpp:241:13
	mov	r1, r5
.Ltmp1026:
	.loc	1 205 30                        @ ../VoicePlayer.cpp:205:30
	strb	r0, [r7]
.Ltmp1027:
	.loc	1 241 13                        @ ../VoicePlayer.cpp:241:13
	mov	r0, r4
	bl	f_open
.Ltmp1028:
	.loc	1 241 13 is_stmt 0              @ ../VoicePlayer.cpp:241:13
	cmp	r0, #0
	bne	.LBB6_33
.Ltmp1029:
@ %bb.36:                               @   in Loop: Header=BB6_35 Depth=3
	@DEBUG_VALUE: i <- [DW_OP_plus_uconst 32] [$sp+0]
	@DEBUG_VALUE: fill_buffer:dst <- $r8
	@DEBUG_VALUE: h <- [DW_OP_plus_uconst 100, DW_OP_deref] $sp
	@DEBUG_VALUE: wav_seek_to_data:fp <- $r4
	.loc	1 0 13                          @ ../VoicePlayer.cpp:0:13
	add	r5, sp, #108
	add	r6, sp, #120
.Ltmp1030:
	.loc	1 217 9 is_stmt 1               @ ../VoicePlayer.cpp:217:9
	mov	r0, r4
	mov	r1, r5
	movs	r2, #12
	mov	r3, r6
	bl	f_read
.Ltmp1031:
	.loc	1 0 9 is_stmt 0                 @ ../VoicePlayer.cpp:0:9
	vldrb.u32	q0, [r5]
	add	r2, sp, #52
	ldr	r1, [sp, #120]
	vstrb.32	q0, [r2]
	ldr	r2, [sp, #52]
	vldrb.u32	q0, [r5, #8]
	mov	r5, r6
	.loc	1 217 44                        @ ../VoicePlayer.cpp:217:44
	cmp	r0, #0
	add	r0, sp, #56
	add	r6, sp, #100
	vstrb.32	q0, [r0]
	it	eq
	cmpeq	r1, #12
	beq	.LBB6_38
.Ltmp1032:
.LBB6_37:                               @   in Loop: Header=BB6_35 Depth=3
	@DEBUG_VALUE: i <- [DW_OP_plus_uconst 32] [$sp+0]
	@DEBUG_VALUE: fill_buffer:dst <- $r8
	.loc	1 0 44                          @ ../VoicePlayer.cpp:0:44
	add	r5, sp, #60
	.loc	1 246 13 is_stmt 1              @ ../VoicePlayer.cpp:246:13
	adr	r0, .LCPI6_1
	mov	r1, r5
	bl	__2printf
.Ltmp1033:
	.loc	1 247 13                        @ ../VoicePlayer.cpp:247:13
	mov	r0, r4
	bl	f_close
.Ltmp1034:
	.loc	1 0 13 is_stmt 0                @ ../VoicePlayer.cpp:0:13
	movw	r9, :lower16:_ZL8s_q_tail
	mov.w	r11, #1
	movt	r9, :upper16:_ZL8s_q_tail
	.loc	1 248 9 is_stmt 1               @ ../VoicePlayer.cpp:248:9
	b	.LBB6_34
.Ltmp1035:
.LBB6_38:                               @   in Loop: Header=BB6_35 Depth=3
	@DEBUG_VALUE: wav_seek_to_data:fp <- $r4
	@DEBUG_VALUE: i <- [DW_OP_plus_uconst 32] [$sp+0]
	@DEBUG_VALUE: fill_buffer:dst <- $r8
	.loc	1 217 44                        @ ../VoicePlayer.cpp:217:44
	movw	r0, #18770
	movt	r0, #17990
	cmp	r2, r0
	bne	.LBB6_37
.Ltmp1036:
@ %bb.39:                               @   in Loop: Header=BB6_35 Depth=3
	@DEBUG_VALUE: wav_seek_to_data:fp <- $r4
	@DEBUG_VALUE: i <- [DW_OP_plus_uconst 32] [$sp+0]
	@DEBUG_VALUE: fill_buffer:dst <- $r8
	.loc	1 0 44 is_stmt 0                @ ../VoicePlayer.cpp:0:44
	ldr	r0, [sp, #56]
	.loc	1 217 44                        @ ../VoicePlayer.cpp:217:44
	movw	r1, #16727
	movt	r1, #17750
	cmp	r0, r1
	bne	.LBB6_37
.Ltmp1037:
@ %bb.40:                               @   in Loop: Header=BB6_35 Depth=3
	@DEBUG_VALUE: wav_seek_to_data:fp <- $r4
	@DEBUG_VALUE: i <- [DW_OP_plus_uconst 32] [$sp+0]
	@DEBUG_VALUE: fill_buffer:dst <- $r8
	.loc	1 0 44                          @ ../VoicePlayer.cpp:0:44
	mov.w	r9, #0
	mov.w	r11, #1
.Ltmp1038:
	.p2align	2
.LBB6_41:                               @   Parent Loop BB6_21 Depth=1
                                        @     Parent Loop BB6_25 Depth=2
                                        @       Parent Loop BB6_35 Depth=3
                                        @ =>      This Inner Loop Header: Depth=4
	@DEBUG_VALUE: wav_seek_to_data:fp <- $r4
	@DEBUG_VALUE: i <- [DW_OP_plus_uconst 32] [$sp+0]
	@DEBUG_VALUE: fill_buffer:dst <- $r8
	@DEBUG_VALUE: guard <- $r9
	.loc	1 223 13 is_stmt 1              @ ../VoicePlayer.cpp:223:13
	mov	r0, r4
	mov	r1, r6
	movs	r2, #8
	mov	r3, r5
	bl	f_read
.Ltmp1039:
	.loc	1 223 44 is_stmt 0              @ ../VoicePlayer.cpp:223:44
	cmp	r0, #0
	bne	.LBB6_37
.Ltmp1040:
@ %bb.42:                               @   in Loop: Header=BB6_41 Depth=4
	@DEBUG_VALUE: guard <- $r9
	@DEBUG_VALUE: wav_seek_to_data:fp <- $r4
	@DEBUG_VALUE: i <- [DW_OP_plus_uconst 32] [$sp+0]
	@DEBUG_VALUE: fill_buffer:dst <- $r8
	.loc	1 0 44                          @ ../VoicePlayer.cpp:0:44
	ldr	r0, [sp, #120]
	.loc	1 223 44                        @ ../VoicePlayer.cpp:223:44
	cmp	r0, #8
	bne	.LBB6_37
.Ltmp1041:
@ %bb.43:                               @   in Loop: Header=BB6_41 Depth=4
	@DEBUG_VALUE: guard <- $r9
	@DEBUG_VALUE: wav_seek_to_data:fp <- $r4
	@DEBUG_VALUE: i <- [DW_OP_plus_uconst 32] [$sp+0]
	@DEBUG_VALUE: fill_buffer:dst <- $r8
	@DEBUG_VALUE: sz <- undef
	.loc	1 226 13 is_stmt 1              @ ../VoicePlayer.cpp:226:13
	vldrb.u32	q0, [r6]
	.loc	1 226 18 is_stmt 0              @ ../VoicePlayer.cpp:226:18
	add	r0, sp, #48
	.loc	1 226 25                        @ ../VoicePlayer.cpp:226:25
	movw	r1, #24932
	.loc	1 226 18                        @ ../VoicePlayer.cpp:226:18
	vstrb.32	q0, [r0]
	ldr	r0, [sp, #48]
	.loc	1 226 25                        @ ../VoicePlayer.cpp:226:25
	movt	r1, #24948
	cmp	r0, r1
	beq	.LBB6_46
.Ltmp1042:
@ %bb.44:                               @   in Loop: Header=BB6_41 Depth=4
	@DEBUG_VALUE: guard <- $r9
	@DEBUG_VALUE: wav_seek_to_data:fp <- $r4
	@DEBUG_VALUE: i <- [DW_OP_plus_uconst 32] [$sp+0]
	@DEBUG_VALUE: fill_buffer:dst <- $r8
	.loc	1 224 51 is_stmt 1              @ ../VoicePlayer.cpp:224:51
	ldr	r0, [sp, #104]
.Ltmp1043:
	@DEBUG_VALUE: sz <- $r0
	.loc	1 228 25                        @ ../VoicePlayer.cpp:228:25
	ldr	r1, [r4, #20]
	.loc	1 228 43 is_stmt 0              @ ../VoicePlayer.cpp:228:43
	adds	r0, #1
.Ltmp1044:
	.loc	1 228 48                        @ ../VoicePlayer.cpp:228:48
	bic	r0, r0, #1
	.loc	1 228 36                        @ ../VoicePlayer.cpp:228:36
	add	r1, r0
	.loc	1 228 13                        @ ../VoicePlayer.cpp:228:13
	mov	r0, r4
	bl	f_lseek
.Ltmp1045:
	.loc	1 0 0                           @ ../VoicePlayer.cpp:0:0
	cmp	r0, #0
	bne	.LBB6_37
.Ltmp1046:
@ %bb.45:                               @   in Loop: Header=BB6_41 Depth=4
	@DEBUG_VALUE: guard <- $r9
	@DEBUG_VALUE: wav_seek_to_data:fp <- $r4
	@DEBUG_VALUE: i <- [DW_OP_plus_uconst 32] [$sp+0]
	@DEBUG_VALUE: fill_buffer:dst <- $r8
	.loc	1 221 31 is_stmt 1              @ ../VoicePlayer.cpp:221:31
	cmp.w	r9, #15
	.loc	1 221 37 is_stmt 0              @ ../VoicePlayer.cpp:221:37
	add.w	r9, r9, #1
.Ltmp1047:
	@DEBUG_VALUE: guard <- $r9
	.loc	1 221 31                        @ ../VoicePlayer.cpp:221:31
	cset	r11, lo
.Ltmp1048:
	.loc	1 221 5                         @ ../VoicePlayer.cpp:221:5
	cmp.w	r9, #16
	bne	.LBB6_41
	b	.LBB6_37
.Ltmp1049:
.LBB6_46:                               @   in Loop: Header=BB6_35 Depth=3
	@DEBUG_VALUE: i <- [DW_OP_plus_uconst 32] [$sp+0]
	@DEBUG_VALUE: fill_buffer:dst <- $r8
	.loc	1 242 17 is_stmt 1              @ ../VoicePlayer.cpp:242:17
	lsls.w	r0, r11, #31
	beq	.LBB6_37
.Ltmp1050:
@ %bb.47:                               @   in Loop: Header=BB6_25 Depth=2
	@DEBUG_VALUE: i <- [DW_OP_plus_uconst 32] [$sp+0]
	@DEBUG_VALUE: fill_buffer:dst <- $r8
	.loc	1 243 29                        @ ../VoicePlayer.cpp:243:29
	movw	r0, :lower16:_ZL11s_file_open
	movw	r9, :lower16:_ZL8s_q_tail
	ldr	r1, [sp, #44]                   @ 4-byte Reload
	mov.w	r11, #1
	movt	r0, :upper16:_ZL11s_file_open
	add	r5, sp, #60
	movt	r9, :upper16:_ZL8s_q_tail
	strb.w	r11, [r0]
	b	.LBB6_26
.Ltmp1051:
	.loc	1 0 29 is_stmt 0                @ :0:29
.Ltmp1052:
	.p2align	2
.LBB6_48:                               @   in Loop: Header=BB6_21 Depth=1
	@DEBUG_VALUE: i <- [DW_OP_plus_uconst 32] [$sp+0]
	@DEBUG_VALUE: fill_buffer:dst <- $r8
	@DEBUG_VALUE: i <- [DW_OP_plus_uconst 44] [$sp+0]
	ldr	r1, [sp, #44]                   @ 4-byte Reload
.Ltmp1053:
	@DEBUG_VALUE: i <- $r1
	.loc	1 289 5 is_stmt 1               @ ../VoicePlayer.cpp:289:5
	movs	r0, #0
	movw	r12, :lower16:_ZL10s_buf_full
	movw	r3, :lower16:_ZL11s_file_open
	cmp.w	r0, r1, lsr #11
	ldr	r2, [sp, #40]                   @ 4-byte Reload
	movt	r12, :upper16:_ZL10s_buf_full
	movt	r3, :upper16:_ZL11s_file_open
	bne	.LBB6_50
.Ltmp1054:
.LBB6_49:                               @   in Loop: Header=BB6_21 Depth=1
	@DEBUG_VALUE: i <- [DW_OP_plus_uconst 32] [$sp+0]
	@DEBUG_VALUE: fill_buffer:dst <- $r8
	add.w	r0, r8, r1, lsl #2
	mov	r6, r1
	mov.w	r1, #8192
	sub.w	r1, r1, r6, lsl #2
.Ltmp1055:
	.loc	1 289 62 is_stmt 0              @ ../VoicePlayer.cpp:289:62
	bl	__aeabi_memclr4
.Ltmp1056:
	.loc	1 0 62                          @ ../VoicePlayer.cpp:0:62
	ldr	r2, [sp, #40]                   @ 4-byte Reload
	movw	r3, :lower16:_ZL11s_file_open
	movw	r12, :lower16:_ZL10s_buf_full
	movt	r3, :upper16:_ZL11s_file_open
	movt	r12, :upper16:_ZL10s_buf_full
.Ltmp1057:
	@DEBUG_VALUE: w <- $r6
	@DEBUG_VALUE: i <- undef
	.loc	1 451 13 is_stmt 1              @ ../VoicePlayer.cpp:451:13
	cmp	r6, #0
	beq.w	.LBB6_53
.Ltmp1058:
.LBB6_50:                               @   in Loop: Header=BB6_21 Depth=1
	@DEBUG_VALUE: i <- [DW_OP_plus_uconst 32] [$sp+0]
	@DEBUG_VALUE: SCB_CleanDCache_by_Addr:addr <- $r8
	@DEBUG_VALUE: SCB_CleanDCache_by_Addr:dsize <- 8192
	@DEBUG_VALUE: op_size <- 8192
	@DEBUG_VALUE: op_addr <- undef
	.file	12 "C:\\Users\\antia\\TING\\114\\chip\\ML_M55M1_SampleCode\\M55M1BSP-3.01.003\\SampleCode\\NuEdgeWise\\ObjectTracker_YOLOv8n_o\\KEIL" "../../../../Library/CMSIS/Core/Include\\m-profile/armv7m_cachel1.h"
	.loc	12 393 7                        @ ../../../../Library/CMSIS/Core/Include\m-profile/armv7m_cachel1.h:393:7
	dsb	sy
	.loc	12 395 7                        @ ../../../../Library/CMSIS/Core/Include\m-profile/armv7m_cachel1.h:395:7
	movs	r0, #8
	dls	lr, r0
.Ltmp1059:
	.loc	12 0 7 is_stmt 0                @ :0:7
.Ltmp1060:
	.p2align	2
.LBB6_51:                               @   Parent Loop BB6_21 Depth=1
                                        @ =>  This Inner Loop Header: Depth=2
	@DEBUG_VALUE: SCB_CleanDCache_by_Addr:dsize <- 8192
	@DEBUG_VALUE: i <- [DW_OP_plus_uconst 32] [$sp+0]
	@DEBUG_VALUE: op_size <- undef
	@DEBUG_VALUE: op_addr <- $r8
	.loc	12 396 22 is_stmt 1             @ ../../../../Library/CMSIS/Core/Include\m-profile/armv7m_cachel1.h:396:22
	add.w	r0, r8, #32
	str.w	r8, [r10]
.Ltmp1061:
	@DEBUG_VALUE: op_addr <- [DW_OP_plus_uconst 32, DW_OP_stack_value] $r8
	str.w	r0, [r10]
.Ltmp1062:
	@DEBUG_VALUE: op_addr <- [DW_OP_plus_uconst 64, DW_OP_stack_value] $r8
	add.w	r0, r8, #64
	str.w	r0, [r10]
.Ltmp1063:
	@DEBUG_VALUE: op_addr <- [DW_OP_plus_uconst 96, DW_OP_stack_value] $r8
	add.w	r0, r8, #96
	str.w	r0, [r10]
.Ltmp1064:
	@DEBUG_VALUE: op_addr <- [DW_OP_plus_uconst 128, DW_OP_stack_value] $r8
	add.w	r0, r8, #128
	str.w	r0, [r10]
.Ltmp1065:
	@DEBUG_VALUE: op_addr <- [DW_OP_plus_uconst 160, DW_OP_stack_value] $r8
	add.w	r0, r8, #160
	str.w	r0, [r10]
.Ltmp1066:
	@DEBUG_VALUE: op_addr <- [DW_OP_plus_uconst 192, DW_OP_stack_value] $r8
	add.w	r0, r8, #192
	str.w	r0, [r10]
.Ltmp1067:
	@DEBUG_VALUE: op_addr <- [DW_OP_plus_uconst 224, DW_OP_stack_value] $r8
	add.w	r0, r8, #224
	str.w	r0, [r10]
.Ltmp1068:
	@DEBUG_VALUE: op_addr <- [DW_OP_plus_uconst 256, DW_OP_stack_value] $r8
	add.w	r0, r8, #256
	str.w	r0, [r10]
.Ltmp1069:
	@DEBUG_VALUE: op_addr <- [DW_OP_plus_uconst 288, DW_OP_stack_value] $r8
	add.w	r0, r8, #288
	str.w	r0, [r10]
.Ltmp1070:
	@DEBUG_VALUE: op_addr <- [DW_OP_plus_uconst 320, DW_OP_stack_value] $r8
	add.w	r0, r8, #320
	str.w	r0, [r10]
.Ltmp1071:
	@DEBUG_VALUE: op_addr <- [DW_OP_plus_uconst 352, DW_OP_stack_value] $r8
	add.w	r0, r8, #352
	str.w	r0, [r10]
.Ltmp1072:
	@DEBUG_VALUE: op_addr <- [DW_OP_plus_uconst 384, DW_OP_stack_value] $r8
	add.w	r0, r8, #384
	str.w	r0, [r10]
.Ltmp1073:
	@DEBUG_VALUE: op_addr <- [DW_OP_plus_uconst 416, DW_OP_stack_value] $r8
	add.w	r0, r8, #416
	str.w	r0, [r10]
.Ltmp1074:
	@DEBUG_VALUE: op_addr <- [DW_OP_plus_uconst 448, DW_OP_stack_value] $r8
	add.w	r0, r8, #448
	str.w	r0, [r10]
.Ltmp1075:
	@DEBUG_VALUE: op_addr <- [DW_OP_plus_uconst 480, DW_OP_stack_value] $r8
	add.w	r0, r8, #480
	str.w	r0, [r10]
.Ltmp1076:
	@DEBUG_VALUE: op_addr <- [DW_OP_plus_uconst 512, DW_OP_stack_value] $r8
	add.w	r0, r8, #512
	str.w	r0, [r10]
.Ltmp1077:
	@DEBUG_VALUE: op_addr <- [DW_OP_plus_uconst 544, DW_OP_stack_value] $r8
	add.w	r0, r8, #544
	str.w	r0, [r10]
.Ltmp1078:
	@DEBUG_VALUE: op_addr <- [DW_OP_plus_uconst 576, DW_OP_stack_value] $r8
	add.w	r0, r8, #576
	str.w	r0, [r10]
.Ltmp1079:
	@DEBUG_VALUE: op_addr <- [DW_OP_plus_uconst 608, DW_OP_stack_value] $r8
	add.w	r0, r8, #608
	str.w	r0, [r10]
.Ltmp1080:
	@DEBUG_VALUE: op_addr <- [DW_OP_plus_uconst 640, DW_OP_stack_value] $r8
	add.w	r0, r8, #640
	str.w	r0, [r10]
.Ltmp1081:
	@DEBUG_VALUE: op_addr <- [DW_OP_plus_uconst 672, DW_OP_stack_value] $r8
	add.w	r0, r8, #672
	str.w	r0, [r10]
.Ltmp1082:
	@DEBUG_VALUE: op_addr <- [DW_OP_plus_uconst 704, DW_OP_stack_value] $r8
	add.w	r0, r8, #704
	str.w	r0, [r10]
.Ltmp1083:
	@DEBUG_VALUE: op_addr <- [DW_OP_plus_uconst 736, DW_OP_stack_value] $r8
	add.w	r0, r8, #736
	str.w	r0, [r10]
.Ltmp1084:
	@DEBUG_VALUE: op_addr <- [DW_OP_plus_uconst 768, DW_OP_stack_value] $r8
	add.w	r0, r8, #768
	str.w	r0, [r10]
.Ltmp1085:
	@DEBUG_VALUE: op_addr <- [DW_OP_plus_uconst 800, DW_OP_stack_value] $r8
	add.w	r0, r8, #800
	str.w	r0, [r10]
.Ltmp1086:
	@DEBUG_VALUE: op_addr <- [DW_OP_plus_uconst 832, DW_OP_stack_value] $r8
	add.w	r0, r8, #832
	str.w	r0, [r10]
.Ltmp1087:
	@DEBUG_VALUE: op_addr <- [DW_OP_plus_uconst 864, DW_OP_stack_value] $r8
	add.w	r0, r8, #864
	str.w	r0, [r10]
.Ltmp1088:
	@DEBUG_VALUE: op_addr <- [DW_OP_plus_uconst 896, DW_OP_stack_value] $r8
	add.w	r0, r8, #896
	str.w	r0, [r10]
.Ltmp1089:
	@DEBUG_VALUE: op_addr <- [DW_OP_plus_uconst 928, DW_OP_stack_value] $r8
	add.w	r0, r8, #928
	str.w	r0, [r10]
.Ltmp1090:
	@DEBUG_VALUE: op_addr <- [DW_OP_plus_uconst 960, DW_OP_stack_value] $r8
	add.w	r0, r8, #960
	str.w	r0, [r10]
.Ltmp1091:
	@DEBUG_VALUE: op_addr <- [DW_OP_plus_uconst 992, DW_OP_stack_value] $r8
	add.w	r0, r8, #992
	.loc	12 399 7                        @ ../../../../Library/CMSIS/Core/Include\m-profile/armv7m_cachel1.h:399:7
	add.w	r8, r8, #1024
.Ltmp1092:
	.loc	12 396 22                       @ ../../../../Library/CMSIS/Core/Include\m-profile/armv7m_cachel1.h:396:22
	str.w	r0, [r10]
.Ltmp1093:
	@DEBUG_VALUE: op_addr <- [DW_OP_plus_uconst 1024, DW_OP_stack_value] $r8
	.loc	12 399 7                        @ ../../../../Library/CMSIS/Core/Include\m-profile/armv7m_cachel1.h:399:7
	le	lr, .LBB6_51
.Ltmp1094:
@ %bb.52:                               @   in Loop: Header=BB6_21 Depth=1
	@DEBUG_VALUE: op_addr <- [DW_OP_plus_uconst 1024, DW_OP_stack_value] $r8
	@DEBUG_VALUE: SCB_CleanDCache_by_Addr:dsize <- 8192
	@DEBUG_VALUE: i <- [DW_OP_plus_uconst 32] [$sp+0]
	.loc	12 401 7                        @ ../../../../Library/CMSIS/Core/Include\m-profile/armv7m_cachel1.h:401:7
	dsb	sy
	.loc	12 402 7                        @ ../../../../Library/CMSIS/Core/Include\m-profile/armv7m_cachel1.h:402:7
	isb	sy
.Ltmp1095:
	.loc	1 457 23                        @ ../VoicePlayer.cpp:457:23
	ldr	r0, [sp, #32]                   @ 4-byte Reload
.Ltmp1096:
	@DEBUG_VALUE: i <- $r0
	strb.w	r11, [r12, r0]
	b	.LBB6_20
.Ltmp1097:
.LBB6_53:
	.loc	1 0 23 is_stmt 0                @ ../VoicePlayer.cpp:0:23
	ldrb.w	r1, [r12]
	movw	r6, :lower16:_ZL9s_playing
	movt	r6, :upper16:_ZL9s_playing
	movs	r5, #0
.Ltmp1098:
	.loc	1 462 10 is_stmt 1              @ ../VoicePlayer.cpp:462:10
	ldrb	r0, [r6]
	tst.w	r1, #255
	cset	r1, ne
	.loc	1 462 20 is_stmt 0              @ ../VoicePlayer.cpp:462:20
	bics	r1, r0
	cmp	r1, #1
	movt	r5, #16416
	bne	.LBB6_56
@ %bb.54:
	.loc	1 0 20                          @ ../VoicePlayer.cpp:0:20
	ldrb.w	r2, [r12, #1]
	.loc	1 462 20                        @ ../VoicePlayer.cpp:462:20
	cbz	r2, .LBB6_56
@ %bb.55:
.Ltmp1099:
	.loc	1 295 9 is_stmt 1               @ ../VoicePlayer.cpp:295:9
	cbz	r0, .LBB6_58
	b	.LBB6_59
.Ltmp1100:
.LBB6_56:
	.loc	1 464 27                        @ ../VoicePlayer.cpp:464:27
	cbz	r1, .LBB6_59
@ %bb.57:
.Ltmp1101:
	.loc	1 83 43                         @ ../VoicePlayer.cpp:83:43
	ldrb	r1, [r7]
	.loc	1 83 55 is_stmt 0               @ ../VoicePlayer.cpp:83:55
	ldrb.w	r2, [r9]
.Ltmp1102:
	.loc	1 464 57 is_stmt 1              @ ../VoicePlayer.cpp:464:57
	cmp	r1, r2
	ittt	eq
	ldrbeq	r1, [r3]
	orreq	r0, r1
	lslseq.w	r0, r0, #31
	bne	.LBB6_59
.Ltmp1103:
.LBB6_58:
	.loc	1 299 5                         @ ../VoicePlayer.cpp:299:5
	mov	r0, r5
	movs	r1, #128
	movs	r4, #128
	bl	PDMA_Open
.Ltmp1104:
	.loc	1 300 5                         @ ../VoicePlayer.cpp:300:5
	movw	r7, :lower16:_ZL6s_desc
	mov	r0, r5
	movt	r7, :upper16:_ZL6s_desc
	movs	r1, #7
	movs	r2, #56
	movs	r3, #1
	str	r7, [sp]
	movs	r5, #1
	bl	PDMA_SetTransferMode
.Ltmp1105:
	.loc	1 0 5 is_stmt 0                 @ ../VoicePlayer.cpp:0:5
	movw	r0, #1060
	movs	r1, #0
	movt	r0, #16416
	.loc	1 301 5 is_stmt 1               @ ../VoicePlayer.cpp:301:5
	str	r4, [r0]
	ldr	r0, [r0]
	.loc	1 302 19                        @ ../VoicePlayer.cpp:302:19
	movw	r0, :lower16:_ZL13s_playing_idx
	.loc	1 303 15                        @ ../VoicePlayer.cpp:303:15
	strb	r5, [r6]
	.loc	1 302 19                        @ ../VoicePlayer.cpp:302:19
	movt	r0, :upper16:_ZL13s_playing_idx
	strb	r1, [r0]
	movw	r0, #40960
	movt	r0, #16421
	.loc	1 304 5                         @ ../VoicePlayer.cpp:304:5
	ldr	r1, [r0]
	orr	r1, r1, #1048576
	str	r1, [r0]
	.loc	1 305 5                         @ ../VoicePlayer.cpp:305:5
	ldr	r1, [r0]
	orr	r1, r1, #2
	str	r1, [r0]
.Ltmp1106:
.LBB6_59:
	.loc	1 0 5 is_stmt 0                 @ ../VoicePlayer.cpp:0:5
	add	sp, #124
	pop.w	{r4, r5, r6, r7, r8, r9, r10, r11, lr}
	.loc	1 468 1 is_stmt 1               @ ../VoicePlayer.cpp:468:1
	bx	lr
.Ltmp1107:
	.loc	1 0 1 is_stmt 0                 @ :0:1
.Ltmp1108:
	.p2align	2
@ %bb.60:
.LCPI6_0:
.L.str.10:
	.asciz	"[voice] open fail: %s\n\000"
.LCPI6_1:
.L.str.9:
	.asciz	"[voice] bad wav: %s\n\000\000\000"
.Lfunc_end6:
	.size	VoicePlay_Pump, .Lfunc_end6-VoicePlay_Pump
	.cfi_endproc
	.cantunwind
	.fnend
                                        @ -- End function
	.type	_ZL13s_initialised,%object      @ @_ZL13s_initialised
	.section	.bss._ZL13s_initialised,"aw",%nobits
_ZL13s_initialised:
	.byte	0                               @ 0x0
	.size	_ZL13s_initialised, 1

	.type	_ZL8s_q_tail,%object            @ @_ZL8s_q_tail
	.section	.bss._ZL8s_q_tail,"aw",%nobits
_ZL8s_q_tail:
	.byte	0                               @ 0x0
	.size	_ZL8s_q_tail, 1

	.type	_ZL8s_q_head,%object            @ @_ZL8s_q_head
	.section	.bss._ZL8s_q_head,"aw",%nobits
_ZL8s_q_head:
	.byte	0                               @ 0x0
	.size	_ZL8s_q_head, 1

	.type	_ZL11s_file_open,%object        @ @_ZL11s_file_open
	.section	.bss._ZL11s_file_open,"aw",%nobits
_ZL11s_file_open:
	.byte	0                               @ 0x0
	.size	_ZL11s_file_open, 1

	.type	_ZL5s_fil,%object               @ @_ZL5s_fil
	.section	.bss._ZL5s_fil,"aw",%nobits
	.p2align	2, 0x0
_ZL5s_fil:
	.zero	552
	.size	_ZL5s_fil, 552

	.type	_ZL9s_playing,%object           @ @_ZL9s_playing
	.section	.bss._ZL9s_playing,"aw",%nobits
_ZL9s_playing:
	.byte	0                               @ 0x0
	.size	_ZL9s_playing, 1

	.type	.L.str.7,%object                @ @.str.7
	.section	.rodata.str1.1,"aMS",%progbits,1
.L.str.7:
	.asciz	"[voice] Speak dir=%d cls=%d sev=%d pushed=%d qcnt=%u\n"
	.size	.L.str.7, 54

	.type	_ZZ14VoicePlay_PumpE8dbg_tick,%object @ @_ZZ14VoicePlay_PumpE8dbg_tick
	.section	.bss._ZZ14VoicePlay_PumpE8dbg_tick,"aw",%nobits
_ZZ14VoicePlay_PumpE8dbg_tick:
	.byte	0                               @ 0x0
	.size	_ZZ14VoicePlay_PumpE8dbg_tick, 1

	.type	.L.str.8,%object                @ @.str.8
	.section	.rodata.str1.1,"aMS",%progbits,1
.L.str.8:
	.asciz	"[pump] play=%d buf=%d%d idx=%d CUR=%08lx CHCTL=%08lx REQ47=%08lx I2Sctl=%08lx DSCT7ctl=%08lx DSCT7next=%08lx\n"
	.size	.L.str.8, 110

	.type	_ZL10s_buf_full,%object         @ @_ZL10s_buf_full
	.section	.bss._ZL10s_buf_full,"aw",%nobits
_ZL10s_buf_full:
	.zero	2
	.size	_ZL10s_buf_full, 2

	.type	_ZL13s_playing_idx,%object      @ @_ZL13s_playing_idx
	.section	.bss._ZL13s_playing_idx,"aw",%nobits
_ZL13s_playing_idx:
	.byte	0                               @ 0x0
	.size	_ZL13s_playing_idx, 1

	.type	_ZL6s_desc,%object              @ @_ZL6s_desc
	.section	.bss.DTCM.ZeroInit,"aw",%nobits
	.p2align	5, 0x0
_ZL6s_desc:
	.zero	32
	.size	_ZL6s_desc, 32

	.type	_ZL5s_pcm,%object               @ @_ZL5s_pcm
	.section	.bss._ZL5s_pcm,"aw",%nobits
	.p2align	5, 0x0
_ZL5s_pcm:
	.zero	16384
	.size	_ZL5s_pcm, 16384

	.type	_ZL7s_queue,%object             @ @_ZL7s_queue
	.section	.bss._ZL7s_queue,"aw",%nobits
_ZL7s_queue:
	.zero	480
	.size	_ZL7s_queue, 480

	.type	_ZZL11fill_bufferPiE4mono,%object @ @_ZZL11fill_bufferPiE4mono
	.section	.bss._ZZL11fill_bufferPiE4mono,"aw",%nobits
	.p2align	1, 0x0
_ZZL11fill_bufferPiE4mono:
	.zero	4096
	.size	_ZZL11fill_bufferPiE4mono, 4096

	.hidden	_printf_percent
	.hidden	_printf_flags
	.hidden	_printf_widthprec
	.hidden	_printf_pre_padding
	.hidden	_printf_sizespec
	.hidden	_printf_s
	.hidden	_printf_x
	.hidden	_printf_d
	.hidden	_printf_u
	.hidden	_printf_int_dec
	.hidden	_printf_longlong_hex
	.hidden	_printf_str
	.file	13 "C:\\Users\\antia" "AppData\\Local\\Keil_v5\\ARM\\ARMCLANG\\bin\\..\\include\\stdio.h"
	.file	14 "C:\\Users\\antia" "AppData\\Local\\Keil_v5\\ARM\\ARMCLANG\\bin\\..\\include\\libcxx\\cstdio"
	.file	15 "C:\\Users\\antia" "AppData\\Local\\Keil_v5\\ARM\\ARMCLANG\\bin\\..\\include\\string.h"
	.file	16 "C:\\Users\\antia" "AppData\\Local\\Keil_v5\\ARM\\ARMCLANG\\bin\\..\\include\\libcxx\\cstring"
	.file	17 "C:\\Users\\antia" "AppData\\Local\\Keil_v5\\ARM\\ARMCLANG\\bin\\..\\include\\libcxx\\string.h"
	.file	18 "C:\\Users\\antia" "AppData\\Local\\Keil_v5\\ARM\\ARMCLANG\\bin\\..\\include\\stdlib.h"
	.file	19 "C:\\Users\\antia" "AppData\\Local\\Keil_v5\\ARM\\ARMCLANG\\bin\\..\\include\\libcxx\\cstdlib"
	.file	20 "C:\\Users\\antia" "AppData\\Local\\Keil_v5\\ARM\\ARMCLANG\\bin\\..\\include\\libcxx\\stdlib.h"
	.file	21 "C:\\Users\\antia" "AppData\\Local\\Keil_v5\\ARM\\ARMCLANG\\bin\\..\\include\\stddef.h"
	.section	.debug_loc,"",%progbits
.Ldebug_loc0:
	.long	-1
	.long	.Lfunc_begin0                   @   base address
	.long	.Ltmp3-.Lfunc_begin0
	.long	.Ltmp5-.Lfunc_begin0
	.short	1                               @ Loc expr size
	.byte	80                              @ DW_OP_reg0
	.long	.Ltmp5-.Lfunc_begin0
	.long	.Ltmp9-.Lfunc_begin0
	.short	3                               @ Loc expr size
	.byte	112                             @ DW_OP_breg0
	.byte	127                             @ -1
	.byte	159                             @ DW_OP_stack_value
	.long	.Ltmp9-.Lfunc_begin0
	.long	.Ltmp13-.Lfunc_begin0
	.short	3                               @ Loc expr size
	.byte	112                             @ DW_OP_breg0
	.byte	126                             @ -2
	.byte	159                             @ DW_OP_stack_value
	.long	.Ltmp13-.Lfunc_begin0
	.long	.Ltmp17-.Lfunc_begin0
	.short	3                               @ Loc expr size
	.byte	112                             @ DW_OP_breg0
	.byte	125                             @ -3
	.byte	159                             @ DW_OP_stack_value
	.long	.Ltmp17-.Lfunc_begin0
	.long	.Ltmp20-.Lfunc_begin0
	.short	1                               @ Loc expr size
	.byte	80                              @ DW_OP_reg0
	.long	0
	.long	0
.Ldebug_loc1:
	.long	-1
	.long	.Lfunc_begin0                   @   base address
	.long	.Ltmp53-.Lfunc_begin0
	.long	.Ltmp54-.Lfunc_begin0
	.short	1                               @ Loc expr size
	.byte	80                              @ DW_OP_reg0
	.long	.Ltmp57-.Lfunc_begin0
	.long	.Ltmp60-.Lfunc_begin0
	.short	3                               @ Loc expr size
	.byte	112                             @ DW_OP_breg0
	.byte	127                             @ -1
	.byte	159                             @ DW_OP_stack_value
	.long	.Ltmp60-.Lfunc_begin0
	.long	.Ltmp63-.Lfunc_begin0
	.short	3                               @ Loc expr size
	.byte	112                             @ DW_OP_breg0
	.byte	126                             @ -2
	.byte	159                             @ DW_OP_stack_value
	.long	.Ltmp63-.Lfunc_begin0
	.long	.Ltmp66-.Lfunc_begin0
	.short	3                               @ Loc expr size
	.byte	112                             @ DW_OP_breg0
	.byte	125                             @ -3
	.byte	159                             @ DW_OP_stack_value
	.long	0
	.long	0
.Ldebug_loc2:
	.long	-1
	.long	.Lfunc_begin0                   @   base address
	.long	.Ltmp86-.Lfunc_begin0
	.long	.Ltmp87-.Lfunc_begin0
	.short	1                               @ Loc expr size
	.byte	80                              @ DW_OP_reg0
	.long	.Ltmp90-.Lfunc_begin0
	.long	.Ltmp93-.Lfunc_begin0
	.short	3                               @ Loc expr size
	.byte	112                             @ DW_OP_breg0
	.byte	127                             @ -1
	.byte	159                             @ DW_OP_stack_value
	.long	.Ltmp93-.Lfunc_begin0
	.long	.Ltmp96-.Lfunc_begin0
	.short	3                               @ Loc expr size
	.byte	112                             @ DW_OP_breg0
	.byte	126                             @ -2
	.byte	159                             @ DW_OP_stack_value
	.long	.Ltmp96-.Lfunc_begin0
	.long	.Ltmp99-.Lfunc_begin0
	.short	3                               @ Loc expr size
	.byte	112                             @ DW_OP_breg0
	.byte	125                             @ -3
	.byte	159                             @ DW_OP_stack_value
	.long	0
	.long	0
.Ldebug_loc3:
	.long	-1
	.long	.Lfunc_begin0                   @   base address
	.long	.Ltmp118-.Lfunc_begin0
	.long	.Ltmp119-.Lfunc_begin0
	.short	1                               @ Loc expr size
	.byte	80                              @ DW_OP_reg0
	.long	.Ltmp122-.Lfunc_begin0
	.long	.Ltmp125-.Lfunc_begin0
	.short	3                               @ Loc expr size
	.byte	112                             @ DW_OP_breg0
	.byte	127                             @ -1
	.byte	159                             @ DW_OP_stack_value
	.long	.Ltmp125-.Lfunc_begin0
	.long	.Ltmp128-.Lfunc_begin0
	.short	3                               @ Loc expr size
	.byte	112                             @ DW_OP_breg0
	.byte	126                             @ -2
	.byte	159                             @ DW_OP_stack_value
	.long	.Ltmp128-.Lfunc_begin0
	.long	.Ltmp131-.Lfunc_begin0
	.short	3                               @ Loc expr size
	.byte	112                             @ DW_OP_breg0
	.byte	125                             @ -3
	.byte	159                             @ DW_OP_stack_value
	.long	0
	.long	0
.Ldebug_loc4:
	.long	-1
	.long	.Lfunc_begin0                   @   base address
	.long	.Ltmp150-.Lfunc_begin0
	.long	.Ltmp151-.Lfunc_begin0
	.short	1                               @ Loc expr size
	.byte	80                              @ DW_OP_reg0
	.long	.Ltmp154-.Lfunc_begin0
	.long	.Ltmp157-.Lfunc_begin0
	.short	3                               @ Loc expr size
	.byte	112                             @ DW_OP_breg0
	.byte	127                             @ -1
	.byte	159                             @ DW_OP_stack_value
	.long	.Ltmp157-.Lfunc_begin0
	.long	.Ltmp160-.Lfunc_begin0
	.short	3                               @ Loc expr size
	.byte	112                             @ DW_OP_breg0
	.byte	126                             @ -2
	.byte	159                             @ DW_OP_stack_value
	.long	.Ltmp160-.Lfunc_begin0
	.long	.Ltmp163-.Lfunc_begin0
	.short	3                               @ Loc expr size
	.byte	112                             @ DW_OP_breg0
	.byte	125                             @ -3
	.byte	159                             @ DW_OP_stack_value
	.long	0
	.long	0
.Ldebug_loc5:
	.long	-1
	.long	.Lfunc_begin0                   @   base address
	.long	.Ltmp182-.Lfunc_begin0
	.long	.Ltmp183-.Lfunc_begin0
	.short	1                               @ Loc expr size
	.byte	80                              @ DW_OP_reg0
	.long	.Ltmp186-.Lfunc_begin0
	.long	.Ltmp189-.Lfunc_begin0
	.short	3                               @ Loc expr size
	.byte	112                             @ DW_OP_breg0
	.byte	127                             @ -1
	.byte	159                             @ DW_OP_stack_value
	.long	.Ltmp189-.Lfunc_begin0
	.long	.Ltmp192-.Lfunc_begin0
	.short	3                               @ Loc expr size
	.byte	112                             @ DW_OP_breg0
	.byte	126                             @ -2
	.byte	159                             @ DW_OP_stack_value
	.long	.Ltmp192-.Lfunc_begin0
	.long	.Ltmp195-.Lfunc_begin0
	.short	3                               @ Loc expr size
	.byte	112                             @ DW_OP_breg0
	.byte	125                             @ -3
	.byte	159                             @ DW_OP_stack_value
	.long	0
	.long	0
.Ldebug_loc6:
	.long	-1
	.long	.Lfunc_begin0                   @   base address
	.long	.Ltmp214-.Lfunc_begin0
	.long	.Ltmp215-.Lfunc_begin0
	.short	1                               @ Loc expr size
	.byte	80                              @ DW_OP_reg0
	.long	.Ltmp218-.Lfunc_begin0
	.long	.Ltmp221-.Lfunc_begin0
	.short	3                               @ Loc expr size
	.byte	112                             @ DW_OP_breg0
	.byte	127                             @ -1
	.byte	159                             @ DW_OP_stack_value
	.long	.Ltmp221-.Lfunc_begin0
	.long	.Ltmp224-.Lfunc_begin0
	.short	3                               @ Loc expr size
	.byte	112                             @ DW_OP_breg0
	.byte	126                             @ -2
	.byte	159                             @ DW_OP_stack_value
	.long	.Ltmp224-.Lfunc_begin0
	.long	.Ltmp227-.Lfunc_begin0
	.short	3                               @ Loc expr size
	.byte	112                             @ DW_OP_breg0
	.byte	125                             @ -3
	.byte	159                             @ DW_OP_stack_value
	.long	0
	.long	0
.Ldebug_loc7:
	.long	-1
	.long	.Lfunc_begin0                   @   base address
	.long	.Ltmp246-.Lfunc_begin0
	.long	.Ltmp247-.Lfunc_begin0
	.short	1                               @ Loc expr size
	.byte	80                              @ DW_OP_reg0
	.long	.Ltmp250-.Lfunc_begin0
	.long	.Ltmp253-.Lfunc_begin0
	.short	3                               @ Loc expr size
	.byte	112                             @ DW_OP_breg0
	.byte	127                             @ -1
	.byte	159                             @ DW_OP_stack_value
	.long	.Ltmp253-.Lfunc_begin0
	.long	.Ltmp256-.Lfunc_begin0
	.short	3                               @ Loc expr size
	.byte	112                             @ DW_OP_breg0
	.byte	126                             @ -2
	.byte	159                             @ DW_OP_stack_value
	.long	.Ltmp256-.Lfunc_begin0
	.long	.Ltmp259-.Lfunc_begin0
	.short	3                               @ Loc expr size
	.byte	112                             @ DW_OP_breg0
	.byte	125                             @ -3
	.byte	159                             @ DW_OP_stack_value
	.long	0
	.long	0
.Ldebug_loc8:
	.long	-1
	.long	.Lfunc_begin0                   @   base address
	.long	.Ltmp278-.Lfunc_begin0
	.long	.Ltmp279-.Lfunc_begin0
	.short	1                               @ Loc expr size
	.byte	80                              @ DW_OP_reg0
	.long	.Ltmp282-.Lfunc_begin0
	.long	.Ltmp285-.Lfunc_begin0
	.short	3                               @ Loc expr size
	.byte	112                             @ DW_OP_breg0
	.byte	127                             @ -1
	.byte	159                             @ DW_OP_stack_value
	.long	.Ltmp285-.Lfunc_begin0
	.long	.Ltmp288-.Lfunc_begin0
	.short	3                               @ Loc expr size
	.byte	112                             @ DW_OP_breg0
	.byte	126                             @ -2
	.byte	159                             @ DW_OP_stack_value
	.long	.Ltmp288-.Lfunc_begin0
	.long	.Ltmp291-.Lfunc_begin0
	.short	3                               @ Loc expr size
	.byte	112                             @ DW_OP_breg0
	.byte	125                             @ -3
	.byte	159                             @ DW_OP_stack_value
	.long	0
	.long	0
.Ldebug_loc9:
	.long	-1
	.long	.Lfunc_begin0                   @   base address
	.long	.Ltmp310-.Lfunc_begin0
	.long	.Ltmp311-.Lfunc_begin0
	.short	1                               @ Loc expr size
	.byte	80                              @ DW_OP_reg0
	.long	.Ltmp314-.Lfunc_begin0
	.long	.Ltmp317-.Lfunc_begin0
	.short	3                               @ Loc expr size
	.byte	112                             @ DW_OP_breg0
	.byte	127                             @ -1
	.byte	159                             @ DW_OP_stack_value
	.long	.Ltmp317-.Lfunc_begin0
	.long	.Ltmp320-.Lfunc_begin0
	.short	3                               @ Loc expr size
	.byte	112                             @ DW_OP_breg0
	.byte	126                             @ -2
	.byte	159                             @ DW_OP_stack_value
	.long	.Ltmp320-.Lfunc_begin0
	.long	.Ltmp323-.Lfunc_begin0
	.short	3                               @ Loc expr size
	.byte	112                             @ DW_OP_breg0
	.byte	125                             @ -3
	.byte	159                             @ DW_OP_stack_value
	.long	0
	.long	0
.Ldebug_loc10:
	.long	-1
	.long	.Lfunc_begin0                   @   base address
	.long	.Ltmp342-.Lfunc_begin0
	.long	.Ltmp343-.Lfunc_begin0
	.short	1                               @ Loc expr size
	.byte	80                              @ DW_OP_reg0
	.long	.Ltmp346-.Lfunc_begin0
	.long	.Ltmp349-.Lfunc_begin0
	.short	3                               @ Loc expr size
	.byte	112                             @ DW_OP_breg0
	.byte	127                             @ -1
	.byte	159                             @ DW_OP_stack_value
	.long	.Ltmp349-.Lfunc_begin0
	.long	.Ltmp352-.Lfunc_begin0
	.short	3                               @ Loc expr size
	.byte	112                             @ DW_OP_breg0
	.byte	126                             @ -2
	.byte	159                             @ DW_OP_stack_value
	.long	.Ltmp352-.Lfunc_begin0
	.long	.Ltmp355-.Lfunc_begin0
	.short	3                               @ Loc expr size
	.byte	112                             @ DW_OP_breg0
	.byte	125                             @ -3
	.byte	159                             @ DW_OP_stack_value
	.long	0
	.long	0
.Ldebug_loc11:
	.long	-1
	.long	.Lfunc_begin0                   @   base address
	.long	.Ltmp374-.Lfunc_begin0
	.long	.Ltmp375-.Lfunc_begin0
	.short	1                               @ Loc expr size
	.byte	80                              @ DW_OP_reg0
	.long	.Ltmp378-.Lfunc_begin0
	.long	.Ltmp381-.Lfunc_begin0
	.short	3                               @ Loc expr size
	.byte	112                             @ DW_OP_breg0
	.byte	127                             @ -1
	.byte	159                             @ DW_OP_stack_value
	.long	.Ltmp381-.Lfunc_begin0
	.long	.Ltmp384-.Lfunc_begin0
	.short	3                               @ Loc expr size
	.byte	112                             @ DW_OP_breg0
	.byte	126                             @ -2
	.byte	159                             @ DW_OP_stack_value
	.long	.Ltmp384-.Lfunc_begin0
	.long	.Ltmp387-.Lfunc_begin0
	.short	3                               @ Loc expr size
	.byte	112                             @ DW_OP_breg0
	.byte	125                             @ -3
	.byte	159                             @ DW_OP_stack_value
	.long	0
	.long	0
.Ldebug_loc12:
	.long	-1
	.long	.Lfunc_begin0                   @   base address
	.long	.Ltmp406-.Lfunc_begin0
	.long	.Ltmp407-.Lfunc_begin0
	.short	1                               @ Loc expr size
	.byte	80                              @ DW_OP_reg0
	.long	.Ltmp410-.Lfunc_begin0
	.long	.Ltmp413-.Lfunc_begin0
	.short	3                               @ Loc expr size
	.byte	112                             @ DW_OP_breg0
	.byte	127                             @ -1
	.byte	159                             @ DW_OP_stack_value
	.long	.Ltmp413-.Lfunc_begin0
	.long	.Ltmp416-.Lfunc_begin0
	.short	3                               @ Loc expr size
	.byte	112                             @ DW_OP_breg0
	.byte	126                             @ -2
	.byte	159                             @ DW_OP_stack_value
	.long	.Ltmp416-.Lfunc_begin0
	.long	.Ltmp419-.Lfunc_begin0
	.short	3                               @ Loc expr size
	.byte	112                             @ DW_OP_breg0
	.byte	125                             @ -3
	.byte	159                             @ DW_OP_stack_value
	.long	0
	.long	0
.Ldebug_loc13:
	.long	-1
	.long	.Lfunc_begin0                   @   base address
	.long	.Ltmp438-.Lfunc_begin0
	.long	.Ltmp439-.Lfunc_begin0
	.short	1                               @ Loc expr size
	.byte	80                              @ DW_OP_reg0
	.long	.Ltmp442-.Lfunc_begin0
	.long	.Ltmp445-.Lfunc_begin0
	.short	3                               @ Loc expr size
	.byte	112                             @ DW_OP_breg0
	.byte	127                             @ -1
	.byte	159                             @ DW_OP_stack_value
	.long	.Ltmp445-.Lfunc_begin0
	.long	.Ltmp448-.Lfunc_begin0
	.short	3                               @ Loc expr size
	.byte	112                             @ DW_OP_breg0
	.byte	126                             @ -2
	.byte	159                             @ DW_OP_stack_value
	.long	.Ltmp448-.Lfunc_begin0
	.long	.Ltmp451-.Lfunc_begin0
	.short	3                               @ Loc expr size
	.byte	112                             @ DW_OP_breg0
	.byte	125                             @ -3
	.byte	159                             @ DW_OP_stack_value
	.long	0
	.long	0
.Ldebug_loc14:
	.long	-1
	.long	.Lfunc_begin0                   @   base address
	.long	.Ltmp470-.Lfunc_begin0
	.long	.Ltmp471-.Lfunc_begin0
	.short	1                               @ Loc expr size
	.byte	80                              @ DW_OP_reg0
	.long	.Ltmp474-.Lfunc_begin0
	.long	.Ltmp477-.Lfunc_begin0
	.short	3                               @ Loc expr size
	.byte	112                             @ DW_OP_breg0
	.byte	127                             @ -1
	.byte	159                             @ DW_OP_stack_value
	.long	.Ltmp477-.Lfunc_begin0
	.long	.Ltmp480-.Lfunc_begin0
	.short	3                               @ Loc expr size
	.byte	112                             @ DW_OP_breg0
	.byte	126                             @ -2
	.byte	159                             @ DW_OP_stack_value
	.long	.Ltmp480-.Lfunc_begin0
	.long	.Ltmp483-.Lfunc_begin0
	.short	3                               @ Loc expr size
	.byte	112                             @ DW_OP_breg0
	.byte	125                             @ -3
	.byte	159                             @ DW_OP_stack_value
	.long	0
	.long	0
.Ldebug_loc15:
	.long	-1
	.long	.Lfunc_begin0                   @   base address
	.long	.Ltmp502-.Lfunc_begin0
	.long	.Ltmp503-.Lfunc_begin0
	.short	1                               @ Loc expr size
	.byte	80                              @ DW_OP_reg0
	.long	.Ltmp506-.Lfunc_begin0
	.long	.Ltmp509-.Lfunc_begin0
	.short	3                               @ Loc expr size
	.byte	112                             @ DW_OP_breg0
	.byte	127                             @ -1
	.byte	159                             @ DW_OP_stack_value
	.long	.Ltmp509-.Lfunc_begin0
	.long	.Ltmp512-.Lfunc_begin0
	.short	3                               @ Loc expr size
	.byte	112                             @ DW_OP_breg0
	.byte	126                             @ -2
	.byte	159                             @ DW_OP_stack_value
	.long	.Ltmp512-.Lfunc_begin0
	.long	.Ltmp515-.Lfunc_begin0
	.short	3                               @ Loc expr size
	.byte	112                             @ DW_OP_breg0
	.byte	125                             @ -3
	.byte	159                             @ DW_OP_stack_value
	.long	0
	.long	0
.Ldebug_loc16:
	.long	-1
	.long	.Lfunc_begin0                   @   base address
	.long	.Ltmp534-.Lfunc_begin0
	.long	.Ltmp535-.Lfunc_begin0
	.short	1                               @ Loc expr size
	.byte	80                              @ DW_OP_reg0
	.long	.Ltmp538-.Lfunc_begin0
	.long	.Ltmp541-.Lfunc_begin0
	.short	3                               @ Loc expr size
	.byte	112                             @ DW_OP_breg0
	.byte	127                             @ -1
	.byte	159                             @ DW_OP_stack_value
	.long	.Ltmp541-.Lfunc_begin0
	.long	.Ltmp544-.Lfunc_begin0
	.short	3                               @ Loc expr size
	.byte	112                             @ DW_OP_breg0
	.byte	126                             @ -2
	.byte	159                             @ DW_OP_stack_value
	.long	.Ltmp544-.Lfunc_begin0
	.long	.Ltmp547-.Lfunc_begin0
	.short	3                               @ Loc expr size
	.byte	112                             @ DW_OP_breg0
	.byte	125                             @ -3
	.byte	159                             @ DW_OP_stack_value
	.long	0
	.long	0
.Ldebug_loc17:
	.long	-1
	.long	.Lfunc_begin0                   @   base address
	.long	.Ltmp566-.Lfunc_begin0
	.long	.Ltmp567-.Lfunc_begin0
	.short	1                               @ Loc expr size
	.byte	80                              @ DW_OP_reg0
	.long	.Ltmp570-.Lfunc_begin0
	.long	.Ltmp573-.Lfunc_begin0
	.short	3                               @ Loc expr size
	.byte	112                             @ DW_OP_breg0
	.byte	127                             @ -1
	.byte	159                             @ DW_OP_stack_value
	.long	.Ltmp573-.Lfunc_begin0
	.long	.Ltmp576-.Lfunc_begin0
	.short	3                               @ Loc expr size
	.byte	112                             @ DW_OP_breg0
	.byte	126                             @ -2
	.byte	159                             @ DW_OP_stack_value
	.long	.Ltmp576-.Lfunc_begin0
	.long	.Ltmp579-.Lfunc_begin0
	.short	3                               @ Loc expr size
	.byte	112                             @ DW_OP_breg0
	.byte	125                             @ -3
	.byte	159                             @ DW_OP_stack_value
	.long	0
	.long	0
.Ldebug_loc18:
	.long	-1
	.long	.Lfunc_begin0                   @   base address
	.long	.Ltmp598-.Lfunc_begin0
	.long	.Ltmp599-.Lfunc_begin0
	.short	1                               @ Loc expr size
	.byte	80                              @ DW_OP_reg0
	.long	.Ltmp602-.Lfunc_begin0
	.long	.Ltmp605-.Lfunc_begin0
	.short	3                               @ Loc expr size
	.byte	112                             @ DW_OP_breg0
	.byte	127                             @ -1
	.byte	159                             @ DW_OP_stack_value
	.long	.Ltmp605-.Lfunc_begin0
	.long	.Ltmp608-.Lfunc_begin0
	.short	3                               @ Loc expr size
	.byte	112                             @ DW_OP_breg0
	.byte	126                             @ -2
	.byte	159                             @ DW_OP_stack_value
	.long	.Ltmp608-.Lfunc_begin0
	.long	.Ltmp611-.Lfunc_begin0
	.short	3                               @ Loc expr size
	.byte	112                             @ DW_OP_breg0
	.byte	125                             @ -3
	.byte	159                             @ DW_OP_stack_value
	.long	0
	.long	0
.Ldebug_loc19:
	.long	-1
	.long	.Lfunc_begin0                   @   base address
	.long	.Ltmp630-.Lfunc_begin0
	.long	.Ltmp631-.Lfunc_begin0
	.short	1                               @ Loc expr size
	.byte	80                              @ DW_OP_reg0
	.long	.Ltmp634-.Lfunc_begin0
	.long	.Ltmp637-.Lfunc_begin0
	.short	3                               @ Loc expr size
	.byte	112                             @ DW_OP_breg0
	.byte	127                             @ -1
	.byte	159                             @ DW_OP_stack_value
	.long	.Ltmp637-.Lfunc_begin0
	.long	.Ltmp640-.Lfunc_begin0
	.short	3                               @ Loc expr size
	.byte	112                             @ DW_OP_breg0
	.byte	126                             @ -2
	.byte	159                             @ DW_OP_stack_value
	.long	.Ltmp640-.Lfunc_begin0
	.long	.Ltmp643-.Lfunc_begin0
	.short	3                               @ Loc expr size
	.byte	112                             @ DW_OP_breg0
	.byte	125                             @ -3
	.byte	159                             @ DW_OP_stack_value
	.long	0
	.long	0
.Ldebug_loc20:
	.long	-1
	.long	.Lfunc_begin0                   @   base address
	.long	.Ltmp662-.Lfunc_begin0
	.long	.Ltmp663-.Lfunc_begin0
	.short	1                               @ Loc expr size
	.byte	80                              @ DW_OP_reg0
	.long	.Ltmp666-.Lfunc_begin0
	.long	.Ltmp669-.Lfunc_begin0
	.short	3                               @ Loc expr size
	.byte	112                             @ DW_OP_breg0
	.byte	127                             @ -1
	.byte	159                             @ DW_OP_stack_value
	.long	.Ltmp669-.Lfunc_begin0
	.long	.Ltmp672-.Lfunc_begin0
	.short	3                               @ Loc expr size
	.byte	112                             @ DW_OP_breg0
	.byte	126                             @ -2
	.byte	159                             @ DW_OP_stack_value
	.long	.Ltmp672-.Lfunc_begin0
	.long	.Ltmp675-.Lfunc_begin0
	.short	3                               @ Loc expr size
	.byte	112                             @ DW_OP_breg0
	.byte	125                             @ -3
	.byte	159                             @ DW_OP_stack_value
	.long	0
	.long	0
.Ldebug_loc21:
	.long	-1
	.long	.Lfunc_begin0                   @   base address
	.long	.Ltmp694-.Lfunc_begin0
	.long	.Ltmp695-.Lfunc_begin0
	.short	1                               @ Loc expr size
	.byte	80                              @ DW_OP_reg0
	.long	.Ltmp698-.Lfunc_begin0
	.long	.Ltmp701-.Lfunc_begin0
	.short	3                               @ Loc expr size
	.byte	112                             @ DW_OP_breg0
	.byte	127                             @ -1
	.byte	159                             @ DW_OP_stack_value
	.long	.Ltmp701-.Lfunc_begin0
	.long	.Ltmp704-.Lfunc_begin0
	.short	3                               @ Loc expr size
	.byte	112                             @ DW_OP_breg0
	.byte	126                             @ -2
	.byte	159                             @ DW_OP_stack_value
	.long	.Ltmp704-.Lfunc_begin0
	.long	.Ltmp707-.Lfunc_begin0
	.short	3                               @ Loc expr size
	.byte	112                             @ DW_OP_breg0
	.byte	125                             @ -3
	.byte	159                             @ DW_OP_stack_value
	.long	0
	.long	0
.Ldebug_loc22:
	.long	-1
	.long	.Lfunc_begin0                   @   base address
	.long	.Ltmp726-.Lfunc_begin0
	.long	.Ltmp727-.Lfunc_begin0
	.short	1                               @ Loc expr size
	.byte	80                              @ DW_OP_reg0
	.long	.Ltmp730-.Lfunc_begin0
	.long	.Ltmp733-.Lfunc_begin0
	.short	3                               @ Loc expr size
	.byte	112                             @ DW_OP_breg0
	.byte	127                             @ -1
	.byte	159                             @ DW_OP_stack_value
	.long	.Ltmp733-.Lfunc_begin0
	.long	.Ltmp736-.Lfunc_begin0
	.short	3                               @ Loc expr size
	.byte	112                             @ DW_OP_breg0
	.byte	126                             @ -2
	.byte	159                             @ DW_OP_stack_value
	.long	.Ltmp736-.Lfunc_begin0
	.long	.Ltmp739-.Lfunc_begin0
	.short	3                               @ Loc expr size
	.byte	112                             @ DW_OP_breg0
	.byte	125                             @ -3
	.byte	159                             @ DW_OP_stack_value
	.long	0
	.long	0
.Ldebug_loc23:
	.long	-1
	.long	.Lfunc_begin0                   @   base address
	.long	.Ltmp758-.Lfunc_begin0
	.long	.Ltmp759-.Lfunc_begin0
	.short	1                               @ Loc expr size
	.byte	80                              @ DW_OP_reg0
	.long	.Ltmp762-.Lfunc_begin0
	.long	.Ltmp765-.Lfunc_begin0
	.short	3                               @ Loc expr size
	.byte	112                             @ DW_OP_breg0
	.byte	127                             @ -1
	.byte	159                             @ DW_OP_stack_value
	.long	.Ltmp765-.Lfunc_begin0
	.long	.Ltmp768-.Lfunc_begin0
	.short	3                               @ Loc expr size
	.byte	112                             @ DW_OP_breg0
	.byte	126                             @ -2
	.byte	159                             @ DW_OP_stack_value
	.long	.Ltmp768-.Lfunc_begin0
	.long	.Ltmp771-.Lfunc_begin0
	.short	3                               @ Loc expr size
	.byte	112                             @ DW_OP_breg0
	.byte	125                             @ -3
	.byte	159                             @ DW_OP_stack_value
	.long	0
	.long	0
.Ldebug_loc24:
	.long	-1
	.long	.Lfunc_begin0                   @   base address
	.long	.Ltmp779-.Lfunc_begin0
	.long	.Ltmp783-.Lfunc_begin0
	.short	6                               @ Loc expr size
	.byte	16                              @ DW_OP_constu
	.byte	134                             @ 134163462
	.byte	216                             @ 
	.byte	252                             @ 
	.byte	63                              @ 
	.byte	159                             @ DW_OP_stack_value
	.long	0
	.long	0
.Ldebug_loc25:
	.long	-1
	.long	.Lfunc_begin3                   @   base address
	.long	.Lfunc_begin3-.Lfunc_begin3
	.long	.Ltmp805-.Lfunc_begin3
	.short	1                               @ Loc expr size
	.byte	80                              @ DW_OP_reg0
	.long	.Ltmp805-.Lfunc_begin3
	.long	.Ltmp847-.Lfunc_begin3
	.short	1                               @ Loc expr size
	.byte	91                              @ DW_OP_reg11
	.long	.Ltmp847-.Lfunc_begin3
	.long	.Ltmp848-.Lfunc_begin3
	.short	1                               @ Loc expr size
	.byte	80                              @ DW_OP_reg0
	.long	.Ltmp850-.Lfunc_begin3
	.long	.Ltmp874-.Lfunc_begin3
	.short	1                               @ Loc expr size
	.byte	91                              @ DW_OP_reg11
	.long	0
	.long	0
.Ldebug_loc26:
	.long	-1
	.long	.Lfunc_begin3                   @   base address
	.long	.Lfunc_begin3-.Lfunc_begin3
	.long	.Ltmp808-.Lfunc_begin3
	.short	1                               @ Loc expr size
	.byte	81                              @ DW_OP_reg1
	.long	.Ltmp808-.Lfunc_begin3
	.long	.Ltmp822-.Lfunc_begin3
	.short	1                               @ Loc expr size
	.byte	86                              @ DW_OP_reg6
	.long	.Ltmp822-.Lfunc_begin3
	.long	.Ltmp845-.Lfunc_begin3
	.short	2                               @ Loc expr size
	.byte	125                             @ DW_OP_breg13
	.byte	12                              @ 12
	.long	.Ltmp845-.Lfunc_begin3
	.long	.Ltmp847-.Lfunc_begin3
	.short	1                               @ Loc expr size
	.byte	86                              @ DW_OP_reg6
	.long	.Ltmp847-.Lfunc_begin3
	.long	.Ltmp850-.Lfunc_begin3
	.short	1                               @ Loc expr size
	.byte	81                              @ DW_OP_reg1
	.long	.Ltmp850-.Lfunc_begin3
	.long	.Ltmp873-.Lfunc_begin3
	.short	1                               @ Loc expr size
	.byte	86                              @ DW_OP_reg6
	.long	0
	.long	0
.Ldebug_loc27:
	.long	-1
	.long	.Lfunc_begin3                   @   base address
	.long	.Lfunc_begin3-.Lfunc_begin3
	.long	.Ltmp802-.Lfunc_begin3
	.short	1                               @ Loc expr size
	.byte	82                              @ DW_OP_reg2
	.long	.Ltmp802-.Lfunc_begin3
	.long	.Ltmp821-.Lfunc_begin3
	.short	1                               @ Loc expr size
	.byte	90                              @ DW_OP_reg10
	.long	.Ltmp821-.Lfunc_begin3
	.long	.Ltmp837-.Lfunc_begin3
	.short	2                               @ Loc expr size
	.byte	125                             @ DW_OP_breg13
	.byte	8                               @ 8
	.long	.Ltmp837-.Lfunc_begin3
	.long	.Ltmp849-.Lfunc_begin3
	.short	1                               @ Loc expr size
	.byte	90                              @ DW_OP_reg10
	.long	.Ltmp849-.Lfunc_begin3
	.long	.Ltmp850-.Lfunc_begin3
	.short	4                               @ Loc expr size
	.byte	243                             @ DW_OP_GNU_entry_value
	.byte	1                               @ 1
	.byte	82                              @ DW_OP_reg2
	.byte	159                             @ DW_OP_stack_value
	.long	.Ltmp850-.Lfunc_begin3
	.long	.Ltmp874-.Lfunc_begin3
	.short	1                               @ Loc expr size
	.byte	90                              @ DW_OP_reg10
	.long	0
	.long	0
.Ldebug_loc28:
	.long	-1
	.long	.Lfunc_begin3                   @   base address
	.long	.Ltmp808-.Lfunc_begin3
	.long	.Ltmp817-.Lfunc_begin3
	.short	3                               @ Loc expr size
	.byte	17                              @ DW_OP_consts
	.byte	0                               @ 0
	.byte	159                             @ DW_OP_stack_value
	.long	.Ltmp817-.Lfunc_begin3
	.long	.Ltmp820-.Lfunc_begin3
	.short	1                               @ Loc expr size
	.byte	87                              @ DW_OP_reg7
	.long	.Ltmp820-.Lfunc_begin3
	.long	.Ltmp838-.Lfunc_begin3
	.short	1                               @ Loc expr size
	.byte	84                              @ DW_OP_reg4
	.long	.Ltmp838-.Lfunc_begin3
	.long	.Ltmp846-.Lfunc_begin3
	.short	1                               @ Loc expr size
	.byte	88                              @ DW_OP_reg8
	.long	.Ltmp850-.Lfunc_begin3
	.long	.Ltmp867-.Lfunc_begin3
	.short	1                               @ Loc expr size
	.byte	87                              @ DW_OP_reg7
	.long	.Ltmp867-.Lfunc_begin3
	.long	.Ltmp873-.Lfunc_begin3
	.short	1                               @ Loc expr size
	.byte	84                              @ DW_OP_reg4
	.long	0
	.long	0
.Ldebug_loc29:
	.long	-1
	.long	.Lfunc_begin3                   @   base address
	.long	.Ltmp810-.Lfunc_begin3
	.long	.Ltmp814-.Lfunc_begin3
	.short	8                               @ Loc expr size
	.byte	116                             @ DW_OP_breg4
	.byte	0                               @ 0
	.byte	16                              @ DW_OP_constu
	.byte	255                             @ 65535
	.byte	255                             @ 
	.byte	3                               @ 
	.byte	26                              @ DW_OP_and
	.byte	159                             @ DW_OP_stack_value
	.long	0
	.long	0
.Ldebug_loc30:
	.long	-1
	.long	.Lfunc_begin3                   @   base address
	.long	.Ltmp824-.Lfunc_begin3
	.long	.Ltmp829-.Lfunc_begin3
	.short	8                               @ Loc expr size
	.byte	121                             @ DW_OP_breg9
	.byte	0                               @ 0
	.byte	16                              @ DW_OP_constu
	.byte	255                             @ 65535
	.byte	255                             @ 
	.byte	3                               @ 
	.byte	26                              @ DW_OP_and
	.byte	159                             @ DW_OP_stack_value
	.long	0
	.long	0
.Ldebug_loc31:
	.long	-1
	.long	.Lfunc_begin3                   @   base address
	.long	.Ltmp839-.Lfunc_begin3
	.long	.Ltmp842-.Lfunc_begin3
	.short	8                               @ Loc expr size
	.byte	121                             @ DW_OP_breg9
	.byte	0                               @ 0
	.byte	16                              @ DW_OP_constu
	.byte	255                             @ 65535
	.byte	255                             @ 
	.byte	3                               @ 
	.byte	26                              @ DW_OP_and
	.byte	159                             @ DW_OP_stack_value
	.long	0
	.long	0
.Ldebug_loc32:
	.long	-1
	.long	.Lfunc_begin3                   @   base address
	.long	.Ltmp839-.Lfunc_begin3
	.long	.Ltmp844-.Lfunc_begin3
	.short	3                               @ Loc expr size
	.byte	125                             @ DW_OP_breg13
	.byte	20                              @ 20
	.byte	159                             @ DW_OP_stack_value
	.long	0
	.long	0
.Ldebug_loc33:
	.long	-1
	.long	.Lfunc_begin3                   @   base address
	.long	.Ltmp857-.Lfunc_begin3
	.long	.Ltmp864-.Lfunc_begin3
	.short	8                               @ Loc expr size
	.byte	124                             @ DW_OP_breg12
	.byte	0                               @ 0
	.byte	16                              @ DW_OP_constu
	.byte	255                             @ 65535
	.byte	255                             @ 
	.byte	3                               @ 
	.byte	26                              @ DW_OP_and
	.byte	159                             @ DW_OP_stack_value
	.long	0
	.long	0
.Ldebug_loc34:
	.long	-1
	.long	.Lfunc_begin4                   @   base address
	.long	.Lfunc_begin4-.Lfunc_begin4
	.long	.Ltmp877-.Lfunc_begin4
	.short	1                               @ Loc expr size
	.byte	80                              @ DW_OP_reg0
	.long	.Ltmp877-.Lfunc_begin4
	.long	.Ltmp884-.Lfunc_begin4
	.short	1                               @ Loc expr size
	.byte	81                              @ DW_OP_reg1
	.long	0
	.long	0
.Ldebug_loc35:
	.long	-1
	.long	.Lfunc_begin4                   @   base address
	.long	.Ltmp879-.Lfunc_begin4
	.long	.Ltmp884-.Lfunc_begin4
	.short	1                               @ Loc expr size
	.byte	81                              @ DW_OP_reg1
	.long	0
	.long	0
.Ldebug_loc36:
	.long	-1
	.long	.Lfunc_begin4                   @   base address
	.long	.Ltmp881-.Lfunc_begin4
	.long	.Ltmp883-.Lfunc_begin4
	.short	8                               @ Loc expr size
	.byte	117                             @ DW_OP_breg5
	.byte	0                               @ 0
	.byte	16                              @ DW_OP_constu
	.byte	255                             @ 65535
	.byte	255                             @ 
	.byte	3                               @ 
	.byte	26                              @ DW_OP_and
	.byte	159                             @ DW_OP_stack_value
	.long	0
	.long	0
.Ldebug_loc37:
	.long	-1
	.long	.Lfunc_begin5                   @   base address
	.long	.Lfunc_begin5-.Lfunc_begin5
	.long	.Ltmp901-.Lfunc_begin5
	.short	1                               @ Loc expr size
	.byte	80                              @ DW_OP_reg0
	.long	0
	.long	0
.Ldebug_loc38:
	.long	-1
	.long	.Lfunc_begin5                   @   base address
	.long	.Ltmp891-.Lfunc_begin5
	.long	.Ltmp925-.Lfunc_begin5
	.short	3                               @ Loc expr size
	.byte	16                              @ DW_OP_constu
	.byte	52                              @ 52
	.byte	159                             @ DW_OP_stack_value
	.long	0
	.long	0
.Ldebug_loc39:
	.long	-1
	.long	.Lfunc_begin5                   @   base address
	.long	.Ltmp891-.Lfunc_begin5
	.long	.Ltmp901-.Lfunc_begin5
	.short	5                               @ Loc expr size
	.byte	112                             @ DW_OP_breg0
	.byte	0                               @ 0
	.byte	35                              @ DW_OP_plus_uconst
	.byte	57                              @ 57
	.byte	159                             @ DW_OP_stack_value
	.long	0
	.long	0
.Ldebug_loc40:
	.long	-1
	.long	.Lfunc_begin5                   @   base address
	.long	.Ltmp891-.Lfunc_begin5
	.long	.Ltmp901-.Lfunc_begin5
	.short	5                               @ Loc expr size
	.byte	112                             @ DW_OP_breg0
	.byte	0                               @ 0
	.byte	35                              @ DW_OP_plus_uconst
	.byte	57                              @ 57
	.byte	159                             @ DW_OP_stack_value
	.long	0
	.long	0
.Ldebug_loc41:
	.long	-1
	.long	.Lfunc_begin5                   @   base address
	.long	.Ltmp910-.Lfunc_begin5
	.long	.Ltmp911-.Lfunc_begin5
	.short	1                               @ Loc expr size
	.byte	83                              @ DW_OP_reg3
	.long	.Ltmp914-.Lfunc_begin5
	.long	.Ltmp917-.Lfunc_begin5
	.short	3                               @ Loc expr size
	.byte	115                             @ DW_OP_breg3
	.byte	127                             @ -1
	.byte	159                             @ DW_OP_stack_value
	.long	.Ltmp917-.Lfunc_begin5
	.long	.Ltmp920-.Lfunc_begin5
	.short	3                               @ Loc expr size
	.byte	115                             @ DW_OP_breg3
	.byte	126                             @ -2
	.byte	159                             @ DW_OP_stack_value
	.long	.Ltmp920-.Lfunc_begin5
	.long	.Ltmp923-.Lfunc_begin5
	.short	3                               @ Loc expr size
	.byte	115                             @ DW_OP_breg3
	.byte	125                             @ -3
	.byte	159                             @ DW_OP_stack_value
	.long	0
	.long	0
.Ldebug_loc42:
	.long	-1
	.long	.Lfunc_begin5                   @   base address
	.long	.Ltmp942-.Lfunc_begin5
	.long	.Ltmp943-.Lfunc_begin5
	.short	1                               @ Loc expr size
	.byte	80                              @ DW_OP_reg0
	.long	.Ltmp944-.Lfunc_begin5
	.long	.Ltmp946-.Lfunc_begin5
	.short	3                               @ Loc expr size
	.byte	112                             @ DW_OP_breg0
	.byte	125                             @ -3
	.byte	159                             @ DW_OP_stack_value
	.long	.Ltmp950-.Lfunc_begin5
	.long	.Ltmp953-.Lfunc_begin5
	.short	3                               @ Loc expr size
	.byte	112                             @ DW_OP_breg0
	.byte	127                             @ -1
	.byte	159                             @ DW_OP_stack_value
	.long	.Ltmp953-.Lfunc_begin5
	.long	.Ltmp956-.Lfunc_begin5
	.short	3                               @ Loc expr size
	.byte	112                             @ DW_OP_breg0
	.byte	126                             @ -2
	.byte	159                             @ DW_OP_stack_value
	.long	.Ltmp956-.Lfunc_begin5
	.long	.Ltmp958-.Lfunc_begin5
	.short	3                               @ Loc expr size
	.byte	112                             @ DW_OP_breg0
	.byte	125                             @ -3
	.byte	159                             @ DW_OP_stack_value
	.long	0
	.long	0
.Ldebug_loc43:
	.long	-1
	.long	.Lfunc_begin6                   @   base address
	.long	.Ltmp971-.Lfunc_begin6
	.long	.Ltmp974-.Lfunc_begin6
	.short	1                               @ Loc expr size
	.byte	83                              @ DW_OP_reg3
	.long	0
	.long	0
.Ldebug_loc44:
	.long	-1
	.long	.Lfunc_begin6                   @   base address
	.long	.Ltmp972-.Lfunc_begin6
	.long	.Ltmp975-.Lfunc_begin6
	.short	1                               @ Loc expr size
	.byte	82                              @ DW_OP_reg2
	.long	0
	.long	0
.Ldebug_loc45:
	.long	-1
	.long	.Lfunc_begin6                   @   base address
	.long	.Ltmp988-.Lfunc_begin6
	.long	.Ltmp989-.Lfunc_begin6
	.short	3                               @ Loc expr size
	.byte	118                             @ DW_OP_breg6
	.byte	1                               @ 1
	.byte	159                             @ DW_OP_stack_value
	.long	.Ltmp989-.Lfunc_begin6
	.long	.Ltmp996-.Lfunc_begin6
	.short	1                               @ Loc expr size
	.byte	86                              @ DW_OP_reg6
	.long	.Ltmp996-.Lfunc_begin6
	.long	.Ltmp1096-.Lfunc_begin6
	.short	2                               @ Loc expr size
	.byte	125                             @ DW_OP_breg13
	.byte	32                              @ 32
	.long	.Ltmp1096-.Lfunc_begin6
	.long	.Ltmp1097-.Lfunc_begin6
	.short	1                               @ Loc expr size
	.byte	80                              @ DW_OP_reg0
	.long	0
	.long	0
.Ldebug_loc46:
	.long	-1
	.long	.Lfunc_begin6                   @   base address
	.long	.Ltmp996-.Lfunc_begin6
	.long	.Ltmp998-.Lfunc_begin6
	.short	1                               @ Loc expr size
	.byte	81                              @ DW_OP_reg1
	.long	.Ltmp1013-.Lfunc_begin6
	.long	.Ltmp1017-.Lfunc_begin6
	.short	1                               @ Loc expr size
	.byte	81                              @ DW_OP_reg1
	.long	0
	.long	0
.Ldebug_loc47:
	.long	-1
	.long	.Lfunc_begin6                   @   base address
	.long	.Ltmp1000-.Lfunc_begin6
	.long	.Ltmp1012-.Lfunc_begin6
	.short	2                               @ Loc expr size
	.byte	125                             @ DW_OP_breg13
	.byte	60                              @ 60
	.long	0
	.long	0
.Ldebug_loc48:
	.long	-1
	.long	.Lfunc_begin6                   @   base address
	.long	.Ltmp999-.Lfunc_begin6
	.long	.Ltmp1001-.Lfunc_begin6
	.short	1                               @ Loc expr size
	.byte	82                              @ DW_OP_reg2
	.long	.Ltmp1001-.Lfunc_begin6
	.long	.Ltmp1002-.Lfunc_begin6
	.short	1                               @ Loc expr size
	.byte	83                              @ DW_OP_reg3
	.long	.Ltmp1002-.Lfunc_begin6
	.long	.Ltmp1012-.Lfunc_begin6
	.short	2                               @ Loc expr size
	.byte	125                             @ DW_OP_breg13
	.byte	36                              @ 36
	.long	0
	.long	0
.Ldebug_loc49:
	.long	-1
	.long	.Lfunc_begin6                   @   base address
	.long	.Ltmp1004-.Lfunc_begin6
	.long	.Ltmp1012-.Lfunc_begin6
	.short	1                               @ Loc expr size
	.byte	85                              @ DW_OP_reg5
	.long	0
	.long	0
.Ldebug_loc50:
	.long	-1
	.long	.Lfunc_begin6                   @   base address
	.long	.Ltmp1029-.Lfunc_begin6
	.long	.Ltmp1032-.Lfunc_begin6
	.short	1                               @ Loc expr size
	.byte	84                              @ DW_OP_reg4
	.long	.Ltmp1035-.Lfunc_begin6
	.long	.Ltmp1049-.Lfunc_begin6
	.short	1                               @ Loc expr size
	.byte	84                              @ DW_OP_reg4
	.long	0
	.long	0
.Ldebug_loc51:
	.long	-1
	.long	.Lfunc_begin6                   @   base address
	.long	.Ltmp1043-.Lfunc_begin6
	.long	.Ltmp1044-.Lfunc_begin6
	.short	1                               @ Loc expr size
	.byte	80                              @ DW_OP_reg0
	.long	0
	.long	0
.Ldebug_loc52:
	.long	-1
	.long	.Lfunc_begin6                   @   base address
	.long	.Ltmp1053-.Lfunc_begin6
	.long	.Ltmp1054-.Lfunc_begin6
	.short	1                               @ Loc expr size
	.byte	81                              @ DW_OP_reg1
	.long	0
	.long	0
.Ldebug_loc53:
	.long	-1
	.long	.Lfunc_begin6                   @   base address
	.long	.Ltmp1057-.Lfunc_begin6
	.long	.Ltmp1058-.Lfunc_begin6
	.short	1                               @ Loc expr size
	.byte	86                              @ DW_OP_reg6
	.long	0
	.long	0
.Ldebug_loc54:
	.long	-1
	.long	.Lfunc_begin6                   @   base address
	.long	.Ltmp1058-.Lfunc_begin6
	.long	.Ltmp1059-.Lfunc_begin6
	.short	1                               @ Loc expr size
	.byte	88                              @ DW_OP_reg8
	.long	0
	.long	0
.Ldebug_loc55:
	.long	-1
	.long	.Lfunc_begin6                   @   base address
	.long	.Ltmp1058-.Lfunc_begin6
	.long	.Ltmp1059-.Lfunc_begin6
	.short	4                               @ Loc expr size
	.byte	16                              @ DW_OP_constu
	.byte	128                             @ 8192
	.byte	64                              @ 
	.byte	159                             @ DW_OP_stack_value
	.long	0
	.long	0
.Ldebug_loc56:
	.long	-1
	.long	.Lfunc_begin6                   @   base address
	.long	.Ltmp1059-.Lfunc_begin6
	.long	.Ltmp1061-.Lfunc_begin6
	.short	1                               @ Loc expr size
	.byte	88                              @ DW_OP_reg8
	.long	.Ltmp1061-.Lfunc_begin6
	.long	.Ltmp1062-.Lfunc_begin6
	.short	3                               @ Loc expr size
	.byte	120                             @ DW_OP_breg8
	.byte	32                              @ 32
	.byte	159                             @ DW_OP_stack_value
	.long	.Ltmp1062-.Lfunc_begin6
	.long	.Ltmp1063-.Lfunc_begin6
	.short	4                               @ Loc expr size
	.byte	120                             @ DW_OP_breg8
	.byte	192                             @ 64
	.byte	0                               @ 
	.byte	159                             @ DW_OP_stack_value
	.long	.Ltmp1063-.Lfunc_begin6
	.long	.Ltmp1064-.Lfunc_begin6
	.short	4                               @ Loc expr size
	.byte	120                             @ DW_OP_breg8
	.byte	224                             @ 96
	.byte	0                               @ 
	.byte	159                             @ DW_OP_stack_value
	.long	.Ltmp1064-.Lfunc_begin6
	.long	.Ltmp1065-.Lfunc_begin6
	.short	4                               @ Loc expr size
	.byte	120                             @ DW_OP_breg8
	.byte	128                             @ 128
	.byte	1                               @ 
	.byte	159                             @ DW_OP_stack_value
	.long	.Ltmp1065-.Lfunc_begin6
	.long	.Ltmp1066-.Lfunc_begin6
	.short	4                               @ Loc expr size
	.byte	120                             @ DW_OP_breg8
	.byte	160                             @ 160
	.byte	1                               @ 
	.byte	159                             @ DW_OP_stack_value
	.long	.Ltmp1066-.Lfunc_begin6
	.long	.Ltmp1067-.Lfunc_begin6
	.short	4                               @ Loc expr size
	.byte	120                             @ DW_OP_breg8
	.byte	192                             @ 192
	.byte	1                               @ 
	.byte	159                             @ DW_OP_stack_value
	.long	.Ltmp1067-.Lfunc_begin6
	.long	.Ltmp1068-.Lfunc_begin6
	.short	4                               @ Loc expr size
	.byte	120                             @ DW_OP_breg8
	.byte	224                             @ 224
	.byte	1                               @ 
	.byte	159                             @ DW_OP_stack_value
	.long	.Ltmp1068-.Lfunc_begin6
	.long	.Ltmp1069-.Lfunc_begin6
	.short	4                               @ Loc expr size
	.byte	120                             @ DW_OP_breg8
	.byte	128                             @ 256
	.byte	2                               @ 
	.byte	159                             @ DW_OP_stack_value
	.long	.Ltmp1069-.Lfunc_begin6
	.long	.Ltmp1070-.Lfunc_begin6
	.short	4                               @ Loc expr size
	.byte	120                             @ DW_OP_breg8
	.byte	160                             @ 288
	.byte	2                               @ 
	.byte	159                             @ DW_OP_stack_value
	.long	.Ltmp1070-.Lfunc_begin6
	.long	.Ltmp1071-.Lfunc_begin6
	.short	4                               @ Loc expr size
	.byte	120                             @ DW_OP_breg8
	.byte	192                             @ 320
	.byte	2                               @ 
	.byte	159                             @ DW_OP_stack_value
	.long	.Ltmp1071-.Lfunc_begin6
	.long	.Ltmp1072-.Lfunc_begin6
	.short	4                               @ Loc expr size
	.byte	120                             @ DW_OP_breg8
	.byte	224                             @ 352
	.byte	2                               @ 
	.byte	159                             @ DW_OP_stack_value
	.long	.Ltmp1072-.Lfunc_begin6
	.long	.Ltmp1073-.Lfunc_begin6
	.short	4                               @ Loc expr size
	.byte	120                             @ DW_OP_breg8
	.byte	128                             @ 384
	.byte	3                               @ 
	.byte	159                             @ DW_OP_stack_value
	.long	.Ltmp1073-.Lfunc_begin6
	.long	.Ltmp1074-.Lfunc_begin6
	.short	4                               @ Loc expr size
	.byte	120                             @ DW_OP_breg8
	.byte	160                             @ 416
	.byte	3                               @ 
	.byte	159                             @ DW_OP_stack_value
	.long	.Ltmp1074-.Lfunc_begin6
	.long	.Ltmp1075-.Lfunc_begin6
	.short	4                               @ Loc expr size
	.byte	120                             @ DW_OP_breg8
	.byte	192                             @ 448
	.byte	3                               @ 
	.byte	159                             @ DW_OP_stack_value
	.long	.Ltmp1075-.Lfunc_begin6
	.long	.Ltmp1076-.Lfunc_begin6
	.short	4                               @ Loc expr size
	.byte	120                             @ DW_OP_breg8
	.byte	224                             @ 480
	.byte	3                               @ 
	.byte	159                             @ DW_OP_stack_value
	.long	.Ltmp1076-.Lfunc_begin6
	.long	.Ltmp1077-.Lfunc_begin6
	.short	4                               @ Loc expr size
	.byte	120                             @ DW_OP_breg8
	.byte	128                             @ 512
	.byte	4                               @ 
	.byte	159                             @ DW_OP_stack_value
	.long	.Ltmp1077-.Lfunc_begin6
	.long	.Ltmp1078-.Lfunc_begin6
	.short	4                               @ Loc expr size
	.byte	120                             @ DW_OP_breg8
	.byte	160                             @ 544
	.byte	4                               @ 
	.byte	159                             @ DW_OP_stack_value
	.long	.Ltmp1078-.Lfunc_begin6
	.long	.Ltmp1079-.Lfunc_begin6
	.short	4                               @ Loc expr size
	.byte	120                             @ DW_OP_breg8
	.byte	192                             @ 576
	.byte	4                               @ 
	.byte	159                             @ DW_OP_stack_value
	.long	.Ltmp1079-.Lfunc_begin6
	.long	.Ltmp1080-.Lfunc_begin6
	.short	4                               @ Loc expr size
	.byte	120                             @ DW_OP_breg8
	.byte	224                             @ 608
	.byte	4                               @ 
	.byte	159                             @ DW_OP_stack_value
	.long	.Ltmp1080-.Lfunc_begin6
	.long	.Ltmp1081-.Lfunc_begin6
	.short	4                               @ Loc expr size
	.byte	120                             @ DW_OP_breg8
	.byte	128                             @ 640
	.byte	5                               @ 
	.byte	159                             @ DW_OP_stack_value
	.long	.Ltmp1081-.Lfunc_begin6
	.long	.Ltmp1082-.Lfunc_begin6
	.short	4                               @ Loc expr size
	.byte	120                             @ DW_OP_breg8
	.byte	160                             @ 672
	.byte	5                               @ 
	.byte	159                             @ DW_OP_stack_value
	.long	.Ltmp1082-.Lfunc_begin6
	.long	.Ltmp1083-.Lfunc_begin6
	.short	4                               @ Loc expr size
	.byte	120                             @ DW_OP_breg8
	.byte	192                             @ 704
	.byte	5                               @ 
	.byte	159                             @ DW_OP_stack_value
	.long	.Ltmp1083-.Lfunc_begin6
	.long	.Ltmp1084-.Lfunc_begin6
	.short	4                               @ Loc expr size
	.byte	120                             @ DW_OP_breg8
	.byte	224                             @ 736
	.byte	5                               @ 
	.byte	159                             @ DW_OP_stack_value
	.long	.Ltmp1084-.Lfunc_begin6
	.long	.Ltmp1085-.Lfunc_begin6
	.short	4                               @ Loc expr size
	.byte	120                             @ DW_OP_breg8
	.byte	128                             @ 768
	.byte	6                               @ 
	.byte	159                             @ DW_OP_stack_value
	.long	.Ltmp1085-.Lfunc_begin6
	.long	.Ltmp1086-.Lfunc_begin6
	.short	4                               @ Loc expr size
	.byte	120                             @ DW_OP_breg8
	.byte	160                             @ 800
	.byte	6                               @ 
	.byte	159                             @ DW_OP_stack_value
	.long	.Ltmp1086-.Lfunc_begin6
	.long	.Ltmp1087-.Lfunc_begin6
	.short	4                               @ Loc expr size
	.byte	120                             @ DW_OP_breg8
	.byte	192                             @ 832
	.byte	6                               @ 
	.byte	159                             @ DW_OP_stack_value
	.long	.Ltmp1087-.Lfunc_begin6
	.long	.Ltmp1088-.Lfunc_begin6
	.short	4                               @ Loc expr size
	.byte	120                             @ DW_OP_breg8
	.byte	224                             @ 864
	.byte	6                               @ 
	.byte	159                             @ DW_OP_stack_value
	.long	.Ltmp1088-.Lfunc_begin6
	.long	.Ltmp1089-.Lfunc_begin6
	.short	4                               @ Loc expr size
	.byte	120                             @ DW_OP_breg8
	.byte	128                             @ 896
	.byte	7                               @ 
	.byte	159                             @ DW_OP_stack_value
	.long	.Ltmp1089-.Lfunc_begin6
	.long	.Ltmp1090-.Lfunc_begin6
	.short	4                               @ Loc expr size
	.byte	120                             @ DW_OP_breg8
	.byte	160                             @ 928
	.byte	7                               @ 
	.byte	159                             @ DW_OP_stack_value
	.long	.Ltmp1090-.Lfunc_begin6
	.long	.Ltmp1091-.Lfunc_begin6
	.short	4                               @ Loc expr size
	.byte	120                             @ DW_OP_breg8
	.byte	192                             @ 960
	.byte	7                               @ 
	.byte	159                             @ DW_OP_stack_value
	.long	.Ltmp1091-.Lfunc_begin6
	.long	.Ltmp1092-.Lfunc_begin6
	.short	4                               @ Loc expr size
	.byte	120                             @ DW_OP_breg8
	.byte	224                             @ 992
	.byte	7                               @ 
	.byte	159                             @ DW_OP_stack_value
	.long	.Ltmp1093-.Lfunc_begin6
	.long	.Ltmp1097-.Lfunc_begin6
	.short	4                               @ Loc expr size
	.byte	120                             @ DW_OP_breg8
	.byte	128                             @ 1024
	.byte	8                               @ 
	.byte	159                             @ DW_OP_stack_value
	.long	0
	.long	0
	.section	.debug_abbrev,"",%progbits
	.byte	1                               @ Abbreviation Code
	.byte	17                              @ DW_TAG_compile_unit
	.byte	1                               @ DW_CHILDREN_yes
	.byte	37                              @ DW_AT_producer
	.byte	14                              @ DW_FORM_strp
	.byte	19                              @ DW_AT_language
	.byte	5                               @ DW_FORM_data2
	.byte	3                               @ DW_AT_name
	.byte	14                              @ DW_FORM_strp
	.byte	16                              @ DW_AT_stmt_list
	.byte	23                              @ DW_FORM_sec_offset
	.byte	27                              @ DW_AT_comp_dir
	.byte	14                              @ DW_FORM_strp
	.byte	17                              @ DW_AT_low_pc
	.byte	1                               @ DW_FORM_addr
	.byte	85                              @ DW_AT_ranges
	.byte	23                              @ DW_FORM_sec_offset
	.byte	0                               @ EOM(1)
	.byte	0                               @ EOM(2)
	.byte	2                               @ Abbreviation Code
	.byte	52                              @ DW_TAG_variable
	.byte	0                               @ DW_CHILDREN_no
	.byte	73                              @ DW_AT_type
	.byte	19                              @ DW_FORM_ref4
	.byte	58                              @ DW_AT_decl_file
	.byte	11                              @ DW_FORM_data1
	.byte	59                              @ DW_AT_decl_line
	.byte	5                               @ DW_FORM_data2
	.byte	0                               @ EOM(1)
	.byte	0                               @ EOM(2)
	.byte	3                               @ Abbreviation Code
	.byte	1                               @ DW_TAG_array_type
	.byte	1                               @ DW_CHILDREN_yes
	.byte	73                              @ DW_AT_type
	.byte	19                              @ DW_FORM_ref4
	.byte	0                               @ EOM(1)
	.byte	0                               @ EOM(2)
	.byte	4                               @ Abbreviation Code
	.byte	33                              @ DW_TAG_subrange_type
	.byte	0                               @ DW_CHILDREN_no
	.byte	73                              @ DW_AT_type
	.byte	19                              @ DW_FORM_ref4
	.byte	55                              @ DW_AT_count
	.byte	11                              @ DW_FORM_data1
	.byte	0                               @ EOM(1)
	.byte	0                               @ EOM(2)
	.byte	5                               @ Abbreviation Code
	.byte	38                              @ DW_TAG_const_type
	.byte	0                               @ DW_CHILDREN_no
	.byte	73                              @ DW_AT_type
	.byte	19                              @ DW_FORM_ref4
	.byte	0                               @ EOM(1)
	.byte	0                               @ EOM(2)
	.byte	6                               @ Abbreviation Code
	.byte	36                              @ DW_TAG_base_type
	.byte	0                               @ DW_CHILDREN_no
	.byte	3                               @ DW_AT_name
	.byte	14                              @ DW_FORM_strp
	.byte	62                              @ DW_AT_encoding
	.byte	11                              @ DW_FORM_data1
	.byte	11                              @ DW_AT_byte_size
	.byte	11                              @ DW_FORM_data1
	.byte	0                               @ EOM(1)
	.byte	0                               @ EOM(2)
	.byte	7                               @ Abbreviation Code
	.byte	36                              @ DW_TAG_base_type
	.byte	0                               @ DW_CHILDREN_no
	.byte	3                               @ DW_AT_name
	.byte	14                              @ DW_FORM_strp
	.byte	11                              @ DW_AT_byte_size
	.byte	11                              @ DW_FORM_data1
	.byte	62                              @ DW_AT_encoding
	.byte	11                              @ DW_FORM_data1
	.byte	0                               @ EOM(1)
	.byte	0                               @ EOM(2)
	.byte	8                               @ Abbreviation Code
	.byte	52                              @ DW_TAG_variable
	.byte	0                               @ DW_CHILDREN_no
	.byte	73                              @ DW_AT_type
	.byte	19                              @ DW_FORM_ref4
	.byte	58                              @ DW_AT_decl_file
	.byte	11                              @ DW_FORM_data1
	.byte	59                              @ DW_AT_decl_line
	.byte	5                               @ DW_FORM_data2
	.byte	2                               @ DW_AT_location
	.byte	24                              @ DW_FORM_exprloc
	.byte	0                               @ EOM(1)
	.byte	0                               @ EOM(2)
	.byte	9                               @ Abbreviation Code
	.byte	46                              @ DW_TAG_subprogram
	.byte	1                               @ DW_CHILDREN_yes
	.byte	17                              @ DW_AT_low_pc
	.byte	1                               @ DW_FORM_addr
	.byte	18                              @ DW_AT_high_pc
	.byte	6                               @ DW_FORM_data4
	.byte	64                              @ DW_AT_frame_base
	.byte	24                              @ DW_FORM_exprloc
	.ascii	"\227B"                         @ DW_AT_GNU_all_call_sites
	.byte	25                              @ DW_FORM_flag_present
	.byte	3                               @ DW_AT_name
	.byte	14                              @ DW_FORM_strp
	.byte	58                              @ DW_AT_decl_file
	.byte	11                              @ DW_FORM_data1
	.byte	59                              @ DW_AT_decl_line
	.byte	5                               @ DW_FORM_data2
	.byte	63                              @ DW_AT_external
	.byte	25                              @ DW_FORM_flag_present
	.byte	0                               @ EOM(1)
	.byte	0                               @ EOM(2)
	.byte	10                              @ Abbreviation Code
	.byte	52                              @ DW_TAG_variable
	.byte	0                               @ DW_CHILDREN_no
	.byte	3                               @ DW_AT_name
	.byte	14                              @ DW_FORM_strp
	.byte	73                              @ DW_AT_type
	.byte	19                              @ DW_FORM_ref4
	.byte	58                              @ DW_AT_decl_file
	.byte	11                              @ DW_FORM_data1
	.byte	59                              @ DW_AT_decl_line
	.byte	5                               @ DW_FORM_data2
	.byte	2                               @ DW_AT_location
	.byte	24                              @ DW_FORM_exprloc
	.byte	0                               @ EOM(1)
	.byte	0                               @ EOM(2)
	.byte	11                              @ Abbreviation Code
	.byte	29                              @ DW_TAG_inlined_subroutine
	.byte	0                               @ DW_CHILDREN_no
	.byte	49                              @ DW_AT_abstract_origin
	.byte	19                              @ DW_FORM_ref4
	.byte	17                              @ DW_AT_low_pc
	.byte	1                               @ DW_FORM_addr
	.byte	18                              @ DW_AT_high_pc
	.byte	6                               @ DW_FORM_data4
	.byte	88                              @ DW_AT_call_file
	.byte	11                              @ DW_FORM_data1
	.byte	89                              @ DW_AT_call_line
	.byte	5                               @ DW_FORM_data2
	.byte	87                              @ DW_AT_call_column
	.byte	11                              @ DW_FORM_data1
	.byte	0                               @ EOM(1)
	.byte	0                               @ EOM(2)
	.byte	12                              @ Abbreviation Code
	.byte	11                              @ DW_TAG_lexical_block
	.byte	1                               @ DW_CHILDREN_yes
	.byte	17                              @ DW_AT_low_pc
	.byte	1                               @ DW_FORM_addr
	.byte	18                              @ DW_AT_high_pc
	.byte	6                               @ DW_FORM_data4
	.byte	0                               @ EOM(1)
	.byte	0                               @ EOM(2)
	.byte	13                              @ Abbreviation Code
	.byte	52                              @ DW_TAG_variable
	.byte	0                               @ DW_CHILDREN_no
	.byte	2                               @ DW_AT_location
	.byte	23                              @ DW_FORM_sec_offset
	.byte	3                               @ DW_AT_name
	.byte	14                              @ DW_FORM_strp
	.byte	58                              @ DW_AT_decl_file
	.byte	11                              @ DW_FORM_data1
	.byte	59                              @ DW_AT_decl_line
	.byte	5                               @ DW_FORM_data2
	.byte	73                              @ DW_AT_type
	.byte	19                              @ DW_FORM_ref4
	.byte	0                               @ EOM(1)
	.byte	0                               @ EOM(2)
	.byte	14                              @ Abbreviation Code
	.byte	29                              @ DW_TAG_inlined_subroutine
	.byte	1                               @ DW_CHILDREN_yes
	.byte	49                              @ DW_AT_abstract_origin
	.byte	19                              @ DW_FORM_ref4
	.byte	17                              @ DW_AT_low_pc
	.byte	1                               @ DW_FORM_addr
	.byte	18                              @ DW_AT_high_pc
	.byte	6                               @ DW_FORM_data4
	.byte	88                              @ DW_AT_call_file
	.byte	11                              @ DW_FORM_data1
	.byte	89                              @ DW_AT_call_line
	.byte	5                               @ DW_FORM_data2
	.byte	87                              @ DW_AT_call_column
	.byte	11                              @ DW_FORM_data1
	.byte	0                               @ EOM(1)
	.byte	0                               @ EOM(2)
	.byte	15                              @ Abbreviation Code
	.byte	5                               @ DW_TAG_formal_parameter
	.byte	0                               @ DW_CHILDREN_no
	.byte	2                               @ DW_AT_location
	.byte	24                              @ DW_FORM_exprloc
	.byte	49                              @ DW_AT_abstract_origin
	.byte	19                              @ DW_FORM_ref4
	.byte	0                               @ EOM(1)
	.byte	0                               @ EOM(2)
	.byte	16                              @ Abbreviation Code
	.byte	52                              @ DW_TAG_variable
	.byte	0                               @ DW_CHILDREN_no
	.byte	2                               @ DW_AT_location
	.byte	23                              @ DW_FORM_sec_offset
	.byte	49                              @ DW_AT_abstract_origin
	.byte	19                              @ DW_FORM_ref4
	.byte	0                               @ EOM(1)
	.byte	0                               @ EOM(2)
	.byte	17                              @ Abbreviation Code
	.byte	11                              @ DW_TAG_lexical_block
	.byte	1                               @ DW_CHILDREN_yes
	.byte	85                              @ DW_AT_ranges
	.byte	23                              @ DW_FORM_sec_offset
	.byte	0                               @ EOM(1)
	.byte	0                               @ EOM(2)
	.byte	18                              @ Abbreviation Code
	.byte	29                              @ DW_TAG_inlined_subroutine
	.byte	0                               @ DW_CHILDREN_no
	.byte	49                              @ DW_AT_abstract_origin
	.byte	19                              @ DW_FORM_ref4
	.byte	85                              @ DW_AT_ranges
	.byte	23                              @ DW_FORM_sec_offset
	.byte	88                              @ DW_AT_call_file
	.byte	11                              @ DW_FORM_data1
	.byte	89                              @ DW_AT_call_line
	.byte	11                              @ DW_FORM_data1
	.byte	87                              @ DW_AT_call_column
	.byte	11                              @ DW_FORM_data1
	.byte	0                               @ EOM(1)
	.byte	0                               @ EOM(2)
	.byte	19                              @ Abbreviation Code
	.byte	29                              @ DW_TAG_inlined_subroutine
	.byte	1                               @ DW_CHILDREN_yes
	.byte	49                              @ DW_AT_abstract_origin
	.byte	19                              @ DW_FORM_ref4
	.byte	85                              @ DW_AT_ranges
	.byte	23                              @ DW_FORM_sec_offset
	.byte	88                              @ DW_AT_call_file
	.byte	11                              @ DW_FORM_data1
	.byte	89                              @ DW_AT_call_line
	.byte	11                              @ DW_FORM_data1
	.byte	87                              @ DW_AT_call_column
	.byte	11                              @ DW_FORM_data1
	.byte	0                               @ EOM(1)
	.byte	0                               @ EOM(2)
	.byte	20                              @ Abbreviation Code
	.byte	5                               @ DW_TAG_formal_parameter
	.byte	0                               @ DW_CHILDREN_no
	.byte	2                               @ DW_AT_location
	.byte	23                              @ DW_FORM_sec_offset
	.byte	49                              @ DW_AT_abstract_origin
	.byte	19                              @ DW_FORM_ref4
	.byte	0                               @ EOM(1)
	.byte	0                               @ EOM(2)
	.byte	21                              @ Abbreviation Code
	.byte	52                              @ DW_TAG_variable
	.byte	0                               @ DW_CHILDREN_no
	.byte	2                               @ DW_AT_location
	.byte	24                              @ DW_FORM_exprloc
	.byte	49                              @ DW_AT_abstract_origin
	.byte	19                              @ DW_FORM_ref4
	.byte	0                               @ EOM(1)
	.byte	0                               @ EOM(2)
	.byte	22                              @ Abbreviation Code
	.byte	29                              @ DW_TAG_inlined_subroutine
	.byte	1                               @ DW_CHILDREN_yes
	.byte	49                              @ DW_AT_abstract_origin
	.byte	19                              @ DW_FORM_ref4
	.byte	17                              @ DW_AT_low_pc
	.byte	1                               @ DW_FORM_addr
	.byte	18                              @ DW_AT_high_pc
	.byte	6                               @ DW_FORM_data4
	.byte	88                              @ DW_AT_call_file
	.byte	11                              @ DW_FORM_data1
	.byte	89                              @ DW_AT_call_line
	.byte	11                              @ DW_FORM_data1
	.byte	87                              @ DW_AT_call_column
	.byte	11                              @ DW_FORM_data1
	.byte	0                               @ EOM(1)
	.byte	0                               @ EOM(2)
	.byte	23                              @ Abbreviation Code
	.byte	52                              @ DW_TAG_variable
	.byte	0                               @ DW_CHILDREN_no
	.byte	28                              @ DW_AT_const_value
	.byte	15                              @ DW_FORM_udata
	.byte	49                              @ DW_AT_abstract_origin
	.byte	19                              @ DW_FORM_ref4
	.byte	0                               @ EOM(1)
	.byte	0                               @ EOM(2)
	.byte	24                              @ Abbreviation Code
	.byte	5                               @ DW_TAG_formal_parameter
	.byte	0                               @ DW_CHILDREN_no
	.byte	28                              @ DW_AT_const_value
	.byte	13                              @ DW_FORM_sdata
	.byte	49                              @ DW_AT_abstract_origin
	.byte	19                              @ DW_FORM_ref4
	.byte	0                               @ EOM(1)
	.byte	0                               @ EOM(2)
	.byte	25                              @ Abbreviation Code
	.byte	29                              @ DW_TAG_inlined_subroutine
	.byte	0                               @ DW_CHILDREN_no
	.byte	49                              @ DW_AT_abstract_origin
	.byte	19                              @ DW_FORM_ref4
	.byte	17                              @ DW_AT_low_pc
	.byte	1                               @ DW_FORM_addr
	.byte	18                              @ DW_AT_high_pc
	.byte	6                               @ DW_FORM_data4
	.byte	88                              @ DW_AT_call_file
	.byte	11                              @ DW_FORM_data1
	.byte	89                              @ DW_AT_call_line
	.byte	11                              @ DW_FORM_data1
	.byte	0                               @ EOM(1)
	.byte	0                               @ EOM(2)
	.byte	26                              @ Abbreviation Code
	.byte	22                              @ DW_TAG_typedef
	.byte	0                               @ DW_CHILDREN_no
	.byte	73                              @ DW_AT_type
	.byte	19                              @ DW_FORM_ref4
	.byte	3                               @ DW_AT_name
	.byte	14                              @ DW_FORM_strp
	.byte	58                              @ DW_AT_decl_file
	.byte	11                              @ DW_FORM_data1
	.byte	59                              @ DW_AT_decl_line
	.byte	11                              @ DW_FORM_data1
	.byte	0                               @ EOM(1)
	.byte	0                               @ EOM(2)
	.byte	27                              @ Abbreviation Code
	.byte	52                              @ DW_TAG_variable
	.byte	0                               @ DW_CHILDREN_no
	.byte	3                               @ DW_AT_name
	.byte	14                              @ DW_FORM_strp
	.byte	73                              @ DW_AT_type
	.byte	19                              @ DW_FORM_ref4
	.byte	58                              @ DW_AT_decl_file
	.byte	11                              @ DW_FORM_data1
	.byte	59                              @ DW_AT_decl_line
	.byte	11                              @ DW_FORM_data1
	.byte	2                               @ DW_AT_location
	.byte	24                              @ DW_FORM_exprloc
	.byte	110                             @ DW_AT_linkage_name
	.byte	14                              @ DW_FORM_strp
	.byte	0                               @ EOM(1)
	.byte	0                               @ EOM(2)
	.byte	28                              @ Abbreviation Code
	.byte	19                              @ DW_TAG_structure_type
	.byte	1                               @ DW_CHILDREN_yes
	.byte	54                              @ DW_AT_calling_convention
	.byte	11                              @ DW_FORM_data1
	.byte	11                              @ DW_AT_byte_size
	.byte	5                               @ DW_FORM_data2
	.byte	58                              @ DW_AT_decl_file
	.byte	11                              @ DW_FORM_data1
	.byte	59                              @ DW_AT_decl_line
	.byte	11                              @ DW_FORM_data1
	.byte	0                               @ EOM(1)
	.byte	0                               @ EOM(2)
	.byte	29                              @ Abbreviation Code
	.byte	13                              @ DW_TAG_member
	.byte	0                               @ DW_CHILDREN_no
	.byte	3                               @ DW_AT_name
	.byte	14                              @ DW_FORM_strp
	.byte	73                              @ DW_AT_type
	.byte	19                              @ DW_FORM_ref4
	.byte	58                              @ DW_AT_decl_file
	.byte	11                              @ DW_FORM_data1
	.byte	59                              @ DW_AT_decl_line
	.byte	11                              @ DW_FORM_data1
	.byte	56                              @ DW_AT_data_member_location
	.byte	11                              @ DW_FORM_data1
	.byte	0                               @ EOM(1)
	.byte	0                               @ EOM(2)
	.byte	30                              @ Abbreviation Code
	.byte	19                              @ DW_TAG_structure_type
	.byte	1                               @ DW_CHILDREN_yes
	.byte	54                              @ DW_AT_calling_convention
	.byte	11                              @ DW_FORM_data1
	.byte	11                              @ DW_AT_byte_size
	.byte	11                              @ DW_FORM_data1
	.byte	58                              @ DW_AT_decl_file
	.byte	11                              @ DW_FORM_data1
	.byte	59                              @ DW_AT_decl_line
	.byte	11                              @ DW_FORM_data1
	.byte	0                               @ EOM(1)
	.byte	0                               @ EOM(2)
	.byte	31                              @ Abbreviation Code
	.byte	15                              @ DW_TAG_pointer_type
	.byte	0                               @ DW_CHILDREN_no
	.byte	73                              @ DW_AT_type
	.byte	19                              @ DW_FORM_ref4
	.byte	0                               @ EOM(1)
	.byte	0                               @ EOM(2)
	.byte	32                              @ Abbreviation Code
	.byte	19                              @ DW_TAG_structure_type
	.byte	0                               @ DW_CHILDREN_no
	.byte	60                              @ DW_AT_declaration
	.byte	25                              @ DW_FORM_flag_present
	.byte	0                               @ EOM(1)
	.byte	0                               @ EOM(2)
	.byte	33                              @ Abbreviation Code
	.byte	33                              @ DW_TAG_subrange_type
	.byte	0                               @ DW_CHILDREN_no
	.byte	73                              @ DW_AT_type
	.byte	19                              @ DW_FORM_ref4
	.byte	55                              @ DW_AT_count
	.byte	5                               @ DW_FORM_data2
	.byte	0                               @ EOM(1)
	.byte	0                               @ EOM(2)
	.byte	34                              @ Abbreviation Code
	.byte	52                              @ DW_TAG_variable
	.byte	0                               @ DW_CHILDREN_no
	.byte	3                               @ DW_AT_name
	.byte	14                              @ DW_FORM_strp
	.byte	73                              @ DW_AT_type
	.byte	19                              @ DW_FORM_ref4
	.byte	58                              @ DW_AT_decl_file
	.byte	11                              @ DW_FORM_data1
	.byte	59                              @ DW_AT_decl_line
	.byte	11                              @ DW_FORM_data1
	.ascii	"\210\001"                      @ DW_AT_alignment
	.byte	15                              @ DW_FORM_udata
	.byte	2                               @ DW_AT_location
	.byte	24                              @ DW_FORM_exprloc
	.byte	110                             @ DW_AT_linkage_name
	.byte	14                              @ DW_FORM_strp
	.byte	0                               @ EOM(1)
	.byte	0                               @ EOM(2)
	.byte	35                              @ Abbreviation Code
	.byte	46                              @ DW_TAG_subprogram
	.byte	1                               @ DW_CHILDREN_yes
	.byte	0                               @ EOM(1)
	.byte	0                               @ EOM(2)
	.byte	36                              @ Abbreviation Code
	.byte	52                              @ DW_TAG_variable
	.byte	0                               @ DW_CHILDREN_no
	.byte	73                              @ DW_AT_type
	.byte	19                              @ DW_FORM_ref4
	.byte	58                              @ DW_AT_decl_file
	.byte	11                              @ DW_FORM_data1
	.byte	59                              @ DW_AT_decl_line
	.byte	11                              @ DW_FORM_data1
	.byte	2                               @ DW_AT_location
	.byte	24                              @ DW_FORM_exprloc
	.byte	0                               @ EOM(1)
	.byte	0                               @ EOM(2)
	.byte	37                              @ Abbreviation Code
	.byte	4                               @ DW_TAG_enumeration_type
	.byte	1                               @ DW_CHILDREN_yes
	.byte	73                              @ DW_AT_type
	.byte	19                              @ DW_FORM_ref4
	.byte	11                              @ DW_AT_byte_size
	.byte	11                              @ DW_FORM_data1
	.byte	58                              @ DW_AT_decl_file
	.byte	11                              @ DW_FORM_data1
	.byte	59                              @ DW_AT_decl_line
	.byte	5                               @ DW_FORM_data2
	.byte	0                               @ EOM(1)
	.byte	0                               @ EOM(2)
	.byte	38                              @ Abbreviation Code
	.byte	40                              @ DW_TAG_enumerator
	.byte	0                               @ DW_CHILDREN_no
	.byte	3                               @ DW_AT_name
	.byte	14                              @ DW_FORM_strp
	.byte	28                              @ DW_AT_const_value
	.byte	15                              @ DW_FORM_udata
	.byte	0                               @ EOM(1)
	.byte	0                               @ EOM(2)
	.byte	39                              @ Abbreviation Code
	.byte	22                              @ DW_TAG_typedef
	.byte	0                               @ DW_CHILDREN_no
	.byte	73                              @ DW_AT_type
	.byte	19                              @ DW_FORM_ref4
	.byte	3                               @ DW_AT_name
	.byte	14                              @ DW_FORM_strp
	.byte	58                              @ DW_AT_decl_file
	.byte	11                              @ DW_FORM_data1
	.byte	59                              @ DW_AT_decl_line
	.byte	5                               @ DW_FORM_data2
	.byte	0                               @ EOM(1)
	.byte	0                               @ EOM(2)
	.byte	40                              @ Abbreviation Code
	.byte	13                              @ DW_TAG_member
	.byte	0                               @ DW_CHILDREN_no
	.byte	3                               @ DW_AT_name
	.byte	14                              @ DW_FORM_strp
	.byte	73                              @ DW_AT_type
	.byte	19                              @ DW_FORM_ref4
	.byte	58                              @ DW_AT_decl_file
	.byte	11                              @ DW_FORM_data1
	.byte	59                              @ DW_AT_decl_line
	.byte	5                               @ DW_FORM_data2
	.byte	56                              @ DW_AT_data_member_location
	.byte	11                              @ DW_FORM_data1
	.byte	0                               @ EOM(1)
	.byte	0                               @ EOM(2)
	.byte	41                              @ Abbreviation Code
	.byte	53                              @ DW_TAG_volatile_type
	.byte	0                               @ DW_CHILDREN_no
	.byte	73                              @ DW_AT_type
	.byte	19                              @ DW_FORM_ref4
	.byte	0                               @ EOM(1)
	.byte	0                               @ EOM(2)
	.byte	42                              @ Abbreviation Code
	.byte	13                              @ DW_TAG_member
	.byte	0                               @ DW_CHILDREN_no
	.byte	3                               @ DW_AT_name
	.byte	14                              @ DW_FORM_strp
	.byte	73                              @ DW_AT_type
	.byte	19                              @ DW_FORM_ref4
	.byte	58                              @ DW_AT_decl_file
	.byte	11                              @ DW_FORM_data1
	.byte	59                              @ DW_AT_decl_line
	.byte	5                               @ DW_FORM_data2
	.byte	56                              @ DW_AT_data_member_location
	.byte	5                               @ DW_FORM_data2
	.byte	0                               @ EOM(1)
	.byte	0                               @ EOM(2)
	.byte	43                              @ Abbreviation Code
	.byte	19                              @ DW_TAG_structure_type
	.byte	1                               @ DW_CHILDREN_yes
	.byte	54                              @ DW_AT_calling_convention
	.byte	11                              @ DW_FORM_data1
	.byte	11                              @ DW_AT_byte_size
	.byte	5                               @ DW_FORM_data2
	.byte	58                              @ DW_AT_decl_file
	.byte	11                              @ DW_FORM_data1
	.byte	59                              @ DW_AT_decl_line
	.byte	5                               @ DW_FORM_data2
	.byte	0                               @ EOM(1)
	.byte	0                               @ EOM(2)
	.byte	44                              @ Abbreviation Code
	.byte	46                              @ DW_TAG_subprogram
	.byte	1                               @ DW_CHILDREN_yes
	.byte	110                             @ DW_AT_linkage_name
	.byte	14                              @ DW_FORM_strp
	.byte	3                               @ DW_AT_name
	.byte	14                              @ DW_FORM_strp
	.byte	58                              @ DW_AT_decl_file
	.byte	11                              @ DW_FORM_data1
	.byte	59                              @ DW_AT_decl_line
	.byte	5                               @ DW_FORM_data2
	.byte	32                              @ DW_AT_inline
	.byte	11                              @ DW_FORM_data1
	.byte	0                               @ EOM(1)
	.byte	0                               @ EOM(2)
	.byte	45                              @ Abbreviation Code
	.byte	52                              @ DW_TAG_variable
	.byte	0                               @ DW_CHILDREN_no
	.byte	3                               @ DW_AT_name
	.byte	14                              @ DW_FORM_strp
	.byte	58                              @ DW_AT_decl_file
	.byte	11                              @ DW_FORM_data1
	.byte	59                              @ DW_AT_decl_line
	.byte	5                               @ DW_FORM_data2
	.byte	73                              @ DW_AT_type
	.byte	19                              @ DW_FORM_ref4
	.byte	0                               @ EOM(1)
	.byte	0                               @ EOM(2)
	.byte	46                              @ Abbreviation Code
	.byte	46                              @ DW_TAG_subprogram
	.byte	0                               @ DW_CHILDREN_no
	.byte	110                             @ DW_AT_linkage_name
	.byte	14                              @ DW_FORM_strp
	.byte	3                               @ DW_AT_name
	.byte	14                              @ DW_FORM_strp
	.byte	58                              @ DW_AT_decl_file
	.byte	11                              @ DW_FORM_data1
	.byte	59                              @ DW_AT_decl_line
	.byte	11                              @ DW_FORM_data1
	.byte	32                              @ DW_AT_inline
	.byte	11                              @ DW_FORM_data1
	.byte	0                               @ EOM(1)
	.byte	0                               @ EOM(2)
	.byte	47                              @ Abbreviation Code
	.byte	46                              @ DW_TAG_subprogram
	.byte	1                               @ DW_CHILDREN_yes
	.byte	110                             @ DW_AT_linkage_name
	.byte	14                              @ DW_FORM_strp
	.byte	3                               @ DW_AT_name
	.byte	14                              @ DW_FORM_strp
	.byte	58                              @ DW_AT_decl_file
	.byte	11                              @ DW_FORM_data1
	.byte	59                              @ DW_AT_decl_line
	.byte	11                              @ DW_FORM_data1
	.byte	32                              @ DW_AT_inline
	.byte	11                              @ DW_FORM_data1
	.byte	0                               @ EOM(1)
	.byte	0                               @ EOM(2)
	.byte	48                              @ Abbreviation Code
	.byte	11                              @ DW_TAG_lexical_block
	.byte	1                               @ DW_CHILDREN_yes
	.byte	0                               @ EOM(1)
	.byte	0                               @ EOM(2)
	.byte	49                              @ Abbreviation Code
	.byte	52                              @ DW_TAG_variable
	.byte	0                               @ DW_CHILDREN_no
	.byte	3                               @ DW_AT_name
	.byte	14                              @ DW_FORM_strp
	.byte	58                              @ DW_AT_decl_file
	.byte	11                              @ DW_FORM_data1
	.byte	59                              @ DW_AT_decl_line
	.byte	11                              @ DW_FORM_data1
	.byte	73                              @ DW_AT_type
	.byte	19                              @ DW_FORM_ref4
	.byte	0                               @ EOM(1)
	.byte	0                               @ EOM(2)
	.byte	50                              @ Abbreviation Code
	.byte	5                               @ DW_TAG_formal_parameter
	.byte	0                               @ DW_CHILDREN_no
	.byte	3                               @ DW_AT_name
	.byte	14                              @ DW_FORM_strp
	.byte	58                              @ DW_AT_decl_file
	.byte	11                              @ DW_FORM_data1
	.byte	59                              @ DW_AT_decl_line
	.byte	11                              @ DW_FORM_data1
	.byte	73                              @ DW_AT_type
	.byte	19                              @ DW_FORM_ref4
	.byte	0                               @ EOM(1)
	.byte	0                               @ EOM(2)
	.byte	51                              @ Abbreviation Code
	.byte	5                               @ DW_TAG_formal_parameter
	.byte	0                               @ DW_CHILDREN_no
	.byte	3                               @ DW_AT_name
	.byte	14                              @ DW_FORM_strp
	.byte	58                              @ DW_AT_decl_file
	.byte	11                              @ DW_FORM_data1
	.byte	59                              @ DW_AT_decl_line
	.byte	5                               @ DW_FORM_data2
	.byte	73                              @ DW_AT_type
	.byte	19                              @ DW_FORM_ref4
	.byte	0                               @ EOM(1)
	.byte	0                               @ EOM(2)
	.byte	52                              @ Abbreviation Code
	.byte	46                              @ DW_TAG_subprogram
	.byte	1                               @ DW_CHILDREN_yes
	.byte	17                              @ DW_AT_low_pc
	.byte	1                               @ DW_FORM_addr
	.byte	18                              @ DW_AT_high_pc
	.byte	6                               @ DW_FORM_data4
	.byte	64                              @ DW_AT_frame_base
	.byte	24                              @ DW_FORM_exprloc
	.ascii	"\227B"                         @ DW_AT_GNU_all_call_sites
	.byte	25                              @ DW_FORM_flag_present
	.byte	3                               @ DW_AT_name
	.byte	14                              @ DW_FORM_strp
	.byte	58                              @ DW_AT_decl_file
	.byte	11                              @ DW_FORM_data1
	.byte	59                              @ DW_AT_decl_line
	.byte	5                               @ DW_FORM_data2
	.byte	73                              @ DW_AT_type
	.byte	19                              @ DW_FORM_ref4
	.byte	63                              @ DW_AT_external
	.byte	25                              @ DW_FORM_flag_present
	.byte	0                               @ EOM(1)
	.byte	0                               @ EOM(2)
	.byte	53                              @ Abbreviation Code
	.byte	5                               @ DW_TAG_formal_parameter
	.byte	0                               @ DW_CHILDREN_no
	.byte	28                              @ DW_AT_const_value
	.byte	15                              @ DW_FORM_udata
	.byte	49                              @ DW_AT_abstract_origin
	.byte	19                              @ DW_FORM_ref4
	.byte	0                               @ EOM(1)
	.byte	0                               @ EOM(2)
	.byte	54                              @ Abbreviation Code
	.byte	29                              @ DW_TAG_inlined_subroutine
	.byte	1                               @ DW_CHILDREN_yes
	.byte	49                              @ DW_AT_abstract_origin
	.byte	19                              @ DW_FORM_ref4
	.byte	85                              @ DW_AT_ranges
	.byte	23                              @ DW_FORM_sec_offset
	.byte	88                              @ DW_AT_call_file
	.byte	11                              @ DW_FORM_data1
	.byte	89                              @ DW_AT_call_line
	.byte	5                               @ DW_FORM_data2
	.byte	87                              @ DW_AT_call_column
	.byte	11                              @ DW_FORM_data1
	.byte	0                               @ EOM(1)
	.byte	0                               @ EOM(2)
	.byte	55                              @ Abbreviation Code
	.byte	46                              @ DW_TAG_subprogram
	.byte	0                               @ DW_CHILDREN_no
	.byte	110                             @ DW_AT_linkage_name
	.byte	14                              @ DW_FORM_strp
	.byte	3                               @ DW_AT_name
	.byte	14                              @ DW_FORM_strp
	.byte	58                              @ DW_AT_decl_file
	.byte	11                              @ DW_FORM_data1
	.byte	59                              @ DW_AT_decl_line
	.byte	5                               @ DW_FORM_data2
	.byte	32                              @ DW_AT_inline
	.byte	11                              @ DW_FORM_data1
	.byte	0                               @ EOM(1)
	.byte	0                               @ EOM(2)
	.byte	56                              @ Abbreviation Code
	.byte	46                              @ DW_TAG_subprogram
	.byte	0                               @ DW_CHILDREN_no
	.byte	110                             @ DW_AT_linkage_name
	.byte	14                              @ DW_FORM_strp
	.byte	3                               @ DW_AT_name
	.byte	14                              @ DW_FORM_strp
	.byte	58                              @ DW_AT_decl_file
	.byte	11                              @ DW_FORM_data1
	.byte	59                              @ DW_AT_decl_line
	.byte	11                              @ DW_FORM_data1
	.byte	73                              @ DW_AT_type
	.byte	19                              @ DW_FORM_ref4
	.byte	32                              @ DW_AT_inline
	.byte	11                              @ DW_FORM_data1
	.byte	0                               @ EOM(1)
	.byte	0                               @ EOM(2)
	.byte	57                              @ Abbreviation Code
	.byte	46                              @ DW_TAG_subprogram
	.byte	1                               @ DW_CHILDREN_yes
	.byte	110                             @ DW_AT_linkage_name
	.byte	14                              @ DW_FORM_strp
	.byte	3                               @ DW_AT_name
	.byte	14                              @ DW_FORM_strp
	.byte	58                              @ DW_AT_decl_file
	.byte	11                              @ DW_FORM_data1
	.byte	59                              @ DW_AT_decl_line
	.byte	11                              @ DW_FORM_data1
	.byte	73                              @ DW_AT_type
	.byte	19                              @ DW_FORM_ref4
	.byte	32                              @ DW_AT_inline
	.byte	11                              @ DW_FORM_data1
	.byte	0                               @ EOM(1)
	.byte	0                               @ EOM(2)
	.byte	58                              @ Abbreviation Code
	.byte	5                               @ DW_TAG_formal_parameter
	.byte	0                               @ DW_CHILDREN_no
	.byte	2                               @ DW_AT_location
	.byte	23                              @ DW_FORM_sec_offset
	.byte	3                               @ DW_AT_name
	.byte	14                              @ DW_FORM_strp
	.byte	58                              @ DW_AT_decl_file
	.byte	11                              @ DW_FORM_data1
	.byte	59                              @ DW_AT_decl_line
	.byte	5                               @ DW_FORM_data2
	.byte	73                              @ DW_AT_type
	.byte	19                              @ DW_FORM_ref4
	.byte	0                               @ EOM(1)
	.byte	0                               @ EOM(2)
	.byte	59                              @ Abbreviation Code
	.byte	52                              @ DW_TAG_variable
	.byte	0                               @ DW_CHILDREN_no
	.byte	2                               @ DW_AT_location
	.byte	24                              @ DW_FORM_exprloc
	.byte	3                               @ DW_AT_name
	.byte	14                              @ DW_FORM_strp
	.byte	58                              @ DW_AT_decl_file
	.byte	11                              @ DW_FORM_data1
	.byte	59                              @ DW_AT_decl_line
	.byte	5                               @ DW_FORM_data2
	.byte	73                              @ DW_AT_type
	.byte	19                              @ DW_FORM_ref4
	.byte	0                               @ EOM(1)
	.byte	0                               @ EOM(2)
	.byte	60                              @ Abbreviation Code
	.byte	29                              @ DW_TAG_inlined_subroutine
	.byte	0                               @ DW_CHILDREN_no
	.byte	49                              @ DW_AT_abstract_origin
	.byte	19                              @ DW_FORM_ref4
	.byte	85                              @ DW_AT_ranges
	.byte	23                              @ DW_FORM_sec_offset
	.byte	88                              @ DW_AT_call_file
	.byte	11                              @ DW_FORM_data1
	.byte	89                              @ DW_AT_call_line
	.byte	5                               @ DW_FORM_data2
	.byte	87                              @ DW_AT_call_column
	.byte	11                              @ DW_FORM_data1
	.byte	0                               @ EOM(1)
	.byte	0                               @ EOM(2)
	.byte	61                              @ Abbreviation Code
	.byte	46                              @ DW_TAG_subprogram
	.byte	1                               @ DW_CHILDREN_yes
	.byte	110                             @ DW_AT_linkage_name
	.byte	14                              @ DW_FORM_strp
	.byte	3                               @ DW_AT_name
	.byte	14                              @ DW_FORM_strp
	.byte	58                              @ DW_AT_decl_file
	.byte	11                              @ DW_FORM_data1
	.byte	59                              @ DW_AT_decl_line
	.byte	5                               @ DW_FORM_data2
	.byte	73                              @ DW_AT_type
	.byte	19                              @ DW_FORM_ref4
	.byte	32                              @ DW_AT_inline
	.byte	11                              @ DW_FORM_data1
	.byte	0                               @ EOM(1)
	.byte	0                               @ EOM(2)
	.byte	62                              @ Abbreviation Code
	.byte	53                              @ DW_TAG_volatile_type
	.byte	0                               @ DW_CHILDREN_no
	.byte	0                               @ EOM(1)
	.byte	0                               @ EOM(2)
	.byte	63                              @ Abbreviation Code
	.byte	8                               @ DW_TAG_imported_declaration
	.byte	0                               @ DW_CHILDREN_no
	.byte	58                              @ DW_AT_decl_file
	.byte	11                              @ DW_FORM_data1
	.byte	59                              @ DW_AT_decl_line
	.byte	5                               @ DW_FORM_data2
	.byte	24                              @ DW_AT_import
	.byte	19                              @ DW_FORM_ref4
	.byte	0                               @ EOM(1)
	.byte	0                               @ EOM(2)
	.byte	64                              @ Abbreviation Code
	.byte	19                              @ DW_TAG_structure_type
	.byte	0                               @ DW_CHILDREN_no
	.byte	3                               @ DW_AT_name
	.byte	14                              @ DW_FORM_strp
	.byte	60                              @ DW_AT_declaration
	.byte	25                              @ DW_FORM_flag_present
	.byte	0                               @ EOM(1)
	.byte	0                               @ EOM(2)
	.byte	65                              @ Abbreviation Code
	.byte	46                              @ DW_TAG_subprogram
	.byte	1                               @ DW_CHILDREN_yes
	.byte	3                               @ DW_AT_name
	.byte	14                              @ DW_FORM_strp
	.byte	58                              @ DW_AT_decl_file
	.byte	11                              @ DW_FORM_data1
	.byte	59                              @ DW_AT_decl_line
	.byte	11                              @ DW_FORM_data1
	.byte	73                              @ DW_AT_type
	.byte	19                              @ DW_FORM_ref4
	.byte	60                              @ DW_AT_declaration
	.byte	25                              @ DW_FORM_flag_present
	.byte	63                              @ DW_AT_external
	.byte	25                              @ DW_FORM_flag_present
	.byte	0                               @ EOM(1)
	.byte	0                               @ EOM(2)
	.byte	66                              @ Abbreviation Code
	.byte	5                               @ DW_TAG_formal_parameter
	.byte	0                               @ DW_CHILDREN_no
	.byte	73                              @ DW_AT_type
	.byte	19                              @ DW_FORM_ref4
	.byte	0                               @ EOM(1)
	.byte	0                               @ EOM(2)
	.byte	67                              @ Abbreviation Code
	.byte	46                              @ DW_TAG_subprogram
	.byte	0                               @ DW_CHILDREN_no
	.byte	3                               @ DW_AT_name
	.byte	14                              @ DW_FORM_strp
	.byte	58                              @ DW_AT_decl_file
	.byte	11                              @ DW_FORM_data1
	.byte	59                              @ DW_AT_decl_line
	.byte	11                              @ DW_FORM_data1
	.byte	73                              @ DW_AT_type
	.byte	19                              @ DW_FORM_ref4
	.byte	60                              @ DW_AT_declaration
	.byte	25                              @ DW_FORM_flag_present
	.byte	63                              @ DW_AT_external
	.byte	25                              @ DW_FORM_flag_present
	.byte	0                               @ EOM(1)
	.byte	0                               @ EOM(2)
	.byte	68                              @ Abbreviation Code
	.byte	46                              @ DW_TAG_subprogram
	.byte	1                               @ DW_CHILDREN_yes
	.byte	3                               @ DW_AT_name
	.byte	14                              @ DW_FORM_strp
	.byte	58                              @ DW_AT_decl_file
	.byte	11                              @ DW_FORM_data1
	.byte	59                              @ DW_AT_decl_line
	.byte	5                               @ DW_FORM_data2
	.byte	73                              @ DW_AT_type
	.byte	19                              @ DW_FORM_ref4
	.byte	60                              @ DW_AT_declaration
	.byte	25                              @ DW_FORM_flag_present
	.byte	63                              @ DW_AT_external
	.byte	25                              @ DW_FORM_flag_present
	.byte	0                               @ EOM(1)
	.byte	0                               @ EOM(2)
	.byte	69                              @ Abbreviation Code
	.byte	55                              @ DW_TAG_restrict_type
	.byte	0                               @ DW_CHILDREN_no
	.byte	73                              @ DW_AT_type
	.byte	19                              @ DW_FORM_ref4
	.byte	0                               @ EOM(1)
	.byte	0                               @ EOM(2)
	.byte	70                              @ Abbreviation Code
	.byte	46                              @ DW_TAG_subprogram
	.byte	1                               @ DW_CHILDREN_yes
	.byte	3                               @ DW_AT_name
	.byte	14                              @ DW_FORM_strp
	.byte	58                              @ DW_AT_decl_file
	.byte	11                              @ DW_FORM_data1
	.byte	59                              @ DW_AT_decl_line
	.byte	5                               @ DW_FORM_data2
	.byte	60                              @ DW_AT_declaration
	.byte	25                              @ DW_FORM_flag_present
	.byte	63                              @ DW_AT_external
	.byte	25                              @ DW_FORM_flag_present
	.byte	0                               @ EOM(1)
	.byte	0                               @ EOM(2)
	.byte	71                              @ Abbreviation Code
	.byte	24                              @ DW_TAG_unspecified_parameters
	.byte	0                               @ DW_CHILDREN_no
	.byte	0                               @ EOM(1)
	.byte	0                               @ EOM(2)
	.byte	72                              @ Abbreviation Code
	.byte	22                              @ DW_TAG_typedef
	.byte	0                               @ DW_CHILDREN_no
	.byte	73                              @ DW_AT_type
	.byte	19                              @ DW_FORM_ref4
	.byte	3                               @ DW_AT_name
	.byte	14                              @ DW_FORM_strp
	.byte	0                               @ EOM(1)
	.byte	0                               @ EOM(2)
	.byte	73                              @ Abbreviation Code
	.byte	57                              @ DW_TAG_namespace
	.byte	1                               @ DW_CHILDREN_yes
	.byte	3                               @ DW_AT_name
	.byte	14                              @ DW_FORM_strp
	.byte	0                               @ EOM(1)
	.byte	0                               @ EOM(2)
	.byte	74                              @ Abbreviation Code
	.byte	57                              @ DW_TAG_namespace
	.byte	1                               @ DW_CHILDREN_yes
	.byte	3                               @ DW_AT_name
	.byte	14                              @ DW_FORM_strp
	.ascii	"\211\001"                      @ DW_AT_export_symbols
	.byte	25                              @ DW_FORM_flag_present
	.byte	0                               @ EOM(1)
	.byte	0                               @ EOM(2)
	.byte	75                              @ Abbreviation Code
	.byte	8                               @ DW_TAG_imported_declaration
	.byte	0                               @ DW_CHILDREN_no
	.byte	58                              @ DW_AT_decl_file
	.byte	11                              @ DW_FORM_data1
	.byte	59                              @ DW_AT_decl_line
	.byte	11                              @ DW_FORM_data1
	.byte	24                              @ DW_AT_import
	.byte	19                              @ DW_FORM_ref4
	.byte	0                               @ EOM(1)
	.byte	0                               @ EOM(2)
	.byte	76                              @ Abbreviation Code
	.byte	46                              @ DW_TAG_subprogram
	.byte	0                               @ DW_CHILDREN_no
	.byte	3                               @ DW_AT_name
	.byte	14                              @ DW_FORM_strp
	.byte	58                              @ DW_AT_decl_file
	.byte	11                              @ DW_FORM_data1
	.byte	59                              @ DW_AT_decl_line
	.byte	5                               @ DW_FORM_data2
	.byte	73                              @ DW_AT_type
	.byte	19                              @ DW_FORM_ref4
	.byte	60                              @ DW_AT_declaration
	.byte	25                              @ DW_FORM_flag_present
	.byte	63                              @ DW_AT_external
	.byte	25                              @ DW_FORM_flag_present
	.byte	0                               @ EOM(1)
	.byte	0                               @ EOM(2)
	.byte	77                              @ Abbreviation Code
	.byte	15                              @ DW_TAG_pointer_type
	.byte	0                               @ DW_CHILDREN_no
	.byte	0                               @ EOM(1)
	.byte	0                               @ EOM(2)
	.byte	78                              @ Abbreviation Code
	.byte	38                              @ DW_TAG_const_type
	.byte	0                               @ DW_CHILDREN_no
	.byte	0                               @ EOM(1)
	.byte	0                               @ EOM(2)
	.byte	79                              @ Abbreviation Code
	.byte	46                              @ DW_TAG_subprogram
	.byte	0                               @ DW_CHILDREN_no
	.byte	3                               @ DW_AT_name
	.byte	14                              @ DW_FORM_strp
	.byte	58                              @ DW_AT_decl_file
	.byte	11                              @ DW_FORM_data1
	.byte	59                              @ DW_AT_decl_line
	.byte	5                               @ DW_FORM_data2
	.byte	60                              @ DW_AT_declaration
	.byte	25                              @ DW_FORM_flag_present
	.byte	63                              @ DW_AT_external
	.byte	25                              @ DW_FORM_flag_present
	.byte	0                               @ EOM(1)
	.byte	0                               @ EOM(2)
	.byte	80                              @ Abbreviation Code
	.byte	46                              @ DW_TAG_subprogram
	.byte	1                               @ DW_CHILDREN_yes
	.byte	110                             @ DW_AT_linkage_name
	.byte	14                              @ DW_FORM_strp
	.byte	3                               @ DW_AT_name
	.byte	14                              @ DW_FORM_strp
	.byte	58                              @ DW_AT_decl_file
	.byte	11                              @ DW_FORM_data1
	.byte	59                              @ DW_AT_decl_line
	.byte	11                              @ DW_FORM_data1
	.byte	73                              @ DW_AT_type
	.byte	19                              @ DW_FORM_ref4
	.byte	60                              @ DW_AT_declaration
	.byte	25                              @ DW_FORM_flag_present
	.byte	63                              @ DW_AT_external
	.byte	25                              @ DW_FORM_flag_present
	.byte	0                               @ EOM(1)
	.byte	0                               @ EOM(2)
	.byte	81                              @ Abbreviation Code
	.byte	46                              @ DW_TAG_subprogram
	.byte	1                               @ DW_CHILDREN_yes
	.byte	110                             @ DW_AT_linkage_name
	.byte	14                              @ DW_FORM_strp
	.byte	3                               @ DW_AT_name
	.byte	14                              @ DW_FORM_strp
	.byte	58                              @ DW_AT_decl_file
	.byte	11                              @ DW_FORM_data1
	.byte	59                              @ DW_AT_decl_line
	.byte	5                               @ DW_FORM_data2
	.byte	73                              @ DW_AT_type
	.byte	19                              @ DW_FORM_ref4
	.byte	60                              @ DW_AT_declaration
	.byte	25                              @ DW_FORM_flag_present
	.byte	63                              @ DW_AT_external
	.byte	25                              @ DW_FORM_flag_present
	.byte	0                               @ EOM(1)
	.byte	0                               @ EOM(2)
	.byte	82                              @ Abbreviation Code
	.byte	19                              @ DW_TAG_structure_type
	.byte	1                               @ DW_CHILDREN_yes
	.byte	54                              @ DW_AT_calling_convention
	.byte	11                              @ DW_FORM_data1
	.byte	3                               @ DW_AT_name
	.byte	14                              @ DW_FORM_strp
	.byte	11                              @ DW_AT_byte_size
	.byte	11                              @ DW_FORM_data1
	.byte	58                              @ DW_AT_decl_file
	.byte	11                              @ DW_FORM_data1
	.byte	59                              @ DW_AT_decl_line
	.byte	11                              @ DW_FORM_data1
	.byte	0                               @ EOM(1)
	.byte	0                               @ EOM(2)
	.byte	83                              @ Abbreviation Code
	.byte	21                              @ DW_TAG_subroutine_type
	.byte	1                               @ DW_CHILDREN_yes
	.byte	73                              @ DW_AT_type
	.byte	19                              @ DW_FORM_ref4
	.byte	0                               @ EOM(1)
	.byte	0                               @ EOM(2)
	.byte	84                              @ Abbreviation Code
	.byte	46                              @ DW_TAG_subprogram
	.byte	0                               @ DW_CHILDREN_no
	.byte	3                               @ DW_AT_name
	.byte	14                              @ DW_FORM_strp
	.byte	58                              @ DW_AT_decl_file
	.byte	11                              @ DW_FORM_data1
	.byte	59                              @ DW_AT_decl_line
	.byte	5                               @ DW_FORM_data2
	.byte	60                              @ DW_AT_declaration
	.byte	25                              @ DW_FORM_flag_present
	.byte	63                              @ DW_AT_external
	.byte	25                              @ DW_FORM_flag_present
	.ascii	"\207\001"                      @ DW_AT_noreturn
	.byte	25                              @ DW_FORM_flag_present
	.byte	0                               @ EOM(1)
	.byte	0                               @ EOM(2)
	.byte	85                              @ Abbreviation Code
	.byte	21                              @ DW_TAG_subroutine_type
	.byte	0                               @ DW_CHILDREN_no
	.byte	0                               @ EOM(1)
	.byte	0                               @ EOM(2)
	.byte	86                              @ Abbreviation Code
	.byte	46                              @ DW_TAG_subprogram
	.byte	1                               @ DW_CHILDREN_yes
	.byte	3                               @ DW_AT_name
	.byte	14                              @ DW_FORM_strp
	.byte	58                              @ DW_AT_decl_file
	.byte	11                              @ DW_FORM_data1
	.byte	59                              @ DW_AT_decl_line
	.byte	5                               @ DW_FORM_data2
	.byte	60                              @ DW_AT_declaration
	.byte	25                              @ DW_FORM_flag_present
	.byte	63                              @ DW_AT_external
	.byte	25                              @ DW_FORM_flag_present
	.ascii	"\207\001"                      @ DW_AT_noreturn
	.byte	25                              @ DW_FORM_flag_present
	.byte	0                               @ EOM(1)
	.byte	0                               @ EOM(2)
	.byte	0                               @ EOM(3)
	.section	.debug_info,"",%progbits
.Lcu_begin0:
	.long	.Ldebug_info_end0-.Ldebug_info_start0 @ Length of Unit
.Ldebug_info_start0:
	.short	4                               @ DWARF version number
	.long	.debug_abbrev                   @ Offset Into Abbrev. Section
	.byte	4                               @ Address Size (in bytes)
	.byte	1                               @ Abbrev [1] 0xb:0x3ee4 DW_TAG_compile_unit
	.long	.Linfo_string0                  @ DW_AT_producer
	.short	33                              @ DW_AT_language
	.long	.Linfo_string1                  @ DW_AT_name
	.long	.Lline_table_start0             @ DW_AT_stmt_list
	.long	.Linfo_string2                  @ DW_AT_comp_dir
	.long	0                               @ DW_AT_low_pc
	.long	.Ldebug_ranges12                @ DW_AT_ranges
	.byte	2                               @ Abbrev [2] 0x26:0x8 DW_TAG_variable
	.long	46                              @ DW_AT_type
	.byte	1                               @ DW_AT_decl_file
	.short	345                             @ DW_AT_decl_line
	.byte	3                               @ Abbrev [3] 0x2e:0xc DW_TAG_array_type
	.long	58                              @ DW_AT_type
	.byte	4                               @ Abbrev [4] 0x33:0x6 DW_TAG_subrange_type
	.long	70                              @ DW_AT_type
	.byte	17                              @ DW_AT_count
	.byte	0                               @ End Of Children Mark
	.byte	5                               @ Abbrev [5] 0x3a:0x5 DW_TAG_const_type
	.long	63                              @ DW_AT_type
	.byte	6                               @ Abbrev [6] 0x3f:0x7 DW_TAG_base_type
	.long	.Linfo_string3                  @ DW_AT_name
	.byte	8                               @ DW_AT_encoding
	.byte	1                               @ DW_AT_byte_size
	.byte	7                               @ Abbrev [7] 0x46:0x7 DW_TAG_base_type
	.long	.Linfo_string4                  @ DW_AT_name
	.byte	8                               @ DW_AT_byte_size
	.byte	7                               @ DW_AT_encoding
	.byte	2                               @ Abbrev [2] 0x4d:0x8 DW_TAG_variable
	.long	85                              @ DW_AT_type
	.byte	1                               @ DW_AT_decl_file
	.short	364                             @ DW_AT_decl_line
	.byte	3                               @ Abbrev [3] 0x55:0xc DW_TAG_array_type
	.long	58                              @ DW_AT_type
	.byte	4                               @ Abbrev [4] 0x5a:0x6 DW_TAG_subrange_type
	.long	70                              @ DW_AT_type
	.byte	25                              @ DW_AT_count
	.byte	0                               @ End Of Children Mark
	.byte	8                               @ Abbrev [8] 0x61:0xe DW_TAG_variable
	.long	111                             @ DW_AT_type
	.byte	1                               @ DW_AT_decl_file
	.short	371                             @ DW_AT_decl_line
	.byte	5                               @ DW_AT_location
	.byte	3
	.long	.L.str.2
	.byte	3                               @ Abbrev [3] 0x6f:0xc DW_TAG_array_type
	.long	58                              @ DW_AT_type
	.byte	4                               @ Abbrev [4] 0x74:0x6 DW_TAG_subrange_type
	.long	70                              @ DW_AT_type
	.byte	20                              @ DW_AT_count
	.byte	0                               @ End Of Children Mark
	.byte	8                               @ Abbrev [8] 0x7b:0xe DW_TAG_variable
	.long	85                              @ DW_AT_type
	.byte	1                               @ DW_AT_decl_file
	.short	375                             @ DW_AT_decl_line
	.byte	5                               @ DW_AT_location
	.byte	3
	.long	.L.str.3
	.byte	8                               @ Abbrev [8] 0x89:0xe DW_TAG_variable
	.long	111                             @ DW_AT_type
	.byte	1                               @ DW_AT_decl_file
	.short	378                             @ DW_AT_decl_line
	.byte	5                               @ DW_AT_location
	.byte	3
	.long	.L.str.4
	.byte	8                               @ Abbrev [8] 0x97:0xe DW_TAG_variable
	.long	165                             @ DW_AT_type
	.byte	1                               @ DW_AT_decl_file
	.short	380                             @ DW_AT_decl_line
	.byte	5                               @ DW_AT_location
	.byte	3
	.long	.L.str.5
	.byte	3                               @ Abbrev [3] 0xa5:0xc DW_TAG_array_type
	.long	58                              @ DW_AT_type
	.byte	4                               @ Abbrev [4] 0xaa:0x6 DW_TAG_subrange_type
	.long	70                              @ DW_AT_type
	.byte	24                              @ DW_AT_count
	.byte	0                               @ End Of Children Mark
	.byte	8                               @ Abbrev [8] 0xb1:0xe DW_TAG_variable
	.long	85                              @ DW_AT_type
	.byte	1                               @ DW_AT_decl_file
	.short	381                             @ DW_AT_decl_line
	.byte	5                               @ DW_AT_location
	.byte	3
	.long	.L.str.6
	.byte	8                               @ Abbrev [8] 0xbf:0xe DW_TAG_variable
	.long	205                             @ DW_AT_type
	.byte	1                               @ DW_AT_decl_file
	.short	384                             @ DW_AT_decl_line
	.byte	5                               @ DW_AT_location
	.byte	3
	.long	.L.str.7
	.byte	3                               @ Abbrev [3] 0xcd:0xc DW_TAG_array_type
	.long	58                              @ DW_AT_type
	.byte	4                               @ Abbrev [4] 0xd2:0x6 DW_TAG_subrange_type
	.long	70                              @ DW_AT_type
	.byte	54                              @ DW_AT_count
	.byte	0                               @ End Of Children Mark
	.byte	9                               @ Abbrev [9] 0xd9:0x22d DW_TAG_subprogram
	.long	.Lfunc_begin6                   @ DW_AT_low_pc
	.long	.Lfunc_end6-.Lfunc_begin6       @ DW_AT_high_pc
	.byte	1                               @ DW_AT_frame_base
	.byte	93
                                        @ DW_AT_GNU_all_call_sites
	.long	.Linfo_string662                @ DW_AT_name
	.byte	1                               @ DW_AT_decl_file
	.short	405                             @ DW_AT_decl_line
                                        @ DW_AT_external
	.byte	10                              @ Abbrev [10] 0xeb:0x12 DW_TAG_variable
	.long	.Linfo_string5                  @ DW_AT_name
	.long	774                             @ DW_AT_type
	.byte	1                               @ DW_AT_decl_file
	.short	409                             @ DW_AT_decl_line
	.byte	5                               @ DW_AT_location
	.byte	3
	.long	_ZZ14VoicePlay_PumpE8dbg_tick
	.byte	11                              @ Abbrev [11] 0xfd:0x11 DW_TAG_inlined_subroutine
	.long	7986                            @ DW_AT_abstract_origin
	.long	.Ltmp961                        @ DW_AT_low_pc
	.long	.Ltmp962-.Ltmp961               @ DW_AT_high_pc
	.byte	1                               @ DW_AT_call_file
	.short	410                             @ DW_AT_call_line
	.byte	10                              @ DW_AT_call_column
	.byte	12                              @ Abbrev [12] 0x10e:0x2a DW_TAG_lexical_block
	.long	.Ltmp970                        @ DW_AT_low_pc
	.long	.Ltmp975-.Ltmp970               @ DW_AT_high_pc
	.byte	13                              @ Abbrev [13] 0x117:0x10 DW_TAG_variable
	.long	.Ldebug_loc43                   @ DW_AT_location
	.long	.Linfo_string669                @ DW_AT_name
	.byte	1                               @ DW_AT_decl_file
	.short	428                             @ DW_AT_decl_line
	.long	1227                            @ DW_AT_type
	.byte	13                              @ Abbrev [13] 0x127:0x10 DW_TAG_variable
	.long	.Ldebug_loc44                   @ DW_AT_location
	.long	.Linfo_string670                @ DW_AT_name
	.byte	1                               @ DW_AT_decl_file
	.short	429                             @ DW_AT_decl_line
	.long	774                             @ DW_AT_type
	.byte	0                               @ End Of Children Mark
	.byte	11                              @ Abbrev [11] 0x138:0x11 DW_TAG_inlined_subroutine
	.long	7986                            @ DW_AT_abstract_origin
	.long	.Ltmp980                        @ DW_AT_low_pc
	.long	.Ltmp981-.Ltmp980               @ DW_AT_high_pc
	.byte	1                               @ DW_AT_call_file
	.short	440                             @ DW_AT_call_line
	.byte	9                               @ DW_AT_call_column
	.byte	11                              @ Abbrev [11] 0x149:0x11 DW_TAG_inlined_subroutine
	.long	7937                            @ DW_AT_abstract_origin
	.long	.Ltmp983                        @ DW_AT_low_pc
	.long	.Ltmp985-.Ltmp983               @ DW_AT_high_pc
	.byte	1                               @ DW_AT_call_file
	.short	441                             @ DW_AT_call_line
	.byte	24                              @ DW_AT_call_column
	.byte	12                              @ Abbrev [12] 0x15a:0x17a DW_TAG_lexical_block
	.long	.Ltmp987                        @ DW_AT_low_pc
	.long	.Ltmp1097-.Ltmp987              @ DW_AT_high_pc
	.byte	13                              @ Abbrev [13] 0x163:0x10 DW_TAG_variable
	.long	.Ldebug_loc45                   @ DW_AT_location
	.long	.Linfo_string405                @ DW_AT_name
	.byte	1                               @ DW_AT_decl_file
	.short	446                             @ DW_AT_decl_line
	.long	1658                            @ DW_AT_type
	.byte	12                              @ Abbrev [12] 0x173:0x160 DW_TAG_lexical_block
	.long	.Ltmp989                        @ DW_AT_low_pc
	.long	.Ltmp1097-.Ltmp989              @ DW_AT_high_pc
	.byte	13                              @ Abbrev [13] 0x17c:0x10 DW_TAG_variable
	.long	.Ldebug_loc53                   @ DW_AT_location
	.long	.Linfo_string671                @ DW_AT_name
	.byte	1                               @ DW_AT_decl_file
	.short	450                             @ DW_AT_decl_line
	.long	1227                            @ DW_AT_type
	.byte	11                              @ Abbrev [11] 0x18c:0x11 DW_TAG_inlined_subroutine
	.long	7986                            @ DW_AT_abstract_origin
	.long	.Ltmp991                        @ DW_AT_low_pc
	.long	.Ltmp992-.Ltmp991               @ DW_AT_high_pc
	.byte	1                               @ DW_AT_call_file
	.short	448                             @ DW_AT_call_line
	.byte	13                              @ DW_AT_call_column
	.byte	14                              @ Abbrev [14] 0x19d:0xf6 DW_TAG_inlined_subroutine
	.long	8587                            @ DW_AT_abstract_origin
	.long	.Ltmp996                        @ DW_AT_low_pc
	.long	.Ltmp1057-.Ltmp996              @ DW_AT_high_pc
	.byte	1                               @ DW_AT_call_file
	.short	450                             @ DW_AT_call_line
	.byte	22                              @ DW_AT_call_column
	.byte	15                              @ Abbrev [15] 0x1ae:0x7 DW_TAG_formal_parameter
	.byte	1                               @ DW_AT_location
	.byte	88
	.long	8604                            @ DW_AT_abstract_origin
	.byte	16                              @ Abbrev [16] 0x1b5:0x9 DW_TAG_variable
	.long	.Ldebug_loc46                   @ DW_AT_location
	.long	8616                            @ DW_AT_abstract_origin
	.byte	17                              @ Abbrev [17] 0x1be:0xc1 DW_TAG_lexical_block
	.long	.Ldebug_ranges8                 @ DW_AT_ranges
	.byte	16                              @ Abbrev [16] 0x1c3:0x9 DW_TAG_variable
	.long	.Ldebug_loc47                   @ DW_AT_location
	.long	8629                            @ DW_AT_abstract_origin
	.byte	16                              @ Abbrev [16] 0x1cc:0x9 DW_TAG_variable
	.long	.Ldebug_loc48                   @ DW_AT_location
	.long	8641                            @ DW_AT_abstract_origin
	.byte	16                              @ Abbrev [16] 0x1d5:0x9 DW_TAG_variable
	.long	.Ldebug_loc49                   @ DW_AT_location
	.long	8653                            @ DW_AT_abstract_origin
	.byte	14                              @ Abbrev [14] 0x1de:0x90 DW_TAG_inlined_subroutine
	.long	8725                            @ DW_AT_abstract_origin
	.long	.Ltmp1014                       @ DW_AT_low_pc
	.long	.Ltmp1051-.Ltmp1014             @ DW_AT_high_pc
	.byte	1                               @ DW_AT_call_file
	.short	268                             @ DW_AT_call_line
	.byte	18                              @ DW_AT_call_column
	.byte	18                              @ Abbrev [18] 0x1ef:0xc DW_TAG_inlined_subroutine
	.long	7986                            @ DW_AT_abstract_origin
	.long	.Ldebug_ranges9                 @ DW_AT_ranges
	.byte	1                               @ DW_AT_call_file
	.byte	237                             @ DW_AT_call_line
	.byte	13                              @ DW_AT_call_column
	.byte	19                              @ Abbrev [19] 0x1fb:0x4c DW_TAG_inlined_subroutine
	.long	8812                            @ DW_AT_abstract_origin
	.long	.Ldebug_ranges10                @ DW_AT_ranges
	.byte	1                               @ DW_AT_call_file
	.byte	242                             @ DW_AT_call_line
	.byte	17                              @ DW_AT_call_column
	.byte	20                              @ Abbrev [20] 0x207:0x9 DW_TAG_formal_parameter
	.long	.Ldebug_loc50                   @ DW_AT_location
	.long	8828                            @ DW_AT_abstract_origin
	.byte	21                              @ Abbrev [21] 0x210:0x9 DW_TAG_variable
	.byte	3                               @ DW_AT_location
	.byte	145
	.asciz	"\370"
	.long	8839                            @ DW_AT_abstract_origin
	.byte	21                              @ Abbrev [21] 0x219:0x9 DW_TAG_variable
	.byte	3                               @ DW_AT_location
	.byte	145
	.asciz	"\354"
	.long	8850                            @ DW_AT_abstract_origin
	.byte	12                              @ Abbrev [12] 0x222:0x24 DW_TAG_lexical_block
	.long	.Ltmp1038                       @ DW_AT_low_pc
	.long	.Ltmp1049-.Ltmp1038             @ DW_AT_high_pc
	.byte	21                              @ Abbrev [21] 0x22b:0x7 DW_TAG_variable
	.byte	1                               @ DW_AT_location
	.byte	89
	.long	8862                            @ DW_AT_abstract_origin
	.byte	12                              @ Abbrev [12] 0x232:0x13 DW_TAG_lexical_block
	.long	.Ltmp1038                       @ DW_AT_low_pc
	.long	.Ltmp1045-.Ltmp1038             @ DW_AT_high_pc
	.byte	16                              @ Abbrev [16] 0x23b:0x9 DW_TAG_variable
	.long	.Ldebug_loc51                   @ DW_AT_location
	.long	8874                            @ DW_AT_abstract_origin
	.byte	0                               @ End Of Children Mark
	.byte	0                               @ End Of Children Mark
	.byte	0                               @ End Of Children Mark
	.byte	22                              @ Abbrev [22] 0x247:0x1a DW_TAG_inlined_subroutine
	.long	8767                            @ DW_AT_abstract_origin
	.long	.Ltmp1021                       @ DW_AT_low_pc
	.long	.Ltmp1022-.Ltmp1021             @ DW_AT_high_pc
	.byte	1                               @ DW_AT_call_file
	.byte	239                             @ DW_AT_call_line
	.byte	9                               @ DW_AT_call_column
	.byte	15                              @ Abbrev [15] 0x257:0x9 DW_TAG_formal_parameter
	.byte	3                               @ DW_AT_location
	.byte	145
	.byte	60
	.byte	159
	.long	8783                            @ DW_AT_abstract_origin
	.byte	0                               @ End Of Children Mark
	.byte	18                              @ Abbrev [18] 0x261:0xc DW_TAG_inlined_subroutine
	.long	8800                            @ DW_AT_abstract_origin
	.long	.Ldebug_ranges11                @ DW_AT_ranges
	.byte	1                               @ DW_AT_call_file
	.byte	240                             @ DW_AT_call_line
	.byte	9                               @ DW_AT_call_column
	.byte	0                               @ End Of Children Mark
	.byte	12                              @ Abbrev [12] 0x26e:0x10 DW_TAG_lexical_block
	.long	.Ltmp1004                       @ DW_AT_low_pc
	.long	.Ltmp1009-.Ltmp1004             @ DW_AT_high_pc
	.byte	23                              @ Abbrev [23] 0x277:0x6 DW_TAG_variable
	.byte	0                               @ DW_AT_const_value
	.long	8666                            @ DW_AT_abstract_origin
	.byte	0                               @ End Of Children Mark
	.byte	0                               @ End Of Children Mark
	.byte	12                              @ Abbrev [12] 0x27f:0x13 DW_TAG_lexical_block
	.long	.Ltmp1053                       @ DW_AT_low_pc
	.long	.Ltmp1057-.Ltmp1053             @ DW_AT_high_pc
	.byte	16                              @ Abbrev [16] 0x288:0x9 DW_TAG_variable
	.long	.Ldebug_loc52                   @ DW_AT_location
	.long	8695                            @ DW_AT_abstract_origin
	.byte	0                               @ End Of Children Mark
	.byte	0                               @ End Of Children Mark
	.byte	14                              @ Abbrev [14] 0x293:0x3f DW_TAG_inlined_subroutine
	.long	8928                            @ DW_AT_abstract_origin
	.long	.Ltmp1058                       @ DW_AT_low_pc
	.long	.Ltmp1095-.Ltmp1058             @ DW_AT_high_pc
	.byte	1                               @ DW_AT_call_file
	.short	455                             @ DW_AT_call_line
	.byte	9                               @ DW_AT_call_column
	.byte	20                              @ Abbrev [20] 0x2a4:0x9 DW_TAG_formal_parameter
	.long	.Ldebug_loc54                   @ DW_AT_location
	.long	8941                            @ DW_AT_abstract_origin
	.byte	24                              @ Abbrev [24] 0x2ad:0x8 DW_TAG_formal_parameter
	.asciz	"\200\300"                      @ DW_AT_const_value
	.long	8953                            @ DW_AT_abstract_origin
	.byte	12                              @ Abbrev [12] 0x2b5:0x1c DW_TAG_lexical_block
	.long	.Ltmp1058                       @ DW_AT_low_pc
	.long	.Ltmp1095-.Ltmp1058             @ DW_AT_high_pc
	.byte	16                              @ Abbrev [16] 0x2be:0x9 DW_TAG_variable
	.long	.Ldebug_loc55                   @ DW_AT_location
	.long	8966                            @ DW_AT_abstract_origin
	.byte	16                              @ Abbrev [16] 0x2c7:0x9 DW_TAG_variable
	.long	.Ldebug_loc56                   @ DW_AT_location
	.long	8978                            @ DW_AT_abstract_origin
	.byte	0                               @ End Of Children Mark
	.byte	0                               @ End Of Children Mark
	.byte	0                               @ End Of Children Mark
	.byte	0                               @ End Of Children Mark
	.byte	11                              @ Abbrev [11] 0x2d4:0x11 DW_TAG_inlined_subroutine
	.long	8998                            @ DW_AT_abstract_origin
	.long	.Ltmp1099                       @ DW_AT_low_pc
	.long	.Ltmp1100-.Ltmp1099             @ DW_AT_high_pc
	.byte	1                               @ DW_AT_call_file
	.short	463                             @ DW_AT_call_line
	.byte	9                               @ DW_AT_call_column
	.byte	11                              @ Abbrev [11] 0x2e5:0x11 DW_TAG_inlined_subroutine
	.long	7986                            @ DW_AT_abstract_origin
	.long	.Ltmp1101                       @ DW_AT_low_pc
	.long	.Ltmp1102-.Ltmp1101             @ DW_AT_high_pc
	.byte	1                               @ DW_AT_call_file
	.short	464                             @ DW_AT_call_line
	.byte	47                              @ DW_AT_call_column
	.byte	25                              @ Abbrev [25] 0x2f6:0xf DW_TAG_inlined_subroutine
	.long	8998                            @ DW_AT_abstract_origin
	.long	.Ltmp1103                       @ DW_AT_low_pc
	.long	.Ltmp1106-.Ltmp1103             @ DW_AT_high_pc
	.byte	1                               @ DW_AT_call_file
	.byte	0                               @ DW_AT_call_line
	.byte	0                               @ End Of Children Mark
	.byte	26                              @ Abbrev [26] 0x306:0xb DW_TAG_typedef
	.long	785                             @ DW_AT_type
	.long	.Linfo_string7                  @ DW_AT_name
	.byte	2                               @ DW_AT_decl_file
	.byte	62                              @ DW_AT_decl_line
	.byte	6                               @ Abbrev [6] 0x311:0x7 DW_TAG_base_type
	.long	.Linfo_string6                  @ DW_AT_name
	.byte	8                               @ DW_AT_encoding
	.byte	1                               @ DW_AT_byte_size
	.byte	8                               @ Abbrev [8] 0x318:0xe DW_TAG_variable
	.long	806                             @ DW_AT_type
	.byte	1                               @ DW_AT_decl_file
	.short	412                             @ DW_AT_decl_line
	.byte	5                               @ DW_AT_location
	.byte	3
	.long	.L.str.8
	.byte	3                               @ Abbrev [3] 0x326:0xc DW_TAG_array_type
	.long	58                              @ DW_AT_type
	.byte	4                               @ Abbrev [4] 0x32b:0x6 DW_TAG_subrange_type
	.long	70                              @ DW_AT_type
	.byte	110                             @ DW_AT_count
	.byte	0                               @ End Of Children Mark
	.byte	27                              @ Abbrev [27] 0x332:0x1c DW_TAG_variable
	.long	.Linfo_string8                  @ DW_AT_name
	.long	846                             @ DW_AT_type
	.byte	1                               @ DW_AT_decl_file
	.byte	71                              @ DW_AT_decl_line
	.byte	12                              @ DW_AT_location
	.byte	3
	.long	_ZL13s_initialised
	.byte	148
	.byte	1
	.byte	49
	.byte	30
	.byte	48
	.byte	34
	.byte	159
	.long	.Linfo_string10                 @ DW_AT_linkage_name
	.byte	6                               @ Abbrev [6] 0x34e:0x7 DW_TAG_base_type
	.long	.Linfo_string9                  @ DW_AT_name
	.byte	2                               @ DW_AT_encoding
	.byte	1                               @ DW_AT_byte_size
	.byte	27                              @ Abbrev [27] 0x355:0x15 DW_TAG_variable
	.long	.Linfo_string11                 @ DW_AT_name
	.long	774                             @ DW_AT_type
	.byte	1                               @ DW_AT_decl_file
	.byte	70                              @ DW_AT_decl_line
	.byte	5                               @ DW_AT_location
	.byte	3
	.long	_ZL8s_q_tail
	.long	.Linfo_string12                 @ DW_AT_linkage_name
	.byte	27                              @ Abbrev [27] 0x36a:0x15 DW_TAG_variable
	.long	.Linfo_string13                 @ DW_AT_name
	.long	774                             @ DW_AT_type
	.byte	1                               @ DW_AT_decl_file
	.byte	69                              @ DW_AT_decl_line
	.byte	5                               @ DW_AT_location
	.byte	3
	.long	_ZL8s_q_head
	.long	.Linfo_string14                 @ DW_AT_linkage_name
	.byte	27                              @ Abbrev [27] 0x37f:0x1c DW_TAG_variable
	.long	.Linfo_string15                 @ DW_AT_name
	.long	846                             @ DW_AT_type
	.byte	1                               @ DW_AT_decl_file
	.byte	73                              @ DW_AT_decl_line
	.byte	12                              @ DW_AT_location
	.byte	3
	.long	_ZL11s_file_open
	.byte	148
	.byte	1
	.byte	49
	.byte	30
	.byte	48
	.byte	34
	.byte	159
	.long	.Linfo_string16                 @ DW_AT_linkage_name
	.byte	27                              @ Abbrev [27] 0x39b:0x15 DW_TAG_variable
	.long	.Linfo_string17                 @ DW_AT_name
	.long	944                             @ DW_AT_type
	.byte	1                               @ DW_AT_decl_file
	.byte	74                              @ DW_AT_decl_line
	.byte	5                               @ DW_AT_location
	.byte	3
	.long	_ZL5s_fil
	.long	.Linfo_string45                 @ DW_AT_linkage_name
	.byte	26                              @ Abbrev [26] 0x3b0:0xb DW_TAG_typedef
	.long	955                             @ DW_AT_type
	.long	.Linfo_string44                 @ DW_AT_name
	.byte	3                               @ DW_AT_decl_file
	.byte	226                             @ DW_AT_decl_line
	.byte	28                              @ Abbrev [28] 0x3bb:0x73 DW_TAG_structure_type
	.byte	5                               @ DW_AT_calling_convention
	.short	552                             @ DW_AT_byte_size
	.byte	3                               @ DW_AT_decl_file
	.byte	209                             @ DW_AT_decl_line
	.byte	29                              @ Abbrev [29] 0x3c1:0xc DW_TAG_member
	.long	.Linfo_string18                 @ DW_AT_name
	.long	1070                            @ DW_AT_type
	.byte	3                               @ DW_AT_decl_file
	.byte	210                             @ DW_AT_decl_line
	.byte	0                               @ DW_AT_data_member_location
	.byte	29                              @ Abbrev [29] 0x3cd:0xc DW_TAG_member
	.long	.Linfo_string35                 @ DW_AT_name
	.long	1205                            @ DW_AT_type
	.byte	3                               @ DW_AT_decl_file
	.byte	211                             @ DW_AT_decl_line
	.byte	16                              @ DW_AT_data_member_location
	.byte	29                              @ Abbrev [29] 0x3d9:0xc DW_TAG_member
	.long	.Linfo_string36                 @ DW_AT_name
	.long	1205                            @ DW_AT_type
	.byte	3                               @ DW_AT_decl_file
	.byte	212                             @ DW_AT_decl_line
	.byte	17                              @ DW_AT_data_member_location
	.byte	29                              @ Abbrev [29] 0x3e5:0xc DW_TAG_member
	.long	.Linfo_string37                 @ DW_AT_name
	.long	1245                            @ DW_AT_type
	.byte	3                               @ DW_AT_decl_file
	.byte	213                             @ DW_AT_decl_line
	.byte	20                              @ DW_AT_data_member_location
	.byte	29                              @ Abbrev [29] 0x3f1:0xc DW_TAG_member
	.long	.Linfo_string38                 @ DW_AT_name
	.long	1216                            @ DW_AT_type
	.byte	3                               @ DW_AT_decl_file
	.byte	214                             @ DW_AT_decl_line
	.byte	24                              @ DW_AT_data_member_location
	.byte	29                              @ Abbrev [29] 0x3fd:0xc DW_TAG_member
	.long	.Linfo_string39                 @ DW_AT_name
	.long	1256                            @ DW_AT_type
	.byte	3                               @ DW_AT_decl_file
	.byte	215                             @ DW_AT_decl_line
	.byte	28                              @ DW_AT_data_member_location
	.byte	29                              @ Abbrev [29] 0x409:0xc DW_TAG_member
	.long	.Linfo_string41                 @ DW_AT_name
	.long	1256                            @ DW_AT_type
	.byte	3                               @ DW_AT_decl_file
	.byte	217                             @ DW_AT_decl_line
	.byte	32                              @ DW_AT_data_member_location
	.byte	29                              @ Abbrev [29] 0x415:0xc DW_TAG_member
	.long	.Linfo_string42                 @ DW_AT_name
	.long	1267                            @ DW_AT_type
	.byte	3                               @ DW_AT_decl_file
	.byte	218                             @ DW_AT_decl_line
	.byte	36                              @ DW_AT_data_member_location
	.byte	29                              @ Abbrev [29] 0x421:0xc DW_TAG_member
	.long	.Linfo_string43                 @ DW_AT_name
	.long	1272                            @ DW_AT_type
	.byte	3                               @ DW_AT_decl_file
	.byte	224                             @ DW_AT_decl_line
	.byte	40                              @ DW_AT_data_member_location
	.byte	0                               @ End Of Children Mark
	.byte	26                              @ Abbrev [26] 0x42e:0xb DW_TAG_typedef
	.long	1081                            @ DW_AT_type
	.long	.Linfo_string34                 @ DW_AT_name
	.byte	3                               @ DW_AT_decl_file
	.byte	203                             @ DW_AT_decl_line
	.byte	30                              @ Abbrev [30] 0x439:0x4e DW_TAG_structure_type
	.byte	5                               @ DW_AT_calling_convention
	.byte	16                              @ DW_AT_byte_size
	.byte	3                               @ DW_AT_decl_file
	.byte	186                             @ DW_AT_decl_line
	.byte	29                              @ Abbrev [29] 0x43e:0xc DW_TAG_member
	.long	.Linfo_string19                 @ DW_AT_name
	.long	1159                            @ DW_AT_type
	.byte	3                               @ DW_AT_decl_file
	.byte	187                             @ DW_AT_decl_line
	.byte	0                               @ DW_AT_data_member_location
	.byte	29                              @ Abbrev [29] 0x44a:0xc DW_TAG_member
	.long	.Linfo_string21                 @ DW_AT_name
	.long	1176                            @ DW_AT_type
	.byte	3                               @ DW_AT_decl_file
	.byte	188                             @ DW_AT_decl_line
	.byte	4                               @ DW_AT_data_member_location
	.byte	29                              @ Abbrev [29] 0x456:0xc DW_TAG_member
	.long	.Linfo_string25                 @ DW_AT_name
	.long	1205                            @ DW_AT_type
	.byte	3                               @ DW_AT_decl_file
	.byte	189                             @ DW_AT_decl_line
	.byte	6                               @ DW_AT_data_member_location
	.byte	29                              @ Abbrev [29] 0x462:0xc DW_TAG_member
	.long	.Linfo_string27                 @ DW_AT_name
	.long	1205                            @ DW_AT_type
	.byte	3                               @ DW_AT_decl_file
	.byte	190                             @ DW_AT_decl_line
	.byte	7                               @ DW_AT_data_member_location
	.byte	29                              @ Abbrev [29] 0x46e:0xc DW_TAG_member
	.long	.Linfo_string28                 @ DW_AT_name
	.long	1216                            @ DW_AT_type
	.byte	3                               @ DW_AT_decl_file
	.byte	191                             @ DW_AT_decl_line
	.byte	8                               @ DW_AT_data_member_location
	.byte	29                              @ Abbrev [29] 0x47a:0xc DW_TAG_member
	.long	.Linfo_string32                 @ DW_AT_name
	.long	1245                            @ DW_AT_type
	.byte	3                               @ DW_AT_decl_file
	.byte	192                             @ DW_AT_decl_line
	.byte	12                              @ DW_AT_data_member_location
	.byte	0                               @ End Of Children Mark
	.byte	31                              @ Abbrev [31] 0x487:0x5 DW_TAG_pointer_type
	.long	1164                            @ DW_AT_type
	.byte	26                              @ Abbrev [26] 0x48c:0xb DW_TAG_typedef
	.long	1175                            @ DW_AT_type
	.long	.Linfo_string20                 @ DW_AT_name
	.byte	3                               @ DW_AT_decl_file
	.byte	180                             @ DW_AT_decl_line
	.byte	32                              @ Abbrev [32] 0x497:0x1 DW_TAG_structure_type
                                        @ DW_AT_declaration
	.byte	26                              @ Abbrev [26] 0x498:0xb DW_TAG_typedef
	.long	1187                            @ DW_AT_type
	.long	.Linfo_string24                 @ DW_AT_name
	.byte	3                               @ DW_AT_decl_file
	.byte	56                              @ DW_AT_decl_line
	.byte	26                              @ Abbrev [26] 0x4a3:0xb DW_TAG_typedef
	.long	1198                            @ DW_AT_type
	.long	.Linfo_string23                 @ DW_AT_name
	.byte	2                               @ DW_AT_decl_file
	.byte	63                              @ DW_AT_decl_line
	.byte	6                               @ Abbrev [6] 0x4ae:0x7 DW_TAG_base_type
	.long	.Linfo_string22                 @ DW_AT_name
	.byte	7                               @ DW_AT_encoding
	.byte	2                               @ DW_AT_byte_size
	.byte	26                              @ Abbrev [26] 0x4b5:0xb DW_TAG_typedef
	.long	785                             @ DW_AT_type
	.long	.Linfo_string26                 @ DW_AT_name
	.byte	3                               @ DW_AT_decl_file
	.byte	55                              @ DW_AT_decl_line
	.byte	26                              @ Abbrev [26] 0x4c0:0xb DW_TAG_typedef
	.long	1227                            @ DW_AT_type
	.long	.Linfo_string31                 @ DW_AT_name
	.byte	3                               @ DW_AT_decl_file
	.byte	57                              @ DW_AT_decl_line
	.byte	26                              @ Abbrev [26] 0x4cb:0xb DW_TAG_typedef
	.long	1238                            @ DW_AT_type
	.long	.Linfo_string30                 @ DW_AT_name
	.byte	2                               @ DW_AT_decl_file
	.byte	64                              @ DW_AT_decl_line
	.byte	6                               @ Abbrev [6] 0x4d6:0x7 DW_TAG_base_type
	.long	.Linfo_string29                 @ DW_AT_name
	.byte	7                               @ DW_AT_encoding
	.byte	4                               @ DW_AT_byte_size
	.byte	26                              @ Abbrev [26] 0x4dd:0xb DW_TAG_typedef
	.long	1216                            @ DW_AT_type
	.long	.Linfo_string33                 @ DW_AT_name
	.byte	3                               @ DW_AT_decl_file
	.byte	88                              @ DW_AT_decl_line
	.byte	26                              @ Abbrev [26] 0x4e8:0xb DW_TAG_typedef
	.long	1216                            @ DW_AT_type
	.long	.Linfo_string40                 @ DW_AT_name
	.byte	3                               @ DW_AT_decl_file
	.byte	89                              @ DW_AT_decl_line
	.byte	31                              @ Abbrev [31] 0x4f3:0x5 DW_TAG_pointer_type
	.long	1205                            @ DW_AT_type
	.byte	3                               @ Abbrev [3] 0x4f8:0xd DW_TAG_array_type
	.long	1205                            @ DW_AT_type
	.byte	33                              @ Abbrev [33] 0x4fd:0x7 DW_TAG_subrange_type
	.long	70                              @ DW_AT_type
	.short	512                             @ DW_AT_count
	.byte	0                               @ End Of Children Mark
	.byte	27                              @ Abbrev [27] 0x505:0x1c DW_TAG_variable
	.long	.Linfo_string46                 @ DW_AT_name
	.long	846                             @ DW_AT_type
	.byte	1                               @ DW_AT_decl_file
	.byte	72                              @ DW_AT_decl_line
	.byte	12                              @ DW_AT_location
	.byte	3
	.long	_ZL9s_playing
	.byte	148
	.byte	1
	.byte	49
	.byte	30
	.byte	48
	.byte	34
	.byte	159
	.long	.Linfo_string47                 @ DW_AT_linkage_name
	.byte	27                              @ Abbrev [27] 0x521:0x15 DW_TAG_variable
	.long	.Linfo_string48                 @ DW_AT_name
	.long	1334                            @ DW_AT_type
	.byte	1                               @ DW_AT_decl_file
	.byte	68                              @ DW_AT_decl_line
	.byte	5                               @ DW_AT_location
	.byte	3
	.long	_ZL7s_queue
	.long	.Linfo_string49                 @ DW_AT_linkage_name
	.byte	3                               @ Abbrev [3] 0x536:0x12 DW_TAG_array_type
	.long	63                              @ DW_AT_type
	.byte	4                               @ Abbrev [4] 0x53b:0x6 DW_TAG_subrange_type
	.long	70                              @ DW_AT_type
	.byte	12                              @ DW_AT_count
	.byte	4                               @ Abbrev [4] 0x541:0x6 DW_TAG_subrange_type
	.long	70                              @ DW_AT_type
	.byte	40                              @ DW_AT_count
	.byte	0                               @ End Of Children Mark
	.byte	27                              @ Abbrev [27] 0x548:0x15 DW_TAG_variable
	.long	.Linfo_string50                 @ DW_AT_name
	.long	1373                            @ DW_AT_type
	.byte	1                               @ DW_AT_decl_file
	.byte	75                              @ DW_AT_decl_line
	.byte	5                               @ DW_AT_location
	.byte	3
	.long	_ZL10s_buf_full
	.long	.Linfo_string51                 @ DW_AT_linkage_name
	.byte	3                               @ Abbrev [3] 0x55d:0xc DW_TAG_array_type
	.long	774                             @ DW_AT_type
	.byte	4                               @ Abbrev [4] 0x562:0x6 DW_TAG_subrange_type
	.long	70                              @ DW_AT_type
	.byte	2                               @ DW_AT_count
	.byte	0                               @ End Of Children Mark
	.byte	27                              @ Abbrev [27] 0x569:0x15 DW_TAG_variable
	.long	.Linfo_string52                 @ DW_AT_name
	.long	774                             @ DW_AT_type
	.byte	1                               @ DW_AT_decl_file
	.byte	76                              @ DW_AT_decl_line
	.byte	5                               @ DW_AT_location
	.byte	3
	.long	_ZL13s_playing_idx
	.long	.Linfo_string53                 @ DW_AT_linkage_name
	.byte	34                              @ Abbrev [34] 0x57e:0x16 DW_TAG_variable
	.long	.Linfo_string54                 @ DW_AT_name
	.long	1428                            @ DW_AT_type
	.byte	1                               @ DW_AT_decl_file
	.byte	59                              @ DW_AT_decl_line
	.byte	32                              @ DW_AT_alignment
	.byte	5                               @ DW_AT_location
	.byte	3
	.long	_ZL6s_desc
	.long	.Linfo_string60                 @ DW_AT_linkage_name
	.byte	3                               @ Abbrev [3] 0x594:0xc DW_TAG_array_type
	.long	1440                            @ DW_AT_type
	.byte	4                               @ Abbrev [4] 0x599:0x6 DW_TAG_subrange_type
	.long	70                              @ DW_AT_type
	.byte	2                               @ DW_AT_count
	.byte	0                               @ End Of Children Mark
	.byte	26                              @ Abbrev [26] 0x5a0:0xb DW_TAG_typedef
	.long	1451                            @ DW_AT_type
	.long	.Linfo_string59                 @ DW_AT_name
	.byte	1                               @ DW_AT_decl_file
	.byte	56                              @ DW_AT_decl_line
	.byte	30                              @ Abbrev [30] 0x5ab:0x36 DW_TAG_structure_type
	.byte	5                               @ DW_AT_calling_convention
	.byte	16                              @ DW_AT_byte_size
	.byte	1                               @ DW_AT_decl_file
	.byte	51                              @ DW_AT_decl_line
	.byte	29                              @ Abbrev [29] 0x5b0:0xc DW_TAG_member
	.long	.Linfo_string55                 @ DW_AT_name
	.long	1227                            @ DW_AT_type
	.byte	1                               @ DW_AT_decl_file
	.byte	52                              @ DW_AT_decl_line
	.byte	0                               @ DW_AT_data_member_location
	.byte	29                              @ Abbrev [29] 0x5bc:0xc DW_TAG_member
	.long	.Linfo_string56                 @ DW_AT_name
	.long	1227                            @ DW_AT_type
	.byte	1                               @ DW_AT_decl_file
	.byte	53                              @ DW_AT_decl_line
	.byte	4                               @ DW_AT_data_member_location
	.byte	29                              @ Abbrev [29] 0x5c8:0xc DW_TAG_member
	.long	.Linfo_string57                 @ DW_AT_name
	.long	1227                            @ DW_AT_type
	.byte	1                               @ DW_AT_decl_file
	.byte	54                              @ DW_AT_decl_line
	.byte	8                               @ DW_AT_data_member_location
	.byte	29                              @ Abbrev [29] 0x5d4:0xc DW_TAG_member
	.long	.Linfo_string58                 @ DW_AT_name
	.long	1227                            @ DW_AT_type
	.byte	1                               @ DW_AT_decl_file
	.byte	55                              @ DW_AT_decl_line
	.byte	12                              @ DW_AT_data_member_location
	.byte	0                               @ End Of Children Mark
	.byte	35                              @ Abbrev [35] 0x5e1:0x14 DW_TAG_subprogram
	.byte	10                              @ Abbrev [10] 0x5e2:0x12 DW_TAG_variable
	.long	.Linfo_string61                 @ DW_AT_name
	.long	1525                            @ DW_AT_type
	.byte	1                               @ DW_AT_decl_file
	.short	263                             @ DW_AT_decl_line
	.byte	5                               @ DW_AT_location
	.byte	3
	.long	_ZZL11fill_bufferPiE4mono
	.byte	0                               @ End Of Children Mark
	.byte	3                               @ Abbrev [3] 0x5f5:0xd DW_TAG_array_type
	.long	1538                            @ DW_AT_type
	.byte	33                              @ Abbrev [33] 0x5fa:0x7 DW_TAG_subrange_type
	.long	70                              @ DW_AT_type
	.short	2048                            @ DW_AT_count
	.byte	0                               @ End Of Children Mark
	.byte	26                              @ Abbrev [26] 0x602:0xb DW_TAG_typedef
	.long	1549                            @ DW_AT_type
	.long	.Linfo_string63                 @ DW_AT_name
	.byte	2                               @ DW_AT_decl_file
	.byte	57                              @ DW_AT_decl_line
	.byte	6                               @ Abbrev [6] 0x60d:0x7 DW_TAG_base_type
	.long	.Linfo_string62                 @ DW_AT_name
	.byte	5                               @ DW_AT_encoding
	.byte	2                               @ DW_AT_byte_size
	.byte	36                              @ Abbrev [36] 0x614:0xd DW_TAG_variable
	.long	1569                            @ DW_AT_type
	.byte	1                               @ DW_AT_decl_file
	.byte	246                             @ DW_AT_decl_line
	.byte	5                               @ DW_AT_location
	.byte	3
	.long	.L.str.9
	.byte	3                               @ Abbrev [3] 0x621:0xc DW_TAG_array_type
	.long	58                              @ DW_AT_type
	.byte	4                               @ Abbrev [4] 0x626:0x6 DW_TAG_subrange_type
	.long	70                              @ DW_AT_type
	.byte	21                              @ DW_AT_count
	.byte	0                               @ End Of Children Mark
	.byte	36                              @ Abbrev [36] 0x62d:0xd DW_TAG_variable
	.long	1594                            @ DW_AT_type
	.byte	1                               @ DW_AT_decl_file
	.byte	249                             @ DW_AT_decl_line
	.byte	5                               @ DW_AT_location
	.byte	3
	.long	.L.str.10
	.byte	3                               @ Abbrev [3] 0x63a:0xc DW_TAG_array_type
	.long	58                              @ DW_AT_type
	.byte	4                               @ Abbrev [4] 0x63f:0x6 DW_TAG_subrange_type
	.long	70                              @ DW_AT_type
	.byte	23                              @ DW_AT_count
	.byte	0                               @ End Of Children Mark
	.byte	34                              @ Abbrev [34] 0x646:0x16 DW_TAG_variable
	.long	.Linfo_string64                 @ DW_AT_name
	.long	1628                            @ DW_AT_type
	.byte	1                               @ DW_AT_decl_file
	.byte	60                              @ DW_AT_decl_line
	.byte	32                              @ DW_AT_alignment
	.byte	5                               @ DW_AT_location
	.byte	3
	.long	_ZL5s_pcm
	.long	.Linfo_string67                 @ DW_AT_linkage_name
	.byte	3                               @ Abbrev [3] 0x65c:0x13 DW_TAG_array_type
	.long	1647                            @ DW_AT_type
	.byte	4                               @ Abbrev [4] 0x661:0x6 DW_TAG_subrange_type
	.long	70                              @ DW_AT_type
	.byte	2                               @ DW_AT_count
	.byte	33                              @ Abbrev [33] 0x667:0x7 DW_TAG_subrange_type
	.long	70                              @ DW_AT_type
	.short	2048                            @ DW_AT_count
	.byte	0                               @ End Of Children Mark
	.byte	26                              @ Abbrev [26] 0x66f:0xb DW_TAG_typedef
	.long	1658                            @ DW_AT_type
	.long	.Linfo_string66                 @ DW_AT_name
	.byte	2                               @ DW_AT_decl_file
	.byte	58                              @ DW_AT_decl_line
	.byte	6                               @ Abbrev [6] 0x67a:0x7 DW_TAG_base_type
	.long	.Linfo_string65                 @ DW_AT_name
	.byte	5                               @ DW_AT_encoding
	.byte	4                               @ DW_AT_byte_size
	.byte	37                              @ Abbrev [37] 0x681:0x82 DW_TAG_enumeration_type
	.long	785                             @ DW_AT_type
	.byte	1                               @ DW_AT_byte_size
	.byte	3                               @ DW_AT_decl_file
	.short	280                             @ DW_AT_decl_line
	.byte	38                              @ Abbrev [38] 0x68a:0x6 DW_TAG_enumerator
	.long	.Linfo_string68                 @ DW_AT_name
	.byte	0                               @ DW_AT_const_value
	.byte	38                              @ Abbrev [38] 0x690:0x6 DW_TAG_enumerator
	.long	.Linfo_string69                 @ DW_AT_name
	.byte	1                               @ DW_AT_const_value
	.byte	38                              @ Abbrev [38] 0x696:0x6 DW_TAG_enumerator
	.long	.Linfo_string70                 @ DW_AT_name
	.byte	2                               @ DW_AT_const_value
	.byte	38                              @ Abbrev [38] 0x69c:0x6 DW_TAG_enumerator
	.long	.Linfo_string71                 @ DW_AT_name
	.byte	3                               @ DW_AT_const_value
	.byte	38                              @ Abbrev [38] 0x6a2:0x6 DW_TAG_enumerator
	.long	.Linfo_string72                 @ DW_AT_name
	.byte	4                               @ DW_AT_const_value
	.byte	38                              @ Abbrev [38] 0x6a8:0x6 DW_TAG_enumerator
	.long	.Linfo_string73                 @ DW_AT_name
	.byte	5                               @ DW_AT_const_value
	.byte	38                              @ Abbrev [38] 0x6ae:0x6 DW_TAG_enumerator
	.long	.Linfo_string74                 @ DW_AT_name
	.byte	6                               @ DW_AT_const_value
	.byte	38                              @ Abbrev [38] 0x6b4:0x6 DW_TAG_enumerator
	.long	.Linfo_string75                 @ DW_AT_name
	.byte	7                               @ DW_AT_const_value
	.byte	38                              @ Abbrev [38] 0x6ba:0x6 DW_TAG_enumerator
	.long	.Linfo_string76                 @ DW_AT_name
	.byte	8                               @ DW_AT_const_value
	.byte	38                              @ Abbrev [38] 0x6c0:0x6 DW_TAG_enumerator
	.long	.Linfo_string77                 @ DW_AT_name
	.byte	9                               @ DW_AT_const_value
	.byte	38                              @ Abbrev [38] 0x6c6:0x6 DW_TAG_enumerator
	.long	.Linfo_string78                 @ DW_AT_name
	.byte	10                              @ DW_AT_const_value
	.byte	38                              @ Abbrev [38] 0x6cc:0x6 DW_TAG_enumerator
	.long	.Linfo_string79                 @ DW_AT_name
	.byte	11                              @ DW_AT_const_value
	.byte	38                              @ Abbrev [38] 0x6d2:0x6 DW_TAG_enumerator
	.long	.Linfo_string80                 @ DW_AT_name
	.byte	12                              @ DW_AT_const_value
	.byte	38                              @ Abbrev [38] 0x6d8:0x6 DW_TAG_enumerator
	.long	.Linfo_string81                 @ DW_AT_name
	.byte	13                              @ DW_AT_const_value
	.byte	38                              @ Abbrev [38] 0x6de:0x6 DW_TAG_enumerator
	.long	.Linfo_string82                 @ DW_AT_name
	.byte	14                              @ DW_AT_const_value
	.byte	38                              @ Abbrev [38] 0x6e4:0x6 DW_TAG_enumerator
	.long	.Linfo_string83                 @ DW_AT_name
	.byte	15                              @ DW_AT_const_value
	.byte	38                              @ Abbrev [38] 0x6ea:0x6 DW_TAG_enumerator
	.long	.Linfo_string84                 @ DW_AT_name
	.byte	16                              @ DW_AT_const_value
	.byte	38                              @ Abbrev [38] 0x6f0:0x6 DW_TAG_enumerator
	.long	.Linfo_string85                 @ DW_AT_name
	.byte	17                              @ DW_AT_const_value
	.byte	38                              @ Abbrev [38] 0x6f6:0x6 DW_TAG_enumerator
	.long	.Linfo_string86                 @ DW_AT_name
	.byte	18                              @ DW_AT_const_value
	.byte	38                              @ Abbrev [38] 0x6fc:0x6 DW_TAG_enumerator
	.long	.Linfo_string87                 @ DW_AT_name
	.byte	19                              @ DW_AT_const_value
	.byte	0                               @ End Of Children Mark
	.byte	31                              @ Abbrev [31] 0x703:0x5 DW_TAG_pointer_type
	.long	1800                            @ DW_AT_type
	.byte	39                              @ Abbrev [39] 0x708:0xc DW_TAG_typedef
	.long	1812                            @ DW_AT_type
	.long	.Linfo_string114                @ DW_AT_name
	.byte	4                               @ DW_AT_decl_file
	.short	544                             @ DW_AT_decl_line
	.byte	30                              @ Abbrev [30] 0x714:0x158 DW_TAG_structure_type
	.byte	5                               @ DW_AT_calling_convention
	.byte	108                             @ DW_AT_byte_size
	.byte	4                               @ DW_AT_decl_file
	.byte	28                              @ DW_AT_decl_line
	.byte	40                              @ Abbrev [40] 0x719:0xd DW_TAG_member
	.long	.Linfo_string88                 @ DW_AT_name
	.long	2156                            @ DW_AT_type
	.byte	4                               @ DW_AT_decl_file
	.short	515                             @ DW_AT_decl_line
	.byte	0                               @ DW_AT_data_member_location
	.byte	40                              @ Abbrev [40] 0x726:0xd DW_TAG_member
	.long	.Linfo_string89                 @ DW_AT_name
	.long	2156                            @ DW_AT_type
	.byte	4                               @ DW_AT_decl_file
	.short	516                             @ DW_AT_decl_line
	.byte	4                               @ DW_AT_data_member_location
	.byte	40                              @ Abbrev [40] 0x733:0xd DW_TAG_member
	.long	.Linfo_string90                 @ DW_AT_name
	.long	2156                            @ DW_AT_type
	.byte	4                               @ DW_AT_decl_file
	.short	517                             @ DW_AT_decl_line
	.byte	8                               @ DW_AT_data_member_location
	.byte	40                              @ Abbrev [40] 0x740:0xd DW_TAG_member
	.long	.Linfo_string91                 @ DW_AT_name
	.long	2156                            @ DW_AT_type
	.byte	4                               @ DW_AT_decl_file
	.short	518                             @ DW_AT_decl_line
	.byte	12                              @ DW_AT_data_member_location
	.byte	40                              @ Abbrev [40] 0x74d:0xd DW_TAG_member
	.long	.Linfo_string92                 @ DW_AT_name
	.long	2156                            @ DW_AT_type
	.byte	4                               @ DW_AT_decl_file
	.short	519                             @ DW_AT_decl_line
	.byte	16                              @ DW_AT_data_member_location
	.byte	40                              @ Abbrev [40] 0x75a:0xd DW_TAG_member
	.long	.Linfo_string93                 @ DW_AT_name
	.long	2156                            @ DW_AT_type
	.byte	4                               @ DW_AT_decl_file
	.short	520                             @ DW_AT_decl_line
	.byte	20                              @ DW_AT_data_member_location
	.byte	40                              @ Abbrev [40] 0x767:0xd DW_TAG_member
	.long	.Linfo_string94                 @ DW_AT_name
	.long	2156                            @ DW_AT_type
	.byte	4                               @ DW_AT_decl_file
	.short	521                             @ DW_AT_decl_line
	.byte	24                              @ DW_AT_data_member_location
	.byte	40                              @ Abbrev [40] 0x774:0xd DW_TAG_member
	.long	.Linfo_string95                 @ DW_AT_name
	.long	2156                            @ DW_AT_type
	.byte	4                               @ DW_AT_decl_file
	.short	522                             @ DW_AT_decl_line
	.byte	28                              @ DW_AT_data_member_location
	.byte	40                              @ Abbrev [40] 0x781:0xd DW_TAG_member
	.long	.Linfo_string96                 @ DW_AT_name
	.long	2156                            @ DW_AT_type
	.byte	4                               @ DW_AT_decl_file
	.short	523                             @ DW_AT_decl_line
	.byte	32                              @ DW_AT_data_member_location
	.byte	40                              @ Abbrev [40] 0x78e:0xd DW_TAG_member
	.long	.Linfo_string97                 @ DW_AT_name
	.long	2156                            @ DW_AT_type
	.byte	4                               @ DW_AT_decl_file
	.short	524                             @ DW_AT_decl_line
	.byte	36                              @ DW_AT_data_member_location
	.byte	40                              @ Abbrev [40] 0x79b:0xd DW_TAG_member
	.long	.Linfo_string98                 @ DW_AT_name
	.long	2156                            @ DW_AT_type
	.byte	4                               @ DW_AT_decl_file
	.short	525                             @ DW_AT_decl_line
	.byte	40                              @ DW_AT_data_member_location
	.byte	40                              @ Abbrev [40] 0x7a8:0xd DW_TAG_member
	.long	.Linfo_string99                 @ DW_AT_name
	.long	2156                            @ DW_AT_type
	.byte	4                               @ DW_AT_decl_file
	.short	526                             @ DW_AT_decl_line
	.byte	44                              @ DW_AT_data_member_location
	.byte	40                              @ Abbrev [40] 0x7b5:0xd DW_TAG_member
	.long	.Linfo_string100                @ DW_AT_name
	.long	2156                            @ DW_AT_type
	.byte	4                               @ DW_AT_decl_file
	.short	527                             @ DW_AT_decl_line
	.byte	48                              @ DW_AT_data_member_location
	.byte	40                              @ Abbrev [40] 0x7c2:0xd DW_TAG_member
	.long	.Linfo_string101                @ DW_AT_name
	.long	2161                            @ DW_AT_type
	.byte	4                               @ DW_AT_decl_file
	.short	529                             @ DW_AT_decl_line
	.byte	52                              @ DW_AT_data_member_location
	.byte	40                              @ Abbrev [40] 0x7cf:0xd DW_TAG_member
	.long	.Linfo_string102                @ DW_AT_name
	.long	2156                            @ DW_AT_type
	.byte	4                               @ DW_AT_decl_file
	.short	531                             @ DW_AT_decl_line
	.byte	60                              @ DW_AT_data_member_location
	.byte	40                              @ Abbrev [40] 0x7dc:0xd DW_TAG_member
	.long	.Linfo_string103                @ DW_AT_name
	.long	2156                            @ DW_AT_type
	.byte	4                               @ DW_AT_decl_file
	.short	532                             @ DW_AT_decl_line
	.byte	64                              @ DW_AT_data_member_location
	.byte	40                              @ Abbrev [40] 0x7e9:0xd DW_TAG_member
	.long	.Linfo_string104                @ DW_AT_name
	.long	2156                            @ DW_AT_type
	.byte	4                               @ DW_AT_decl_file
	.short	533                             @ DW_AT_decl_line
	.byte	68                              @ DW_AT_data_member_location
	.byte	40                              @ Abbrev [40] 0x7f6:0xd DW_TAG_member
	.long	.Linfo_string105                @ DW_AT_name
	.long	2156                            @ DW_AT_type
	.byte	4                               @ DW_AT_decl_file
	.short	534                             @ DW_AT_decl_line
	.byte	72                              @ DW_AT_data_member_location
	.byte	40                              @ Abbrev [40] 0x803:0xd DW_TAG_member
	.long	.Linfo_string106                @ DW_AT_name
	.long	2156                            @ DW_AT_type
	.byte	4                               @ DW_AT_decl_file
	.short	535                             @ DW_AT_decl_line
	.byte	76                              @ DW_AT_data_member_location
	.byte	40                              @ Abbrev [40] 0x810:0xd DW_TAG_member
	.long	.Linfo_string107                @ DW_AT_name
	.long	2156                            @ DW_AT_type
	.byte	4                               @ DW_AT_decl_file
	.short	536                             @ DW_AT_decl_line
	.byte	80                              @ DW_AT_data_member_location
	.byte	40                              @ Abbrev [40] 0x81d:0xd DW_TAG_member
	.long	.Linfo_string108                @ DW_AT_name
	.long	2156                            @ DW_AT_type
	.byte	4                               @ DW_AT_decl_file
	.short	537                             @ DW_AT_decl_line
	.byte	84                              @ DW_AT_data_member_location
	.byte	40                              @ Abbrev [40] 0x82a:0xd DW_TAG_member
	.long	.Linfo_string109                @ DW_AT_name
	.long	2156                            @ DW_AT_type
	.byte	4                               @ DW_AT_decl_file
	.short	538                             @ DW_AT_decl_line
	.byte	88                              @ DW_AT_data_member_location
	.byte	40                              @ Abbrev [40] 0x837:0xd DW_TAG_member
	.long	.Linfo_string110                @ DW_AT_name
	.long	2156                            @ DW_AT_type
	.byte	4                               @ DW_AT_decl_file
	.short	539                             @ DW_AT_decl_line
	.byte	92                              @ DW_AT_data_member_location
	.byte	40                              @ Abbrev [40] 0x844:0xd DW_TAG_member
	.long	.Linfo_string111                @ DW_AT_name
	.long	2156                            @ DW_AT_type
	.byte	4                               @ DW_AT_decl_file
	.short	540                             @ DW_AT_decl_line
	.byte	96                              @ DW_AT_data_member_location
	.byte	40                              @ Abbrev [40] 0x851:0xd DW_TAG_member
	.long	.Linfo_string112                @ DW_AT_name
	.long	2156                            @ DW_AT_type
	.byte	4                               @ DW_AT_decl_file
	.short	541                             @ DW_AT_decl_line
	.byte	100                             @ DW_AT_data_member_location
	.byte	40                              @ Abbrev [40] 0x85e:0xd DW_TAG_member
	.long	.Linfo_string113                @ DW_AT_name
	.long	2156                            @ DW_AT_type
	.byte	4                               @ DW_AT_decl_file
	.short	542                             @ DW_AT_decl_line
	.byte	104                             @ DW_AT_data_member_location
	.byte	0                               @ End Of Children Mark
	.byte	41                              @ Abbrev [41] 0x86c:0x5 DW_TAG_volatile_type
	.long	1227                            @ DW_AT_type
	.byte	3                               @ Abbrev [3] 0x871:0xc DW_TAG_array_type
	.long	2156                            @ DW_AT_type
	.byte	4                               @ Abbrev [4] 0x876:0x6 DW_TAG_subrange_type
	.long	70                              @ DW_AT_type
	.byte	2                               @ DW_AT_count
	.byte	0                               @ End Of Children Mark
	.byte	31                              @ Abbrev [31] 0x87d:0x5 DW_TAG_pointer_type
	.long	2178                            @ DW_AT_type
	.byte	39                              @ Abbrev [39] 0x882:0xc DW_TAG_typedef
	.long	2190                            @ DW_AT_type
	.long	.Linfo_string118                @ DW_AT_name
	.byte	5                               @ DW_AT_decl_file
	.short	473                             @ DW_AT_decl_line
	.byte	30                              @ Abbrev [30] 0x88e:0x7b DW_TAG_structure_type
	.byte	5                               @ DW_AT_calling_convention
	.byte	40                              @ DW_AT_byte_size
	.byte	5                               @ DW_AT_decl_file
	.byte	28                              @ DW_AT_decl_line
	.byte	40                              @ Abbrev [40] 0x893:0xd DW_TAG_member
	.long	.Linfo_string88                 @ DW_AT_name
	.long	2156                            @ DW_AT_type
	.byte	5                               @ DW_AT_decl_file
	.short	461                             @ DW_AT_decl_line
	.byte	0                               @ DW_AT_data_member_location
	.byte	40                              @ Abbrev [40] 0x8a0:0xd DW_TAG_member
	.long	.Linfo_string92                 @ DW_AT_name
	.long	2156                            @ DW_AT_type
	.byte	5                               @ DW_AT_decl_file
	.short	462                             @ DW_AT_decl_line
	.byte	4                               @ DW_AT_data_member_location
	.byte	40                              @ Abbrev [40] 0x8ad:0xd DW_TAG_member
	.long	.Linfo_string115                @ DW_AT_name
	.long	2156                            @ DW_AT_type
	.byte	5                               @ DW_AT_decl_file
	.short	463                             @ DW_AT_decl_line
	.byte	8                               @ DW_AT_data_member_location
	.byte	40                              @ Abbrev [40] 0x8ba:0xd DW_TAG_member
	.long	.Linfo_string91                 @ DW_AT_name
	.long	2156                            @ DW_AT_type
	.byte	5                               @ DW_AT_decl_file
	.short	464                             @ DW_AT_decl_line
	.byte	12                              @ DW_AT_data_member_location
	.byte	40                              @ Abbrev [40] 0x8c7:0xd DW_TAG_member
	.long	.Linfo_string116                @ DW_AT_name
	.long	2156                            @ DW_AT_type
	.byte	5                               @ DW_AT_decl_file
	.short	465                             @ DW_AT_decl_line
	.byte	16                              @ DW_AT_data_member_location
	.byte	40                              @ Abbrev [40] 0x8d4:0xd DW_TAG_member
	.long	.Linfo_string117                @ DW_AT_name
	.long	2156                            @ DW_AT_type
	.byte	5                               @ DW_AT_decl_file
	.short	466                             @ DW_AT_decl_line
	.byte	20                              @ DW_AT_data_member_location
	.byte	40                              @ Abbrev [40] 0x8e1:0xd DW_TAG_member
	.long	.Linfo_string101                @ DW_AT_name
	.long	2161                            @ DW_AT_type
	.byte	5                               @ DW_AT_decl_file
	.short	468                             @ DW_AT_decl_line
	.byte	24                              @ DW_AT_data_member_location
	.byte	40                              @ Abbrev [40] 0x8ee:0xd DW_TAG_member
	.long	.Linfo_string104                @ DW_AT_name
	.long	2156                            @ DW_AT_type
	.byte	5                               @ DW_AT_decl_file
	.short	470                             @ DW_AT_decl_line
	.byte	32                              @ DW_AT_data_member_location
	.byte	40                              @ Abbrev [40] 0x8fb:0xd DW_TAG_member
	.long	.Linfo_string105                @ DW_AT_name
	.long	2156                            @ DW_AT_type
	.byte	5                               @ DW_AT_decl_file
	.short	471                             @ DW_AT_decl_line
	.byte	36                              @ DW_AT_data_member_location
	.byte	0                               @ End Of Children Mark
	.byte	6                               @ Abbrev [6] 0x909:0x7 DW_TAG_base_type
	.long	.Linfo_string119                @ DW_AT_name
	.byte	7                               @ DW_AT_encoding
	.byte	4                               @ DW_AT_byte_size
	.byte	31                              @ Abbrev [31] 0x910:0x5 DW_TAG_pointer_type
	.long	2325                            @ DW_AT_type
	.byte	39                              @ Abbrev [39] 0x915:0xc DW_TAG_typedef
	.long	2337                            @ DW_AT_type
	.long	.Linfo_string160                @ DW_AT_name
	.byte	6                               @ DW_AT_decl_file
	.short	831                             @ DW_AT_decl_line
	.byte	28                              @ Abbrev [28] 0x921:0x1f0 DW_TAG_structure_type
	.byte	5                               @ DW_AT_calling_convention
	.short	1168                            @ DW_AT_byte_size
	.byte	6                               @ DW_AT_decl_file
	.byte	121                             @ DW_AT_decl_line
	.byte	40                              @ Abbrev [40] 0x927:0xd DW_TAG_member
	.long	.Linfo_string120                @ DW_AT_name
	.long	2833                            @ DW_AT_type
	.byte	6                               @ DW_AT_decl_file
	.short	790                             @ DW_AT_decl_line
	.byte	0                               @ DW_AT_data_member_location
	.byte	42                              @ Abbrev [42] 0x934:0xe DW_TAG_member
	.long	.Linfo_string126                @ DW_AT_name
	.long	2910                            @ DW_AT_type
	.byte	6                               @ DW_AT_decl_file
	.short	791                             @ DW_AT_decl_line
	.short	256                             @ DW_AT_data_member_location
	.byte	42                              @ Abbrev [42] 0x942:0xe DW_TAG_member
	.long	.Linfo_string127                @ DW_AT_name
	.long	2922                            @ DW_AT_type
	.byte	6                               @ DW_AT_decl_file
	.short	793                             @ DW_AT_decl_line
	.short	320                             @ DW_AT_data_member_location
	.byte	42                              @ Abbrev [42] 0x950:0xe DW_TAG_member
	.long	.Linfo_string128                @ DW_AT_name
	.long	2156                            @ DW_AT_type
	.byte	6                               @ DW_AT_decl_file
	.short	795                             @ DW_AT_decl_line
	.short	1024                            @ DW_AT_data_member_location
	.byte	42                              @ Abbrev [42] 0x95e:0xe DW_TAG_member
	.long	.Linfo_string129                @ DW_AT_name
	.long	2156                            @ DW_AT_type
	.byte	6                               @ DW_AT_decl_file
	.short	796                             @ DW_AT_decl_line
	.short	1028                            @ DW_AT_data_member_location
	.byte	42                              @ Abbrev [42] 0x96c:0xe DW_TAG_member
	.long	.Linfo_string130                @ DW_AT_name
	.long	2156                            @ DW_AT_type
	.byte	6                               @ DW_AT_decl_file
	.short	797                             @ DW_AT_decl_line
	.short	1032                            @ DW_AT_data_member_location
	.byte	42                              @ Abbrev [42] 0x97a:0xe DW_TAG_member
	.long	.Linfo_string131                @ DW_AT_name
	.long	2156                            @ DW_AT_type
	.byte	6                               @ DW_AT_decl_file
	.short	798                             @ DW_AT_decl_line
	.short	1036                            @ DW_AT_data_member_location
	.byte	42                              @ Abbrev [42] 0x988:0xe DW_TAG_member
	.long	.Linfo_string132                @ DW_AT_name
	.long	2156                            @ DW_AT_type
	.byte	6                               @ DW_AT_decl_file
	.short	799                             @ DW_AT_decl_line
	.short	1040                            @ DW_AT_data_member_location
	.byte	42                              @ Abbrev [42] 0x996:0xe DW_TAG_member
	.long	.Linfo_string133                @ DW_AT_name
	.long	2156                            @ DW_AT_type
	.byte	6                               @ DW_AT_decl_file
	.short	800                             @ DW_AT_decl_line
	.short	1044                            @ DW_AT_data_member_location
	.byte	42                              @ Abbrev [42] 0x9a4:0xe DW_TAG_member
	.long	.Linfo_string134                @ DW_AT_name
	.long	2156                            @ DW_AT_type
	.byte	6                               @ DW_AT_decl_file
	.short	801                             @ DW_AT_decl_line
	.short	1048                            @ DW_AT_data_member_location
	.byte	42                              @ Abbrev [42] 0x9b2:0xe DW_TAG_member
	.long	.Linfo_string135                @ DW_AT_name
	.long	2156                            @ DW_AT_type
	.byte	6                               @ DW_AT_decl_file
	.short	802                             @ DW_AT_decl_line
	.short	1052                            @ DW_AT_data_member_location
	.byte	42                              @ Abbrev [42] 0x9c0:0xe DW_TAG_member
	.long	.Linfo_string136                @ DW_AT_name
	.long	2156                            @ DW_AT_type
	.byte	6                               @ DW_AT_decl_file
	.short	803                             @ DW_AT_decl_line
	.short	1056                            @ DW_AT_data_member_location
	.byte	42                              @ Abbrev [42] 0x9ce:0xe DW_TAG_member
	.long	.Linfo_string137                @ DW_AT_name
	.long	2156                            @ DW_AT_type
	.byte	6                               @ DW_AT_decl_file
	.short	804                             @ DW_AT_decl_line
	.short	1060                            @ DW_AT_data_member_location
	.byte	42                              @ Abbrev [42] 0x9dc:0xe DW_TAG_member
	.long	.Linfo_string138                @ DW_AT_name
	.long	2156                            @ DW_AT_type
	.byte	6                               @ DW_AT_decl_file
	.short	805                             @ DW_AT_decl_line
	.short	1064                            @ DW_AT_data_member_location
	.byte	42                              @ Abbrev [42] 0x9ea:0xe DW_TAG_member
	.long	.Linfo_string139                @ DW_AT_name
	.long	2156                            @ DW_AT_type
	.byte	6                               @ DW_AT_decl_file
	.short	806                             @ DW_AT_decl_line
	.short	1068                            @ DW_AT_data_member_location
	.byte	42                              @ Abbrev [42] 0x9f8:0xe DW_TAG_member
	.long	.Linfo_string140                @ DW_AT_name
	.long	2156                            @ DW_AT_type
	.byte	6                               @ DW_AT_decl_file
	.short	807                             @ DW_AT_decl_line
	.short	1072                            @ DW_AT_data_member_location
	.byte	42                              @ Abbrev [42] 0xa06:0xe DW_TAG_member
	.long	.Linfo_string141                @ DW_AT_name
	.long	2156                            @ DW_AT_type
	.byte	6                               @ DW_AT_decl_file
	.short	808                             @ DW_AT_decl_line
	.short	1076                            @ DW_AT_data_member_location
	.byte	42                              @ Abbrev [42] 0xa14:0xe DW_TAG_member
	.long	.Linfo_string142                @ DW_AT_name
	.long	2156                            @ DW_AT_type
	.byte	6                               @ DW_AT_decl_file
	.short	809                             @ DW_AT_decl_line
	.short	1080                            @ DW_AT_data_member_location
	.byte	42                              @ Abbrev [42] 0xa22:0xe DW_TAG_member
	.long	.Linfo_string143                @ DW_AT_name
	.long	2934                            @ DW_AT_type
	.byte	6                               @ DW_AT_decl_file
	.short	810                             @ DW_AT_decl_line
	.short	1084                            @ DW_AT_data_member_location
	.byte	42                              @ Abbrev [42] 0xa30:0xe DW_TAG_member
	.long	.Linfo_string144                @ DW_AT_name
	.long	2156                            @ DW_AT_type
	.byte	6                               @ DW_AT_decl_file
	.short	811                             @ DW_AT_decl_line
	.short	1088                            @ DW_AT_data_member_location
	.byte	42                              @ Abbrev [42] 0xa3e:0xe DW_TAG_member
	.long	.Linfo_string145                @ DW_AT_name
	.long	2156                            @ DW_AT_type
	.byte	6                               @ DW_AT_decl_file
	.short	812                             @ DW_AT_decl_line
	.short	1092                            @ DW_AT_data_member_location
	.byte	42                              @ Abbrev [42] 0xa4c:0xe DW_TAG_member
	.long	.Linfo_string146                @ DW_AT_name
	.long	2156                            @ DW_AT_type
	.byte	6                               @ DW_AT_decl_file
	.short	813                             @ DW_AT_decl_line
	.short	1096                            @ DW_AT_data_member_location
	.byte	42                              @ Abbrev [42] 0xa5a:0xe DW_TAG_member
	.long	.Linfo_string147                @ DW_AT_name
	.long	2156                            @ DW_AT_type
	.byte	6                               @ DW_AT_decl_file
	.short	814                             @ DW_AT_decl_line
	.short	1100                            @ DW_AT_data_member_location
	.byte	42                              @ Abbrev [42] 0xa68:0xe DW_TAG_member
	.long	.Linfo_string148                @ DW_AT_name
	.long	2156                            @ DW_AT_type
	.byte	6                               @ DW_AT_decl_file
	.short	815                             @ DW_AT_decl_line
	.short	1104                            @ DW_AT_data_member_location
	.byte	42                              @ Abbrev [42] 0xa76:0xe DW_TAG_member
	.long	.Linfo_string149                @ DW_AT_name
	.long	2156                            @ DW_AT_type
	.byte	6                               @ DW_AT_decl_file
	.short	816                             @ DW_AT_decl_line
	.short	1108                            @ DW_AT_data_member_location
	.byte	42                              @ Abbrev [42] 0xa84:0xe DW_TAG_member
	.long	.Linfo_string150                @ DW_AT_name
	.long	2156                            @ DW_AT_type
	.byte	6                               @ DW_AT_decl_file
	.short	817                             @ DW_AT_decl_line
	.short	1112                            @ DW_AT_data_member_location
	.byte	42                              @ Abbrev [42] 0xa92:0xe DW_TAG_member
	.long	.Linfo_string151                @ DW_AT_name
	.long	2156                            @ DW_AT_type
	.byte	6                               @ DW_AT_decl_file
	.short	818                             @ DW_AT_decl_line
	.short	1116                            @ DW_AT_data_member_location
	.byte	42                              @ Abbrev [42] 0xaa0:0xe DW_TAG_member
	.long	.Linfo_string152                @ DW_AT_name
	.long	2156                            @ DW_AT_type
	.byte	6                               @ DW_AT_decl_file
	.short	819                             @ DW_AT_decl_line
	.short	1120                            @ DW_AT_data_member_location
	.byte	42                              @ Abbrev [42] 0xaae:0xe DW_TAG_member
	.long	.Linfo_string153                @ DW_AT_name
	.long	2934                            @ DW_AT_type
	.byte	6                               @ DW_AT_decl_file
	.short	821                             @ DW_AT_decl_line
	.short	1124                            @ DW_AT_data_member_location
	.byte	42                              @ Abbrev [42] 0xabc:0xe DW_TAG_member
	.long	.Linfo_string154                @ DW_AT_name
	.long	2156                            @ DW_AT_type
	.byte	6                               @ DW_AT_decl_file
	.short	823                             @ DW_AT_decl_line
	.short	1128                            @ DW_AT_data_member_location
	.byte	42                              @ Abbrev [42] 0xaca:0xe DW_TAG_member
	.long	.Linfo_string155                @ DW_AT_name
	.long	2946                            @ DW_AT_type
	.byte	6                               @ DW_AT_decl_file
	.short	825                             @ DW_AT_decl_line
	.short	1132                            @ DW_AT_data_member_location
	.byte	42                              @ Abbrev [42] 0xad8:0xe DW_TAG_member
	.long	.Linfo_string156                @ DW_AT_name
	.long	2156                            @ DW_AT_type
	.byte	6                               @ DW_AT_decl_file
	.short	827                             @ DW_AT_decl_line
	.short	1152                            @ DW_AT_data_member_location
	.byte	42                              @ Abbrev [42] 0xae6:0xe DW_TAG_member
	.long	.Linfo_string157                @ DW_AT_name
	.long	2156                            @ DW_AT_type
	.byte	6                               @ DW_AT_decl_file
	.short	828                             @ DW_AT_decl_line
	.short	1156                            @ DW_AT_data_member_location
	.byte	42                              @ Abbrev [42] 0xaf4:0xe DW_TAG_member
	.long	.Linfo_string158                @ DW_AT_name
	.long	2156                            @ DW_AT_type
	.byte	6                               @ DW_AT_decl_file
	.short	829                             @ DW_AT_decl_line
	.short	1160                            @ DW_AT_data_member_location
	.byte	42                              @ Abbrev [42] 0xb02:0xe DW_TAG_member
	.long	.Linfo_string159                @ DW_AT_name
	.long	2156                            @ DW_AT_type
	.byte	6                               @ DW_AT_decl_file
	.short	830                             @ DW_AT_decl_line
	.short	1164                            @ DW_AT_data_member_location
	.byte	0                               @ End Of Children Mark
	.byte	3                               @ Abbrev [3] 0xb11:0xc DW_TAG_array_type
	.long	2845                            @ DW_AT_type
	.byte	4                               @ Abbrev [4] 0xb16:0x6 DW_TAG_subrange_type
	.long	70                              @ DW_AT_type
	.byte	16                              @ DW_AT_count
	.byte	0                               @ End Of Children Mark
	.byte	26                              @ Abbrev [26] 0xb1d:0xb DW_TAG_typedef
	.long	2856                            @ DW_AT_type
	.long	.Linfo_string125                @ DW_AT_name
	.byte	6                               @ DW_AT_decl_file
	.byte	119                             @ DW_AT_decl_line
	.byte	30                              @ Abbrev [30] 0xb28:0x36 DW_TAG_structure_type
	.byte	5                               @ DW_AT_calling_convention
	.byte	16                              @ DW_AT_byte_size
	.byte	6                               @ DW_AT_decl_file
	.byte	28                              @ DW_AT_decl_line
	.byte	29                              @ Abbrev [29] 0xb2d:0xc DW_TAG_member
	.long	.Linfo_string121                @ DW_AT_name
	.long	2156                            @ DW_AT_type
	.byte	6                               @ DW_AT_decl_file
	.byte	115                             @ DW_AT_decl_line
	.byte	0                               @ DW_AT_data_member_location
	.byte	29                              @ Abbrev [29] 0xb39:0xc DW_TAG_member
	.long	.Linfo_string122                @ DW_AT_name
	.long	2156                            @ DW_AT_type
	.byte	6                               @ DW_AT_decl_file
	.byte	116                             @ DW_AT_decl_line
	.byte	4                               @ DW_AT_data_member_location
	.byte	29                              @ Abbrev [29] 0xb45:0xc DW_TAG_member
	.long	.Linfo_string123                @ DW_AT_name
	.long	2156                            @ DW_AT_type
	.byte	6                               @ DW_AT_decl_file
	.byte	117                             @ DW_AT_decl_line
	.byte	8                               @ DW_AT_data_member_location
	.byte	29                              @ Abbrev [29] 0xb51:0xc DW_TAG_member
	.long	.Linfo_string124                @ DW_AT_name
	.long	2156                            @ DW_AT_type
	.byte	6                               @ DW_AT_decl_file
	.byte	118                             @ DW_AT_decl_line
	.byte	12                              @ DW_AT_data_member_location
	.byte	0                               @ End Of Children Mark
	.byte	3                               @ Abbrev [3] 0xb5e:0xc DW_TAG_array_type
	.long	2156                            @ DW_AT_type
	.byte	4                               @ Abbrev [4] 0xb63:0x6 DW_TAG_subrange_type
	.long	70                              @ DW_AT_type
	.byte	16                              @ DW_AT_count
	.byte	0                               @ End Of Children Mark
	.byte	3                               @ Abbrev [3] 0xb6a:0xc DW_TAG_array_type
	.long	2156                            @ DW_AT_type
	.byte	4                               @ Abbrev [4] 0xb6f:0x6 DW_TAG_subrange_type
	.long	70                              @ DW_AT_type
	.byte	176                             @ DW_AT_count
	.byte	0                               @ End Of Children Mark
	.byte	3                               @ Abbrev [3] 0xb76:0xc DW_TAG_array_type
	.long	2156                            @ DW_AT_type
	.byte	4                               @ Abbrev [4] 0xb7b:0x6 DW_TAG_subrange_type
	.long	70                              @ DW_AT_type
	.byte	1                               @ DW_AT_count
	.byte	0                               @ End Of Children Mark
	.byte	3                               @ Abbrev [3] 0xb82:0xc DW_TAG_array_type
	.long	2156                            @ DW_AT_type
	.byte	4                               @ Abbrev [4] 0xb87:0x6 DW_TAG_subrange_type
	.long	70                              @ DW_AT_type
	.byte	5                               @ DW_AT_count
	.byte	0                               @ End Of Children Mark
	.byte	31                              @ Abbrev [31] 0xb8e:0x5 DW_TAG_pointer_type
	.long	1227                            @ DW_AT_type
	.byte	31                              @ Abbrev [31] 0xb93:0x5 DW_TAG_pointer_type
	.long	2968                            @ DW_AT_type
	.byte	39                              @ Abbrev [39] 0xb98:0xc DW_TAG_typedef
	.long	2980                            @ DW_AT_type
	.long	.Linfo_string302                @ DW_AT_name
	.byte	7                               @ DW_AT_decl_file
	.short	3508                            @ DW_AT_decl_line
	.byte	28                              @ Abbrev [28] 0xba4:0x7e6 DW_TAG_structure_type
	.byte	5                               @ DW_AT_calling_convention
	.short	3740                            @ DW_AT_byte_size
	.byte	7                               @ DW_AT_decl_file
	.byte	27                              @ DW_AT_decl_line
	.byte	40                              @ Abbrev [40] 0xbaa:0xd DW_TAG_member
	.long	.Linfo_string161                @ DW_AT_name
	.long	2156                            @ DW_AT_type
	.byte	7                               @ DW_AT_decl_file
	.short	3361                            @ DW_AT_decl_line
	.byte	0                               @ DW_AT_data_member_location
	.byte	40                              @ Abbrev [40] 0xbb7:0xd DW_TAG_member
	.long	.Linfo_string162                @ DW_AT_name
	.long	2156                            @ DW_AT_type
	.byte	7                               @ DW_AT_decl_file
	.short	3362                            @ DW_AT_decl_line
	.byte	4                               @ DW_AT_data_member_location
	.byte	40                              @ Abbrev [40] 0xbc4:0xd DW_TAG_member
	.long	.Linfo_string163                @ DW_AT_name
	.long	2156                            @ DW_AT_type
	.byte	7                               @ DW_AT_decl_file
	.short	3363                            @ DW_AT_decl_line
	.byte	8                               @ DW_AT_data_member_location
	.byte	40                              @ Abbrev [40] 0xbd1:0xd DW_TAG_member
	.long	.Linfo_string164                @ DW_AT_name
	.long	2156                            @ DW_AT_type
	.byte	7                               @ DW_AT_decl_file
	.short	3364                            @ DW_AT_decl_line
	.byte	12                              @ DW_AT_data_member_location
	.byte	40                              @ Abbrev [40] 0xbde:0xd DW_TAG_member
	.long	.Linfo_string165                @ DW_AT_name
	.long	2156                            @ DW_AT_type
	.byte	7                               @ DW_AT_decl_file
	.short	3365                            @ DW_AT_decl_line
	.byte	16                              @ DW_AT_data_member_location
	.byte	40                              @ Abbrev [40] 0xbeb:0xd DW_TAG_member
	.long	.Linfo_string166                @ DW_AT_name
	.long	2156                            @ DW_AT_type
	.byte	7                               @ DW_AT_decl_file
	.short	3366                            @ DW_AT_decl_line
	.byte	20                              @ DW_AT_data_member_location
	.byte	40                              @ Abbrev [40] 0xbf8:0xd DW_TAG_member
	.long	.Linfo_string167                @ DW_AT_name
	.long	2156                            @ DW_AT_type
	.byte	7                               @ DW_AT_decl_file
	.short	3367                            @ DW_AT_decl_line
	.byte	24                              @ DW_AT_data_member_location
	.byte	40                              @ Abbrev [40] 0xc05:0xd DW_TAG_member
	.long	.Linfo_string101                @ DW_AT_name
	.long	2934                            @ DW_AT_type
	.byte	7                               @ DW_AT_decl_file
	.short	3368                            @ DW_AT_decl_line
	.byte	28                              @ DW_AT_data_member_location
	.byte	40                              @ Abbrev [40] 0xc12:0xd DW_TAG_member
	.long	.Linfo_string168                @ DW_AT_name
	.long	2156                            @ DW_AT_type
	.byte	7                               @ DW_AT_decl_file
	.short	3369                            @ DW_AT_decl_line
	.byte	32                              @ DW_AT_data_member_location
	.byte	40                              @ Abbrev [40] 0xc1f:0xd DW_TAG_member
	.long	.Linfo_string169                @ DW_AT_name
	.long	2156                            @ DW_AT_type
	.byte	7                               @ DW_AT_decl_file
	.short	3370                            @ DW_AT_decl_line
	.byte	36                              @ DW_AT_data_member_location
	.byte	40                              @ Abbrev [40] 0xc2c:0xd DW_TAG_member
	.long	.Linfo_string170                @ DW_AT_name
	.long	2156                            @ DW_AT_type
	.byte	7                               @ DW_AT_decl_file
	.short	3371                            @ DW_AT_decl_line
	.byte	40                              @ DW_AT_data_member_location
	.byte	40                              @ Abbrev [40] 0xc39:0xd DW_TAG_member
	.long	.Linfo_string171                @ DW_AT_name
	.long	2156                            @ DW_AT_type
	.byte	7                               @ DW_AT_decl_file
	.short	3372                            @ DW_AT_decl_line
	.byte	44                              @ DW_AT_data_member_location
	.byte	40                              @ Abbrev [40] 0xc46:0xd DW_TAG_member
	.long	.Linfo_string172                @ DW_AT_name
	.long	2156                            @ DW_AT_type
	.byte	7                               @ DW_AT_decl_file
	.short	3373                            @ DW_AT_decl_line
	.byte	48                              @ DW_AT_data_member_location
	.byte	40                              @ Abbrev [40] 0xc53:0xd DW_TAG_member
	.long	.Linfo_string173                @ DW_AT_name
	.long	2156                            @ DW_AT_type
	.byte	7                               @ DW_AT_decl_file
	.short	3374                            @ DW_AT_decl_line
	.byte	52                              @ DW_AT_data_member_location
	.byte	40                              @ Abbrev [40] 0xc60:0xd DW_TAG_member
	.long	.Linfo_string174                @ DW_AT_name
	.long	2156                            @ DW_AT_type
	.byte	7                               @ DW_AT_decl_file
	.short	3375                            @ DW_AT_decl_line
	.byte	56                              @ DW_AT_data_member_location
	.byte	40                              @ Abbrev [40] 0xc6d:0xd DW_TAG_member
	.long	.Linfo_string127                @ DW_AT_name
	.long	2934                            @ DW_AT_type
	.byte	7                               @ DW_AT_decl_file
	.short	3376                            @ DW_AT_decl_line
	.byte	60                              @ DW_AT_data_member_location
	.byte	40                              @ Abbrev [40] 0xc7a:0xd DW_TAG_member
	.long	.Linfo_string175                @ DW_AT_name
	.long	2156                            @ DW_AT_type
	.byte	7                               @ DW_AT_decl_file
	.short	3377                            @ DW_AT_decl_line
	.byte	64                              @ DW_AT_data_member_location
	.byte	40                              @ Abbrev [40] 0xc87:0xd DW_TAG_member
	.long	.Linfo_string143                @ DW_AT_name
	.long	5002                            @ DW_AT_type
	.byte	7                               @ DW_AT_decl_file
	.short	3378                            @ DW_AT_decl_line
	.byte	68                              @ DW_AT_data_member_location
	.byte	40                              @ Abbrev [40] 0xc94:0xd DW_TAG_member
	.long	.Linfo_string176                @ DW_AT_name
	.long	2156                            @ DW_AT_type
	.byte	7                               @ DW_AT_decl_file
	.short	3379                            @ DW_AT_decl_line
	.byte	128                             @ DW_AT_data_member_location
	.byte	40                              @ Abbrev [40] 0xca1:0xd DW_TAG_member
	.long	.Linfo_string177                @ DW_AT_name
	.long	2156                            @ DW_AT_type
	.byte	7                               @ DW_AT_decl_file
	.short	3380                            @ DW_AT_decl_line
	.byte	132                             @ DW_AT_data_member_location
	.byte	40                              @ Abbrev [40] 0xcae:0xd DW_TAG_member
	.long	.Linfo_string178                @ DW_AT_name
	.long	2156                            @ DW_AT_type
	.byte	7                               @ DW_AT_decl_file
	.short	3381                            @ DW_AT_decl_line
	.byte	136                             @ DW_AT_data_member_location
	.byte	40                              @ Abbrev [40] 0xcbb:0xd DW_TAG_member
	.long	.Linfo_string179                @ DW_AT_name
	.long	2156                            @ DW_AT_type
	.byte	7                               @ DW_AT_decl_file
	.short	3382                            @ DW_AT_decl_line
	.byte	140                             @ DW_AT_data_member_location
	.byte	40                              @ Abbrev [40] 0xcc8:0xd DW_TAG_member
	.long	.Linfo_string180                @ DW_AT_name
	.long	2156                            @ DW_AT_type
	.byte	7                               @ DW_AT_decl_file
	.short	3383                            @ DW_AT_decl_line
	.byte	144                             @ DW_AT_data_member_location
	.byte	40                              @ Abbrev [40] 0xcd5:0xd DW_TAG_member
	.long	.Linfo_string181                @ DW_AT_name
	.long	2156                            @ DW_AT_type
	.byte	7                               @ DW_AT_decl_file
	.short	3384                            @ DW_AT_decl_line
	.byte	148                             @ DW_AT_data_member_location
	.byte	40                              @ Abbrev [40] 0xce2:0xd DW_TAG_member
	.long	.Linfo_string182                @ DW_AT_name
	.long	2156                            @ DW_AT_type
	.byte	7                               @ DW_AT_decl_file
	.short	3385                            @ DW_AT_decl_line
	.byte	152                             @ DW_AT_data_member_location
	.byte	40                              @ Abbrev [40] 0xcef:0xd DW_TAG_member
	.long	.Linfo_string183                @ DW_AT_name
	.long	2156                            @ DW_AT_type
	.byte	7                               @ DW_AT_decl_file
	.short	3386                            @ DW_AT_decl_line
	.byte	156                             @ DW_AT_data_member_location
	.byte	40                              @ Abbrev [40] 0xcfc:0xd DW_TAG_member
	.long	.Linfo_string184                @ DW_AT_name
	.long	2156                            @ DW_AT_type
	.byte	7                               @ DW_AT_decl_file
	.short	3387                            @ DW_AT_decl_line
	.byte	160                             @ DW_AT_data_member_location
	.byte	40                              @ Abbrev [40] 0xd09:0xd DW_TAG_member
	.long	.Linfo_string185                @ DW_AT_name
	.long	2156                            @ DW_AT_type
	.byte	7                               @ DW_AT_decl_file
	.short	3388                            @ DW_AT_decl_line
	.byte	164                             @ DW_AT_data_member_location
	.byte	40                              @ Abbrev [40] 0xd16:0xd DW_TAG_member
	.long	.Linfo_string153                @ DW_AT_name
	.long	5014                            @ DW_AT_type
	.byte	7                               @ DW_AT_decl_file
	.short	3389                            @ DW_AT_decl_line
	.byte	168                             @ DW_AT_data_member_location
	.byte	42                              @ Abbrev [42] 0xd23:0xe DW_TAG_member
	.long	.Linfo_string186                @ DW_AT_name
	.long	2156                            @ DW_AT_type
	.byte	7                               @ DW_AT_decl_file
	.short	3390                            @ DW_AT_decl_line
	.short	256                             @ DW_AT_data_member_location
	.byte	42                              @ Abbrev [42] 0xd31:0xe DW_TAG_member
	.long	.Linfo_string155                @ DW_AT_name
	.long	5026                            @ DW_AT_type
	.byte	7                               @ DW_AT_decl_file
	.short	3391                            @ DW_AT_decl_line
	.short	260                             @ DW_AT_data_member_location
	.byte	42                              @ Abbrev [42] 0xd3f:0xe DW_TAG_member
	.long	.Linfo_string187                @ DW_AT_name
	.long	2156                            @ DW_AT_type
	.byte	7                               @ DW_AT_decl_file
	.short	3392                            @ DW_AT_decl_line
	.short	272                             @ DW_AT_data_member_location
	.byte	42                              @ Abbrev [42] 0xd4d:0xe DW_TAG_member
	.long	.Linfo_string188                @ DW_AT_name
	.long	2156                            @ DW_AT_type
	.byte	7                               @ DW_AT_decl_file
	.short	3393                            @ DW_AT_decl_line
	.short	276                             @ DW_AT_data_member_location
	.byte	42                              @ Abbrev [42] 0xd5b:0xe DW_TAG_member
	.long	.Linfo_string189                @ DW_AT_name
	.long	2156                            @ DW_AT_type
	.byte	7                               @ DW_AT_decl_file
	.short	3394                            @ DW_AT_decl_line
	.short	280                             @ DW_AT_data_member_location
	.byte	42                              @ Abbrev [42] 0xd69:0xe DW_TAG_member
	.long	.Linfo_string190                @ DW_AT_name
	.long	2934                            @ DW_AT_type
	.byte	7                               @ DW_AT_decl_file
	.short	3395                            @ DW_AT_decl_line
	.short	284                             @ DW_AT_data_member_location
	.byte	42                              @ Abbrev [42] 0xd77:0xe DW_TAG_member
	.long	.Linfo_string191                @ DW_AT_name
	.long	2156                            @ DW_AT_type
	.byte	7                               @ DW_AT_decl_file
	.short	3396                            @ DW_AT_decl_line
	.short	288                             @ DW_AT_data_member_location
	.byte	42                              @ Abbrev [42] 0xd85:0xe DW_TAG_member
	.long	.Linfo_string192                @ DW_AT_name
	.long	2156                            @ DW_AT_type
	.byte	7                               @ DW_AT_decl_file
	.short	3397                            @ DW_AT_decl_line
	.short	292                             @ DW_AT_data_member_location
	.byte	42                              @ Abbrev [42] 0xd93:0xe DW_TAG_member
	.long	.Linfo_string193                @ DW_AT_name
	.long	2156                            @ DW_AT_type
	.byte	7                               @ DW_AT_decl_file
	.short	3398                            @ DW_AT_decl_line
	.short	296                             @ DW_AT_data_member_location
	.byte	42                              @ Abbrev [42] 0xda1:0xe DW_TAG_member
	.long	.Linfo_string194                @ DW_AT_name
	.long	2934                            @ DW_AT_type
	.byte	7                               @ DW_AT_decl_file
	.short	3399                            @ DW_AT_decl_line
	.short	300                             @ DW_AT_data_member_location
	.byte	42                              @ Abbrev [42] 0xdaf:0xe DW_TAG_member
	.long	.Linfo_string195                @ DW_AT_name
	.long	2156                            @ DW_AT_type
	.byte	7                               @ DW_AT_decl_file
	.short	3400                            @ DW_AT_decl_line
	.short	304                             @ DW_AT_data_member_location
	.byte	42                              @ Abbrev [42] 0xdbd:0xe DW_TAG_member
	.long	.Linfo_string196                @ DW_AT_name
	.long	2156                            @ DW_AT_type
	.byte	7                               @ DW_AT_decl_file
	.short	3401                            @ DW_AT_decl_line
	.short	308                             @ DW_AT_data_member_location
	.byte	42                              @ Abbrev [42] 0xdcb:0xe DW_TAG_member
	.long	.Linfo_string197                @ DW_AT_name
	.long	2156                            @ DW_AT_type
	.byte	7                               @ DW_AT_decl_file
	.short	3402                            @ DW_AT_decl_line
	.short	312                             @ DW_AT_data_member_location
	.byte	42                              @ Abbrev [42] 0xdd9:0xe DW_TAG_member
	.long	.Linfo_string198                @ DW_AT_name
	.long	5038                            @ DW_AT_type
	.byte	7                               @ DW_AT_decl_file
	.short	3403                            @ DW_AT_decl_line
	.short	316                             @ DW_AT_data_member_location
	.byte	42                              @ Abbrev [42] 0xde7:0xe DW_TAG_member
	.long	.Linfo_string199                @ DW_AT_name
	.long	2156                            @ DW_AT_type
	.byte	7                               @ DW_AT_decl_file
	.short	3404                            @ DW_AT_decl_line
	.short	512                             @ DW_AT_data_member_location
	.byte	42                              @ Abbrev [42] 0xdf5:0xe DW_TAG_member
	.long	.Linfo_string200                @ DW_AT_name
	.long	2156                            @ DW_AT_type
	.byte	7                               @ DW_AT_decl_file
	.short	3405                            @ DW_AT_decl_line
	.short	516                             @ DW_AT_data_member_location
	.byte	42                              @ Abbrev [42] 0xe03:0xe DW_TAG_member
	.long	.Linfo_string201                @ DW_AT_name
	.long	2156                            @ DW_AT_type
	.byte	7                               @ DW_AT_decl_file
	.short	3406                            @ DW_AT_decl_line
	.short	520                             @ DW_AT_data_member_location
	.byte	42                              @ Abbrev [42] 0xe11:0xe DW_TAG_member
	.long	.Linfo_string202                @ DW_AT_name
	.long	2156                            @ DW_AT_type
	.byte	7                               @ DW_AT_decl_file
	.short	3407                            @ DW_AT_decl_line
	.short	524                             @ DW_AT_data_member_location
	.byte	42                              @ Abbrev [42] 0xe1f:0xe DW_TAG_member
	.long	.Linfo_string203                @ DW_AT_name
	.long	2156                            @ DW_AT_type
	.byte	7                               @ DW_AT_decl_file
	.short	3408                            @ DW_AT_decl_line
	.short	528                             @ DW_AT_data_member_location
	.byte	42                              @ Abbrev [42] 0xe2d:0xe DW_TAG_member
	.long	.Linfo_string204                @ DW_AT_name
	.long	2156                            @ DW_AT_type
	.byte	7                               @ DW_AT_decl_file
	.short	3409                            @ DW_AT_decl_line
	.short	532                             @ DW_AT_data_member_location
	.byte	42                              @ Abbrev [42] 0xe3b:0xe DW_TAG_member
	.long	.Linfo_string205                @ DW_AT_name
	.long	2156                            @ DW_AT_type
	.byte	7                               @ DW_AT_decl_file
	.short	3410                            @ DW_AT_decl_line
	.short	536                             @ DW_AT_data_member_location
	.byte	42                              @ Abbrev [42] 0xe49:0xe DW_TAG_member
	.long	.Linfo_string206                @ DW_AT_name
	.long	2156                            @ DW_AT_type
	.byte	7                               @ DW_AT_decl_file
	.short	3411                            @ DW_AT_decl_line
	.short	540                             @ DW_AT_data_member_location
	.byte	42                              @ Abbrev [42] 0xe57:0xe DW_TAG_member
	.long	.Linfo_string207                @ DW_AT_name
	.long	2156                            @ DW_AT_type
	.byte	7                               @ DW_AT_decl_file
	.short	3412                            @ DW_AT_decl_line
	.short	544                             @ DW_AT_data_member_location
	.byte	42                              @ Abbrev [42] 0xe65:0xe DW_TAG_member
	.long	.Linfo_string208                @ DW_AT_name
	.long	2156                            @ DW_AT_type
	.byte	7                               @ DW_AT_decl_file
	.short	3413                            @ DW_AT_decl_line
	.short	548                             @ DW_AT_data_member_location
	.byte	42                              @ Abbrev [42] 0xe73:0xe DW_TAG_member
	.long	.Linfo_string209                @ DW_AT_name
	.long	2156                            @ DW_AT_type
	.byte	7                               @ DW_AT_decl_file
	.short	3414                            @ DW_AT_decl_line
	.short	552                             @ DW_AT_data_member_location
	.byte	42                              @ Abbrev [42] 0xe81:0xe DW_TAG_member
	.long	.Linfo_string210                @ DW_AT_name
	.long	2156                            @ DW_AT_type
	.byte	7                               @ DW_AT_decl_file
	.short	3415                            @ DW_AT_decl_line
	.short	556                             @ DW_AT_data_member_location
	.byte	42                              @ Abbrev [42] 0xe8f:0xe DW_TAG_member
	.long	.Linfo_string211                @ DW_AT_name
	.long	2156                            @ DW_AT_type
	.byte	7                               @ DW_AT_decl_file
	.short	3416                            @ DW_AT_decl_line
	.short	560                             @ DW_AT_data_member_location
	.byte	42                              @ Abbrev [42] 0xe9d:0xe DW_TAG_member
	.long	.Linfo_string212                @ DW_AT_name
	.long	2156                            @ DW_AT_type
	.byte	7                               @ DW_AT_decl_file
	.short	3417                            @ DW_AT_decl_line
	.short	564                             @ DW_AT_data_member_location
	.byte	42                              @ Abbrev [42] 0xeab:0xe DW_TAG_member
	.long	.Linfo_string213                @ DW_AT_name
	.long	2156                            @ DW_AT_type
	.byte	7                               @ DW_AT_decl_file
	.short	3418                            @ DW_AT_decl_line
	.short	568                             @ DW_AT_data_member_location
	.byte	42                              @ Abbrev [42] 0xeb9:0xe DW_TAG_member
	.long	.Linfo_string214                @ DW_AT_name
	.long	2156                            @ DW_AT_type
	.byte	7                               @ DW_AT_decl_file
	.short	3419                            @ DW_AT_decl_line
	.short	572                             @ DW_AT_data_member_location
	.byte	42                              @ Abbrev [42] 0xec7:0xe DW_TAG_member
	.long	.Linfo_string215                @ DW_AT_name
	.long	2156                            @ DW_AT_type
	.byte	7                               @ DW_AT_decl_file
	.short	3420                            @ DW_AT_decl_line
	.short	576                             @ DW_AT_data_member_location
	.byte	42                              @ Abbrev [42] 0xed5:0xe DW_TAG_member
	.long	.Linfo_string216                @ DW_AT_name
	.long	2156                            @ DW_AT_type
	.byte	7                               @ DW_AT_decl_file
	.short	3421                            @ DW_AT_decl_line
	.short	580                             @ DW_AT_data_member_location
	.byte	42                              @ Abbrev [42] 0xee3:0xe DW_TAG_member
	.long	.Linfo_string217                @ DW_AT_name
	.long	2156                            @ DW_AT_type
	.byte	7                               @ DW_AT_decl_file
	.short	3422                            @ DW_AT_decl_line
	.short	584                             @ DW_AT_data_member_location
	.byte	42                              @ Abbrev [42] 0xef1:0xe DW_TAG_member
	.long	.Linfo_string218                @ DW_AT_name
	.long	2156                            @ DW_AT_type
	.byte	7                               @ DW_AT_decl_file
	.short	3423                            @ DW_AT_decl_line
	.short	588                             @ DW_AT_data_member_location
	.byte	42                              @ Abbrev [42] 0xeff:0xe DW_TAG_member
	.long	.Linfo_string219                @ DW_AT_name
	.long	2156                            @ DW_AT_type
	.byte	7                               @ DW_AT_decl_file
	.short	3424                            @ DW_AT_decl_line
	.short	592                             @ DW_AT_data_member_location
	.byte	42                              @ Abbrev [42] 0xf0d:0xe DW_TAG_member
	.long	.Linfo_string220                @ DW_AT_name
	.long	2156                            @ DW_AT_type
	.byte	7                               @ DW_AT_decl_file
	.short	3425                            @ DW_AT_decl_line
	.short	596                             @ DW_AT_data_member_location
	.byte	42                              @ Abbrev [42] 0xf1b:0xe DW_TAG_member
	.long	.Linfo_string221                @ DW_AT_name
	.long	2156                            @ DW_AT_type
	.byte	7                               @ DW_AT_decl_file
	.short	3426                            @ DW_AT_decl_line
	.short	600                             @ DW_AT_data_member_location
	.byte	42                              @ Abbrev [42] 0xf29:0xe DW_TAG_member
	.long	.Linfo_string222                @ DW_AT_name
	.long	2156                            @ DW_AT_type
	.byte	7                               @ DW_AT_decl_file
	.short	3427                            @ DW_AT_decl_line
	.short	604                             @ DW_AT_data_member_location
	.byte	42                              @ Abbrev [42] 0xf37:0xe DW_TAG_member
	.long	.Linfo_string223                @ DW_AT_name
	.long	2156                            @ DW_AT_type
	.byte	7                               @ DW_AT_decl_file
	.short	3428                            @ DW_AT_decl_line
	.short	608                             @ DW_AT_data_member_location
	.byte	42                              @ Abbrev [42] 0xf45:0xe DW_TAG_member
	.long	.Linfo_string224                @ DW_AT_name
	.long	2156                            @ DW_AT_type
	.byte	7                               @ DW_AT_decl_file
	.short	3429                            @ DW_AT_decl_line
	.short	612                             @ DW_AT_data_member_location
	.byte	42                              @ Abbrev [42] 0xf53:0xe DW_TAG_member
	.long	.Linfo_string225                @ DW_AT_name
	.long	2156                            @ DW_AT_type
	.byte	7                               @ DW_AT_decl_file
	.short	3430                            @ DW_AT_decl_line
	.short	616                             @ DW_AT_data_member_location
	.byte	42                              @ Abbrev [42] 0xf61:0xe DW_TAG_member
	.long	.Linfo_string226                @ DW_AT_name
	.long	2156                            @ DW_AT_type
	.byte	7                               @ DW_AT_decl_file
	.short	3431                            @ DW_AT_decl_line
	.short	620                             @ DW_AT_data_member_location
	.byte	42                              @ Abbrev [42] 0xf6f:0xe DW_TAG_member
	.long	.Linfo_string227                @ DW_AT_name
	.long	2156                            @ DW_AT_type
	.byte	7                               @ DW_AT_decl_file
	.short	3432                            @ DW_AT_decl_line
	.short	624                             @ DW_AT_data_member_location
	.byte	42                              @ Abbrev [42] 0xf7d:0xe DW_TAG_member
	.long	.Linfo_string228                @ DW_AT_name
	.long	2156                            @ DW_AT_type
	.byte	7                               @ DW_AT_decl_file
	.short	3433                            @ DW_AT_decl_line
	.short	628                             @ DW_AT_data_member_location
	.byte	42                              @ Abbrev [42] 0xf8b:0xe DW_TAG_member
	.long	.Linfo_string229                @ DW_AT_name
	.long	2156                            @ DW_AT_type
	.byte	7                               @ DW_AT_decl_file
	.short	3434                            @ DW_AT_decl_line
	.short	632                             @ DW_AT_data_member_location
	.byte	42                              @ Abbrev [42] 0xf99:0xe DW_TAG_member
	.long	.Linfo_string230                @ DW_AT_name
	.long	2156                            @ DW_AT_type
	.byte	7                               @ DW_AT_decl_file
	.short	3435                            @ DW_AT_decl_line
	.short	636                             @ DW_AT_data_member_location
	.byte	42                              @ Abbrev [42] 0xfa7:0xe DW_TAG_member
	.long	.Linfo_string231                @ DW_AT_name
	.long	2156                            @ DW_AT_type
	.byte	7                               @ DW_AT_decl_file
	.short	3436                            @ DW_AT_decl_line
	.short	640                             @ DW_AT_data_member_location
	.byte	42                              @ Abbrev [42] 0xfb5:0xe DW_TAG_member
	.long	.Linfo_string232                @ DW_AT_name
	.long	2156                            @ DW_AT_type
	.byte	7                               @ DW_AT_decl_file
	.short	3437                            @ DW_AT_decl_line
	.short	644                             @ DW_AT_data_member_location
	.byte	42                              @ Abbrev [42] 0xfc3:0xe DW_TAG_member
	.long	.Linfo_string233                @ DW_AT_name
	.long	2156                            @ DW_AT_type
	.byte	7                               @ DW_AT_decl_file
	.short	3438                            @ DW_AT_decl_line
	.short	648                             @ DW_AT_data_member_location
	.byte	42                              @ Abbrev [42] 0xfd1:0xe DW_TAG_member
	.long	.Linfo_string234                @ DW_AT_name
	.long	2156                            @ DW_AT_type
	.byte	7                               @ DW_AT_decl_file
	.short	3439                            @ DW_AT_decl_line
	.short	652                             @ DW_AT_data_member_location
	.byte	42                              @ Abbrev [42] 0xfdf:0xe DW_TAG_member
	.long	.Linfo_string235                @ DW_AT_name
	.long	2156                            @ DW_AT_type
	.byte	7                               @ DW_AT_decl_file
	.short	3440                            @ DW_AT_decl_line
	.short	656                             @ DW_AT_data_member_location
	.byte	42                              @ Abbrev [42] 0xfed:0xe DW_TAG_member
	.long	.Linfo_string236                @ DW_AT_name
	.long	2156                            @ DW_AT_type
	.byte	7                               @ DW_AT_decl_file
	.short	3441                            @ DW_AT_decl_line
	.short	660                             @ DW_AT_data_member_location
	.byte	42                              @ Abbrev [42] 0xffb:0xe DW_TAG_member
	.long	.Linfo_string237                @ DW_AT_name
	.long	2156                            @ DW_AT_type
	.byte	7                               @ DW_AT_decl_file
	.short	3442                            @ DW_AT_decl_line
	.short	664                             @ DW_AT_data_member_location
	.byte	42                              @ Abbrev [42] 0x1009:0xe DW_TAG_member
	.long	.Linfo_string238                @ DW_AT_name
	.long	2156                            @ DW_AT_type
	.byte	7                               @ DW_AT_decl_file
	.short	3443                            @ DW_AT_decl_line
	.short	668                             @ DW_AT_data_member_location
	.byte	42                              @ Abbrev [42] 0x1017:0xe DW_TAG_member
	.long	.Linfo_string239                @ DW_AT_name
	.long	2156                            @ DW_AT_type
	.byte	7                               @ DW_AT_decl_file
	.short	3444                            @ DW_AT_decl_line
	.short	672                             @ DW_AT_data_member_location
	.byte	42                              @ Abbrev [42] 0x1025:0xe DW_TAG_member
	.long	.Linfo_string240                @ DW_AT_name
	.long	2156                            @ DW_AT_type
	.byte	7                               @ DW_AT_decl_file
	.short	3445                            @ DW_AT_decl_line
	.short	676                             @ DW_AT_data_member_location
	.byte	42                              @ Abbrev [42] 0x1033:0xe DW_TAG_member
	.long	.Linfo_string241                @ DW_AT_name
	.long	2156                            @ DW_AT_type
	.byte	7                               @ DW_AT_decl_file
	.short	3446                            @ DW_AT_decl_line
	.short	680                             @ DW_AT_data_member_location
	.byte	42                              @ Abbrev [42] 0x1041:0xe DW_TAG_member
	.long	.Linfo_string242                @ DW_AT_name
	.long	2156                            @ DW_AT_type
	.byte	7                               @ DW_AT_decl_file
	.short	3447                            @ DW_AT_decl_line
	.short	684                             @ DW_AT_data_member_location
	.byte	42                              @ Abbrev [42] 0x104f:0xe DW_TAG_member
	.long	.Linfo_string243                @ DW_AT_name
	.long	2156                            @ DW_AT_type
	.byte	7                               @ DW_AT_decl_file
	.short	3448                            @ DW_AT_decl_line
	.short	688                             @ DW_AT_data_member_location
	.byte	42                              @ Abbrev [42] 0x105d:0xe DW_TAG_member
	.long	.Linfo_string244                @ DW_AT_name
	.long	5026                            @ DW_AT_type
	.byte	7                               @ DW_AT_decl_file
	.short	3449                            @ DW_AT_decl_line
	.short	692                             @ DW_AT_data_member_location
	.byte	42                              @ Abbrev [42] 0x106b:0xe DW_TAG_member
	.long	.Linfo_string245                @ DW_AT_name
	.long	2156                            @ DW_AT_type
	.byte	7                               @ DW_AT_decl_file
	.short	3450                            @ DW_AT_decl_line
	.short	704                             @ DW_AT_data_member_location
	.byte	42                              @ Abbrev [42] 0x1079:0xe DW_TAG_member
	.long	.Linfo_string246                @ DW_AT_name
	.long	2156                            @ DW_AT_type
	.byte	7                               @ DW_AT_decl_file
	.short	3451                            @ DW_AT_decl_line
	.short	708                             @ DW_AT_data_member_location
	.byte	42                              @ Abbrev [42] 0x1087:0xe DW_TAG_member
	.long	.Linfo_string247                @ DW_AT_name
	.long	2156                            @ DW_AT_type
	.byte	7                               @ DW_AT_decl_file
	.short	3452                            @ DW_AT_decl_line
	.short	712                             @ DW_AT_data_member_location
	.byte	42                              @ Abbrev [42] 0x1095:0xe DW_TAG_member
	.long	.Linfo_string248                @ DW_AT_name
	.long	2156                            @ DW_AT_type
	.byte	7                               @ DW_AT_decl_file
	.short	3453                            @ DW_AT_decl_line
	.short	716                             @ DW_AT_data_member_location
	.byte	42                              @ Abbrev [42] 0x10a3:0xe DW_TAG_member
	.long	.Linfo_string249                @ DW_AT_name
	.long	2156                            @ DW_AT_type
	.byte	7                               @ DW_AT_decl_file
	.short	3454                            @ DW_AT_decl_line
	.short	720                             @ DW_AT_data_member_location
	.byte	42                              @ Abbrev [42] 0x10b1:0xe DW_TAG_member
	.long	.Linfo_string250                @ DW_AT_name
	.long	2156                            @ DW_AT_type
	.byte	7                               @ DW_AT_decl_file
	.short	3455                            @ DW_AT_decl_line
	.short	724                             @ DW_AT_data_member_location
	.byte	42                              @ Abbrev [42] 0x10bf:0xe DW_TAG_member
	.long	.Linfo_string251                @ DW_AT_name
	.long	2156                            @ DW_AT_type
	.byte	7                               @ DW_AT_decl_file
	.short	3456                            @ DW_AT_decl_line
	.short	728                             @ DW_AT_data_member_location
	.byte	42                              @ Abbrev [42] 0x10cd:0xe DW_TAG_member
	.long	.Linfo_string252                @ DW_AT_name
	.long	2156                            @ DW_AT_type
	.byte	7                               @ DW_AT_decl_file
	.short	3457                            @ DW_AT_decl_line
	.short	732                             @ DW_AT_data_member_location
	.byte	42                              @ Abbrev [42] 0x10db:0xe DW_TAG_member
	.long	.Linfo_string253                @ DW_AT_name
	.long	2156                            @ DW_AT_type
	.byte	7                               @ DW_AT_decl_file
	.short	3458                            @ DW_AT_decl_line
	.short	736                             @ DW_AT_data_member_location
	.byte	42                              @ Abbrev [42] 0x10e9:0xe DW_TAG_member
	.long	.Linfo_string254                @ DW_AT_name
	.long	5050                            @ DW_AT_type
	.byte	7                               @ DW_AT_decl_file
	.short	3459                            @ DW_AT_decl_line
	.short	740                             @ DW_AT_data_member_location
	.byte	42                              @ Abbrev [42] 0x10f7:0xe DW_TAG_member
	.long	.Linfo_string255                @ DW_AT_name
	.long	2156                            @ DW_AT_type
	.byte	7                               @ DW_AT_decl_file
	.short	3460                            @ DW_AT_decl_line
	.short	768                             @ DW_AT_data_member_location
	.byte	42                              @ Abbrev [42] 0x1105:0xe DW_TAG_member
	.long	.Linfo_string256                @ DW_AT_name
	.long	2156                            @ DW_AT_type
	.byte	7                               @ DW_AT_decl_file
	.short	3461                            @ DW_AT_decl_line
	.short	772                             @ DW_AT_data_member_location
	.byte	42                              @ Abbrev [42] 0x1113:0xe DW_TAG_member
	.long	.Linfo_string257                @ DW_AT_name
	.long	2156                            @ DW_AT_type
	.byte	7                               @ DW_AT_decl_file
	.short	3462                            @ DW_AT_decl_line
	.short	776                             @ DW_AT_data_member_location
	.byte	42                              @ Abbrev [42] 0x1121:0xe DW_TAG_member
	.long	.Linfo_string258                @ DW_AT_name
	.long	2156                            @ DW_AT_type
	.byte	7                               @ DW_AT_decl_file
	.short	3463                            @ DW_AT_decl_line
	.short	780                             @ DW_AT_data_member_location
	.byte	42                              @ Abbrev [42] 0x112f:0xe DW_TAG_member
	.long	.Linfo_string259                @ DW_AT_name
	.long	2156                            @ DW_AT_type
	.byte	7                               @ DW_AT_decl_file
	.short	3464                            @ DW_AT_decl_line
	.short	784                             @ DW_AT_data_member_location
	.byte	42                              @ Abbrev [42] 0x113d:0xe DW_TAG_member
	.long	.Linfo_string260                @ DW_AT_name
	.long	2156                            @ DW_AT_type
	.byte	7                               @ DW_AT_decl_file
	.short	3465                            @ DW_AT_decl_line
	.short	788                             @ DW_AT_data_member_location
	.byte	42                              @ Abbrev [42] 0x114b:0xe DW_TAG_member
	.long	.Linfo_string261                @ DW_AT_name
	.long	2156                            @ DW_AT_type
	.byte	7                               @ DW_AT_decl_file
	.short	3466                            @ DW_AT_decl_line
	.short	792                             @ DW_AT_data_member_location
	.byte	42                              @ Abbrev [42] 0x1159:0xe DW_TAG_member
	.long	.Linfo_string262                @ DW_AT_name
	.long	2156                            @ DW_AT_type
	.byte	7                               @ DW_AT_decl_file
	.short	3467                            @ DW_AT_decl_line
	.short	796                             @ DW_AT_data_member_location
	.byte	42                              @ Abbrev [42] 0x1167:0xe DW_TAG_member
	.long	.Linfo_string263                @ DW_AT_name
	.long	2156                            @ DW_AT_type
	.byte	7                               @ DW_AT_decl_file
	.short	3468                            @ DW_AT_decl_line
	.short	800                             @ DW_AT_data_member_location
	.byte	42                              @ Abbrev [42] 0x1175:0xe DW_TAG_member
	.long	.Linfo_string264                @ DW_AT_name
	.long	2156                            @ DW_AT_type
	.byte	7                               @ DW_AT_decl_file
	.short	3469                            @ DW_AT_decl_line
	.short	804                             @ DW_AT_data_member_location
	.byte	42                              @ Abbrev [42] 0x1183:0xe DW_TAG_member
	.long	.Linfo_string265                @ DW_AT_name
	.long	2156                            @ DW_AT_type
	.byte	7                               @ DW_AT_decl_file
	.short	3470                            @ DW_AT_decl_line
	.short	808                             @ DW_AT_data_member_location
	.byte	42                              @ Abbrev [42] 0x1191:0xe DW_TAG_member
	.long	.Linfo_string266                @ DW_AT_name
	.long	2156                            @ DW_AT_type
	.byte	7                               @ DW_AT_decl_file
	.short	3471                            @ DW_AT_decl_line
	.short	812                             @ DW_AT_data_member_location
	.byte	42                              @ Abbrev [42] 0x119f:0xe DW_TAG_member
	.long	.Linfo_string267                @ DW_AT_name
	.long	2156                            @ DW_AT_type
	.byte	7                               @ DW_AT_decl_file
	.short	3472                            @ DW_AT_decl_line
	.short	816                             @ DW_AT_data_member_location
	.byte	42                              @ Abbrev [42] 0x11ad:0xe DW_TAG_member
	.long	.Linfo_string268                @ DW_AT_name
	.long	2156                            @ DW_AT_type
	.byte	7                               @ DW_AT_decl_file
	.short	3473                            @ DW_AT_decl_line
	.short	820                             @ DW_AT_data_member_location
	.byte	42                              @ Abbrev [42] 0x11bb:0xe DW_TAG_member
	.long	.Linfo_string269                @ DW_AT_name
	.long	2156                            @ DW_AT_type
	.byte	7                               @ DW_AT_decl_file
	.short	3474                            @ DW_AT_decl_line
	.short	824                             @ DW_AT_data_member_location
	.byte	42                              @ Abbrev [42] 0x11c9:0xe DW_TAG_member
	.long	.Linfo_string270                @ DW_AT_name
	.long	2156                            @ DW_AT_type
	.byte	7                               @ DW_AT_decl_file
	.short	3475                            @ DW_AT_decl_line
	.short	828                             @ DW_AT_data_member_location
	.byte	42                              @ Abbrev [42] 0x11d7:0xe DW_TAG_member
	.long	.Linfo_string271                @ DW_AT_name
	.long	2156                            @ DW_AT_type
	.byte	7                               @ DW_AT_decl_file
	.short	3476                            @ DW_AT_decl_line
	.short	832                             @ DW_AT_data_member_location
	.byte	42                              @ Abbrev [42] 0x11e5:0xe DW_TAG_member
	.long	.Linfo_string272                @ DW_AT_name
	.long	2156                            @ DW_AT_type
	.byte	7                               @ DW_AT_decl_file
	.short	3477                            @ DW_AT_decl_line
	.short	836                             @ DW_AT_data_member_location
	.byte	42                              @ Abbrev [42] 0x11f3:0xe DW_TAG_member
	.long	.Linfo_string273                @ DW_AT_name
	.long	2156                            @ DW_AT_type
	.byte	7                               @ DW_AT_decl_file
	.short	3478                            @ DW_AT_decl_line
	.short	840                             @ DW_AT_data_member_location
	.byte	42                              @ Abbrev [42] 0x1201:0xe DW_TAG_member
	.long	.Linfo_string274                @ DW_AT_name
	.long	2156                            @ DW_AT_type
	.byte	7                               @ DW_AT_decl_file
	.short	3479                            @ DW_AT_decl_line
	.short	844                             @ DW_AT_data_member_location
	.byte	42                              @ Abbrev [42] 0x120f:0xe DW_TAG_member
	.long	.Linfo_string275                @ DW_AT_name
	.long	2156                            @ DW_AT_type
	.byte	7                               @ DW_AT_decl_file
	.short	3480                            @ DW_AT_decl_line
	.short	848                             @ DW_AT_data_member_location
	.byte	42                              @ Abbrev [42] 0x121d:0xe DW_TAG_member
	.long	.Linfo_string276                @ DW_AT_name
	.long	2156                            @ DW_AT_type
	.byte	7                               @ DW_AT_decl_file
	.short	3481                            @ DW_AT_decl_line
	.short	852                             @ DW_AT_data_member_location
	.byte	42                              @ Abbrev [42] 0x122b:0xe DW_TAG_member
	.long	.Linfo_string277                @ DW_AT_name
	.long	2156                            @ DW_AT_type
	.byte	7                               @ DW_AT_decl_file
	.short	3482                            @ DW_AT_decl_line
	.short	856                             @ DW_AT_data_member_location
	.byte	42                              @ Abbrev [42] 0x1239:0xe DW_TAG_member
	.long	.Linfo_string278                @ DW_AT_name
	.long	2934                            @ DW_AT_type
	.byte	7                               @ DW_AT_decl_file
	.short	3483                            @ DW_AT_decl_line
	.short	860                             @ DW_AT_data_member_location
	.byte	42                              @ Abbrev [42] 0x1247:0xe DW_TAG_member
	.long	.Linfo_string279                @ DW_AT_name
	.long	2156                            @ DW_AT_type
	.byte	7                               @ DW_AT_decl_file
	.short	3484                            @ DW_AT_decl_line
	.short	864                             @ DW_AT_data_member_location
	.byte	42                              @ Abbrev [42] 0x1255:0xe DW_TAG_member
	.long	.Linfo_string280                @ DW_AT_name
	.long	2156                            @ DW_AT_type
	.byte	7                               @ DW_AT_decl_file
	.short	3485                            @ DW_AT_decl_line
	.short	868                             @ DW_AT_data_member_location
	.byte	42                              @ Abbrev [42] 0x1263:0xe DW_TAG_member
	.long	.Linfo_string281                @ DW_AT_name
	.long	2156                            @ DW_AT_type
	.byte	7                               @ DW_AT_decl_file
	.short	3486                            @ DW_AT_decl_line
	.short	872                             @ DW_AT_data_member_location
	.byte	42                              @ Abbrev [42] 0x1271:0xe DW_TAG_member
	.long	.Linfo_string282                @ DW_AT_name
	.long	2156                            @ DW_AT_type
	.byte	7                               @ DW_AT_decl_file
	.short	3487                            @ DW_AT_decl_line
	.short	876                             @ DW_AT_data_member_location
	.byte	42                              @ Abbrev [42] 0x127f:0xe DW_TAG_member
	.long	.Linfo_string283                @ DW_AT_name
	.long	2156                            @ DW_AT_type
	.byte	7                               @ DW_AT_decl_file
	.short	3488                            @ DW_AT_decl_line
	.short	880                             @ DW_AT_data_member_location
	.byte	42                              @ Abbrev [42] 0x128d:0xe DW_TAG_member
	.long	.Linfo_string284                @ DW_AT_name
	.long	2156                            @ DW_AT_type
	.byte	7                               @ DW_AT_decl_file
	.short	3489                            @ DW_AT_decl_line
	.short	884                             @ DW_AT_data_member_location
	.byte	42                              @ Abbrev [42] 0x129b:0xe DW_TAG_member
	.long	.Linfo_string285                @ DW_AT_name
	.long	2156                            @ DW_AT_type
	.byte	7                               @ DW_AT_decl_file
	.short	3490                            @ DW_AT_decl_line
	.short	888                             @ DW_AT_data_member_location
	.byte	42                              @ Abbrev [42] 0x12a9:0xe DW_TAG_member
	.long	.Linfo_string286                @ DW_AT_name
	.long	2156                            @ DW_AT_type
	.byte	7                               @ DW_AT_decl_file
	.short	3491                            @ DW_AT_decl_line
	.short	892                             @ DW_AT_data_member_location
	.byte	42                              @ Abbrev [42] 0x12b7:0xe DW_TAG_member
	.long	.Linfo_string287                @ DW_AT_name
	.long	2934                            @ DW_AT_type
	.byte	7                               @ DW_AT_decl_file
	.short	3492                            @ DW_AT_decl_line
	.short	896                             @ DW_AT_data_member_location
	.byte	42                              @ Abbrev [42] 0x12c5:0xe DW_TAG_member
	.long	.Linfo_string288                @ DW_AT_name
	.long	2156                            @ DW_AT_type
	.byte	7                               @ DW_AT_decl_file
	.short	3493                            @ DW_AT_decl_line
	.short	900                             @ DW_AT_data_member_location
	.byte	42                              @ Abbrev [42] 0x12d3:0xe DW_TAG_member
	.long	.Linfo_string289                @ DW_AT_name
	.long	2156                            @ DW_AT_type
	.byte	7                               @ DW_AT_decl_file
	.short	3494                            @ DW_AT_decl_line
	.short	904                             @ DW_AT_data_member_location
	.byte	42                              @ Abbrev [42] 0x12e1:0xe DW_TAG_member
	.long	.Linfo_string290                @ DW_AT_name
	.long	2156                            @ DW_AT_type
	.byte	7                               @ DW_AT_decl_file
	.short	3495                            @ DW_AT_decl_line
	.short	908                             @ DW_AT_data_member_location
	.byte	42                              @ Abbrev [42] 0x12ef:0xe DW_TAG_member
	.long	.Linfo_string291                @ DW_AT_name
	.long	2156                            @ DW_AT_type
	.byte	7                               @ DW_AT_decl_file
	.short	3496                            @ DW_AT_decl_line
	.short	912                             @ DW_AT_data_member_location
	.byte	42                              @ Abbrev [42] 0x12fd:0xe DW_TAG_member
	.long	.Linfo_string292                @ DW_AT_name
	.long	2156                            @ DW_AT_type
	.byte	7                               @ DW_AT_decl_file
	.short	3497                            @ DW_AT_decl_line
	.short	916                             @ DW_AT_data_member_location
	.byte	42                              @ Abbrev [42] 0x130b:0xe DW_TAG_member
	.long	.Linfo_string293                @ DW_AT_name
	.long	2156                            @ DW_AT_type
	.byte	7                               @ DW_AT_decl_file
	.short	3498                            @ DW_AT_decl_line
	.short	920                             @ DW_AT_data_member_location
	.byte	42                              @ Abbrev [42] 0x1319:0xe DW_TAG_member
	.long	.Linfo_string294                @ DW_AT_name
	.long	2156                            @ DW_AT_type
	.byte	7                               @ DW_AT_decl_file
	.short	3499                            @ DW_AT_decl_line
	.short	924                             @ DW_AT_data_member_location
	.byte	42                              @ Abbrev [42] 0x1327:0xe DW_TAG_member
	.long	.Linfo_string295                @ DW_AT_name
	.long	5062                            @ DW_AT_type
	.byte	7                               @ DW_AT_decl_file
	.short	3500                            @ DW_AT_decl_line
	.short	928                             @ DW_AT_data_member_location
	.byte	42                              @ Abbrev [42] 0x1335:0xe DW_TAG_member
	.long	.Linfo_string296                @ DW_AT_name
	.long	2156                            @ DW_AT_type
	.byte	7                               @ DW_AT_decl_file
	.short	3501                            @ DW_AT_decl_line
	.short	1280                            @ DW_AT_data_member_location
	.byte	42                              @ Abbrev [42] 0x1343:0xe DW_TAG_member
	.long	.Linfo_string297                @ DW_AT_name
	.long	2156                            @ DW_AT_type
	.byte	7                               @ DW_AT_decl_file
	.short	3502                            @ DW_AT_decl_line
	.short	1284                            @ DW_AT_data_member_location
	.byte	42                              @ Abbrev [42] 0x1351:0xe DW_TAG_member
	.long	.Linfo_string298                @ DW_AT_name
	.long	5074                            @ DW_AT_type
	.byte	7                               @ DW_AT_decl_file
	.short	3503                            @ DW_AT_decl_line
	.short	1288                            @ DW_AT_data_member_location
	.byte	42                              @ Abbrev [42] 0x135f:0xe DW_TAG_member
	.long	.Linfo_string299                @ DW_AT_name
	.long	2156                            @ DW_AT_type
	.byte	7                               @ DW_AT_decl_file
	.short	3504                            @ DW_AT_decl_line
	.short	3728                            @ DW_AT_data_member_location
	.byte	42                              @ Abbrev [42] 0x136d:0xe DW_TAG_member
	.long	.Linfo_string300                @ DW_AT_name
	.long	2156                            @ DW_AT_type
	.byte	7                               @ DW_AT_decl_file
	.short	3505                            @ DW_AT_decl_line
	.short	3732                            @ DW_AT_data_member_location
	.byte	42                              @ Abbrev [42] 0x137b:0xe DW_TAG_member
	.long	.Linfo_string301                @ DW_AT_name
	.long	2156                            @ DW_AT_type
	.byte	7                               @ DW_AT_decl_file
	.short	3506                            @ DW_AT_decl_line
	.short	3736                            @ DW_AT_data_member_location
	.byte	0                               @ End Of Children Mark
	.byte	3                               @ Abbrev [3] 0x138a:0xc DW_TAG_array_type
	.long	2156                            @ DW_AT_type
	.byte	4                               @ Abbrev [4] 0x138f:0x6 DW_TAG_subrange_type
	.long	70                              @ DW_AT_type
	.byte	15                              @ DW_AT_count
	.byte	0                               @ End Of Children Mark
	.byte	3                               @ Abbrev [3] 0x1396:0xc DW_TAG_array_type
	.long	2156                            @ DW_AT_type
	.byte	4                               @ Abbrev [4] 0x139b:0x6 DW_TAG_subrange_type
	.long	70                              @ DW_AT_type
	.byte	22                              @ DW_AT_count
	.byte	0                               @ End Of Children Mark
	.byte	3                               @ Abbrev [3] 0x13a2:0xc DW_TAG_array_type
	.long	2156                            @ DW_AT_type
	.byte	4                               @ Abbrev [4] 0x13a7:0x6 DW_TAG_subrange_type
	.long	70                              @ DW_AT_type
	.byte	3                               @ DW_AT_count
	.byte	0                               @ End Of Children Mark
	.byte	3                               @ Abbrev [3] 0x13ae:0xc DW_TAG_array_type
	.long	2156                            @ DW_AT_type
	.byte	4                               @ Abbrev [4] 0x13b3:0x6 DW_TAG_subrange_type
	.long	70                              @ DW_AT_type
	.byte	49                              @ DW_AT_count
	.byte	0                               @ End Of Children Mark
	.byte	3                               @ Abbrev [3] 0x13ba:0xc DW_TAG_array_type
	.long	2156                            @ DW_AT_type
	.byte	4                               @ Abbrev [4] 0x13bf:0x6 DW_TAG_subrange_type
	.long	70                              @ DW_AT_type
	.byte	7                               @ DW_AT_count
	.byte	0                               @ End Of Children Mark
	.byte	3                               @ Abbrev [3] 0x13c6:0xc DW_TAG_array_type
	.long	2156                            @ DW_AT_type
	.byte	4                               @ Abbrev [4] 0x13cb:0x6 DW_TAG_subrange_type
	.long	70                              @ DW_AT_type
	.byte	88                              @ DW_AT_count
	.byte	0                               @ End Of Children Mark
	.byte	3                               @ Abbrev [3] 0x13d2:0xd DW_TAG_array_type
	.long	2156                            @ DW_AT_type
	.byte	33                              @ Abbrev [33] 0x13d7:0x7 DW_TAG_subrange_type
	.long	70                              @ DW_AT_type
	.short	610                             @ DW_AT_count
	.byte	0                               @ End Of Children Mark
	.byte	26                              @ Abbrev [26] 0x13df:0xb DW_TAG_typedef
	.long	5098                            @ DW_AT_type
	.long	.Linfo_string304                @ DW_AT_name
	.byte	2                               @ DW_AT_decl_file
	.byte	65                              @ DW_AT_decl_line
	.byte	6                               @ Abbrev [6] 0x13ea:0x7 DW_TAG_base_type
	.long	.Linfo_string303                @ DW_AT_name
	.byte	7                               @ DW_AT_encoding
	.byte	8                               @ DW_AT_byte_size
	.byte	31                              @ Abbrev [31] 0x13f1:0x5 DW_TAG_pointer_type
	.long	5110                            @ DW_AT_type
	.byte	39                              @ Abbrev [39] 0x13f6:0xc DW_TAG_typedef
	.long	5122                            @ DW_AT_type
	.long	.Linfo_string317                @ DW_AT_name
	.byte	8                               @ DW_AT_decl_file
	.short	293                             @ DW_AT_decl_line
	.byte	30                              @ Abbrev [30] 0x1402:0xbc DW_TAG_structure_type
	.byte	5                               @ DW_AT_calling_convention
	.byte	56                              @ DW_AT_byte_size
	.byte	8                               @ DW_AT_decl_file
	.byte	28                              @ DW_AT_decl_line
	.byte	40                              @ Abbrev [40] 0x1407:0xd DW_TAG_member
	.long	.Linfo_string305                @ DW_AT_name
	.long	2156                            @ DW_AT_type
	.byte	8                               @ DW_AT_decl_file
	.short	278                             @ DW_AT_decl_line
	.byte	0                               @ DW_AT_data_member_location
	.byte	40                              @ Abbrev [40] 0x1414:0xd DW_TAG_member
	.long	.Linfo_string306                @ DW_AT_name
	.long	2156                            @ DW_AT_type
	.byte	8                               @ DW_AT_decl_file
	.short	279                             @ DW_AT_decl_line
	.byte	4                               @ DW_AT_data_member_location
	.byte	40                              @ Abbrev [40] 0x1421:0xd DW_TAG_member
	.long	.Linfo_string307                @ DW_AT_name
	.long	2156                            @ DW_AT_type
	.byte	8                               @ DW_AT_decl_file
	.short	280                             @ DW_AT_decl_line
	.byte	8                               @ DW_AT_data_member_location
	.byte	40                              @ Abbrev [40] 0x142e:0xd DW_TAG_member
	.long	.Linfo_string308                @ DW_AT_name
	.long	2156                            @ DW_AT_type
	.byte	8                               @ DW_AT_decl_file
	.short	281                             @ DW_AT_decl_line
	.byte	12                              @ DW_AT_data_member_location
	.byte	40                              @ Abbrev [40] 0x143b:0xd DW_TAG_member
	.long	.Linfo_string309                @ DW_AT_name
	.long	2156                            @ DW_AT_type
	.byte	8                               @ DW_AT_decl_file
	.short	282                             @ DW_AT_decl_line
	.byte	16                              @ DW_AT_data_member_location
	.byte	40                              @ Abbrev [40] 0x1448:0xd DW_TAG_member
	.long	.Linfo_string310                @ DW_AT_name
	.long	2156                            @ DW_AT_type
	.byte	8                               @ DW_AT_decl_file
	.short	283                             @ DW_AT_decl_line
	.byte	20                              @ DW_AT_data_member_location
	.byte	40                              @ Abbrev [40] 0x1455:0xd DW_TAG_member
	.long	.Linfo_string311                @ DW_AT_name
	.long	2156                            @ DW_AT_type
	.byte	8                               @ DW_AT_decl_file
	.short	284                             @ DW_AT_decl_line
	.byte	24                              @ DW_AT_data_member_location
	.byte	40                              @ Abbrev [40] 0x1462:0xd DW_TAG_member
	.long	.Linfo_string134                @ DW_AT_name
	.long	2156                            @ DW_AT_type
	.byte	8                               @ DW_AT_decl_file
	.short	285                             @ DW_AT_decl_line
	.byte	28                              @ DW_AT_data_member_location
	.byte	40                              @ Abbrev [40] 0x146f:0xd DW_TAG_member
	.long	.Linfo_string312                @ DW_AT_name
	.long	2156                            @ DW_AT_type
	.byte	8                               @ DW_AT_decl_file
	.short	286                             @ DW_AT_decl_line
	.byte	32                              @ DW_AT_data_member_location
	.byte	40                              @ Abbrev [40] 0x147c:0xd DW_TAG_member
	.long	.Linfo_string313                @ DW_AT_name
	.long	2156                            @ DW_AT_type
	.byte	8                               @ DW_AT_decl_file
	.short	287                             @ DW_AT_decl_line
	.byte	36                              @ DW_AT_data_member_location
	.byte	40                              @ Abbrev [40] 0x1489:0xd DW_TAG_member
	.long	.Linfo_string314                @ DW_AT_name
	.long	2156                            @ DW_AT_type
	.byte	8                               @ DW_AT_decl_file
	.short	288                             @ DW_AT_decl_line
	.byte	40                              @ DW_AT_data_member_location
	.byte	40                              @ Abbrev [40] 0x1496:0xd DW_TAG_member
	.long	.Linfo_string101                @ DW_AT_name
	.long	2934                            @ DW_AT_type
	.byte	8                               @ DW_AT_decl_file
	.short	289                             @ DW_AT_decl_line
	.byte	44                              @ DW_AT_data_member_location
	.byte	40                              @ Abbrev [40] 0x14a3:0xd DW_TAG_member
	.long	.Linfo_string315                @ DW_AT_name
	.long	2156                            @ DW_AT_type
	.byte	8                               @ DW_AT_decl_file
	.short	290                             @ DW_AT_decl_line
	.byte	48                              @ DW_AT_data_member_location
	.byte	40                              @ Abbrev [40] 0x14b0:0xd DW_TAG_member
	.long	.Linfo_string316                @ DW_AT_name
	.long	2156                            @ DW_AT_type
	.byte	8                               @ DW_AT_decl_file
	.short	291                             @ DW_AT_decl_line
	.byte	52                              @ DW_AT_data_member_location
	.byte	0                               @ End Of Children Mark
	.byte	31                              @ Abbrev [31] 0x14be:0x5 DW_TAG_pointer_type
	.long	2156                            @ DW_AT_type
	.byte	31                              @ Abbrev [31] 0x14c3:0x5 DW_TAG_pointer_type
	.long	5320                            @ DW_AT_type
	.byte	39                              @ Abbrev [39] 0x14c8:0xc DW_TAG_typedef
	.long	5332                            @ DW_AT_type
	.long	.Linfo_string365                @ DW_AT_name
	.byte	9                               @ DW_AT_decl_file
	.short	580                             @ DW_AT_decl_line
	.byte	43                              @ Abbrev [43] 0x14d4:0x27d DW_TAG_structure_type
	.byte	5                               @ DW_AT_calling_convention
	.short	636                             @ DW_AT_byte_size
	.byte	9                               @ DW_AT_decl_file
	.short	531                             @ DW_AT_decl_line
	.byte	40                              @ Abbrev [40] 0x14db:0xd DW_TAG_member
	.long	.Linfo_string318                @ DW_AT_name
	.long	5969                            @ DW_AT_type
	.byte	9                               @ DW_AT_decl_file
	.short	533                             @ DW_AT_decl_line
	.byte	0                               @ DW_AT_data_member_location
	.byte	40                              @ Abbrev [40] 0x14e8:0xd DW_TAG_member
	.long	.Linfo_string319                @ DW_AT_name
	.long	2156                            @ DW_AT_type
	.byte	9                               @ DW_AT_decl_file
	.short	534                             @ DW_AT_decl_line
	.byte	4                               @ DW_AT_data_member_location
	.byte	40                              @ Abbrev [40] 0x14f5:0xd DW_TAG_member
	.long	.Linfo_string320                @ DW_AT_name
	.long	2156                            @ DW_AT_type
	.byte	9                               @ DW_AT_decl_file
	.short	535                             @ DW_AT_decl_line
	.byte	8                               @ DW_AT_data_member_location
	.byte	40                              @ Abbrev [40] 0x1502:0xd DW_TAG_member
	.long	.Linfo_string321                @ DW_AT_name
	.long	2156                            @ DW_AT_type
	.byte	9                               @ DW_AT_decl_file
	.short	536                             @ DW_AT_decl_line
	.byte	12                              @ DW_AT_data_member_location
	.byte	40                              @ Abbrev [40] 0x150f:0xd DW_TAG_member
	.long	.Linfo_string322                @ DW_AT_name
	.long	2156                            @ DW_AT_type
	.byte	9                               @ DW_AT_decl_file
	.short	537                             @ DW_AT_decl_line
	.byte	16                              @ DW_AT_data_member_location
	.byte	40                              @ Abbrev [40] 0x151c:0xd DW_TAG_member
	.long	.Linfo_string323                @ DW_AT_name
	.long	2156                            @ DW_AT_type
	.byte	9                               @ DW_AT_decl_file
	.short	538                             @ DW_AT_decl_line
	.byte	20                              @ DW_AT_data_member_location
	.byte	40                              @ Abbrev [40] 0x1529:0xd DW_TAG_member
	.long	.Linfo_string324                @ DW_AT_name
	.long	5974                            @ DW_AT_type
	.byte	9                               @ DW_AT_decl_file
	.short	539                             @ DW_AT_decl_line
	.byte	24                              @ DW_AT_data_member_location
	.byte	40                              @ Abbrev [40] 0x1536:0xd DW_TAG_member
	.long	.Linfo_string325                @ DW_AT_name
	.long	2156                            @ DW_AT_type
	.byte	9                               @ DW_AT_decl_file
	.short	540                             @ DW_AT_decl_line
	.byte	36                              @ DW_AT_data_member_location
	.byte	40                              @ Abbrev [40] 0x1543:0xd DW_TAG_member
	.long	.Linfo_string326                @ DW_AT_name
	.long	2156                            @ DW_AT_type
	.byte	9                               @ DW_AT_decl_file
	.short	541                             @ DW_AT_decl_line
	.byte	40                              @ DW_AT_data_member_location
	.byte	40                              @ Abbrev [40] 0x1550:0xd DW_TAG_member
	.long	.Linfo_string327                @ DW_AT_name
	.long	2156                            @ DW_AT_type
	.byte	9                               @ DW_AT_decl_file
	.short	542                             @ DW_AT_decl_line
	.byte	44                              @ DW_AT_data_member_location
	.byte	40                              @ Abbrev [40] 0x155d:0xd DW_TAG_member
	.long	.Linfo_string328                @ DW_AT_name
	.long	2156                            @ DW_AT_type
	.byte	9                               @ DW_AT_decl_file
	.short	543                             @ DW_AT_decl_line
	.byte	48                              @ DW_AT_data_member_location
	.byte	40                              @ Abbrev [40] 0x156a:0xd DW_TAG_member
	.long	.Linfo_string329                @ DW_AT_name
	.long	2156                            @ DW_AT_type
	.byte	9                               @ DW_AT_decl_file
	.short	544                             @ DW_AT_decl_line
	.byte	52                              @ DW_AT_data_member_location
	.byte	40                              @ Abbrev [40] 0x1577:0xd DW_TAG_member
	.long	.Linfo_string330                @ DW_AT_name
	.long	2156                            @ DW_AT_type
	.byte	9                               @ DW_AT_decl_file
	.short	545                             @ DW_AT_decl_line
	.byte	56                              @ DW_AT_data_member_location
	.byte	40                              @ Abbrev [40] 0x1584:0xd DW_TAG_member
	.long	.Linfo_string331                @ DW_AT_name
	.long	2156                            @ DW_AT_type
	.byte	9                               @ DW_AT_decl_file
	.short	546                             @ DW_AT_decl_line
	.byte	60                              @ DW_AT_data_member_location
	.byte	40                              @ Abbrev [40] 0x1591:0xd DW_TAG_member
	.long	.Linfo_string332                @ DW_AT_name
	.long	5991                            @ DW_AT_type
	.byte	9                               @ DW_AT_decl_file
	.short	547                             @ DW_AT_decl_line
	.byte	64                              @ DW_AT_data_member_location
	.byte	40                              @ Abbrev [40] 0x159e:0xd DW_TAG_member
	.long	.Linfo_string333                @ DW_AT_name
	.long	5969                            @ DW_AT_type
	.byte	9                               @ DW_AT_decl_file
	.short	548                             @ DW_AT_decl_line
	.byte	72                              @ DW_AT_data_member_location
	.byte	40                              @ Abbrev [40] 0x15ab:0xd DW_TAG_member
	.long	.Linfo_string334                @ DW_AT_name
	.long	5969                            @ DW_AT_type
	.byte	9                               @ DW_AT_decl_file
	.short	549                             @ DW_AT_decl_line
	.byte	76                              @ DW_AT_data_member_location
	.byte	40                              @ Abbrev [40] 0x15b8:0xd DW_TAG_member
	.long	.Linfo_string335                @ DW_AT_name
	.long	6003                            @ DW_AT_type
	.byte	9                               @ DW_AT_decl_file
	.short	550                             @ DW_AT_decl_line
	.byte	80                              @ DW_AT_data_member_location
	.byte	40                              @ Abbrev [40] 0x15c5:0xd DW_TAG_member
	.long	.Linfo_string336                @ DW_AT_name
	.long	6015                            @ DW_AT_type
	.byte	9                               @ DW_AT_decl_file
	.short	551                             @ DW_AT_decl_line
	.byte	96                              @ DW_AT_data_member_location
	.byte	40                              @ Abbrev [40] 0x15d2:0xd DW_TAG_member
	.long	.Linfo_string337                @ DW_AT_name
	.long	5969                            @ DW_AT_type
	.byte	9                               @ DW_AT_decl_file
	.short	552                             @ DW_AT_decl_line
	.byte	120                             @ DW_AT_data_member_location
	.byte	40                              @ Abbrev [40] 0x15df:0xd DW_TAG_member
	.long	.Linfo_string338                @ DW_AT_name
	.long	5969                            @ DW_AT_type
	.byte	9                               @ DW_AT_decl_file
	.short	553                             @ DW_AT_decl_line
	.byte	124                             @ DW_AT_data_member_location
	.byte	40                              @ Abbrev [40] 0x15ec:0xd DW_TAG_member
	.long	.Linfo_string339                @ DW_AT_name
	.long	5969                            @ DW_AT_type
	.byte	9                               @ DW_AT_decl_file
	.short	554                             @ DW_AT_decl_line
	.byte	128                             @ DW_AT_data_member_location
	.byte	40                              @ Abbrev [40] 0x15f9:0xd DW_TAG_member
	.long	.Linfo_string340                @ DW_AT_name
	.long	2156                            @ DW_AT_type
	.byte	9                               @ DW_AT_decl_file
	.short	555                             @ DW_AT_decl_line
	.byte	132                             @ DW_AT_data_member_location
	.byte	40                              @ Abbrev [40] 0x1606:0xd DW_TAG_member
	.long	.Linfo_string341                @ DW_AT_name
	.long	2156                            @ DW_AT_type
	.byte	9                               @ DW_AT_decl_file
	.short	556                             @ DW_AT_decl_line
	.byte	136                             @ DW_AT_data_member_location
	.byte	40                              @ Abbrev [40] 0x1613:0xd DW_TAG_member
	.long	.Linfo_string342                @ DW_AT_name
	.long	2156                            @ DW_AT_type
	.byte	9                               @ DW_AT_decl_file
	.short	557                             @ DW_AT_decl_line
	.byte	140                             @ DW_AT_data_member_location
	.byte	40                              @ Abbrev [40] 0x1620:0xd DW_TAG_member
	.long	.Linfo_string343                @ DW_AT_name
	.long	6027                            @ DW_AT_type
	.byte	9                               @ DW_AT_decl_file
	.short	558                             @ DW_AT_decl_line
	.byte	144                             @ DW_AT_data_member_location
	.byte	40                              @ Abbrev [40] 0x162d:0xd DW_TAG_member
	.long	.Linfo_string344                @ DW_AT_name
	.long	2156                            @ DW_AT_type
	.byte	9                               @ DW_AT_decl_file
	.short	559                             @ DW_AT_decl_line
	.byte	228                             @ DW_AT_data_member_location
	.byte	40                              @ Abbrev [40] 0x163a:0xd DW_TAG_member
	.long	.Linfo_string345                @ DW_AT_name
	.long	2156                            @ DW_AT_type
	.byte	9                               @ DW_AT_decl_file
	.short	560                             @ DW_AT_decl_line
	.byte	232                             @ DW_AT_data_member_location
	.byte	40                              @ Abbrev [40] 0x1647:0xd DW_TAG_member
	.long	.Linfo_string346                @ DW_AT_name
	.long	6039                            @ DW_AT_type
	.byte	9                               @ DW_AT_decl_file
	.short	561                             @ DW_AT_decl_line
	.byte	236                             @ DW_AT_data_member_location
	.byte	42                              @ Abbrev [42] 0x1654:0xe DW_TAG_member
	.long	.Linfo_string347                @ DW_AT_name
	.long	2156                            @ DW_AT_type
	.byte	9                               @ DW_AT_decl_file
	.short	562                             @ DW_AT_decl_line
	.short	512                             @ DW_AT_data_member_location
	.byte	42                              @ Abbrev [42] 0x1662:0xe DW_TAG_member
	.long	.Linfo_string348                @ DW_AT_name
	.long	2156                            @ DW_AT_type
	.byte	9                               @ DW_AT_decl_file
	.short	563                             @ DW_AT_decl_line
	.short	516                             @ DW_AT_data_member_location
	.byte	42                              @ Abbrev [42] 0x1670:0xe DW_TAG_member
	.long	.Linfo_string349                @ DW_AT_name
	.long	6051                            @ DW_AT_type
	.byte	9                               @ DW_AT_decl_file
	.short	564                             @ DW_AT_decl_line
	.short	520                             @ DW_AT_data_member_location
	.byte	42                              @ Abbrev [42] 0x167e:0xe DW_TAG_member
	.long	.Linfo_string350                @ DW_AT_name
	.long	5969                            @ DW_AT_type
	.byte	9                               @ DW_AT_decl_file
	.short	565                             @ DW_AT_decl_line
	.short	576                             @ DW_AT_data_member_location
	.byte	42                              @ Abbrev [42] 0x168c:0xe DW_TAG_member
	.long	.Linfo_string351                @ DW_AT_name
	.long	5969                            @ DW_AT_type
	.byte	9                               @ DW_AT_decl_file
	.short	566                             @ DW_AT_decl_line
	.short	580                             @ DW_AT_data_member_location
	.byte	42                              @ Abbrev [42] 0x169a:0xe DW_TAG_member
	.long	.Linfo_string352                @ DW_AT_name
	.long	5969                            @ DW_AT_type
	.byte	9                               @ DW_AT_decl_file
	.short	567                             @ DW_AT_decl_line
	.short	584                             @ DW_AT_data_member_location
	.byte	42                              @ Abbrev [42] 0x16a8:0xe DW_TAG_member
	.long	.Linfo_string353                @ DW_AT_name
	.long	6063                            @ DW_AT_type
	.byte	9                               @ DW_AT_decl_file
	.short	568                             @ DW_AT_decl_line
	.short	588                             @ DW_AT_data_member_location
	.byte	42                              @ Abbrev [42] 0x16b6:0xe DW_TAG_member
	.long	.Linfo_string354                @ DW_AT_name
	.long	2156                            @ DW_AT_type
	.byte	9                               @ DW_AT_decl_file
	.short	569                             @ DW_AT_decl_line
	.short	592                             @ DW_AT_data_member_location
	.byte	42                              @ Abbrev [42] 0x16c4:0xe DW_TAG_member
	.long	.Linfo_string355                @ DW_AT_name
	.long	6063                            @ DW_AT_type
	.byte	9                               @ DW_AT_decl_file
	.short	570                             @ DW_AT_decl_line
	.short	596                             @ DW_AT_data_member_location
	.byte	42                              @ Abbrev [42] 0x16d2:0xe DW_TAG_member
	.long	.Linfo_string356                @ DW_AT_name
	.long	2156                            @ DW_AT_type
	.byte	9                               @ DW_AT_decl_file
	.short	571                             @ DW_AT_decl_line
	.short	600                             @ DW_AT_data_member_location
	.byte	42                              @ Abbrev [42] 0x16e0:0xe DW_TAG_member
	.long	.Linfo_string357                @ DW_AT_name
	.long	2156                            @ DW_AT_type
	.byte	9                               @ DW_AT_decl_file
	.short	572                             @ DW_AT_decl_line
	.short	604                             @ DW_AT_data_member_location
	.byte	42                              @ Abbrev [42] 0x16ee:0xe DW_TAG_member
	.long	.Linfo_string358                @ DW_AT_name
	.long	2156                            @ DW_AT_type
	.byte	9                               @ DW_AT_decl_file
	.short	573                             @ DW_AT_decl_line
	.short	608                             @ DW_AT_data_member_location
	.byte	42                              @ Abbrev [42] 0x16fc:0xe DW_TAG_member
	.long	.Linfo_string359                @ DW_AT_name
	.long	2156                            @ DW_AT_type
	.byte	9                               @ DW_AT_decl_file
	.short	574                             @ DW_AT_decl_line
	.short	612                             @ DW_AT_data_member_location
	.byte	42                              @ Abbrev [42] 0x170a:0xe DW_TAG_member
	.long	.Linfo_string360                @ DW_AT_name
	.long	2156                            @ DW_AT_type
	.byte	9                               @ DW_AT_decl_file
	.short	575                             @ DW_AT_decl_line
	.short	616                             @ DW_AT_data_member_location
	.byte	42                              @ Abbrev [42] 0x1718:0xe DW_TAG_member
	.long	.Linfo_string361                @ DW_AT_name
	.long	2156                            @ DW_AT_type
	.byte	9                               @ DW_AT_decl_file
	.short	576                             @ DW_AT_decl_line
	.short	620                             @ DW_AT_data_member_location
	.byte	42                              @ Abbrev [42] 0x1726:0xe DW_TAG_member
	.long	.Linfo_string362                @ DW_AT_name
	.long	2156                            @ DW_AT_type
	.byte	9                               @ DW_AT_decl_file
	.short	577                             @ DW_AT_decl_line
	.short	624                             @ DW_AT_data_member_location
	.byte	42                              @ Abbrev [42] 0x1734:0xe DW_TAG_member
	.long	.Linfo_string363                @ DW_AT_name
	.long	2156                            @ DW_AT_type
	.byte	9                               @ DW_AT_decl_file
	.short	578                             @ DW_AT_decl_line
	.short	628                             @ DW_AT_data_member_location
	.byte	42                              @ Abbrev [42] 0x1742:0xe DW_TAG_member
	.long	.Linfo_string364                @ DW_AT_name
	.long	2156                            @ DW_AT_type
	.byte	9                               @ DW_AT_decl_file
	.short	579                             @ DW_AT_decl_line
	.short	632                             @ DW_AT_data_member_location
	.byte	0                               @ End Of Children Mark
	.byte	5                               @ Abbrev [5] 0x1751:0x5 DW_TAG_const_type
	.long	2156                            @ DW_AT_type
	.byte	3                               @ Abbrev [3] 0x1756:0xc DW_TAG_array_type
	.long	5986                            @ DW_AT_type
	.byte	4                               @ Abbrev [4] 0x175b:0x6 DW_TAG_subrange_type
	.long	70                              @ DW_AT_type
	.byte	12                              @ DW_AT_count
	.byte	0                               @ End Of Children Mark
	.byte	41                              @ Abbrev [41] 0x1762:0x5 DW_TAG_volatile_type
	.long	774                             @ DW_AT_type
	.byte	3                               @ Abbrev [3] 0x1767:0xc DW_TAG_array_type
	.long	5969                            @ DW_AT_type
	.byte	4                               @ Abbrev [4] 0x176c:0x6 DW_TAG_subrange_type
	.long	70                              @ DW_AT_type
	.byte	2                               @ DW_AT_count
	.byte	0                               @ End Of Children Mark
	.byte	3                               @ Abbrev [3] 0x1773:0xc DW_TAG_array_type
	.long	5969                            @ DW_AT_type
	.byte	4                               @ Abbrev [4] 0x1778:0x6 DW_TAG_subrange_type
	.long	70                              @ DW_AT_type
	.byte	4                               @ DW_AT_count
	.byte	0                               @ End Of Children Mark
	.byte	3                               @ Abbrev [3] 0x177f:0xc DW_TAG_array_type
	.long	5969                            @ DW_AT_type
	.byte	4                               @ Abbrev [4] 0x1784:0x6 DW_TAG_subrange_type
	.long	70                              @ DW_AT_type
	.byte	6                               @ DW_AT_count
	.byte	0                               @ End Of Children Mark
	.byte	3                               @ Abbrev [3] 0x178b:0xc DW_TAG_array_type
	.long	1227                            @ DW_AT_type
	.byte	4                               @ Abbrev [4] 0x1790:0x6 DW_TAG_subrange_type
	.long	70                              @ DW_AT_type
	.byte	21                              @ DW_AT_count
	.byte	0                               @ End Of Children Mark
	.byte	3                               @ Abbrev [3] 0x1797:0xc DW_TAG_array_type
	.long	1227                            @ DW_AT_type
	.byte	4                               @ Abbrev [4] 0x179c:0x6 DW_TAG_subrange_type
	.long	70                              @ DW_AT_type
	.byte	69                              @ DW_AT_count
	.byte	0                               @ End Of Children Mark
	.byte	3                               @ Abbrev [3] 0x17a3:0xc DW_TAG_array_type
	.long	1227                            @ DW_AT_type
	.byte	4                               @ Abbrev [4] 0x17a8:0x6 DW_TAG_subrange_type
	.long	70                              @ DW_AT_type
	.byte	14                              @ DW_AT_count
	.byte	0                               @ End Of Children Mark
	.byte	3                               @ Abbrev [3] 0x17af:0xc DW_TAG_array_type
	.long	1227                            @ DW_AT_type
	.byte	4                               @ Abbrev [4] 0x17b4:0x6 DW_TAG_subrange_type
	.long	70                              @ DW_AT_type
	.byte	1                               @ DW_AT_count
	.byte	0                               @ End Of Children Mark
	.byte	44                              @ Abbrev [44] 0x17bb:0x1a DW_TAG_subprogram
	.long	.Linfo_string366                @ DW_AT_linkage_name
	.long	.Linfo_string367                @ DW_AT_name
	.byte	10                              @ DW_AT_decl_file
	.short	4255                            @ DW_AT_decl_line
	.byte	1                               @ DW_AT_inline
	.byte	45                              @ Abbrev [45] 0x17c8:0xc DW_TAG_variable
	.long	.Linfo_string368                @ DW_AT_name
	.byte	10                              @ DW_AT_decl_file
	.short	4257                            @ DW_AT_decl_line
	.long	1227                            @ DW_AT_type
	.byte	0                               @ End Of Children Mark
	.byte	46                              @ Abbrev [46] 0x17d5:0xc DW_TAG_subprogram
	.long	.Linfo_string369                @ DW_AT_linkage_name
	.long	.Linfo_string370                @ DW_AT_name
	.byte	1                               @ DW_AT_decl_file
	.byte	155                             @ DW_AT_decl_line
	.byte	1                               @ DW_AT_inline
	.byte	47                              @ Abbrev [47] 0x17e1:0x34 DW_TAG_subprogram
	.long	.Linfo_string371                @ DW_AT_linkage_name
	.long	.Linfo_string372                @ DW_AT_name
	.byte	1                               @ DW_AT_decl_file
	.byte	134                             @ DW_AT_decl_line
	.byte	1                               @ DW_AT_inline
	.byte	48                              @ Abbrev [48] 0x17ed:0xd DW_TAG_lexical_block
	.byte	49                              @ Abbrev [49] 0x17ee:0xb DW_TAG_variable
	.long	.Linfo_string373                @ DW_AT_name
	.byte	1                               @ DW_AT_decl_file
	.byte	142                             @ DW_AT_decl_line
	.long	1238                            @ DW_AT_type
	.byte	0                               @ End Of Children Mark
	.byte	48                              @ Abbrev [48] 0x17fa:0xd DW_TAG_lexical_block
	.byte	49                              @ Abbrev [49] 0x17fb:0xb DW_TAG_variable
	.long	.Linfo_string373                @ DW_AT_name
	.byte	1                               @ DW_AT_decl_file
	.byte	147                             @ DW_AT_decl_line
	.long	1238                            @ DW_AT_type
	.byte	0                               @ End Of Children Mark
	.byte	48                              @ Abbrev [48] 0x1807:0xd DW_TAG_lexical_block
	.byte	49                              @ Abbrev [49] 0x1808:0xb DW_TAG_variable
	.long	.Linfo_string373                @ DW_AT_name
	.byte	1                               @ DW_AT_decl_file
	.byte	151                             @ DW_AT_decl_line
	.long	1238                            @ DW_AT_type
	.byte	0                               @ End Of Children Mark
	.byte	0                               @ End Of Children Mark
	.byte	47                              @ Abbrev [47] 0x1815:0x23 DW_TAG_subprogram
	.long	.Linfo_string374                @ DW_AT_linkage_name
	.long	.Linfo_string375                @ DW_AT_name
	.byte	1                               @ DW_AT_decl_file
	.byte	87                              @ DW_AT_decl_line
	.byte	1                               @ DW_AT_inline
	.byte	50                              @ Abbrev [50] 0x1821:0xb DW_TAG_formal_parameter
	.long	.Linfo_string376                @ DW_AT_name
	.byte	1                               @ DW_AT_decl_file
	.byte	87                              @ DW_AT_decl_line
	.long	774                             @ DW_AT_type
	.byte	50                              @ Abbrev [50] 0x182c:0xb DW_TAG_formal_parameter
	.long	.Linfo_string377                @ DW_AT_name
	.byte	1                               @ DW_AT_decl_file
	.byte	87                              @ DW_AT_decl_line
	.long	1187                            @ DW_AT_type
	.byte	0                               @ End Of Children Mark
	.byte	46                              @ Abbrev [46] 0x1838:0xc DW_TAG_subprogram
	.long	.Linfo_string378                @ DW_AT_linkage_name
	.long	.Linfo_string379                @ DW_AT_name
	.byte	1                               @ DW_AT_decl_file
	.byte	111                             @ DW_AT_decl_line
	.byte	1                               @ DW_AT_inline
	.byte	44                              @ Abbrev [44] 0x1844:0x26 DW_TAG_subprogram
	.long	.Linfo_string380                @ DW_AT_linkage_name
	.long	.Linfo_string381                @ DW_AT_name
	.byte	11                              @ DW_AT_decl_file
	.short	443                             @ DW_AT_decl_line
	.byte	1                               @ DW_AT_inline
	.byte	51                              @ Abbrev [51] 0x1851:0xc DW_TAG_formal_parameter
	.long	.Linfo_string382                @ DW_AT_name
	.byte	11                              @ DW_AT_decl_file
	.short	443                             @ DW_AT_decl_line
	.long	1795                            @ DW_AT_type
	.byte	45                              @ Abbrev [45] 0x185d:0xc DW_TAG_variable
	.long	.Linfo_string368                @ DW_AT_name
	.byte	11                              @ DW_AT_decl_file
	.short	445                             @ DW_AT_decl_line
	.long	1227                            @ DW_AT_type
	.byte	0                               @ End Of Children Mark
	.byte	46                              @ Abbrev [46] 0x186a:0xc DW_TAG_subprogram
	.long	.Linfo_string383                @ DW_AT_linkage_name
	.long	.Linfo_string384                @ DW_AT_name
	.byte	1                               @ DW_AT_decl_file
	.byte	99                              @ DW_AT_decl_line
	.byte	1                               @ DW_AT_inline
	.byte	47                              @ Abbrev [47] 0x1876:0x18 DW_TAG_subprogram
	.long	.Linfo_string385                @ DW_AT_linkage_name
	.long	.Linfo_string386                @ DW_AT_name
	.byte	1                               @ DW_AT_decl_file
	.byte	163                             @ DW_AT_decl_line
	.byte	1                               @ DW_AT_inline
	.byte	49                              @ Abbrev [49] 0x1882:0xb DW_TAG_variable
	.long	.Linfo_string55                 @ DW_AT_name
	.byte	1                               @ DW_AT_decl_file
	.byte	165                             @ DW_AT_decl_line
	.long	6286                            @ DW_AT_type
	.byte	0                               @ End Of Children Mark
	.byte	5                               @ Abbrev [5] 0x188e:0x5 DW_TAG_const_type
	.long	1227                            @ DW_AT_type
	.byte	52                              @ Abbrev [52] 0x1893:0x66e DW_TAG_subprogram
	.long	.Lfunc_begin0                   @ DW_AT_low_pc
	.long	.Lfunc_end0-.Lfunc_begin0       @ DW_AT_high_pc
	.byte	1                               @ DW_AT_frame_base
	.byte	93
                                        @ DW_AT_GNU_all_call_sites
	.long	.Linfo_string656                @ DW_AT_name
	.byte	1                               @ DW_AT_decl_file
	.short	322                             @ DW_AT_decl_line
	.long	1658                            @ DW_AT_type
                                        @ DW_AT_external
	.byte	14                              @ Abbrev [14] 0x18a9:0x1b DW_TAG_inlined_subroutine
	.long	6075                            @ DW_AT_abstract_origin
	.long	.Ltmp2                          @ DW_AT_low_pc
	.long	.Ltmp20-.Ltmp2                  @ DW_AT_high_pc
	.byte	1                               @ DW_AT_call_file
	.short	326                             @ DW_AT_call_line
	.byte	5                               @ DW_AT_call_column
	.byte	16                              @ Abbrev [16] 0x18ba:0x9 DW_TAG_variable
	.long	.Ldebug_loc0                    @ DW_AT_location
	.long	6088                            @ DW_AT_abstract_origin
	.byte	0                               @ End Of Children Mark
	.byte	11                              @ Abbrev [11] 0x18c4:0x11 DW_TAG_inlined_subroutine
	.long	6101                            @ DW_AT_abstract_origin
	.long	.Ltmp21                         @ DW_AT_low_pc
	.long	.Ltmp25-.Ltmp21                 @ DW_AT_high_pc
	.byte	1                               @ DW_AT_call_file
	.short	327                             @ DW_AT_call_line
	.byte	5                               @ DW_AT_call_column
	.byte	11                              @ Abbrev [11] 0x18d5:0x11 DW_TAG_inlined_subroutine
	.long	6113                            @ DW_AT_abstract_origin
	.long	.Ltmp25                         @ DW_AT_low_pc
	.long	.Ltmp33-.Ltmp25                 @ DW_AT_high_pc
	.byte	1                               @ DW_AT_call_file
	.short	328                             @ DW_AT_call_line
	.byte	5                               @ DW_AT_call_column
	.byte	14                              @ Abbrev [14] 0x18e6:0x468 DW_TAG_inlined_subroutine
	.long	6200                            @ DW_AT_abstract_origin
	.long	.Ltmp36                         @ DW_AT_low_pc
	.long	.Ltmp581-.Ltmp36                @ DW_AT_high_pc
	.byte	1                               @ DW_AT_call_file
	.short	336                             @ DW_AT_call_line
	.byte	5                               @ DW_AT_call_column
	.byte	22                              @ Abbrev [22] 0x18f7:0x41 DW_TAG_inlined_subroutine
	.long	6165                            @ DW_AT_abstract_origin
	.long	.Ltmp36                         @ DW_AT_low_pc
	.long	.Ltmp68-.Ltmp36                 @ DW_AT_high_pc
	.byte	1                               @ DW_AT_call_file
	.byte	113                             @ DW_AT_call_line
	.byte	5                               @ DW_AT_call_column
	.byte	53                              @ Abbrev [53] 0x1907:0x6 DW_TAG_formal_parameter
	.byte	0                               @ DW_AT_const_value
	.long	6177                            @ DW_AT_abstract_origin
	.byte	53                              @ Abbrev [53] 0x190d:0x6 DW_TAG_formal_parameter
	.byte	0                               @ DW_AT_const_value
	.long	6188                            @ DW_AT_abstract_origin
	.byte	22                              @ Abbrev [22] 0x1913:0x24 DW_TAG_inlined_subroutine
	.long	6212                            @ DW_AT_abstract_origin
	.long	.Ltmp52                         @ DW_AT_low_pc
	.long	.Ltmp68-.Ltmp52                 @ DW_AT_high_pc
	.byte	1                               @ DW_AT_call_file
	.byte	96                              @ DW_AT_call_line
	.byte	5                               @ DW_AT_call_column
	.byte	53                              @ Abbrev [53] 0x1923:0xa DW_TAG_formal_parameter
	.ascii	"\200\240\242\201\004"          @ DW_AT_const_value
	.long	6225                            @ DW_AT_abstract_origin
	.byte	16                              @ Abbrev [16] 0x192d:0x9 DW_TAG_variable
	.long	.Ldebug_loc1                    @ DW_AT_location
	.long	6237                            @ DW_AT_abstract_origin
	.byte	0                               @ End Of Children Mark
	.byte	0                               @ End Of Children Mark
	.byte	22                              @ Abbrev [22] 0x1938:0x41 DW_TAG_inlined_subroutine
	.long	6165                            @ DW_AT_abstract_origin
	.long	.Ltmp69                         @ DW_AT_low_pc
	.long	.Ltmp101-.Ltmp69                @ DW_AT_high_pc
	.byte	1                               @ DW_AT_call_file
	.byte	114                             @ DW_AT_call_line
	.byte	5                               @ DW_AT_call_column
	.byte	53                              @ Abbrev [53] 0x1948:0x6 DW_TAG_formal_parameter
	.byte	1                               @ DW_AT_const_value
	.long	6177                            @ DW_AT_abstract_origin
	.byte	53                              @ Abbrev [53] 0x194e:0x6 DW_TAG_formal_parameter
	.byte	47                              @ DW_AT_const_value
	.long	6188                            @ DW_AT_abstract_origin
	.byte	22                              @ Abbrev [22] 0x1954:0x24 DW_TAG_inlined_subroutine
	.long	6212                            @ DW_AT_abstract_origin
	.long	.Ltmp85                         @ DW_AT_low_pc
	.long	.Ltmp101-.Ltmp85                @ DW_AT_high_pc
	.byte	1                               @ DW_AT_call_file
	.byte	96                              @ DW_AT_call_line
	.byte	5                               @ DW_AT_call_column
	.byte	53                              @ Abbrev [53] 0x1964:0xa DW_TAG_formal_parameter
	.ascii	"\200\240\242\201\004"          @ DW_AT_const_value
	.long	6225                            @ DW_AT_abstract_origin
	.byte	16                              @ Abbrev [16] 0x196e:0x9 DW_TAG_variable
	.long	.Ldebug_loc2                    @ DW_AT_location
	.long	6237                            @ DW_AT_abstract_origin
	.byte	0                               @ End Of Children Mark
	.byte	0                               @ End Of Children Mark
	.byte	22                              @ Abbrev [22] 0x1979:0x42 DW_TAG_inlined_subroutine
	.long	6165                            @ DW_AT_abstract_origin
	.long	.Ltmp101                        @ DW_AT_low_pc
	.long	.Ltmp133-.Ltmp101               @ DW_AT_high_pc
	.byte	1                               @ DW_AT_call_file
	.byte	115                             @ DW_AT_call_line
	.byte	5                               @ DW_AT_call_column
	.byte	53                              @ Abbrev [53] 0x1989:0x6 DW_TAG_formal_parameter
	.byte	2                               @ DW_AT_const_value
	.long	6177                            @ DW_AT_abstract_origin
	.byte	53                              @ Abbrev [53] 0x198f:0x7 DW_TAG_formal_parameter
	.ascii	"\277\003"                      @ DW_AT_const_value
	.long	6188                            @ DW_AT_abstract_origin
	.byte	22                              @ Abbrev [22] 0x1996:0x24 DW_TAG_inlined_subroutine
	.long	6212                            @ DW_AT_abstract_origin
	.long	.Ltmp117                        @ DW_AT_low_pc
	.long	.Ltmp133-.Ltmp117               @ DW_AT_high_pc
	.byte	1                               @ DW_AT_call_file
	.byte	96                              @ DW_AT_call_line
	.byte	5                               @ DW_AT_call_column
	.byte	53                              @ Abbrev [53] 0x19a6:0xa DW_TAG_formal_parameter
	.ascii	"\200\240\242\201\004"          @ DW_AT_const_value
	.long	6225                            @ DW_AT_abstract_origin
	.byte	16                              @ Abbrev [16] 0x19b0:0x9 DW_TAG_variable
	.long	.Ldebug_loc3                    @ DW_AT_location
	.long	6237                            @ DW_AT_abstract_origin
	.byte	0                               @ End Of Children Mark
	.byte	0                               @ End Of Children Mark
	.byte	22                              @ Abbrev [22] 0x19bb:0x41 DW_TAG_inlined_subroutine
	.long	6165                            @ DW_AT_abstract_origin
	.long	.Ltmp133                        @ DW_AT_low_pc
	.long	.Ltmp165-.Ltmp133               @ DW_AT_high_pc
	.byte	1                               @ DW_AT_call_file
	.byte	116                             @ DW_AT_call_line
	.byte	5                               @ DW_AT_call_column
	.byte	53                              @ Abbrev [53] 0x19cb:0x6 DW_TAG_formal_parameter
	.byte	3                               @ DW_AT_const_value
	.long	6177                            @ DW_AT_abstract_origin
	.byte	53                              @ Abbrev [53] 0x19d1:0x6 DW_TAG_formal_parameter
	.byte	127                             @ DW_AT_const_value
	.long	6188                            @ DW_AT_abstract_origin
	.byte	22                              @ Abbrev [22] 0x19d7:0x24 DW_TAG_inlined_subroutine
	.long	6212                            @ DW_AT_abstract_origin
	.long	.Ltmp149                        @ DW_AT_low_pc
	.long	.Ltmp165-.Ltmp149               @ DW_AT_high_pc
	.byte	1                               @ DW_AT_call_file
	.byte	96                              @ DW_AT_call_line
	.byte	5                               @ DW_AT_call_column
	.byte	53                              @ Abbrev [53] 0x19e7:0xa DW_TAG_formal_parameter
	.ascii	"\200\240\242\201\004"          @ DW_AT_const_value
	.long	6225                            @ DW_AT_abstract_origin
	.byte	16                              @ Abbrev [16] 0x19f1:0x9 DW_TAG_variable
	.long	.Ldebug_loc4                    @ DW_AT_location
	.long	6237                            @ DW_AT_abstract_origin
	.byte	0                               @ End Of Children Mark
	.byte	0                               @ End Of Children Mark
	.byte	22                              @ Abbrev [22] 0x19fc:0x41 DW_TAG_inlined_subroutine
	.long	6165                            @ DW_AT_abstract_origin
	.long	.Ltmp165                        @ DW_AT_low_pc
	.long	.Ltmp197-.Ltmp165               @ DW_AT_high_pc
	.byte	1                               @ DW_AT_call_file
	.byte	117                             @ DW_AT_call_line
	.byte	5                               @ DW_AT_call_column
	.byte	53                              @ Abbrev [53] 0x1a0c:0x6 DW_TAG_formal_parameter
	.byte	4                               @ DW_AT_const_value
	.long	6177                            @ DW_AT_abstract_origin
	.byte	53                              @ Abbrev [53] 0x1a12:0x6 DW_TAG_formal_parameter
	.byte	16                              @ DW_AT_const_value
	.long	6188                            @ DW_AT_abstract_origin
	.byte	22                              @ Abbrev [22] 0x1a18:0x24 DW_TAG_inlined_subroutine
	.long	6212                            @ DW_AT_abstract_origin
	.long	.Ltmp181                        @ DW_AT_low_pc
	.long	.Ltmp197-.Ltmp181               @ DW_AT_high_pc
	.byte	1                               @ DW_AT_call_file
	.byte	96                              @ DW_AT_call_line
	.byte	5                               @ DW_AT_call_column
	.byte	53                              @ Abbrev [53] 0x1a28:0xa DW_TAG_formal_parameter
	.ascii	"\200\240\242\201\004"          @ DW_AT_const_value
	.long	6225                            @ DW_AT_abstract_origin
	.byte	16                              @ Abbrev [16] 0x1a32:0x9 DW_TAG_variable
	.long	.Ldebug_loc5                    @ DW_AT_location
	.long	6237                            @ DW_AT_abstract_origin
	.byte	0                               @ End Of Children Mark
	.byte	0                               @ End Of Children Mark
	.byte	22                              @ Abbrev [22] 0x1a3d:0x41 DW_TAG_inlined_subroutine
	.long	6165                            @ DW_AT_abstract_origin
	.long	.Ltmp197                        @ DW_AT_low_pc
	.long	.Ltmp229-.Ltmp197               @ DW_AT_high_pc
	.byte	1                               @ DW_AT_call_file
	.byte	118                             @ DW_AT_call_line
	.byte	5                               @ DW_AT_call_column
	.byte	53                              @ Abbrev [53] 0x1a4d:0x6 DW_TAG_formal_parameter
	.byte	5                               @ DW_AT_const_value
	.long	6177                            @ DW_AT_abstract_origin
	.byte	53                              @ Abbrev [53] 0x1a53:0x6 DW_TAG_formal_parameter
	.byte	0                               @ DW_AT_const_value
	.long	6188                            @ DW_AT_abstract_origin
	.byte	22                              @ Abbrev [22] 0x1a59:0x24 DW_TAG_inlined_subroutine
	.long	6212                            @ DW_AT_abstract_origin
	.long	.Ltmp213                        @ DW_AT_low_pc
	.long	.Ltmp229-.Ltmp213               @ DW_AT_high_pc
	.byte	1                               @ DW_AT_call_file
	.byte	96                              @ DW_AT_call_line
	.byte	5                               @ DW_AT_call_column
	.byte	53                              @ Abbrev [53] 0x1a69:0xa DW_TAG_formal_parameter
	.ascii	"\200\240\242\201\004"          @ DW_AT_const_value
	.long	6225                            @ DW_AT_abstract_origin
	.byte	16                              @ Abbrev [16] 0x1a73:0x9 DW_TAG_variable
	.long	.Ldebug_loc6                    @ DW_AT_location
	.long	6237                            @ DW_AT_abstract_origin
	.byte	0                               @ End Of Children Mark
	.byte	0                               @ End Of Children Mark
	.byte	22                              @ Abbrev [22] 0x1a7e:0x42 DW_TAG_inlined_subroutine
	.long	6165                            @ DW_AT_abstract_origin
	.long	.Ltmp229                        @ DW_AT_low_pc
	.long	.Ltmp261-.Ltmp229               @ DW_AT_high_pc
	.byte	1                               @ DW_AT_call_file
	.byte	119                             @ DW_AT_call_line
	.byte	5                               @ DW_AT_call_column
	.byte	53                              @ Abbrev [53] 0x1a8e:0x6 DW_TAG_formal_parameter
	.byte	6                               @ DW_AT_const_value
	.long	6177                            @ DW_AT_abstract_origin
	.byte	53                              @ Abbrev [53] 0x1a94:0x7 DW_TAG_formal_parameter
	.ascii	"\315\002"                      @ DW_AT_const_value
	.long	6188                            @ DW_AT_abstract_origin
	.byte	22                              @ Abbrev [22] 0x1a9b:0x24 DW_TAG_inlined_subroutine
	.long	6212                            @ DW_AT_abstract_origin
	.long	.Ltmp245                        @ DW_AT_low_pc
	.long	.Ltmp261-.Ltmp245               @ DW_AT_high_pc
	.byte	1                               @ DW_AT_call_file
	.byte	96                              @ DW_AT_call_line
	.byte	5                               @ DW_AT_call_column
	.byte	53                              @ Abbrev [53] 0x1aab:0xa DW_TAG_formal_parameter
	.ascii	"\200\240\242\201\004"          @ DW_AT_const_value
	.long	6225                            @ DW_AT_abstract_origin
	.byte	16                              @ Abbrev [16] 0x1ab5:0x9 DW_TAG_variable
	.long	.Ldebug_loc7                    @ DW_AT_location
	.long	6237                            @ DW_AT_abstract_origin
	.byte	0                               @ End Of Children Mark
	.byte	0                               @ End Of Children Mark
	.byte	22                              @ Abbrev [22] 0x1ac0:0x41 DW_TAG_inlined_subroutine
	.long	6165                            @ DW_AT_abstract_origin
	.long	.Ltmp261                        @ DW_AT_low_pc
	.long	.Ltmp293-.Ltmp261               @ DW_AT_high_pc
	.byte	1                               @ DW_AT_call_file
	.byte	120                             @ DW_AT_call_line
	.byte	5                               @ DW_AT_call_column
	.byte	53                              @ Abbrev [53] 0x1ad0:0x6 DW_TAG_formal_parameter
	.byte	7                               @ DW_AT_const_value
	.long	6177                            @ DW_AT_abstract_origin
	.byte	53                              @ Abbrev [53] 0x1ad6:0x6 DW_TAG_formal_parameter
	.byte	0                               @ DW_AT_const_value
	.long	6188                            @ DW_AT_abstract_origin
	.byte	22                              @ Abbrev [22] 0x1adc:0x24 DW_TAG_inlined_subroutine
	.long	6212                            @ DW_AT_abstract_origin
	.long	.Ltmp277                        @ DW_AT_low_pc
	.long	.Ltmp293-.Ltmp277               @ DW_AT_high_pc
	.byte	1                               @ DW_AT_call_file
	.byte	96                              @ DW_AT_call_line
	.byte	5                               @ DW_AT_call_column
	.byte	53                              @ Abbrev [53] 0x1aec:0xa DW_TAG_formal_parameter
	.ascii	"\200\240\242\201\004"          @ DW_AT_const_value
	.long	6225                            @ DW_AT_abstract_origin
	.byte	16                              @ Abbrev [16] 0x1af6:0x9 DW_TAG_variable
	.long	.Ldebug_loc8                    @ DW_AT_location
	.long	6237                            @ DW_AT_abstract_origin
	.byte	0                               @ End Of Children Mark
	.byte	0                               @ End Of Children Mark
	.byte	22                              @ Abbrev [22] 0x1b01:0x41 DW_TAG_inlined_subroutine
	.long	6165                            @ DW_AT_abstract_origin
	.long	.Ltmp293                        @ DW_AT_low_pc
	.long	.Ltmp325-.Ltmp293               @ DW_AT_high_pc
	.byte	1                               @ DW_AT_call_file
	.byte	121                             @ DW_AT_call_line
	.byte	5                               @ DW_AT_call_column
	.byte	53                              @ Abbrev [53] 0x1b11:0x6 DW_TAG_formal_parameter
	.byte	10                              @ DW_AT_const_value
	.long	6177                            @ DW_AT_abstract_origin
	.byte	53                              @ Abbrev [53] 0x1b17:0x6 DW_TAG_formal_parameter
	.byte	8                               @ DW_AT_const_value
	.long	6188                            @ DW_AT_abstract_origin
	.byte	22                              @ Abbrev [22] 0x1b1d:0x24 DW_TAG_inlined_subroutine
	.long	6212                            @ DW_AT_abstract_origin
	.long	.Ltmp309                        @ DW_AT_low_pc
	.long	.Ltmp325-.Ltmp309               @ DW_AT_high_pc
	.byte	1                               @ DW_AT_call_file
	.byte	96                              @ DW_AT_call_line
	.byte	5                               @ DW_AT_call_column
	.byte	53                              @ Abbrev [53] 0x1b2d:0xa DW_TAG_formal_parameter
	.ascii	"\200\240\242\201\004"          @ DW_AT_const_value
	.long	6225                            @ DW_AT_abstract_origin
	.byte	16                              @ Abbrev [16] 0x1b37:0x9 DW_TAG_variable
	.long	.Ldebug_loc9                    @ DW_AT_location
	.long	6237                            @ DW_AT_abstract_origin
	.byte	0                               @ End Of Children Mark
	.byte	0                               @ End Of Children Mark
	.byte	22                              @ Abbrev [22] 0x1b42:0x42 DW_TAG_inlined_subroutine
	.long	6165                            @ DW_AT_abstract_origin
	.long	.Ltmp325                        @ DW_AT_low_pc
	.long	.Ltmp357-.Ltmp325               @ DW_AT_high_pc
	.byte	1                               @ DW_AT_call_file
	.byte	122                             @ DW_AT_call_line
	.byte	5                               @ DW_AT_call_column
	.byte	53                              @ Abbrev [53] 0x1b52:0x6 DW_TAG_formal_parameter
	.byte	14                              @ DW_AT_const_value
	.long	6177                            @ DW_AT_abstract_origin
	.byte	53                              @ Abbrev [53] 0x1b58:0x7 DW_TAG_formal_parameter
	.ascii	"\210\002"                      @ DW_AT_const_value
	.long	6188                            @ DW_AT_abstract_origin
	.byte	22                              @ Abbrev [22] 0x1b5f:0x24 DW_TAG_inlined_subroutine
	.long	6212                            @ DW_AT_abstract_origin
	.long	.Ltmp341                        @ DW_AT_low_pc
	.long	.Ltmp357-.Ltmp341               @ DW_AT_high_pc
	.byte	1                               @ DW_AT_call_file
	.byte	96                              @ DW_AT_call_line
	.byte	5                               @ DW_AT_call_column
	.byte	53                              @ Abbrev [53] 0x1b6f:0xa DW_TAG_formal_parameter
	.ascii	"\200\240\242\201\004"          @ DW_AT_const_value
	.long	6225                            @ DW_AT_abstract_origin
	.byte	16                              @ Abbrev [16] 0x1b79:0x9 DW_TAG_variable
	.long	.Ldebug_loc10                   @ DW_AT_location
	.long	6237                            @ DW_AT_abstract_origin
	.byte	0                               @ End Of Children Mark
	.byte	0                               @ End Of Children Mark
	.byte	22                              @ Abbrev [22] 0x1b84:0x42 DW_TAG_inlined_subroutine
	.long	6165                            @ DW_AT_abstract_origin
	.long	.Ltmp357                        @ DW_AT_low_pc
	.long	.Ltmp389-.Ltmp357               @ DW_AT_high_pc
	.byte	1                               @ DW_AT_call_file
	.byte	123                             @ DW_AT_call_line
	.byte	5                               @ DW_AT_call_column
	.byte	53                              @ Abbrev [53] 0x1b94:0x6 DW_TAG_formal_parameter
	.byte	15                              @ DW_AT_const_value
	.long	6177                            @ DW_AT_abstract_origin
	.byte	53                              @ Abbrev [53] 0x1b9a:0x7 DW_TAG_formal_parameter
	.ascii	"\357\003"                      @ DW_AT_const_value
	.long	6188                            @ DW_AT_abstract_origin
	.byte	22                              @ Abbrev [22] 0x1ba1:0x24 DW_TAG_inlined_subroutine
	.long	6212                            @ DW_AT_abstract_origin
	.long	.Ltmp373                        @ DW_AT_low_pc
	.long	.Ltmp389-.Ltmp373               @ DW_AT_high_pc
	.byte	1                               @ DW_AT_call_file
	.byte	96                              @ DW_AT_call_line
	.byte	5                               @ DW_AT_call_column
	.byte	53                              @ Abbrev [53] 0x1bb1:0xa DW_TAG_formal_parameter
	.ascii	"\200\240\242\201\004"          @ DW_AT_const_value
	.long	6225                            @ DW_AT_abstract_origin
	.byte	16                              @ Abbrev [16] 0x1bbb:0x9 DW_TAG_variable
	.long	.Ldebug_loc11                   @ DW_AT_location
	.long	6237                            @ DW_AT_abstract_origin
	.byte	0                               @ End Of Children Mark
	.byte	0                               @ End Of Children Mark
	.byte	22                              @ Abbrev [22] 0x1bc6:0x42 DW_TAG_inlined_subroutine
	.long	6165                            @ DW_AT_abstract_origin
	.long	.Ltmp389                        @ DW_AT_low_pc
	.long	.Ltmp421-.Ltmp389               @ DW_AT_high_pc
	.byte	1                               @ DW_AT_call_file
	.byte	124                             @ DW_AT_call_line
	.byte	5                               @ DW_AT_call_column
	.byte	53                              @ Abbrev [53] 0x1bd6:0x6 DW_TAG_formal_parameter
	.byte	16                              @ DW_AT_const_value
	.long	6177                            @ DW_AT_abstract_origin
	.byte	53                              @ Abbrev [53] 0x1bdc:0x7 DW_TAG_formal_parameter
	.ascii	"\357\003"                      @ DW_AT_const_value
	.long	6188                            @ DW_AT_abstract_origin
	.byte	22                              @ Abbrev [22] 0x1be3:0x24 DW_TAG_inlined_subroutine
	.long	6212                            @ DW_AT_abstract_origin
	.long	.Ltmp405                        @ DW_AT_low_pc
	.long	.Ltmp421-.Ltmp405               @ DW_AT_high_pc
	.byte	1                               @ DW_AT_call_file
	.byte	96                              @ DW_AT_call_line
	.byte	5                               @ DW_AT_call_column
	.byte	53                              @ Abbrev [53] 0x1bf3:0xa DW_TAG_formal_parameter
	.ascii	"\200\240\242\201\004"          @ DW_AT_const_value
	.long	6225                            @ DW_AT_abstract_origin
	.byte	16                              @ Abbrev [16] 0x1bfd:0x9 DW_TAG_variable
	.long	.Ldebug_loc12                   @ DW_AT_location
	.long	6237                            @ DW_AT_abstract_origin
	.byte	0                               @ End Of Children Mark
	.byte	0                               @ End Of Children Mark
	.byte	22                              @ Abbrev [22] 0x1c08:0x41 DW_TAG_inlined_subroutine
	.long	6165                            @ DW_AT_abstract_origin
	.long	.Ltmp421                        @ DW_AT_low_pc
	.long	.Ltmp453-.Ltmp421               @ DW_AT_high_pc
	.byte	1                               @ DW_AT_call_file
	.byte	125                             @ DW_AT_call_line
	.byte	5                               @ DW_AT_call_column
	.byte	53                              @ Abbrev [53] 0x1c18:0x6 DW_TAG_formal_parameter
	.byte	44                              @ DW_AT_const_value
	.long	6177                            @ DW_AT_abstract_origin
	.byte	53                              @ Abbrev [53] 0x1c1e:0x6 DW_TAG_formal_parameter
	.byte	0                               @ DW_AT_const_value
	.long	6188                            @ DW_AT_abstract_origin
	.byte	22                              @ Abbrev [22] 0x1c24:0x24 DW_TAG_inlined_subroutine
	.long	6212                            @ DW_AT_abstract_origin
	.long	.Ltmp437                        @ DW_AT_low_pc
	.long	.Ltmp453-.Ltmp437               @ DW_AT_high_pc
	.byte	1                               @ DW_AT_call_file
	.byte	96                              @ DW_AT_call_line
	.byte	5                               @ DW_AT_call_column
	.byte	53                              @ Abbrev [53] 0x1c34:0xa DW_TAG_formal_parameter
	.ascii	"\200\240\242\201\004"          @ DW_AT_const_value
	.long	6225                            @ DW_AT_abstract_origin
	.byte	16                              @ Abbrev [16] 0x1c3e:0x9 DW_TAG_variable
	.long	.Ldebug_loc13                   @ DW_AT_location
	.long	6237                            @ DW_AT_abstract_origin
	.byte	0                               @ End Of Children Mark
	.byte	0                               @ End Of Children Mark
	.byte	22                              @ Abbrev [22] 0x1c49:0x41 DW_TAG_inlined_subroutine
	.long	6165                            @ DW_AT_abstract_origin
	.long	.Ltmp453                        @ DW_AT_low_pc
	.long	.Ltmp485-.Ltmp453               @ DW_AT_high_pc
	.byte	1                               @ DW_AT_call_file
	.byte	126                             @ DW_AT_call_line
	.byte	5                               @ DW_AT_call_column
	.byte	53                              @ Abbrev [53] 0x1c59:0x6 DW_TAG_formal_parameter
	.byte	47                              @ DW_AT_const_value
	.long	6177                            @ DW_AT_abstract_origin
	.byte	53                              @ Abbrev [53] 0x1c5f:0x6 DW_TAG_formal_parameter
	.byte	80                              @ DW_AT_const_value
	.long	6188                            @ DW_AT_abstract_origin
	.byte	22                              @ Abbrev [22] 0x1c65:0x24 DW_TAG_inlined_subroutine
	.long	6212                            @ DW_AT_abstract_origin
	.long	.Ltmp469                        @ DW_AT_low_pc
	.long	.Ltmp485-.Ltmp469               @ DW_AT_high_pc
	.byte	1                               @ DW_AT_call_file
	.byte	96                              @ DW_AT_call_line
	.byte	5                               @ DW_AT_call_column
	.byte	53                              @ Abbrev [53] 0x1c75:0xa DW_TAG_formal_parameter
	.ascii	"\200\240\242\201\004"          @ DW_AT_const_value
	.long	6225                            @ DW_AT_abstract_origin
	.byte	16                              @ Abbrev [16] 0x1c7f:0x9 DW_TAG_variable
	.long	.Ldebug_loc14                   @ DW_AT_location
	.long	6237                            @ DW_AT_abstract_origin
	.byte	0                               @ End Of Children Mark
	.byte	0                               @ End Of Children Mark
	.byte	22                              @ Abbrev [22] 0x1c8a:0x41 DW_TAG_inlined_subroutine
	.long	6165                            @ DW_AT_abstract_origin
	.long	.Ltmp485                        @ DW_AT_low_pc
	.long	.Ltmp517-.Ltmp485               @ DW_AT_high_pc
	.byte	1                               @ DW_AT_call_file
	.byte	127                             @ DW_AT_call_line
	.byte	5                               @ DW_AT_call_column
	.byte	53                              @ Abbrev [53] 0x1c9a:0x6 DW_TAG_formal_parameter
	.byte	48                              @ DW_AT_const_value
	.long	6177                            @ DW_AT_abstract_origin
	.byte	53                              @ Abbrev [53] 0x1ca0:0x6 DW_TAG_formal_parameter
	.byte	80                              @ DW_AT_const_value
	.long	6188                            @ DW_AT_abstract_origin
	.byte	22                              @ Abbrev [22] 0x1ca6:0x24 DW_TAG_inlined_subroutine
	.long	6212                            @ DW_AT_abstract_origin
	.long	.Ltmp501                        @ DW_AT_low_pc
	.long	.Ltmp517-.Ltmp501               @ DW_AT_high_pc
	.byte	1                               @ DW_AT_call_file
	.byte	96                              @ DW_AT_call_line
	.byte	5                               @ DW_AT_call_column
	.byte	53                              @ Abbrev [53] 0x1cb6:0xa DW_TAG_formal_parameter
	.ascii	"\200\240\242\201\004"          @ DW_AT_const_value
	.long	6225                            @ DW_AT_abstract_origin
	.byte	16                              @ Abbrev [16] 0x1cc0:0x9 DW_TAG_variable
	.long	.Ldebug_loc15                   @ DW_AT_location
	.long	6237                            @ DW_AT_abstract_origin
	.byte	0                               @ End Of Children Mark
	.byte	0                               @ End Of Children Mark
	.byte	22                              @ Abbrev [22] 0x1ccb:0x41 DW_TAG_inlined_subroutine
	.long	6165                            @ DW_AT_abstract_origin
	.long	.Ltmp517                        @ DW_AT_low_pc
	.long	.Ltmp549-.Ltmp517               @ DW_AT_high_pc
	.byte	1                               @ DW_AT_call_file
	.byte	128                             @ DW_AT_call_line
	.byte	5                               @ DW_AT_call_column
	.byte	53                              @ Abbrev [53] 0x1cdb:0x6 DW_TAG_formal_parameter
	.byte	50                              @ DW_AT_const_value
	.long	6177                            @ DW_AT_abstract_origin
	.byte	53                              @ Abbrev [53] 0x1ce1:0x6 DW_TAG_formal_parameter
	.byte	1                               @ DW_AT_const_value
	.long	6188                            @ DW_AT_abstract_origin
	.byte	22                              @ Abbrev [22] 0x1ce7:0x24 DW_TAG_inlined_subroutine
	.long	6212                            @ DW_AT_abstract_origin
	.long	.Ltmp533                        @ DW_AT_low_pc
	.long	.Ltmp549-.Ltmp533               @ DW_AT_high_pc
	.byte	1                               @ DW_AT_call_file
	.byte	96                              @ DW_AT_call_line
	.byte	5                               @ DW_AT_call_column
	.byte	53                              @ Abbrev [53] 0x1cf7:0xa DW_TAG_formal_parameter
	.ascii	"\200\240\242\201\004"          @ DW_AT_const_value
	.long	6225                            @ DW_AT_abstract_origin
	.byte	16                              @ Abbrev [16] 0x1d01:0x9 DW_TAG_variable
	.long	.Ldebug_loc16                   @ DW_AT_location
	.long	6237                            @ DW_AT_abstract_origin
	.byte	0                               @ End Of Children Mark
	.byte	0                               @ End Of Children Mark
	.byte	22                              @ Abbrev [22] 0x1d0c:0x41 DW_TAG_inlined_subroutine
	.long	6165                            @ DW_AT_abstract_origin
	.long	.Ltmp549                        @ DW_AT_low_pc
	.long	.Ltmp581-.Ltmp549               @ DW_AT_high_pc
	.byte	1                               @ DW_AT_call_file
	.byte	129                             @ DW_AT_call_line
	.byte	5                               @ DW_AT_call_column
	.byte	53                              @ Abbrev [53] 0x1d1c:0x6 DW_TAG_formal_parameter
	.byte	51                              @ DW_AT_const_value
	.long	6177                            @ DW_AT_abstract_origin
	.byte	53                              @ Abbrev [53] 0x1d22:0x6 DW_TAG_formal_parameter
	.byte	1                               @ DW_AT_const_value
	.long	6188                            @ DW_AT_abstract_origin
	.byte	22                              @ Abbrev [22] 0x1d28:0x24 DW_TAG_inlined_subroutine
	.long	6212                            @ DW_AT_abstract_origin
	.long	.Ltmp565                        @ DW_AT_low_pc
	.long	.Ltmp581-.Ltmp565               @ DW_AT_high_pc
	.byte	1                               @ DW_AT_call_file
	.byte	96                              @ DW_AT_call_line
	.byte	5                               @ DW_AT_call_column
	.byte	53                              @ Abbrev [53] 0x1d38:0xa DW_TAG_formal_parameter
	.ascii	"\200\240\242\201\004"          @ DW_AT_const_value
	.long	6225                            @ DW_AT_abstract_origin
	.byte	16                              @ Abbrev [16] 0x1d42:0x9 DW_TAG_variable
	.long	.Ldebug_loc17                   @ DW_AT_location
	.long	6237                            @ DW_AT_abstract_origin
	.byte	0                               @ End Of Children Mark
	.byte	0                               @ End Of Children Mark
	.byte	0                               @ End Of Children Mark
	.byte	14                              @ Abbrev [14] 0x1d4e:0x19b DW_TAG_inlined_subroutine
	.long	6250                            @ DW_AT_abstract_origin
	.long	.Ltmp581                        @ DW_AT_low_pc
	.long	.Ltmp773-.Ltmp581               @ DW_AT_high_pc
	.byte	1                               @ DW_AT_call_file
	.short	337                             @ DW_AT_call_line
	.byte	5                               @ DW_AT_call_column
	.byte	22                              @ Abbrev [22] 0x1d5f:0x41 DW_TAG_inlined_subroutine
	.long	6165                            @ DW_AT_abstract_origin
	.long	.Ltmp581                        @ DW_AT_low_pc
	.long	.Ltmp613-.Ltmp581               @ DW_AT_high_pc
	.byte	1                               @ DW_AT_call_file
	.byte	102                             @ DW_AT_call_line
	.byte	5                               @ DW_AT_call_column
	.byte	53                              @ Abbrev [53] 0x1d6f:0x6 DW_TAG_formal_parameter
	.byte	36                              @ DW_AT_const_value
	.long	6177                            @ DW_AT_abstract_origin
	.byte	53                              @ Abbrev [53] 0x1d75:0x6 DW_TAG_formal_parameter
	.byte	8                               @ DW_AT_const_value
	.long	6188                            @ DW_AT_abstract_origin
	.byte	22                              @ Abbrev [22] 0x1d7b:0x24 DW_TAG_inlined_subroutine
	.long	6212                            @ DW_AT_abstract_origin
	.long	.Ltmp597                        @ DW_AT_low_pc
	.long	.Ltmp613-.Ltmp597               @ DW_AT_high_pc
	.byte	1                               @ DW_AT_call_file
	.byte	96                              @ DW_AT_call_line
	.byte	5                               @ DW_AT_call_column
	.byte	53                              @ Abbrev [53] 0x1d8b:0xa DW_TAG_formal_parameter
	.ascii	"\200\240\242\201\004"          @ DW_AT_const_value
	.long	6225                            @ DW_AT_abstract_origin
	.byte	16                              @ Abbrev [16] 0x1d95:0x9 DW_TAG_variable
	.long	.Ldebug_loc18                   @ DW_AT_location
	.long	6237                            @ DW_AT_abstract_origin
	.byte	0                               @ End Of Children Mark
	.byte	0                               @ End Of Children Mark
	.byte	22                              @ Abbrev [22] 0x1da0:0x41 DW_TAG_inlined_subroutine
	.long	6165                            @ DW_AT_abstract_origin
	.long	.Ltmp613                        @ DW_AT_low_pc
	.long	.Ltmp645-.Ltmp613               @ DW_AT_high_pc
	.byte	1                               @ DW_AT_call_file
	.byte	103                             @ DW_AT_call_line
	.byte	5                               @ DW_AT_call_column
	.byte	53                              @ Abbrev [53] 0x1db0:0x6 DW_TAG_formal_parameter
	.byte	37                              @ DW_AT_const_value
	.long	6177                            @ DW_AT_abstract_origin
	.byte	53                              @ Abbrev [53] 0x1db6:0x6 DW_TAG_formal_parameter
	.byte	12                              @ DW_AT_const_value
	.long	6188                            @ DW_AT_abstract_origin
	.byte	22                              @ Abbrev [22] 0x1dbc:0x24 DW_TAG_inlined_subroutine
	.long	6212                            @ DW_AT_abstract_origin
	.long	.Ltmp629                        @ DW_AT_low_pc
	.long	.Ltmp645-.Ltmp629               @ DW_AT_high_pc
	.byte	1                               @ DW_AT_call_file
	.byte	96                              @ DW_AT_call_line
	.byte	5                               @ DW_AT_call_column
	.byte	53                              @ Abbrev [53] 0x1dcc:0xa DW_TAG_formal_parameter
	.ascii	"\200\240\242\201\004"          @ DW_AT_const_value
	.long	6225                            @ DW_AT_abstract_origin
	.byte	16                              @ Abbrev [16] 0x1dd6:0x9 DW_TAG_variable
	.long	.Ldebug_loc19                   @ DW_AT_location
	.long	6237                            @ DW_AT_abstract_origin
	.byte	0                               @ End Of Children Mark
	.byte	0                               @ End Of Children Mark
	.byte	22                              @ Abbrev [22] 0x1de1:0x42 DW_TAG_inlined_subroutine
	.long	6165                            @ DW_AT_abstract_origin
	.long	.Ltmp645                        @ DW_AT_low_pc
	.long	.Ltmp677-.Ltmp645               @ DW_AT_high_pc
	.byte	1                               @ DW_AT_call_file
	.byte	104                             @ DW_AT_call_line
	.byte	5                               @ DW_AT_call_column
	.byte	53                              @ Abbrev [53] 0x1df1:0x6 DW_TAG_formal_parameter
	.byte	38                              @ DW_AT_const_value
	.long	6177                            @ DW_AT_abstract_origin
	.byte	53                              @ Abbrev [53] 0x1df7:0x7 DW_TAG_formal_parameter
	.ascii	"\223\001"                      @ DW_AT_const_value
	.long	6188                            @ DW_AT_abstract_origin
	.byte	22                              @ Abbrev [22] 0x1dfe:0x24 DW_TAG_inlined_subroutine
	.long	6212                            @ DW_AT_abstract_origin
	.long	.Ltmp661                        @ DW_AT_low_pc
	.long	.Ltmp677-.Ltmp661               @ DW_AT_high_pc
	.byte	1                               @ DW_AT_call_file
	.byte	96                              @ DW_AT_call_line
	.byte	5                               @ DW_AT_call_column
	.byte	53                              @ Abbrev [53] 0x1e0e:0xa DW_TAG_formal_parameter
	.ascii	"\200\240\242\201\004"          @ DW_AT_const_value
	.long	6225                            @ DW_AT_abstract_origin
	.byte	16                              @ Abbrev [16] 0x1e18:0x9 DW_TAG_variable
	.long	.Ldebug_loc20                   @ DW_AT_location
	.long	6237                            @ DW_AT_abstract_origin
	.byte	0                               @ End Of Children Mark
	.byte	0                               @ End Of Children Mark
	.byte	22                              @ Abbrev [22] 0x1e23:0x42 DW_TAG_inlined_subroutine
	.long	6165                            @ DW_AT_abstract_origin
	.long	.Ltmp677                        @ DW_AT_low_pc
	.long	.Ltmp709-.Ltmp677               @ DW_AT_high_pc
	.byte	1                               @ DW_AT_call_file
	.byte	105                             @ DW_AT_call_line
	.byte	5                               @ DW_AT_call_column
	.byte	53                              @ Abbrev [53] 0x1e33:0x6 DW_TAG_formal_parameter
	.byte	39                              @ DW_AT_const_value
	.long	6177                            @ DW_AT_abstract_origin
	.byte	53                              @ Abbrev [53] 0x1e39:0x7 DW_TAG_formal_parameter
	.ascii	"\351\001"                      @ DW_AT_const_value
	.long	6188                            @ DW_AT_abstract_origin
	.byte	22                              @ Abbrev [22] 0x1e40:0x24 DW_TAG_inlined_subroutine
	.long	6212                            @ DW_AT_abstract_origin
	.long	.Ltmp693                        @ DW_AT_low_pc
	.long	.Ltmp709-.Ltmp693               @ DW_AT_high_pc
	.byte	1                               @ DW_AT_call_file
	.byte	96                              @ DW_AT_call_line
	.byte	5                               @ DW_AT_call_column
	.byte	53                              @ Abbrev [53] 0x1e50:0xa DW_TAG_formal_parameter
	.ascii	"\200\240\242\201\004"          @ DW_AT_const_value
	.long	6225                            @ DW_AT_abstract_origin
	.byte	16                              @ Abbrev [16] 0x1e5a:0x9 DW_TAG_variable
	.long	.Ldebug_loc21                   @ DW_AT_location
	.long	6237                            @ DW_AT_abstract_origin
	.byte	0                               @ End Of Children Mark
	.byte	0                               @ End Of Children Mark
	.byte	22                              @ Abbrev [22] 0x1e65:0x42 DW_TAG_inlined_subroutine
	.long	6165                            @ DW_AT_abstract_origin
	.long	.Ltmp709                        @ DW_AT_low_pc
	.long	.Ltmp741-.Ltmp709               @ DW_AT_high_pc
	.byte	1                               @ DW_AT_call_file
	.byte	107                             @ DW_AT_call_line
	.byte	5                               @ DW_AT_call_column
	.byte	53                              @ Abbrev [53] 0x1e75:0x6 DW_TAG_formal_parameter
	.byte	6                               @ DW_AT_const_value
	.long	6177                            @ DW_AT_abstract_origin
	.byte	53                              @ Abbrev [53] 0x1e7b:0x7 DW_TAG_formal_parameter
	.ascii	"\255\003"                      @ DW_AT_const_value
	.long	6188                            @ DW_AT_abstract_origin
	.byte	22                              @ Abbrev [22] 0x1e82:0x24 DW_TAG_inlined_subroutine
	.long	6212                            @ DW_AT_abstract_origin
	.long	.Ltmp725                        @ DW_AT_low_pc
	.long	.Ltmp741-.Ltmp725               @ DW_AT_high_pc
	.byte	1                               @ DW_AT_call_file
	.byte	96                              @ DW_AT_call_line
	.byte	5                               @ DW_AT_call_column
	.byte	53                              @ Abbrev [53] 0x1e92:0xa DW_TAG_formal_parameter
	.ascii	"\200\240\242\201\004"          @ DW_AT_const_value
	.long	6225                            @ DW_AT_abstract_origin
	.byte	16                              @ Abbrev [16] 0x1e9c:0x9 DW_TAG_variable
	.long	.Ldebug_loc22                   @ DW_AT_location
	.long	6237                            @ DW_AT_abstract_origin
	.byte	0                               @ End Of Children Mark
	.byte	0                               @ End Of Children Mark
	.byte	22                              @ Abbrev [22] 0x1ea7:0x41 DW_TAG_inlined_subroutine
	.long	6165                            @ DW_AT_abstract_origin
	.long	.Ltmp741                        @ DW_AT_low_pc
	.long	.Ltmp773-.Ltmp741               @ DW_AT_high_pc
	.byte	1                               @ DW_AT_call_file
	.byte	108                             @ DW_AT_call_line
	.byte	5                               @ DW_AT_call_column
	.byte	53                              @ Abbrev [53] 0x1eb7:0x6 DW_TAG_formal_parameter
	.byte	7                               @ DW_AT_const_value
	.long	6177                            @ DW_AT_abstract_origin
	.byte	53                              @ Abbrev [53] 0x1ebd:0x6 DW_TAG_formal_parameter
	.byte	6                               @ DW_AT_const_value
	.long	6188                            @ DW_AT_abstract_origin
	.byte	22                              @ Abbrev [22] 0x1ec3:0x24 DW_TAG_inlined_subroutine
	.long	6212                            @ DW_AT_abstract_origin
	.long	.Ltmp757                        @ DW_AT_low_pc
	.long	.Ltmp773-.Ltmp757               @ DW_AT_high_pc
	.byte	1                               @ DW_AT_call_file
	.byte	96                              @ DW_AT_call_line
	.byte	5                               @ DW_AT_call_column
	.byte	53                              @ Abbrev [53] 0x1ed3:0xa DW_TAG_formal_parameter
	.ascii	"\200\240\242\201\004"          @ DW_AT_const_value
	.long	6225                            @ DW_AT_abstract_origin
	.byte	16                              @ Abbrev [16] 0x1edd:0x9 DW_TAG_variable
	.long	.Ldebug_loc23                   @ DW_AT_location
	.long	6237                            @ DW_AT_abstract_origin
	.byte	0                               @ End Of Children Mark
	.byte	0                               @ End Of Children Mark
	.byte	0                               @ End Of Children Mark
	.byte	54                              @ Abbrev [54] 0x1ee9:0x17 DW_TAG_inlined_subroutine
	.long	6262                            @ DW_AT_abstract_origin
	.long	.Ldebug_ranges0                 @ DW_AT_ranges
	.byte	1                               @ DW_AT_call_file
	.short	342                             @ DW_AT_call_line
	.byte	5                               @ DW_AT_call_column
	.byte	16                              @ Abbrev [16] 0x1ef6:0x9 DW_TAG_variable
	.long	.Ldebug_loc24                   @ DW_AT_location
	.long	6274                            @ DW_AT_abstract_origin
	.byte	0                               @ End Of Children Mark
	.byte	0                               @ End Of Children Mark
	.byte	55                              @ Abbrev [55] 0x1f01:0xd DW_TAG_subprogram
	.long	.Linfo_string387                @ DW_AT_linkage_name
	.long	.Linfo_string388                @ DW_AT_name
	.byte	1                               @ DW_AT_decl_file
	.short	308                             @ DW_AT_decl_line
	.byte	1                               @ DW_AT_inline
	.byte	9                               @ Abbrev [9] 0x1f0e:0x24 DW_TAG_subprogram
	.long	.Lfunc_begin1                   @ DW_AT_low_pc
	.long	.Lfunc_end1-.Lfunc_begin1       @ DW_AT_high_pc
	.byte	1                               @ DW_AT_frame_base
	.byte	93
                                        @ DW_AT_GNU_all_call_sites
	.long	.Linfo_string657                @ DW_AT_name
	.byte	1                               @ DW_AT_decl_file
	.short	349                             @ DW_AT_decl_line
                                        @ DW_AT_external
	.byte	11                              @ Abbrev [11] 0x1f20:0x11 DW_TAG_inlined_subroutine
	.long	7937                            @ DW_AT_abstract_origin
	.long	.Ltmp796                        @ DW_AT_low_pc
	.long	.Ltmp798-.Ltmp796               @ DW_AT_high_pc
	.byte	1                               @ DW_AT_call_file
	.short	354                             @ DW_AT_call_line
	.byte	5                               @ DW_AT_call_column
	.byte	0                               @ End Of Children Mark
	.byte	56                              @ Abbrev [56] 0x1f32:0x10 DW_TAG_subprogram
	.long	.Linfo_string389                @ DW_AT_linkage_name
	.long	.Linfo_string390                @ DW_AT_name
	.byte	1                               @ DW_AT_decl_file
	.byte	83                              @ DW_AT_decl_line
	.long	846                             @ DW_AT_type
	.byte	1                               @ DW_AT_inline
	.byte	52                              @ Abbrev [52] 0x1f42:0x28 DW_TAG_subprogram
	.long	.Lfunc_begin2                   @ DW_AT_low_pc
	.long	.Lfunc_end2-.Lfunc_begin2       @ DW_AT_high_pc
	.byte	1                               @ DW_AT_frame_base
	.byte	93
                                        @ DW_AT_GNU_all_call_sites
	.long	.Linfo_string658                @ DW_AT_name
	.byte	1                               @ DW_AT_decl_file
	.short	357                             @ DW_AT_decl_line
	.long	1658                            @ DW_AT_type
                                        @ DW_AT_external
	.byte	11                              @ Abbrev [11] 0x1f58:0x11 DW_TAG_inlined_subroutine
	.long	7986                            @ DW_AT_abstract_origin
	.long	.Lfunc_begin2                   @ DW_AT_low_pc
	.long	.Ltmp800-.Lfunc_begin2          @ DW_AT_high_pc
	.byte	1                               @ DW_AT_call_file
	.short	359                             @ DW_AT_call_line
	.byte	14                              @ DW_AT_call_column
	.byte	0                               @ End Of Children Mark
	.byte	57                              @ Abbrev [57] 0x1f6a:0x27 DW_TAG_subprogram
	.long	.Linfo_string391                @ DW_AT_linkage_name
	.long	.Linfo_string392                @ DW_AT_name
	.byte	1                               @ DW_AT_decl_file
	.byte	186                             @ DW_AT_decl_line
	.long	846                             @ DW_AT_type
	.byte	1                               @ DW_AT_inline
	.byte	50                              @ Abbrev [50] 0x1f7a:0xb DW_TAG_formal_parameter
	.long	.Linfo_string393                @ DW_AT_name
	.byte	1                               @ DW_AT_decl_file
	.byte	186                             @ DW_AT_decl_line
	.long	8081                            @ DW_AT_type
	.byte	49                              @ Abbrev [49] 0x1f85:0xb DW_TAG_variable
	.long	.Linfo_string394                @ DW_AT_name
	.byte	1                               @ DW_AT_decl_file
	.byte	188                             @ DW_AT_decl_line
	.long	774                             @ DW_AT_type
	.byte	0                               @ End Of Children Mark
	.byte	31                              @ Abbrev [31] 0x1f91:0x5 DW_TAG_pointer_type
	.long	58                              @ DW_AT_type
	.byte	56                              @ Abbrev [56] 0x1f96:0x10 DW_TAG_subprogram
	.long	.Linfo_string395                @ DW_AT_linkage_name
	.long	.Linfo_string396                @ DW_AT_name
	.byte	1                               @ DW_AT_decl_file
	.byte	78                              @ DW_AT_decl_line
	.long	774                             @ DW_AT_type
	.byte	1                               @ DW_AT_inline
	.byte	9                               @ Abbrev [9] 0x1fa6:0xf3 DW_TAG_subprogram
	.long	.Lfunc_begin3                   @ DW_AT_low_pc
	.long	.Lfunc_end3-.Lfunc_begin3       @ DW_AT_high_pc
	.byte	1                               @ DW_AT_frame_base
	.byte	93
                                        @ DW_AT_GNU_all_call_sites
	.long	.Linfo_string659                @ DW_AT_name
	.byte	1                               @ DW_AT_decl_file
	.short	362                             @ DW_AT_decl_line
                                        @ DW_AT_external
	.byte	58                              @ Abbrev [58] 0x1fb8:0x10 DW_TAG_formal_parameter
	.long	.Ldebug_loc25                   @ DW_AT_location
	.long	.Linfo_string663                @ DW_AT_name
	.byte	1                               @ DW_AT_decl_file
	.short	362                             @ DW_AT_decl_line
	.long	1658                            @ DW_AT_type
	.byte	58                              @ Abbrev [58] 0x1fc8:0x10 DW_TAG_formal_parameter
	.long	.Ldebug_loc26                   @ DW_AT_location
	.long	.Linfo_string664                @ DW_AT_name
	.byte	1                               @ DW_AT_decl_file
	.short	362                             @ DW_AT_decl_line
	.long	1658                            @ DW_AT_type
	.byte	58                              @ Abbrev [58] 0x1fd8:0x10 DW_TAG_formal_parameter
	.long	.Ldebug_loc27                   @ DW_AT_location
	.long	.Linfo_string665                @ DW_AT_name
	.byte	1                               @ DW_AT_decl_file
	.short	362                             @ DW_AT_decl_line
	.long	1658                            @ DW_AT_type
	.byte	59                              @ Abbrev [59] 0x1fe8:0xf DW_TAG_variable
	.byte	2                               @ DW_AT_location
	.byte	145
	.byte	20
	.long	.Linfo_string393                @ DW_AT_name
	.byte	1                               @ DW_AT_decl_file
	.short	368                             @ DW_AT_decl_line
	.long	8755                            @ DW_AT_type
	.byte	13                              @ Abbrev [13] 0x1ff7:0x10 DW_TAG_variable
	.long	.Ldebug_loc28                   @ DW_AT_location
	.long	.Linfo_string666                @ DW_AT_name
	.byte	1                               @ DW_AT_decl_file
	.short	369                             @ DW_AT_decl_line
	.long	1658                            @ DW_AT_type
	.byte	14                              @ Abbrev [14] 0x2007:0x24 DW_TAG_inlined_subroutine
	.long	8042                            @ DW_AT_abstract_origin
	.long	.Ltmp809                        @ DW_AT_low_pc
	.long	.Ltmp817-.Ltmp809               @ DW_AT_high_pc
	.byte	1                               @ DW_AT_call_file
	.short	372                             @ DW_AT_call_line
	.byte	9                               @ DW_AT_call_column
	.byte	15                              @ Abbrev [15] 0x2018:0x9 DW_TAG_formal_parameter
	.byte	3                               @ DW_AT_location
	.byte	145
	.byte	20
	.byte	159
	.long	8058                            @ DW_AT_abstract_origin
	.byte	16                              @ Abbrev [16] 0x2021:0x9 DW_TAG_variable
	.long	.Ldebug_loc29                   @ DW_AT_location
	.long	8069                            @ DW_AT_abstract_origin
	.byte	0                               @ End Of Children Mark
	.byte	54                              @ Abbrev [54] 0x202b:0x20 DW_TAG_inlined_subroutine
	.long	8042                            @ DW_AT_abstract_origin
	.long	.Ldebug_ranges1                 @ DW_AT_ranges
	.byte	1                               @ DW_AT_call_file
	.short	379                             @ DW_AT_call_line
	.byte	13                              @ DW_AT_call_column
	.byte	15                              @ Abbrev [15] 0x2038:0x9 DW_TAG_formal_parameter
	.byte	3                               @ DW_AT_location
	.byte	145
	.byte	20
	.byte	159
	.long	8058                            @ DW_AT_abstract_origin
	.byte	16                              @ Abbrev [16] 0x2041:0x9 DW_TAG_variable
	.long	.Ldebug_loc30                   @ DW_AT_location
	.long	8069                            @ DW_AT_abstract_origin
	.byte	0                               @ End Of Children Mark
	.byte	54                              @ Abbrev [54] 0x204b:0x20 DW_TAG_inlined_subroutine
	.long	8042                            @ DW_AT_abstract_origin
	.long	.Ldebug_ranges2                 @ DW_AT_ranges
	.byte	1                               @ DW_AT_call_file
	.short	382                             @ DW_AT_call_line
	.byte	13                              @ DW_AT_call_column
	.byte	20                              @ Abbrev [20] 0x2058:0x9 DW_TAG_formal_parameter
	.long	.Ldebug_loc32                   @ DW_AT_location
	.long	8058                            @ DW_AT_abstract_origin
	.byte	16                              @ Abbrev [16] 0x2061:0x9 DW_TAG_variable
	.long	.Ldebug_loc31                   @ DW_AT_location
	.long	8069                            @ DW_AT_abstract_origin
	.byte	0                               @ End Of Children Mark
	.byte	54                              @ Abbrev [54] 0x206b:0x20 DW_TAG_inlined_subroutine
	.long	8042                            @ DW_AT_abstract_origin
	.long	.Ldebug_ranges3                 @ DW_AT_ranges
	.byte	1                               @ DW_AT_call_file
	.short	376                             @ DW_AT_call_line
	.byte	13                              @ DW_AT_call_column
	.byte	15                              @ Abbrev [15] 0x2078:0x9 DW_TAG_formal_parameter
	.byte	3                               @ DW_AT_location
	.byte	145
	.byte	20
	.byte	159
	.long	8058                            @ DW_AT_abstract_origin
	.byte	16                              @ Abbrev [16] 0x2081:0x9 DW_TAG_variable
	.long	.Ldebug_loc33                   @ DW_AT_location
	.long	8069                            @ DW_AT_abstract_origin
	.byte	0                               @ End Of Children Mark
	.byte	60                              @ Abbrev [60] 0x208b:0xd DW_TAG_inlined_subroutine
	.long	8086                            @ DW_AT_abstract_origin
	.long	.Ldebug_ranges4                 @ DW_AT_ranges
	.byte	1                               @ DW_AT_call_file
	.short	385                             @ DW_AT_call_line
	.byte	60                              @ DW_AT_call_column
	.byte	0                               @ End Of Children Mark
	.byte	9                               @ Abbrev [9] 0x2099:0x47 DW_TAG_subprogram
	.long	.Lfunc_begin4                   @ DW_AT_low_pc
	.long	.Lfunc_end4-.Lfunc_begin4       @ DW_AT_high_pc
	.byte	1                               @ DW_AT_frame_base
	.byte	93
                                        @ DW_AT_GNU_all_call_sites
	.long	.Linfo_string660                @ DW_AT_name
	.byte	1                               @ DW_AT_decl_file
	.short	388                             @ DW_AT_decl_line
                                        @ DW_AT_external
	.byte	58                              @ Abbrev [58] 0x20ab:0x10 DW_TAG_formal_parameter
	.long	.Ldebug_loc34                   @ DW_AT_location
	.long	.Linfo_string393                @ DW_AT_name
	.byte	1                               @ DW_AT_decl_file
	.short	388                             @ DW_AT_decl_line
	.long	8081                            @ DW_AT_type
	.byte	14                              @ Abbrev [14] 0x20bb:0x24 DW_TAG_inlined_subroutine
	.long	8042                            @ DW_AT_abstract_origin
	.long	.Ltmp880                        @ DW_AT_low_pc
	.long	.Ltmp885-.Ltmp880               @ DW_AT_high_pc
	.byte	1                               @ DW_AT_call_file
	.short	391                             @ DW_AT_call_line
	.byte	5                               @ DW_AT_call_column
	.byte	20                              @ Abbrev [20] 0x20cc:0x9 DW_TAG_formal_parameter
	.long	.Ldebug_loc35                   @ DW_AT_location
	.long	8058                            @ DW_AT_abstract_origin
	.byte	16                              @ Abbrev [16] 0x20d5:0x9 DW_TAG_variable
	.long	.Ldebug_loc36                   @ DW_AT_location
	.long	8069                            @ DW_AT_abstract_origin
	.byte	0                               @ End Of Children Mark
	.byte	0                               @ End Of Children Mark
	.byte	9                               @ Abbrev [9] 0x20e0:0xab DW_TAG_subprogram
	.long	.Lfunc_begin5                   @ DW_AT_low_pc
	.long	.Lfunc_end5-.Lfunc_begin5       @ DW_AT_high_pc
	.byte	1                               @ DW_AT_frame_base
	.byte	93
                                        @ DW_AT_GNU_all_call_sites
	.long	.Linfo_string661                @ DW_AT_name
	.byte	1                               @ DW_AT_decl_file
	.short	394                             @ DW_AT_decl_line
                                        @ DW_AT_external
	.byte	58                              @ Abbrev [58] 0x20f2:0x10 DW_TAG_formal_parameter
	.long	.Ldebug_loc37                   @ DW_AT_location
	.long	.Linfo_string667                @ DW_AT_name
	.byte	1                               @ DW_AT_decl_file
	.short	394                             @ DW_AT_decl_line
	.long	1658                            @ DW_AT_type
	.byte	13                              @ Abbrev [13] 0x2102:0x10 DW_TAG_variable
	.long	.Ldebug_loc40                   @ DW_AT_location
	.long	.Linfo_string668                @ DW_AT_name
	.byte	1                               @ DW_AT_decl_file
	.short	400                             @ DW_AT_decl_line
	.long	1187                            @ DW_AT_type
	.byte	54                              @ Abbrev [54] 0x2112:0x44 DW_TAG_inlined_subroutine
	.long	6165                            @ DW_AT_abstract_origin
	.long	.Ldebug_ranges5                 @ DW_AT_ranges
	.byte	1                               @ DW_AT_call_file
	.short	401                             @ DW_AT_call_line
	.byte	5                               @ DW_AT_call_column
	.byte	20                              @ Abbrev [20] 0x211f:0x9 DW_TAG_formal_parameter
	.long	.Ldebug_loc38                   @ DW_AT_location
	.long	6177                            @ DW_AT_abstract_origin
	.byte	20                              @ Abbrev [20] 0x2128:0x9 DW_TAG_formal_parameter
	.long	.Ldebug_loc39                   @ DW_AT_location
	.long	6188                            @ DW_AT_abstract_origin
	.byte	22                              @ Abbrev [22] 0x2131:0x24 DW_TAG_inlined_subroutine
	.long	6212                            @ DW_AT_abstract_origin
	.long	.Ltmp909                        @ DW_AT_low_pc
	.long	.Ltmp925-.Ltmp909               @ DW_AT_high_pc
	.byte	1                               @ DW_AT_call_file
	.byte	96                              @ DW_AT_call_line
	.byte	5                               @ DW_AT_call_column
	.byte	53                              @ Abbrev [53] 0x2141:0xa DW_TAG_formal_parameter
	.ascii	"\200\240\242\201\004"          @ DW_AT_const_value
	.long	6225                            @ DW_AT_abstract_origin
	.byte	16                              @ Abbrev [16] 0x214b:0x9 DW_TAG_variable
	.long	.Ldebug_loc41                   @ DW_AT_location
	.long	6237                            @ DW_AT_abstract_origin
	.byte	0                               @ End Of Children Mark
	.byte	0                               @ End Of Children Mark
	.byte	54                              @ Abbrev [54] 0x2156:0x34 DW_TAG_inlined_subroutine
	.long	6165                            @ DW_AT_abstract_origin
	.long	.Ldebug_ranges6                 @ DW_AT_ranges
	.byte	1                               @ DW_AT_call_file
	.short	402                             @ DW_AT_call_line
	.byte	5                               @ DW_AT_call_column
	.byte	53                              @ Abbrev [53] 0x2163:0x6 DW_TAG_formal_parameter
	.byte	53                              @ DW_AT_const_value
	.long	6177                            @ DW_AT_abstract_origin
	.byte	19                              @ Abbrev [19] 0x2169:0x20 DW_TAG_inlined_subroutine
	.long	6212                            @ DW_AT_abstract_origin
	.long	.Ldebug_ranges7                 @ DW_AT_ranges
	.byte	1                               @ DW_AT_call_file
	.byte	96                              @ DW_AT_call_line
	.byte	5                               @ DW_AT_call_column
	.byte	53                              @ Abbrev [53] 0x2175:0xa DW_TAG_formal_parameter
	.ascii	"\200\240\242\201\004"          @ DW_AT_const_value
	.long	6225                            @ DW_AT_abstract_origin
	.byte	16                              @ Abbrev [16] 0x217f:0x9 DW_TAG_variable
	.long	.Ldebug_loc42                   @ DW_AT_location
	.long	6237                            @ DW_AT_abstract_origin
	.byte	0                               @ End Of Children Mark
	.byte	0                               @ End Of Children Mark
	.byte	0                               @ End Of Children Mark
	.byte	61                              @ Abbrev [61] 0x218b:0x7a DW_TAG_subprogram
	.long	.Linfo_string397                @ DW_AT_linkage_name
	.long	.Linfo_string398                @ DW_AT_name
	.byte	1                               @ DW_AT_decl_file
	.short	260                             @ DW_AT_decl_line
	.long	1227                            @ DW_AT_type
	.byte	1                               @ DW_AT_inline
	.byte	51                              @ Abbrev [51] 0x219c:0xc DW_TAG_formal_parameter
	.long	.Linfo_string399                @ DW_AT_name
	.byte	1                               @ DW_AT_decl_file
	.short	260                             @ DW_AT_decl_line
	.long	8709                            @ DW_AT_type
	.byte	45                              @ Abbrev [45] 0x21a8:0xc DW_TAG_variable
	.long	.Linfo_string400                @ DW_AT_name
	.byte	1                               @ DW_AT_decl_file
	.short	264                             @ DW_AT_decl_line
	.long	1227                            @ DW_AT_type
	.byte	48                              @ Abbrev [48] 0x21b4:0x42 DW_TAG_lexical_block
	.byte	45                              @ Abbrev [45] 0x21b5:0xc DW_TAG_variable
	.long	.Linfo_string401                @ DW_AT_name
	.byte	1                               @ DW_AT_decl_file
	.short	271                             @ DW_AT_decl_line
	.long	8714                            @ DW_AT_type
	.byte	45                              @ Abbrev [45] 0x21c1:0xc DW_TAG_variable
	.long	.Linfo_string403                @ DW_AT_name
	.byte	1                               @ DW_AT_decl_file
	.short	270                             @ DW_AT_decl_line
	.long	8714                            @ DW_AT_type
	.byte	45                              @ Abbrev [45] 0x21cd:0xc DW_TAG_variable
	.long	.Linfo_string404                @ DW_AT_name
	.byte	1                               @ DW_AT_decl_file
	.short	273                             @ DW_AT_decl_line
	.long	1227                            @ DW_AT_type
	.byte	48                              @ Abbrev [48] 0x21d9:0x1c DW_TAG_lexical_block
	.byte	45                              @ Abbrev [45] 0x21da:0xc DW_TAG_variable
	.long	.Linfo_string405                @ DW_AT_name
	.byte	1                               @ DW_AT_decl_file
	.short	275                             @ DW_AT_decl_line
	.long	1227                            @ DW_AT_type
	.byte	48                              @ Abbrev [48] 0x21e6:0xe DW_TAG_lexical_block
	.byte	45                              @ Abbrev [45] 0x21e7:0xc DW_TAG_variable
	.long	.Linfo_string406                @ DW_AT_name
	.byte	1                               @ DW_AT_decl_file
	.short	276                             @ DW_AT_decl_line
	.long	1538                            @ DW_AT_type
	.byte	0                               @ End Of Children Mark
	.byte	0                               @ End Of Children Mark
	.byte	0                               @ End Of Children Mark
	.byte	48                              @ Abbrev [48] 0x21f6:0xe DW_TAG_lexical_block
	.byte	45                              @ Abbrev [45] 0x21f7:0xc DW_TAG_variable
	.long	.Linfo_string405                @ DW_AT_name
	.byte	1                               @ DW_AT_decl_file
	.short	289                             @ DW_AT_decl_line
	.long	1227                            @ DW_AT_type
	.byte	0                               @ End Of Children Mark
	.byte	0                               @ End Of Children Mark
	.byte	31                              @ Abbrev [31] 0x2205:0x5 DW_TAG_pointer_type
	.long	1647                            @ DW_AT_type
	.byte	26                              @ Abbrev [26] 0x220a:0xb DW_TAG_typedef
	.long	1238                            @ DW_AT_type
	.long	.Linfo_string402                @ DW_AT_name
	.byte	3                               @ DW_AT_decl_file
	.byte	54                              @ DW_AT_decl_line
	.byte	57                              @ Abbrev [57] 0x2215:0x1e DW_TAG_subprogram
	.long	.Linfo_string407                @ DW_AT_linkage_name
	.long	.Linfo_string408                @ DW_AT_name
	.byte	1                               @ DW_AT_decl_file
	.byte	233                             @ DW_AT_decl_line
	.long	846                             @ DW_AT_type
	.byte	1                               @ DW_AT_inline
	.byte	48                              @ Abbrev [48] 0x2225:0xd DW_TAG_lexical_block
	.byte	49                              @ Abbrev [49] 0x2226:0xb DW_TAG_variable
	.long	.Linfo_string393                @ DW_AT_name
	.byte	1                               @ DW_AT_decl_file
	.byte	238                             @ DW_AT_decl_line
	.long	8755                            @ DW_AT_type
	.byte	0                               @ End Of Children Mark
	.byte	0                               @ End Of Children Mark
	.byte	3                               @ Abbrev [3] 0x2233:0xc DW_TAG_array_type
	.long	63                              @ DW_AT_type
	.byte	4                               @ Abbrev [4] 0x2238:0x6 DW_TAG_subrange_type
	.long	70                              @ DW_AT_type
	.byte	40                              @ DW_AT_count
	.byte	0                               @ End Of Children Mark
	.byte	57                              @ Abbrev [57] 0x223f:0x1c DW_TAG_subprogram
	.long	.Linfo_string409                @ DW_AT_linkage_name
	.long	.Linfo_string410                @ DW_AT_name
	.byte	1                               @ DW_AT_decl_file
	.byte	196                             @ DW_AT_decl_line
	.long	846                             @ DW_AT_type
	.byte	1                               @ DW_AT_inline
	.byte	50                              @ Abbrev [50] 0x224f:0xb DW_TAG_formal_parameter
	.long	.Linfo_string411                @ DW_AT_name
	.byte	1                               @ DW_AT_decl_file
	.byte	196                             @ DW_AT_decl_line
	.long	8795                            @ DW_AT_type
	.byte	0                               @ End Of Children Mark
	.byte	31                              @ Abbrev [31] 0x225b:0x5 DW_TAG_pointer_type
	.long	63                              @ DW_AT_type
	.byte	46                              @ Abbrev [46] 0x2260:0xc DW_TAG_subprogram
	.long	.Linfo_string412                @ DW_AT_linkage_name
	.long	.Linfo_string413                @ DW_AT_name
	.byte	1                               @ DW_AT_decl_file
	.byte	203                             @ DW_AT_decl_line
	.byte	1                               @ DW_AT_inline
	.byte	57                              @ Abbrev [57] 0x226c:0x57 DW_TAG_subprogram
	.long	.Linfo_string414                @ DW_AT_linkage_name
	.long	.Linfo_string415                @ DW_AT_name
	.byte	1                               @ DW_AT_decl_file
	.byte	213                             @ DW_AT_decl_line
	.long	846                             @ DW_AT_type
	.byte	1                               @ DW_AT_inline
	.byte	50                              @ Abbrev [50] 0x227c:0xb DW_TAG_formal_parameter
	.long	.Linfo_string416                @ DW_AT_name
	.byte	1                               @ DW_AT_decl_file
	.byte	213                             @ DW_AT_decl_line
	.long	8899                            @ DW_AT_type
	.byte	49                              @ Abbrev [49] 0x2287:0xb DW_TAG_variable
	.long	.Linfo_string417                @ DW_AT_name
	.byte	1                               @ DW_AT_decl_file
	.byte	215                             @ DW_AT_decl_line
	.long	8714                            @ DW_AT_type
	.byte	49                              @ Abbrev [49] 0x2292:0xb DW_TAG_variable
	.long	.Linfo_string418                @ DW_AT_name
	.byte	1                               @ DW_AT_decl_file
	.byte	216                             @ DW_AT_decl_line
	.long	8904                            @ DW_AT_type
	.byte	48                              @ Abbrev [48] 0x229d:0x25 DW_TAG_lexical_block
	.byte	49                              @ Abbrev [49] 0x229e:0xb DW_TAG_variable
	.long	.Linfo_string419                @ DW_AT_name
	.byte	1                               @ DW_AT_decl_file
	.byte	221                             @ DW_AT_decl_line
	.long	1658                            @ DW_AT_type
	.byte	48                              @ Abbrev [48] 0x22a9:0x18 DW_TAG_lexical_block
	.byte	49                              @ Abbrev [49] 0x22aa:0xb DW_TAG_variable
	.long	.Linfo_string420                @ DW_AT_name
	.byte	1                               @ DW_AT_decl_file
	.byte	224                             @ DW_AT_decl_line
	.long	1227                            @ DW_AT_type
	.byte	49                              @ Abbrev [49] 0x22b5:0xb DW_TAG_variable
	.long	.Linfo_string421                @ DW_AT_name
	.byte	1                               @ DW_AT_decl_file
	.byte	222                             @ DW_AT_decl_line
	.long	8916                            @ DW_AT_type
	.byte	0                               @ End Of Children Mark
	.byte	0                               @ End Of Children Mark
	.byte	0                               @ End Of Children Mark
	.byte	31                              @ Abbrev [31] 0x22c3:0x5 DW_TAG_pointer_type
	.long	944                             @ DW_AT_type
	.byte	3                               @ Abbrev [3] 0x22c8:0xc DW_TAG_array_type
	.long	774                             @ DW_AT_type
	.byte	4                               @ Abbrev [4] 0x22cd:0x6 DW_TAG_subrange_type
	.long	70                              @ DW_AT_type
	.byte	12                              @ DW_AT_count
	.byte	0                               @ End Of Children Mark
	.byte	3                               @ Abbrev [3] 0x22d4:0xc DW_TAG_array_type
	.long	774                             @ DW_AT_type
	.byte	4                               @ Abbrev [4] 0x22d9:0x6 DW_TAG_subrange_type
	.long	70                              @ DW_AT_type
	.byte	8                               @ DW_AT_count
	.byte	0                               @ End Of Children Mark
	.byte	44                              @ Abbrev [44] 0x22e0:0x40 DW_TAG_subprogram
	.long	.Linfo_string422                @ DW_AT_linkage_name
	.long	.Linfo_string423                @ DW_AT_name
	.byte	12                              @ DW_AT_decl_file
	.short	386                             @ DW_AT_decl_line
	.byte	1                               @ DW_AT_inline
	.byte	51                              @ Abbrev [51] 0x22ed:0xc DW_TAG_formal_parameter
	.long	.Linfo_string376                @ DW_AT_name
	.byte	12                              @ DW_AT_decl_file
	.short	386                             @ DW_AT_decl_line
	.long	8992                            @ DW_AT_type
	.byte	51                              @ Abbrev [51] 0x22f9:0xc DW_TAG_formal_parameter
	.long	.Linfo_string424                @ DW_AT_name
	.byte	12                              @ DW_AT_decl_file
	.short	386                             @ DW_AT_decl_line
	.long	1647                            @ DW_AT_type
	.byte	48                              @ Abbrev [48] 0x2305:0x1a DW_TAG_lexical_block
	.byte	45                              @ Abbrev [45] 0x2306:0xc DW_TAG_variable
	.long	.Linfo_string425                @ DW_AT_name
	.byte	12                              @ DW_AT_decl_file
	.short	390                             @ DW_AT_decl_line
	.long	1647                            @ DW_AT_type
	.byte	45                              @ Abbrev [45] 0x2312:0xc DW_TAG_variable
	.long	.Linfo_string426                @ DW_AT_name
	.byte	12                              @ DW_AT_decl_file
	.short	391                             @ DW_AT_decl_line
	.long	1227                            @ DW_AT_type
	.byte	0                               @ End Of Children Mark
	.byte	0                               @ End Of Children Mark
	.byte	31                              @ Abbrev [31] 0x2320:0x5 DW_TAG_pointer_type
	.long	8997                            @ DW_AT_type
	.byte	62                              @ Abbrev [62] 0x2325:0x1 DW_TAG_volatile_type
	.byte	55                              @ Abbrev [55] 0x2326:0xd DW_TAG_subprogram
	.long	.Linfo_string427                @ DW_AT_linkage_name
	.long	.Linfo_string428                @ DW_AT_name
	.byte	1                               @ DW_AT_decl_file
	.short	293                             @ DW_AT_decl_line
	.byte	1                               @ DW_AT_inline
	.byte	26                              @ Abbrev [26] 0x2333:0xb DW_TAG_typedef
	.long	9022                            @ DW_AT_type
	.long	.Linfo_string430                @ DW_AT_name
	.byte	2                               @ DW_AT_decl_file
	.byte	56                              @ DW_AT_decl_line
	.byte	6                               @ Abbrev [6] 0x233e:0x7 DW_TAG_base_type
	.long	.Linfo_string429                @ DW_AT_name
	.byte	6                               @ DW_AT_encoding
	.byte	1                               @ DW_AT_byte_size
	.byte	63                              @ Abbrev [63] 0x2345:0x8 DW_TAG_imported_declaration
	.byte	2                               @ DW_AT_decl_file
	.short	266                             @ DW_AT_decl_line
	.long	9011                            @ DW_AT_import
	.byte	63                              @ Abbrev [63] 0x234d:0x8 DW_TAG_imported_declaration
	.byte	2                               @ DW_AT_decl_file
	.short	267                             @ DW_AT_decl_line
	.long	1538                            @ DW_AT_import
	.byte	63                              @ Abbrev [63] 0x2355:0x8 DW_TAG_imported_declaration
	.byte	2                               @ DW_AT_decl_file
	.short	268                             @ DW_AT_decl_line
	.long	1647                            @ DW_AT_import
	.byte	26                              @ Abbrev [26] 0x235d:0xb DW_TAG_typedef
	.long	9064                            @ DW_AT_type
	.long	.Linfo_string432                @ DW_AT_name
	.byte	2                               @ DW_AT_decl_file
	.byte	59                              @ DW_AT_decl_line
	.byte	6                               @ Abbrev [6] 0x2368:0x7 DW_TAG_base_type
	.long	.Linfo_string431                @ DW_AT_name
	.byte	5                               @ DW_AT_encoding
	.byte	8                               @ DW_AT_byte_size
	.byte	63                              @ Abbrev [63] 0x236f:0x8 DW_TAG_imported_declaration
	.byte	2                               @ DW_AT_decl_file
	.short	269                             @ DW_AT_decl_line
	.long	9053                            @ DW_AT_import
	.byte	63                              @ Abbrev [63] 0x2377:0x8 DW_TAG_imported_declaration
	.byte	2                               @ DW_AT_decl_file
	.short	270                             @ DW_AT_decl_line
	.long	774                             @ DW_AT_import
	.byte	63                              @ Abbrev [63] 0x237f:0x8 DW_TAG_imported_declaration
	.byte	2                               @ DW_AT_decl_file
	.short	271                             @ DW_AT_decl_line
	.long	1187                            @ DW_AT_import
	.byte	63                              @ Abbrev [63] 0x2387:0x8 DW_TAG_imported_declaration
	.byte	2                               @ DW_AT_decl_file
	.short	272                             @ DW_AT_decl_line
	.long	1227                            @ DW_AT_import
	.byte	63                              @ Abbrev [63] 0x238f:0x8 DW_TAG_imported_declaration
	.byte	2                               @ DW_AT_decl_file
	.short	273                             @ DW_AT_decl_line
	.long	5087                            @ DW_AT_import
	.byte	26                              @ Abbrev [26] 0x2397:0xb DW_TAG_typedef
	.long	9022                            @ DW_AT_type
	.long	.Linfo_string433                @ DW_AT_name
	.byte	2                               @ DW_AT_decl_file
	.byte	71                              @ DW_AT_decl_line
	.byte	63                              @ Abbrev [63] 0x23a2:0x8 DW_TAG_imported_declaration
	.byte	2                               @ DW_AT_decl_file
	.short	274                             @ DW_AT_decl_line
	.long	9111                            @ DW_AT_import
	.byte	26                              @ Abbrev [26] 0x23aa:0xb DW_TAG_typedef
	.long	1549                            @ DW_AT_type
	.long	.Linfo_string434                @ DW_AT_name
	.byte	2                               @ DW_AT_decl_file
	.byte	72                              @ DW_AT_decl_line
	.byte	63                              @ Abbrev [63] 0x23b5:0x8 DW_TAG_imported_declaration
	.byte	2                               @ DW_AT_decl_file
	.short	275                             @ DW_AT_decl_line
	.long	9130                            @ DW_AT_import
	.byte	26                              @ Abbrev [26] 0x23bd:0xb DW_TAG_typedef
	.long	1658                            @ DW_AT_type
	.long	.Linfo_string435                @ DW_AT_name
	.byte	2                               @ DW_AT_decl_file
	.byte	73                              @ DW_AT_decl_line
	.byte	63                              @ Abbrev [63] 0x23c8:0x8 DW_TAG_imported_declaration
	.byte	2                               @ DW_AT_decl_file
	.short	276                             @ DW_AT_decl_line
	.long	9149                            @ DW_AT_import
	.byte	26                              @ Abbrev [26] 0x23d0:0xb DW_TAG_typedef
	.long	9064                            @ DW_AT_type
	.long	.Linfo_string436                @ DW_AT_name
	.byte	2                               @ DW_AT_decl_file
	.byte	74                              @ DW_AT_decl_line
	.byte	63                              @ Abbrev [63] 0x23db:0x8 DW_TAG_imported_declaration
	.byte	2                               @ DW_AT_decl_file
	.short	277                             @ DW_AT_decl_line
	.long	9168                            @ DW_AT_import
	.byte	26                              @ Abbrev [26] 0x23e3:0xb DW_TAG_typedef
	.long	785                             @ DW_AT_type
	.long	.Linfo_string437                @ DW_AT_name
	.byte	2                               @ DW_AT_decl_file
	.byte	77                              @ DW_AT_decl_line
	.byte	63                              @ Abbrev [63] 0x23ee:0x8 DW_TAG_imported_declaration
	.byte	2                               @ DW_AT_decl_file
	.short	278                             @ DW_AT_decl_line
	.long	9187                            @ DW_AT_import
	.byte	26                              @ Abbrev [26] 0x23f6:0xb DW_TAG_typedef
	.long	1198                            @ DW_AT_type
	.long	.Linfo_string438                @ DW_AT_name
	.byte	2                               @ DW_AT_decl_file
	.byte	78                              @ DW_AT_decl_line
	.byte	63                              @ Abbrev [63] 0x2401:0x8 DW_TAG_imported_declaration
	.byte	2                               @ DW_AT_decl_file
	.short	279                             @ DW_AT_decl_line
	.long	9206                            @ DW_AT_import
	.byte	26                              @ Abbrev [26] 0x2409:0xb DW_TAG_typedef
	.long	1238                            @ DW_AT_type
	.long	.Linfo_string439                @ DW_AT_name
	.byte	2                               @ DW_AT_decl_file
	.byte	79                              @ DW_AT_decl_line
	.byte	63                              @ Abbrev [63] 0x2414:0x8 DW_TAG_imported_declaration
	.byte	2                               @ DW_AT_decl_file
	.short	280                             @ DW_AT_decl_line
	.long	9225                            @ DW_AT_import
	.byte	26                              @ Abbrev [26] 0x241c:0xb DW_TAG_typedef
	.long	5098                            @ DW_AT_type
	.long	.Linfo_string440                @ DW_AT_name
	.byte	2                               @ DW_AT_decl_file
	.byte	80                              @ DW_AT_decl_line
	.byte	63                              @ Abbrev [63] 0x2427:0x8 DW_TAG_imported_declaration
	.byte	2                               @ DW_AT_decl_file
	.short	281                             @ DW_AT_decl_line
	.long	9244                            @ DW_AT_import
	.byte	26                              @ Abbrev [26] 0x242f:0xb DW_TAG_typedef
	.long	1658                            @ DW_AT_type
	.long	.Linfo_string441                @ DW_AT_name
	.byte	2                               @ DW_AT_decl_file
	.byte	85                              @ DW_AT_decl_line
	.byte	63                              @ Abbrev [63] 0x243a:0x8 DW_TAG_imported_declaration
	.byte	2                               @ DW_AT_decl_file
	.short	282                             @ DW_AT_decl_line
	.long	9263                            @ DW_AT_import
	.byte	26                              @ Abbrev [26] 0x2442:0xb DW_TAG_typedef
	.long	1658                            @ DW_AT_type
	.long	.Linfo_string442                @ DW_AT_name
	.byte	2                               @ DW_AT_decl_file
	.byte	86                              @ DW_AT_decl_line
	.byte	63                              @ Abbrev [63] 0x244d:0x8 DW_TAG_imported_declaration
	.byte	2                               @ DW_AT_decl_file
	.short	283                             @ DW_AT_decl_line
	.long	9282                            @ DW_AT_import
	.byte	26                              @ Abbrev [26] 0x2455:0xb DW_TAG_typedef
	.long	1658                            @ DW_AT_type
	.long	.Linfo_string443                @ DW_AT_name
	.byte	2                               @ DW_AT_decl_file
	.byte	87                              @ DW_AT_decl_line
	.byte	63                              @ Abbrev [63] 0x2460:0x8 DW_TAG_imported_declaration
	.byte	2                               @ DW_AT_decl_file
	.short	284                             @ DW_AT_decl_line
	.long	9301                            @ DW_AT_import
	.byte	26                              @ Abbrev [26] 0x2468:0xb DW_TAG_typedef
	.long	9064                            @ DW_AT_type
	.long	.Linfo_string444                @ DW_AT_name
	.byte	2                               @ DW_AT_decl_file
	.byte	88                              @ DW_AT_decl_line
	.byte	63                              @ Abbrev [63] 0x2473:0x8 DW_TAG_imported_declaration
	.byte	2                               @ DW_AT_decl_file
	.short	285                             @ DW_AT_decl_line
	.long	9320                            @ DW_AT_import
	.byte	26                              @ Abbrev [26] 0x247b:0xb DW_TAG_typedef
	.long	1238                            @ DW_AT_type
	.long	.Linfo_string445                @ DW_AT_name
	.byte	2                               @ DW_AT_decl_file
	.byte	91                              @ DW_AT_decl_line
	.byte	63                              @ Abbrev [63] 0x2486:0x8 DW_TAG_imported_declaration
	.byte	2                               @ DW_AT_decl_file
	.short	286                             @ DW_AT_decl_line
	.long	9339                            @ DW_AT_import
	.byte	26                              @ Abbrev [26] 0x248e:0xb DW_TAG_typedef
	.long	1238                            @ DW_AT_type
	.long	.Linfo_string446                @ DW_AT_name
	.byte	2                               @ DW_AT_decl_file
	.byte	92                              @ DW_AT_decl_line
	.byte	63                              @ Abbrev [63] 0x2499:0x8 DW_TAG_imported_declaration
	.byte	2                               @ DW_AT_decl_file
	.short	287                             @ DW_AT_decl_line
	.long	9358                            @ DW_AT_import
	.byte	26                              @ Abbrev [26] 0x24a1:0xb DW_TAG_typedef
	.long	1238                            @ DW_AT_type
	.long	.Linfo_string447                @ DW_AT_name
	.byte	2                               @ DW_AT_decl_file
	.byte	93                              @ DW_AT_decl_line
	.byte	63                              @ Abbrev [63] 0x24ac:0x8 DW_TAG_imported_declaration
	.byte	2                               @ DW_AT_decl_file
	.short	288                             @ DW_AT_decl_line
	.long	9377                            @ DW_AT_import
	.byte	26                              @ Abbrev [26] 0x24b4:0xb DW_TAG_typedef
	.long	5098                            @ DW_AT_type
	.long	.Linfo_string448                @ DW_AT_name
	.byte	2                               @ DW_AT_decl_file
	.byte	94                              @ DW_AT_decl_line
	.byte	63                              @ Abbrev [63] 0x24bf:0x8 DW_TAG_imported_declaration
	.byte	2                               @ DW_AT_decl_file
	.short	289                             @ DW_AT_decl_line
	.long	9396                            @ DW_AT_import
	.byte	26                              @ Abbrev [26] 0x24c7:0xb DW_TAG_typedef
	.long	1658                            @ DW_AT_type
	.long	.Linfo_string449                @ DW_AT_name
	.byte	2                               @ DW_AT_decl_file
	.byte	101                             @ DW_AT_decl_line
	.byte	63                              @ Abbrev [63] 0x24d2:0x8 DW_TAG_imported_declaration
	.byte	2                               @ DW_AT_decl_file
	.short	290                             @ DW_AT_decl_line
	.long	9415                            @ DW_AT_import
	.byte	26                              @ Abbrev [26] 0x24da:0xb DW_TAG_typedef
	.long	1238                            @ DW_AT_type
	.long	.Linfo_string450                @ DW_AT_name
	.byte	2                               @ DW_AT_decl_file
	.byte	102                             @ DW_AT_decl_line
	.byte	63                              @ Abbrev [63] 0x24e5:0x8 DW_TAG_imported_declaration
	.byte	2                               @ DW_AT_decl_file
	.short	291                             @ DW_AT_decl_line
	.long	9434                            @ DW_AT_import
	.byte	26                              @ Abbrev [26] 0x24ed:0xb DW_TAG_typedef
	.long	9064                            @ DW_AT_type
	.long	.Linfo_string451                @ DW_AT_name
	.byte	2                               @ DW_AT_decl_file
	.byte	106                             @ DW_AT_decl_line
	.byte	63                              @ Abbrev [63] 0x24f8:0x8 DW_TAG_imported_declaration
	.byte	2                               @ DW_AT_decl_file
	.short	292                             @ DW_AT_decl_line
	.long	9453                            @ DW_AT_import
	.byte	26                              @ Abbrev [26] 0x2500:0xb DW_TAG_typedef
	.long	5098                            @ DW_AT_type
	.long	.Linfo_string452                @ DW_AT_name
	.byte	2                               @ DW_AT_decl_file
	.byte	107                             @ DW_AT_decl_line
	.byte	63                              @ Abbrev [63] 0x250b:0x8 DW_TAG_imported_declaration
	.byte	2                               @ DW_AT_decl_file
	.short	293                             @ DW_AT_decl_line
	.long	9472                            @ DW_AT_import
	.byte	26                              @ Abbrev [26] 0x2513:0xb DW_TAG_typedef
	.long	1238                            @ DW_AT_type
	.long	.Linfo_string453                @ DW_AT_name
	.byte	13                              @ DW_AT_decl_file
	.byte	53                              @ DW_AT_decl_line
	.byte	63                              @ Abbrev [63] 0x251e:0x8 DW_TAG_imported_declaration
	.byte	13                              @ DW_AT_decl_file
	.short	942                             @ DW_AT_decl_line
	.long	9491                            @ DW_AT_import
	.byte	26                              @ Abbrev [26] 0x2526:0xb DW_TAG_typedef
	.long	9521                            @ DW_AT_type
	.long	.Linfo_string455                @ DW_AT_name
	.byte	13                              @ DW_AT_decl_file
	.byte	97                              @ DW_AT_decl_line
	.byte	64                              @ Abbrev [64] 0x2531:0x5 DW_TAG_structure_type
	.long	.Linfo_string454                @ DW_AT_name
                                        @ DW_AT_declaration
	.byte	63                              @ Abbrev [63] 0x2536:0x8 DW_TAG_imported_declaration
	.byte	13                              @ DW_AT_decl_file
	.short	943                             @ DW_AT_decl_line
	.long	9510                            @ DW_AT_import
	.byte	26                              @ Abbrev [26] 0x253e:0xb DW_TAG_typedef
	.long	9545                            @ DW_AT_type
	.long	.Linfo_string457                @ DW_AT_name
	.byte	13                              @ DW_AT_decl_file
	.byte	108                             @ DW_AT_decl_line
	.byte	64                              @ Abbrev [64] 0x2549:0x5 DW_TAG_structure_type
	.long	.Linfo_string456                @ DW_AT_name
                                        @ DW_AT_declaration
	.byte	63                              @ Abbrev [63] 0x254e:0x8 DW_TAG_imported_declaration
	.byte	13                              @ DW_AT_decl_file
	.short	944                             @ DW_AT_decl_line
	.long	9534                            @ DW_AT_import
	.byte	65                              @ Abbrev [65] 0x2556:0x11 DW_TAG_subprogram
	.long	.Linfo_string458                @ DW_AT_name
	.byte	13                              @ DW_AT_decl_file
	.byte	224                             @ DW_AT_decl_line
	.long	1658                            @ DW_AT_type
                                        @ DW_AT_declaration
                                        @ DW_AT_external
	.byte	66                              @ Abbrev [66] 0x2561:0x5 DW_TAG_formal_parameter
	.long	8081                            @ DW_AT_type
	.byte	0                               @ End Of Children Mark
	.byte	63                              @ Abbrev [63] 0x2567:0x8 DW_TAG_imported_declaration
	.byte	13                              @ DW_AT_decl_file
	.short	945                             @ DW_AT_decl_line
	.long	9558                            @ DW_AT_import
	.byte	65                              @ Abbrev [65] 0x256f:0x16 DW_TAG_subprogram
	.long	.Linfo_string459                @ DW_AT_name
	.byte	13                              @ DW_AT_decl_file
	.byte	232                             @ DW_AT_decl_line
	.long	1658                            @ DW_AT_type
                                        @ DW_AT_declaration
                                        @ DW_AT_external
	.byte	66                              @ Abbrev [66] 0x257a:0x5 DW_TAG_formal_parameter
	.long	8081                            @ DW_AT_type
	.byte	66                              @ Abbrev [66] 0x257f:0x5 DW_TAG_formal_parameter
	.long	8081                            @ DW_AT_type
	.byte	0                               @ End Of Children Mark
	.byte	63                              @ Abbrev [63] 0x2585:0x8 DW_TAG_imported_declaration
	.byte	13                              @ DW_AT_decl_file
	.short	946                             @ DW_AT_decl_line
	.long	9583                            @ DW_AT_import
	.byte	67                              @ Abbrev [67] 0x258d:0xb DW_TAG_subprogram
	.long	.Linfo_string460                @ DW_AT_name
	.byte	13                              @ DW_AT_decl_file
	.byte	243                             @ DW_AT_decl_line
	.long	9624                            @ DW_AT_type
                                        @ DW_AT_declaration
                                        @ DW_AT_external
	.byte	31                              @ Abbrev [31] 0x2598:0x5 DW_TAG_pointer_type
	.long	9534                            @ DW_AT_type
	.byte	63                              @ Abbrev [63] 0x259d:0x8 DW_TAG_imported_declaration
	.byte	13                              @ DW_AT_decl_file
	.short	947                             @ DW_AT_decl_line
	.long	9613                            @ DW_AT_import
	.byte	65                              @ Abbrev [65] 0x25a5:0x11 DW_TAG_subprogram
	.long	.Linfo_string461                @ DW_AT_name
	.byte	13                              @ DW_AT_decl_file
	.byte	250                             @ DW_AT_decl_line
	.long	8795                            @ DW_AT_type
                                        @ DW_AT_declaration
                                        @ DW_AT_external
	.byte	66                              @ Abbrev [66] 0x25b0:0x5 DW_TAG_formal_parameter
	.long	8795                            @ DW_AT_type
	.byte	0                               @ End Of Children Mark
	.byte	63                              @ Abbrev [63] 0x25b6:0x8 DW_TAG_imported_declaration
	.byte	13                              @ DW_AT_decl_file
	.short	948                             @ DW_AT_decl_line
	.long	9637                            @ DW_AT_import
	.byte	68                              @ Abbrev [68] 0x25be:0x12 DW_TAG_subprogram
	.long	.Linfo_string462                @ DW_AT_name
	.byte	13                              @ DW_AT_decl_file
	.short	265                             @ DW_AT_decl_line
	.long	1658                            @ DW_AT_type
                                        @ DW_AT_declaration
                                        @ DW_AT_external
	.byte	66                              @ Abbrev [66] 0x25ca:0x5 DW_TAG_formal_parameter
	.long	9624                            @ DW_AT_type
	.byte	0                               @ End Of Children Mark
	.byte	63                              @ Abbrev [63] 0x25d0:0x8 DW_TAG_imported_declaration
	.byte	13                              @ DW_AT_decl_file
	.short	949                             @ DW_AT_decl_line
	.long	9662                            @ DW_AT_import
	.byte	68                              @ Abbrev [68] 0x25d8:0x12 DW_TAG_subprogram
	.long	.Linfo_string463                @ DW_AT_name
	.byte	13                              @ DW_AT_decl_file
	.short	275                             @ DW_AT_decl_line
	.long	1658                            @ DW_AT_type
                                        @ DW_AT_declaration
                                        @ DW_AT_external
	.byte	66                              @ Abbrev [66] 0x25e4:0x5 DW_TAG_formal_parameter
	.long	9624                            @ DW_AT_type
	.byte	0                               @ End Of Children Mark
	.byte	63                              @ Abbrev [63] 0x25ea:0x8 DW_TAG_imported_declaration
	.byte	13                              @ DW_AT_decl_file
	.short	950                             @ DW_AT_decl_line
	.long	9688                            @ DW_AT_import
	.byte	68                              @ Abbrev [68] 0x25f2:0x17 DW_TAG_subprogram
	.long	.Linfo_string464                @ DW_AT_name
	.byte	13                              @ DW_AT_decl_file
	.short	285                             @ DW_AT_decl_line
	.long	9624                            @ DW_AT_type
                                        @ DW_AT_declaration
                                        @ DW_AT_external
	.byte	66                              @ Abbrev [66] 0x25fe:0x5 DW_TAG_formal_parameter
	.long	9737                            @ DW_AT_type
	.byte	66                              @ Abbrev [66] 0x2603:0x5 DW_TAG_formal_parameter
	.long	9737                            @ DW_AT_type
	.byte	0                               @ End Of Children Mark
	.byte	69                              @ Abbrev [69] 0x2609:0x5 DW_TAG_restrict_type
	.long	8081                            @ DW_AT_type
	.byte	63                              @ Abbrev [63] 0x260e:0x8 DW_TAG_imported_declaration
	.byte	13                              @ DW_AT_decl_file
	.short	951                             @ DW_AT_decl_line
	.long	9714                            @ DW_AT_import
	.byte	68                              @ Abbrev [68] 0x2616:0x1c DW_TAG_subprogram
	.long	.Linfo_string465                @ DW_AT_name
	.byte	13                              @ DW_AT_decl_file
	.short	329                             @ DW_AT_decl_line
	.long	9624                            @ DW_AT_type
                                        @ DW_AT_declaration
                                        @ DW_AT_external
	.byte	66                              @ Abbrev [66] 0x2622:0x5 DW_TAG_formal_parameter
	.long	9737                            @ DW_AT_type
	.byte	66                              @ Abbrev [66] 0x2627:0x5 DW_TAG_formal_parameter
	.long	9737                            @ DW_AT_type
	.byte	66                              @ Abbrev [66] 0x262c:0x5 DW_TAG_formal_parameter
	.long	9778                            @ DW_AT_type
	.byte	0                               @ End Of Children Mark
	.byte	69                              @ Abbrev [69] 0x2632:0x5 DW_TAG_restrict_type
	.long	9624                            @ DW_AT_type
	.byte	63                              @ Abbrev [63] 0x2637:0x8 DW_TAG_imported_declaration
	.byte	13                              @ DW_AT_decl_file
	.short	952                             @ DW_AT_decl_line
	.long	9750                            @ DW_AT_import
	.byte	70                              @ Abbrev [70] 0x263f:0x13 DW_TAG_subprogram
	.long	.Linfo_string466                @ DW_AT_name
	.byte	13                              @ DW_AT_decl_file
	.short	342                             @ DW_AT_decl_line
                                        @ DW_AT_declaration
                                        @ DW_AT_external
	.byte	66                              @ Abbrev [66] 0x2647:0x5 DW_TAG_formal_parameter
	.long	9778                            @ DW_AT_type
	.byte	66                              @ Abbrev [66] 0x264c:0x5 DW_TAG_formal_parameter
	.long	9810                            @ DW_AT_type
	.byte	0                               @ End Of Children Mark
	.byte	69                              @ Abbrev [69] 0x2652:0x5 DW_TAG_restrict_type
	.long	8795                            @ DW_AT_type
	.byte	63                              @ Abbrev [63] 0x2657:0x8 DW_TAG_imported_declaration
	.byte	13                              @ DW_AT_decl_file
	.short	953                             @ DW_AT_decl_line
	.long	9791                            @ DW_AT_import
	.byte	68                              @ Abbrev [68] 0x265f:0x21 DW_TAG_subprogram
	.long	.Linfo_string467                @ DW_AT_name
	.byte	13                              @ DW_AT_decl_file
	.short	350                             @ DW_AT_decl_line
	.long	1658                            @ DW_AT_type
                                        @ DW_AT_declaration
                                        @ DW_AT_external
	.byte	66                              @ Abbrev [66] 0x266b:0x5 DW_TAG_formal_parameter
	.long	9778                            @ DW_AT_type
	.byte	66                              @ Abbrev [66] 0x2670:0x5 DW_TAG_formal_parameter
	.long	9810                            @ DW_AT_type
	.byte	66                              @ Abbrev [66] 0x2675:0x5 DW_TAG_formal_parameter
	.long	1658                            @ DW_AT_type
	.byte	66                              @ Abbrev [66] 0x267a:0x5 DW_TAG_formal_parameter
	.long	9491                            @ DW_AT_type
	.byte	0                               @ End Of Children Mark
	.byte	63                              @ Abbrev [63] 0x2680:0x8 DW_TAG_imported_declaration
	.byte	13                              @ DW_AT_decl_file
	.short	954                             @ DW_AT_decl_line
	.long	9823                            @ DW_AT_import
	.byte	68                              @ Abbrev [68] 0x2688:0x18 DW_TAG_subprogram
	.long	.Linfo_string468                @ DW_AT_name
	.byte	13                              @ DW_AT_decl_file
	.short	371                             @ DW_AT_decl_line
	.long	1658                            @ DW_AT_type
                                        @ DW_AT_declaration
                                        @ DW_AT_external
	.byte	66                              @ Abbrev [66] 0x2694:0x5 DW_TAG_formal_parameter
	.long	9778                            @ DW_AT_type
	.byte	66                              @ Abbrev [66] 0x2699:0x5 DW_TAG_formal_parameter
	.long	9737                            @ DW_AT_type
	.byte	71                              @ Abbrev [71] 0x269e:0x1 DW_TAG_unspecified_parameters
	.byte	0                               @ End Of Children Mark
	.byte	63                              @ Abbrev [63] 0x26a0:0x8 DW_TAG_imported_declaration
	.byte	13                              @ DW_AT_decl_file
	.short	955                             @ DW_AT_decl_line
	.long	9864                            @ DW_AT_import
	.byte	68                              @ Abbrev [68] 0x26a8:0x18 DW_TAG_subprogram
	.long	.Linfo_string469                @ DW_AT_name
	.byte	13                              @ DW_AT_decl_file
	.short	394                             @ DW_AT_decl_line
	.long	1658                            @ DW_AT_type
                                        @ DW_AT_declaration
                                        @ DW_AT_external
	.byte	66                              @ Abbrev [66] 0x26b4:0x5 DW_TAG_formal_parameter
	.long	9778                            @ DW_AT_type
	.byte	66                              @ Abbrev [66] 0x26b9:0x5 DW_TAG_formal_parameter
	.long	9737                            @ DW_AT_type
	.byte	71                              @ Abbrev [71] 0x26be:0x1 DW_TAG_unspecified_parameters
	.byte	0                               @ End Of Children Mark
	.byte	63                              @ Abbrev [63] 0x26c0:0x8 DW_TAG_imported_declaration
	.byte	13                              @ DW_AT_decl_file
	.short	956                             @ DW_AT_decl_line
	.long	9896                            @ DW_AT_import
	.byte	68                              @ Abbrev [68] 0x26c8:0x13 DW_TAG_subprogram
	.long	.Linfo_string470                @ DW_AT_name
	.byte	13                              @ DW_AT_decl_file
	.short	402                             @ DW_AT_decl_line
	.long	1658                            @ DW_AT_type
                                        @ DW_AT_declaration
                                        @ DW_AT_external
	.byte	66                              @ Abbrev [66] 0x26d4:0x5 DW_TAG_formal_parameter
	.long	9737                            @ DW_AT_type
	.byte	71                              @ Abbrev [71] 0x26d9:0x1 DW_TAG_unspecified_parameters
	.byte	0                               @ End Of Children Mark
	.byte	63                              @ Abbrev [63] 0x26db:0x8 DW_TAG_imported_declaration
	.byte	13                              @ DW_AT_decl_file
	.short	957                             @ DW_AT_decl_line
	.long	9928                            @ DW_AT_import
	.byte	68                              @ Abbrev [68] 0x26e3:0x13 DW_TAG_subprogram
	.long	.Linfo_string471                @ DW_AT_name
	.byte	13                              @ DW_AT_decl_file
	.short	410                             @ DW_AT_decl_line
	.long	1658                            @ DW_AT_type
                                        @ DW_AT_declaration
                                        @ DW_AT_external
	.byte	66                              @ Abbrev [66] 0x26ef:0x5 DW_TAG_formal_parameter
	.long	9737                            @ DW_AT_type
	.byte	71                              @ Abbrev [71] 0x26f4:0x1 DW_TAG_unspecified_parameters
	.byte	0                               @ End Of Children Mark
	.byte	63                              @ Abbrev [63] 0x26f6:0x8 DW_TAG_imported_declaration
	.byte	13                              @ DW_AT_decl_file
	.short	958                             @ DW_AT_decl_line
	.long	9955                            @ DW_AT_import
	.byte	68                              @ Abbrev [68] 0x26fe:0x18 DW_TAG_subprogram
	.long	.Linfo_string472                @ DW_AT_name
	.byte	13                              @ DW_AT_decl_file
	.short	417                             @ DW_AT_decl_line
	.long	1658                            @ DW_AT_type
                                        @ DW_AT_declaration
                                        @ DW_AT_external
	.byte	66                              @ Abbrev [66] 0x270a:0x5 DW_TAG_formal_parameter
	.long	9810                            @ DW_AT_type
	.byte	66                              @ Abbrev [66] 0x270f:0x5 DW_TAG_formal_parameter
	.long	9737                            @ DW_AT_type
	.byte	71                              @ Abbrev [71] 0x2714:0x1 DW_TAG_unspecified_parameters
	.byte	0                               @ End Of Children Mark
	.byte	63                              @ Abbrev [63] 0x2716:0x8 DW_TAG_imported_declaration
	.byte	13                              @ DW_AT_decl_file
	.short	959                             @ DW_AT_decl_line
	.long	9982                            @ DW_AT_import
	.byte	68                              @ Abbrev [68] 0x271e:0x18 DW_TAG_subprogram
	.long	.Linfo_string473                @ DW_AT_name
	.byte	13                              @ DW_AT_decl_file
	.short	427                             @ DW_AT_decl_line
	.long	1658                            @ DW_AT_type
                                        @ DW_AT_declaration
                                        @ DW_AT_external
	.byte	66                              @ Abbrev [66] 0x272a:0x5 DW_TAG_formal_parameter
	.long	9810                            @ DW_AT_type
	.byte	66                              @ Abbrev [66] 0x272f:0x5 DW_TAG_formal_parameter
	.long	9737                            @ DW_AT_type
	.byte	71                              @ Abbrev [71] 0x2734:0x1 DW_TAG_unspecified_parameters
	.byte	0                               @ End Of Children Mark
	.byte	63                              @ Abbrev [63] 0x2736:0x8 DW_TAG_imported_declaration
	.byte	13                              @ DW_AT_decl_file
	.short	960                             @ DW_AT_decl_line
	.long	10014                           @ DW_AT_import
	.byte	68                              @ Abbrev [68] 0x273e:0x1d DW_TAG_subprogram
	.long	.Linfo_string474                @ DW_AT_name
	.byte	13                              @ DW_AT_decl_file
	.short	440                             @ DW_AT_decl_line
	.long	1658                            @ DW_AT_type
                                        @ DW_AT_declaration
                                        @ DW_AT_external
	.byte	66                              @ Abbrev [66] 0x274a:0x5 DW_TAG_formal_parameter
	.long	9810                            @ DW_AT_type
	.byte	66                              @ Abbrev [66] 0x274f:0x5 DW_TAG_formal_parameter
	.long	9491                            @ DW_AT_type
	.byte	66                              @ Abbrev [66] 0x2754:0x5 DW_TAG_formal_parameter
	.long	9737                            @ DW_AT_type
	.byte	71                              @ Abbrev [71] 0x2759:0x1 DW_TAG_unspecified_parameters
	.byte	0                               @ End Of Children Mark
	.byte	63                              @ Abbrev [63] 0x275b:0x8 DW_TAG_imported_declaration
	.byte	13                              @ DW_AT_decl_file
	.short	961                             @ DW_AT_decl_line
	.long	10046                           @ DW_AT_import
	.byte	68                              @ Abbrev [68] 0x2763:0x21 DW_TAG_subprogram
	.long	.Linfo_string475                @ DW_AT_name
	.byte	13                              @ DW_AT_decl_file
	.short	597                             @ DW_AT_decl_line
	.long	1658                            @ DW_AT_type
                                        @ DW_AT_declaration
                                        @ DW_AT_external
	.byte	66                              @ Abbrev [66] 0x276f:0x5 DW_TAG_formal_parameter
	.long	9810                            @ DW_AT_type
	.byte	66                              @ Abbrev [66] 0x2774:0x5 DW_TAG_formal_parameter
	.long	9491                            @ DW_AT_type
	.byte	66                              @ Abbrev [66] 0x2779:0x5 DW_TAG_formal_parameter
	.long	9737                            @ DW_AT_type
	.byte	66                              @ Abbrev [66] 0x277e:0x5 DW_TAG_formal_parameter
	.long	10116                           @ DW_AT_type
	.byte	0                               @ End Of Children Mark
	.byte	26                              @ Abbrev [26] 0x2784:0xb DW_TAG_typedef
	.long	10127                           @ DW_AT_type
	.long	.Linfo_string477                @ DW_AT_name
	.byte	13                              @ DW_AT_decl_file
	.byte	68                              @ DW_AT_decl_line
	.byte	72                              @ Abbrev [72] 0x278f:0x9 DW_TAG_typedef
	.long	10141                           @ DW_AT_type
	.long	.Linfo_string478                @ DW_AT_name
	.byte	73                              @ Abbrev [73] 0x2798:0x31a DW_TAG_namespace
	.long	.Linfo_string476                @ DW_AT_name
	.byte	64                              @ Abbrev [64] 0x279d:0x5 DW_TAG_structure_type
	.long	.Linfo_string477                @ DW_AT_name
                                        @ DW_AT_declaration
	.byte	74                              @ Abbrev [74] 0x27a2:0x30f DW_TAG_namespace
	.long	.Linfo_string531                @ DW_AT_name
                                        @ DW_AT_export_symbols
	.byte	75                              @ Abbrev [75] 0x27a7:0x7 DW_TAG_imported_declaration
	.byte	14                              @ DW_AT_decl_file
	.byte	116                             @ DW_AT_decl_line
	.long	9534                            @ DW_AT_import
	.byte	75                              @ Abbrev [75] 0x27ae:0x7 DW_TAG_imported_declaration
	.byte	14                              @ DW_AT_decl_file
	.byte	117                             @ DW_AT_decl_line
	.long	9510                            @ DW_AT_import
	.byte	75                              @ Abbrev [75] 0x27b5:0x7 DW_TAG_imported_declaration
	.byte	14                              @ DW_AT_decl_file
	.byte	118                             @ DW_AT_decl_line
	.long	9491                            @ DW_AT_import
	.byte	75                              @ Abbrev [75] 0x27bc:0x7 DW_TAG_imported_declaration
	.byte	14                              @ DW_AT_decl_file
	.byte	120                             @ DW_AT_decl_line
	.long	9662                            @ DW_AT_import
	.byte	75                              @ Abbrev [75] 0x27c3:0x7 DW_TAG_imported_declaration
	.byte	14                              @ DW_AT_decl_file
	.byte	121                             @ DW_AT_decl_line
	.long	9688                            @ DW_AT_import
	.byte	75                              @ Abbrev [75] 0x27ca:0x7 DW_TAG_imported_declaration
	.byte	14                              @ DW_AT_decl_file
	.byte	122                             @ DW_AT_decl_line
	.long	9791                            @ DW_AT_import
	.byte	75                              @ Abbrev [75] 0x27d1:0x7 DW_TAG_imported_declaration
	.byte	14                              @ DW_AT_decl_file
	.byte	123                             @ DW_AT_decl_line
	.long	9823                            @ DW_AT_import
	.byte	75                              @ Abbrev [75] 0x27d8:0x7 DW_TAG_imported_declaration
	.byte	14                              @ DW_AT_decl_file
	.byte	124                             @ DW_AT_decl_line
	.long	9864                            @ DW_AT_import
	.byte	75                              @ Abbrev [75] 0x27df:0x7 DW_TAG_imported_declaration
	.byte	14                              @ DW_AT_decl_file
	.byte	125                             @ DW_AT_decl_line
	.long	11306                           @ DW_AT_import
	.byte	75                              @ Abbrev [75] 0x27e6:0x7 DW_TAG_imported_declaration
	.byte	14                              @ DW_AT_decl_file
	.byte	126                             @ DW_AT_decl_line
	.long	10046                           @ DW_AT_import
	.byte	75                              @ Abbrev [75] 0x27ed:0x7 DW_TAG_imported_declaration
	.byte	14                              @ DW_AT_decl_file
	.byte	127                             @ DW_AT_decl_line
	.long	9982                            @ DW_AT_import
	.byte	75                              @ Abbrev [75] 0x27f4:0x7 DW_TAG_imported_declaration
	.byte	14                              @ DW_AT_decl_file
	.byte	128                             @ DW_AT_decl_line
	.long	11424                           @ DW_AT_import
	.byte	75                              @ Abbrev [75] 0x27fb:0x7 DW_TAG_imported_declaration
	.byte	14                              @ DW_AT_decl_file
	.byte	129                             @ DW_AT_decl_line
	.long	11653                           @ DW_AT_import
	.byte	75                              @ Abbrev [75] 0x2802:0x7 DW_TAG_imported_declaration
	.byte	14                              @ DW_AT_decl_file
	.byte	130                             @ DW_AT_decl_line
	.long	10938                           @ DW_AT_import
	.byte	75                              @ Abbrev [75] 0x2809:0x7 DW_TAG_imported_declaration
	.byte	14                              @ DW_AT_decl_file
	.byte	131                             @ DW_AT_decl_line
	.long	11005                           @ DW_AT_import
	.byte	75                              @ Abbrev [75] 0x2810:0x7 DW_TAG_imported_declaration
	.byte	14                              @ DW_AT_decl_file
	.byte	132                             @ DW_AT_decl_line
	.long	10083                           @ DW_AT_import
	.byte	75                              @ Abbrev [75] 0x2817:0x7 DW_TAG_imported_declaration
	.byte	14                              @ DW_AT_decl_file
	.byte	133                             @ DW_AT_decl_line
	.long	11725                           @ DW_AT_import
	.byte	75                              @ Abbrev [75] 0x281e:0x7 DW_TAG_imported_declaration
	.byte	14                              @ DW_AT_decl_file
	.byte	134                             @ DW_AT_decl_line
	.long	11797                           @ DW_AT_import
	.byte	75                              @ Abbrev [75] 0x2825:0x7 DW_TAG_imported_declaration
	.byte	14                              @ DW_AT_decl_file
	.byte	135                             @ DW_AT_decl_line
	.long	11823                           @ DW_AT_import
	.byte	75                              @ Abbrev [75] 0x282c:0x7 DW_TAG_imported_declaration
	.byte	14                              @ DW_AT_decl_file
	.byte	136                             @ DW_AT_decl_line
	.long	11859                           @ DW_AT_import
	.byte	75                              @ Abbrev [75] 0x2833:0x7 DW_TAG_imported_declaration
	.byte	14                              @ DW_AT_decl_file
	.byte	137                             @ DW_AT_decl_line
	.long	11890                           @ DW_AT_import
	.byte	75                              @ Abbrev [75] 0x283a:0x7 DW_TAG_imported_declaration
	.byte	14                              @ DW_AT_decl_file
	.byte	138                             @ DW_AT_decl_line
	.long	11921                           @ DW_AT_import
	.byte	75                              @ Abbrev [75] 0x2841:0x7 DW_TAG_imported_declaration
	.byte	14                              @ DW_AT_decl_file
	.byte	139                             @ DW_AT_decl_line
	.long	11993                           @ DW_AT_import
	.byte	75                              @ Abbrev [75] 0x2848:0x7 DW_TAG_imported_declaration
	.byte	14                              @ DW_AT_decl_file
	.byte	140                             @ DW_AT_decl_line
	.long	12076                           @ DW_AT_import
	.byte	75                              @ Abbrev [75] 0x284f:0x7 DW_TAG_imported_declaration
	.byte	14                              @ DW_AT_decl_file
	.byte	141                             @ DW_AT_decl_line
	.long	12107                           @ DW_AT_import
	.byte	75                              @ Abbrev [75] 0x2856:0x7 DW_TAG_imported_declaration
	.byte	14                              @ DW_AT_decl_file
	.byte	142                             @ DW_AT_decl_line
	.long	12190                           @ DW_AT_import
	.byte	75                              @ Abbrev [75] 0x285d:0x7 DW_TAG_imported_declaration
	.byte	14                              @ DW_AT_decl_file
	.byte	143                             @ DW_AT_decl_line
	.long	12242                           @ DW_AT_import
	.byte	75                              @ Abbrev [75] 0x2864:0x7 DW_TAG_imported_declaration
	.byte	14                              @ DW_AT_decl_file
	.byte	144                             @ DW_AT_decl_line
	.long	12283                           @ DW_AT_import
	.byte	75                              @ Abbrev [75] 0x286b:0x7 DW_TAG_imported_declaration
	.byte	14                              @ DW_AT_decl_file
	.byte	145                             @ DW_AT_decl_line
	.long	12326                           @ DW_AT_import
	.byte	75                              @ Abbrev [75] 0x2872:0x7 DW_TAG_imported_declaration
	.byte	14                              @ DW_AT_decl_file
	.byte	146                             @ DW_AT_decl_line
	.long	12372                           @ DW_AT_import
	.byte	75                              @ Abbrev [75] 0x2879:0x7 DW_TAG_imported_declaration
	.byte	14                              @ DW_AT_decl_file
	.byte	147                             @ DW_AT_decl_line
	.long	12398                           @ DW_AT_import
	.byte	75                              @ Abbrev [75] 0x2880:0x7 DW_TAG_imported_declaration
	.byte	14                              @ DW_AT_decl_file
	.byte	148                             @ DW_AT_decl_line
	.long	12420                           @ DW_AT_import
	.byte	75                              @ Abbrev [75] 0x2887:0x7 DW_TAG_imported_declaration
	.byte	14                              @ DW_AT_decl_file
	.byte	149                             @ DW_AT_decl_line
	.long	12442                           @ DW_AT_import
	.byte	75                              @ Abbrev [75] 0x288e:0x7 DW_TAG_imported_declaration
	.byte	14                              @ DW_AT_decl_file
	.byte	150                             @ DW_AT_decl_line
	.long	12468                           @ DW_AT_import
	.byte	75                              @ Abbrev [75] 0x2895:0x7 DW_TAG_imported_declaration
	.byte	14                              @ DW_AT_decl_file
	.byte	151                             @ DW_AT_decl_line
	.long	12494                           @ DW_AT_import
	.byte	75                              @ Abbrev [75] 0x289c:0x7 DW_TAG_imported_declaration
	.byte	14                              @ DW_AT_decl_file
	.byte	153                             @ DW_AT_decl_line
	.long	9714                            @ DW_AT_import
	.byte	75                              @ Abbrev [75] 0x28a3:0x7 DW_TAG_imported_declaration
	.byte	14                              @ DW_AT_decl_file
	.byte	154                             @ DW_AT_decl_line
	.long	9750                            @ DW_AT_import
	.byte	75                              @ Abbrev [75] 0x28aa:0x7 DW_TAG_imported_declaration
	.byte	14                              @ DW_AT_decl_file
	.byte	155                             @ DW_AT_decl_line
	.long	9558                            @ DW_AT_import
	.byte	75                              @ Abbrev [75] 0x28b1:0x7 DW_TAG_imported_declaration
	.byte	14                              @ DW_AT_decl_file
	.byte	156                             @ DW_AT_decl_line
	.long	9583                            @ DW_AT_import
	.byte	75                              @ Abbrev [75] 0x28b8:0x7 DW_TAG_imported_declaration
	.byte	14                              @ DW_AT_decl_file
	.byte	157                             @ DW_AT_decl_line
	.long	9613                            @ DW_AT_import
	.byte	75                              @ Abbrev [75] 0x28bf:0x7 DW_TAG_imported_declaration
	.byte	14                              @ DW_AT_decl_file
	.byte	158                             @ DW_AT_decl_line
	.long	9637                            @ DW_AT_import
	.byte	75                              @ Abbrev [75] 0x28c6:0x7 DW_TAG_imported_declaration
	.byte	14                              @ DW_AT_decl_file
	.byte	160                             @ DW_AT_decl_line
	.long	11947                           @ DW_AT_import
	.byte	75                              @ Abbrev [75] 0x28cd:0x7 DW_TAG_imported_declaration
	.byte	14                              @ DW_AT_decl_file
	.byte	164                             @ DW_AT_decl_line
	.long	11370                           @ DW_AT_import
	.byte	75                              @ Abbrev [75] 0x28d4:0x7 DW_TAG_imported_declaration
	.byte	14                              @ DW_AT_decl_file
	.byte	165                             @ DW_AT_decl_line
	.long	10974                           @ DW_AT_import
	.byte	75                              @ Abbrev [75] 0x28db:0x7 DW_TAG_imported_declaration
	.byte	14                              @ DW_AT_decl_file
	.byte	167                             @ DW_AT_decl_line
	.long	9928                            @ DW_AT_import
	.byte	75                              @ Abbrev [75] 0x28e2:0x7 DW_TAG_imported_declaration
	.byte	14                              @ DW_AT_decl_file
	.byte	168                             @ DW_AT_decl_line
	.long	12024                           @ DW_AT_import
	.byte	75                              @ Abbrev [75] 0x28e9:0x7 DW_TAG_imported_declaration
	.byte	14                              @ DW_AT_decl_file
	.byte	169                             @ DW_AT_decl_line
	.long	12050                           @ DW_AT_import
	.byte	75                              @ Abbrev [75] 0x28f0:0x7 DW_TAG_imported_declaration
	.byte	14                              @ DW_AT_decl_file
	.byte	170                             @ DW_AT_decl_line
	.long	11591                           @ DW_AT_import
	.byte	75                              @ Abbrev [75] 0x28f7:0x7 DW_TAG_imported_declaration
	.byte	16                              @ DW_AT_decl_file
	.byte	78                              @ DW_AT_decl_line
	.long	12574                           @ DW_AT_import
	.byte	75                              @ Abbrev [75] 0x28fe:0x7 DW_TAG_imported_declaration
	.byte	16                              @ DW_AT_decl_file
	.byte	79                              @ DW_AT_decl_line
	.long	12593                           @ DW_AT_import
	.byte	75                              @ Abbrev [75] 0x2905:0x7 DW_TAG_imported_declaration
	.byte	16                              @ DW_AT_decl_file
	.byte	80                              @ DW_AT_decl_line
	.long	12628                           @ DW_AT_import
	.byte	75                              @ Abbrev [75] 0x290c:0x7 DW_TAG_imported_declaration
	.byte	16                              @ DW_AT_decl_file
	.byte	81                              @ DW_AT_decl_line
	.long	12663                           @ DW_AT_import
	.byte	75                              @ Abbrev [75] 0x2913:0x7 DW_TAG_imported_declaration
	.byte	16                              @ DW_AT_decl_file
	.byte	82                              @ DW_AT_decl_line
	.long	12693                           @ DW_AT_import
	.byte	75                              @ Abbrev [75] 0x291a:0x7 DW_TAG_imported_declaration
	.byte	16                              @ DW_AT_decl_file
	.byte	83                              @ DW_AT_decl_line
	.long	12728                           @ DW_AT_import
	.byte	75                              @ Abbrev [75] 0x2921:0x7 DW_TAG_imported_declaration
	.byte	16                              @ DW_AT_decl_file
	.byte	84                              @ DW_AT_decl_line
	.long	12758                           @ DW_AT_import
	.byte	75                              @ Abbrev [75] 0x2928:0x7 DW_TAG_imported_declaration
	.byte	16                              @ DW_AT_decl_file
	.byte	85                              @ DW_AT_decl_line
	.long	12793                           @ DW_AT_import
	.byte	75                              @ Abbrev [75] 0x292f:0x7 DW_TAG_imported_declaration
	.byte	16                              @ DW_AT_decl_file
	.byte	86                              @ DW_AT_decl_line
	.long	12828                           @ DW_AT_import
	.byte	75                              @ Abbrev [75] 0x2936:0x7 DW_TAG_imported_declaration
	.byte	16                              @ DW_AT_decl_file
	.byte	87                              @ DW_AT_decl_line
	.long	12858                           @ DW_AT_import
	.byte	75                              @ Abbrev [75] 0x293d:0x7 DW_TAG_imported_declaration
	.byte	16                              @ DW_AT_decl_file
	.byte	88                              @ DW_AT_decl_line
	.long	12958                           @ DW_AT_import
	.byte	75                              @ Abbrev [75] 0x2944:0x7 DW_TAG_imported_declaration
	.byte	16                              @ DW_AT_decl_file
	.byte	89                              @ DW_AT_decl_line
	.long	12988                           @ DW_AT_import
	.byte	75                              @ Abbrev [75] 0x294b:0x7 DW_TAG_imported_declaration
	.byte	16                              @ DW_AT_decl_file
	.byte	90                              @ DW_AT_decl_line
	.long	14022                           @ DW_AT_import
	.byte	75                              @ Abbrev [75] 0x2952:0x7 DW_TAG_imported_declaration
	.byte	16                              @ DW_AT_decl_file
	.byte	91                              @ DW_AT_decl_line
	.long	14053                           @ DW_AT_import
	.byte	75                              @ Abbrev [75] 0x2959:0x7 DW_TAG_imported_declaration
	.byte	16                              @ DW_AT_decl_file
	.byte	92                              @ DW_AT_decl_line
	.long	13096                           @ DW_AT_import
	.byte	75                              @ Abbrev [75] 0x2960:0x7 DW_TAG_imported_declaration
	.byte	16                              @ DW_AT_decl_file
	.byte	93                              @ DW_AT_decl_line
	.long	14079                           @ DW_AT_import
	.byte	75                              @ Abbrev [75] 0x2967:0x7 DW_TAG_imported_declaration
	.byte	16                              @ DW_AT_decl_file
	.byte	94                              @ DW_AT_decl_line
	.long	14105                           @ DW_AT_import
	.byte	75                              @ Abbrev [75] 0x296e:0x7 DW_TAG_imported_declaration
	.byte	16                              @ DW_AT_decl_file
	.byte	95                              @ DW_AT_decl_line
	.long	13194                           @ DW_AT_import
	.byte	75                              @ Abbrev [75] 0x2975:0x7 DW_TAG_imported_declaration
	.byte	16                              @ DW_AT_decl_file
	.byte	96                              @ DW_AT_decl_line
	.long	14131                           @ DW_AT_import
	.byte	75                              @ Abbrev [75] 0x297c:0x7 DW_TAG_imported_declaration
	.byte	16                              @ DW_AT_decl_file
	.byte	97                              @ DW_AT_decl_line
	.long	13260                           @ DW_AT_import
	.byte	75                              @ Abbrev [75] 0x2983:0x7 DW_TAG_imported_declaration
	.byte	16                              @ DW_AT_decl_file
	.byte	98                              @ DW_AT_decl_line
	.long	13327                           @ DW_AT_import
	.byte	75                              @ Abbrev [75] 0x298a:0x7 DW_TAG_imported_declaration
	.byte	16                              @ DW_AT_decl_file
	.byte	99                              @ DW_AT_decl_line
	.long	13363                           @ DW_AT_import
	.byte	75                              @ Abbrev [75] 0x2991:0x7 DW_TAG_imported_declaration
	.byte	16                              @ DW_AT_decl_file
	.byte	100                             @ DW_AT_decl_line
	.long	13389                           @ DW_AT_import
	.byte	75                              @ Abbrev [75] 0x2998:0x7 DW_TAG_imported_declaration
	.byte	19                              @ DW_AT_decl_file
	.byte	102                             @ DW_AT_decl_line
	.long	14852                           @ DW_AT_import
	.byte	75                              @ Abbrev [75] 0x299f:0x7 DW_TAG_imported_declaration
	.byte	19                              @ DW_AT_decl_file
	.byte	103                             @ DW_AT_decl_line
	.long	14235                           @ DW_AT_import
	.byte	75                              @ Abbrev [75] 0x29a6:0x7 DW_TAG_imported_declaration
	.byte	19                              @ DW_AT_decl_file
	.byte	104                             @ DW_AT_decl_line
	.long	14259                           @ DW_AT_import
	.byte	75                              @ Abbrev [75] 0x29ad:0x7 DW_TAG_imported_declaration
	.byte	19                              @ DW_AT_decl_file
	.byte	105                             @ DW_AT_decl_line
	.long	14182                           @ DW_AT_import
	.byte	75                              @ Abbrev [75] 0x29b4:0x7 DW_TAG_imported_declaration
	.byte	19                              @ DW_AT_decl_file
	.byte	106                             @ DW_AT_decl_line
	.long	14312                           @ DW_AT_import
	.byte	75                              @ Abbrev [75] 0x29bb:0x7 DW_TAG_imported_declaration
	.byte	19                              @ DW_AT_decl_file
	.byte	107                             @ DW_AT_decl_line
	.long	14344                           @ DW_AT_import
	.byte	75                              @ Abbrev [75] 0x29c2:0x7 DW_TAG_imported_declaration
	.byte	19                              @ DW_AT_decl_file
	.byte	108                             @ DW_AT_decl_line
	.long	14369                           @ DW_AT_import
	.byte	75                              @ Abbrev [75] 0x29c9:0x7 DW_TAG_imported_declaration
	.byte	19                              @ DW_AT_decl_file
	.byte	109                             @ DW_AT_decl_line
	.long	14157                           @ DW_AT_import
	.byte	75                              @ Abbrev [75] 0x29d0:0x7 DW_TAG_imported_declaration
	.byte	19                              @ DW_AT_decl_file
	.byte	110                             @ DW_AT_decl_line
	.long	14394                           @ DW_AT_import
	.byte	75                              @ Abbrev [75] 0x29d7:0x7 DW_TAG_imported_declaration
	.byte	19                              @ DW_AT_decl_file
	.byte	111                             @ DW_AT_decl_line
	.long	14429                           @ DW_AT_import
	.byte	75                              @ Abbrev [75] 0x29de:0x7 DW_TAG_imported_declaration
	.byte	19                              @ DW_AT_decl_file
	.byte	112                             @ DW_AT_decl_line
	.long	14466                           @ DW_AT_import
	.byte	75                              @ Abbrev [75] 0x29e5:0x7 DW_TAG_imported_declaration
	.byte	19                              @ DW_AT_decl_file
	.byte	113                             @ DW_AT_decl_line
	.long	14503                           @ DW_AT_import
	.byte	75                              @ Abbrev [75] 0x29ec:0x7 DW_TAG_imported_declaration
	.byte	19                              @ DW_AT_decl_file
	.byte	114                             @ DW_AT_decl_line
	.long	14573                           @ DW_AT_import
	.byte	75                              @ Abbrev [75] 0x29f3:0x7 DW_TAG_imported_declaration
	.byte	19                              @ DW_AT_decl_file
	.byte	115                             @ DW_AT_decl_line
	.long	14538                           @ DW_AT_import
	.byte	75                              @ Abbrev [75] 0x29fa:0x7 DW_TAG_imported_declaration
	.byte	19                              @ DW_AT_decl_file
	.byte	116                             @ DW_AT_decl_line
	.long	14609                           @ DW_AT_import
	.byte	75                              @ Abbrev [75] 0x2a01:0x7 DW_TAG_imported_declaration
	.byte	19                              @ DW_AT_decl_file
	.byte	117                             @ DW_AT_decl_line
	.long	14645                           @ DW_AT_import
	.byte	75                              @ Abbrev [75] 0x2a08:0x7 DW_TAG_imported_declaration
	.byte	19                              @ DW_AT_decl_file
	.byte	118                             @ DW_AT_decl_line
	.long	14665                           @ DW_AT_import
	.byte	75                              @ Abbrev [75] 0x2a0f:0x7 DW_TAG_imported_declaration
	.byte	19                              @ DW_AT_decl_file
	.byte	119                             @ DW_AT_decl_line
	.long	14829                           @ DW_AT_import
	.byte	75                              @ Abbrev [75] 0x2a16:0x7 DW_TAG_imported_declaration
	.byte	19                              @ DW_AT_decl_file
	.byte	120                             @ DW_AT_decl_line
	.long	14871                           @ DW_AT_import
	.byte	75                              @ Abbrev [75] 0x2a1d:0x7 DW_TAG_imported_declaration
	.byte	19                              @ DW_AT_decl_file
	.byte	121                             @ DW_AT_decl_line
	.long	14893                           @ DW_AT_import
	.byte	75                              @ Abbrev [75] 0x2a24:0x7 DW_TAG_imported_declaration
	.byte	19                              @ DW_AT_decl_file
	.byte	122                             @ DW_AT_decl_line
	.long	14919                           @ DW_AT_import
	.byte	75                              @ Abbrev [75] 0x2a2b:0x7 DW_TAG_imported_declaration
	.byte	19                              @ DW_AT_decl_file
	.byte	123                             @ DW_AT_decl_line
	.long	15055                           @ DW_AT_import
	.byte	75                              @ Abbrev [75] 0x2a32:0x7 DW_TAG_imported_declaration
	.byte	19                              @ DW_AT_decl_file
	.byte	124                             @ DW_AT_decl_line
	.long	15071                           @ DW_AT_import
	.byte	75                              @ Abbrev [75] 0x2a39:0x7 DW_TAG_imported_declaration
	.byte	19                              @ DW_AT_decl_file
	.byte	125                             @ DW_AT_decl_line
	.long	15103                           @ DW_AT_import
	.byte	75                              @ Abbrev [75] 0x2a40:0x7 DW_TAG_imported_declaration
	.byte	19                              @ DW_AT_decl_file
	.byte	126                             @ DW_AT_decl_line
	.long	15125                           @ DW_AT_import
	.byte	75                              @ Abbrev [75] 0x2a47:0x7 DW_TAG_imported_declaration
	.byte	19                              @ DW_AT_decl_file
	.byte	127                             @ DW_AT_decl_line
	.long	15147                           @ DW_AT_import
	.byte	75                              @ Abbrev [75] 0x2a4e:0x7 DW_TAG_imported_declaration
	.byte	19                              @ DW_AT_decl_file
	.byte	128                             @ DW_AT_decl_line
	.long	15173                           @ DW_AT_import
	.byte	75                              @ Abbrev [75] 0x2a55:0x7 DW_TAG_imported_declaration
	.byte	19                              @ DW_AT_decl_file
	.byte	129                             @ DW_AT_decl_line
	.long	15199                           @ DW_AT_import
	.byte	75                              @ Abbrev [75] 0x2a5c:0x7 DW_TAG_imported_declaration
	.byte	19                              @ DW_AT_decl_file
	.byte	130                             @ DW_AT_decl_line
	.long	15266                           @ DW_AT_import
	.byte	75                              @ Abbrev [75] 0x2a63:0x7 DW_TAG_imported_declaration
	.byte	19                              @ DW_AT_decl_file
	.byte	131                             @ DW_AT_decl_line
	.long	16035                           @ DW_AT_import
	.byte	75                              @ Abbrev [75] 0x2a6a:0x7 DW_TAG_imported_declaration
	.byte	19                              @ DW_AT_decl_file
	.byte	132                             @ DW_AT_decl_line
	.long	15368                           @ DW_AT_import
	.byte	75                              @ Abbrev [75] 0x2a71:0x7 DW_TAG_imported_declaration
	.byte	19                              @ DW_AT_decl_file
	.byte	133                             @ DW_AT_decl_line
	.long	15425                           @ DW_AT_import
	.byte	75                              @ Abbrev [75] 0x2a78:0x7 DW_TAG_imported_declaration
	.byte	19                              @ DW_AT_decl_file
	.byte	134                             @ DW_AT_decl_line
	.long	15333                           @ DW_AT_import
	.byte	75                              @ Abbrev [75] 0x2a7f:0x7 DW_TAG_imported_declaration
	.byte	19                              @ DW_AT_decl_file
	.byte	135                             @ DW_AT_decl_line
	.long	15394                           @ DW_AT_import
	.byte	75                              @ Abbrev [75] 0x2a86:0x7 DW_TAG_imported_declaration
	.byte	19                              @ DW_AT_decl_file
	.byte	136                             @ DW_AT_decl_line
	.long	15451                           @ DW_AT_import
	.byte	75                              @ Abbrev [75] 0x2a8d:0x7 DW_TAG_imported_declaration
	.byte	19                              @ DW_AT_decl_file
	.byte	137                             @ DW_AT_decl_line
	.long	15686                           @ DW_AT_import
	.byte	75                              @ Abbrev [75] 0x2a94:0x7 DW_TAG_imported_declaration
	.byte	19                              @ DW_AT_decl_file
	.byte	139                             @ DW_AT_decl_line
	.long	15717                           @ DW_AT_import
	.byte	75                              @ Abbrev [75] 0x2a9b:0x7 DW_TAG_imported_declaration
	.byte	19                              @ DW_AT_decl_file
	.byte	140                             @ DW_AT_decl_line
	.long	15770                           @ DW_AT_import
	.byte	75                              @ Abbrev [75] 0x2aa2:0x7 DW_TAG_imported_declaration
	.byte	19                              @ DW_AT_decl_file
	.byte	141                             @ DW_AT_decl_line
	.long	15801                           @ DW_AT_import
	.byte	75                              @ Abbrev [75] 0x2aa9:0x7 DW_TAG_imported_declaration
	.byte	19                              @ DW_AT_decl_file
	.byte	142                             @ DW_AT_decl_line
	.long	15837                           @ DW_AT_import
	.byte	0                               @ End Of Children Mark
	.byte	0                               @ End Of Children Mark
	.byte	63                              @ Abbrev [63] 0x2ab2:0x8 DW_TAG_imported_declaration
	.byte	13                              @ DW_AT_decl_file
	.short	962                             @ DW_AT_decl_line
	.long	10083                           @ DW_AT_import
	.byte	68                              @ Abbrev [68] 0x2aba:0x1c DW_TAG_subprogram
	.long	.Linfo_string479                @ DW_AT_name
	.byte	13                              @ DW_AT_decl_file
	.short	551                             @ DW_AT_decl_line
	.long	1658                            @ DW_AT_type
                                        @ DW_AT_declaration
                                        @ DW_AT_external
	.byte	66                              @ Abbrev [66] 0x2ac6:0x5 DW_TAG_formal_parameter
	.long	9778                            @ DW_AT_type
	.byte	66                              @ Abbrev [66] 0x2acb:0x5 DW_TAG_formal_parameter
	.long	9737                            @ DW_AT_type
	.byte	66                              @ Abbrev [66] 0x2ad0:0x5 DW_TAG_formal_parameter
	.long	10116                           @ DW_AT_type
	.byte	0                               @ End Of Children Mark
	.byte	63                              @ Abbrev [63] 0x2ad6:0x8 DW_TAG_imported_declaration
	.byte	13                              @ DW_AT_decl_file
	.short	963                             @ DW_AT_decl_line
	.long	10938                           @ DW_AT_import
	.byte	68                              @ Abbrev [68] 0x2ade:0x17 DW_TAG_subprogram
	.long	.Linfo_string480                @ DW_AT_name
	.byte	13                              @ DW_AT_decl_file
	.short	552                             @ DW_AT_decl_line
	.long	1658                            @ DW_AT_type
                                        @ DW_AT_declaration
                                        @ DW_AT_external
	.byte	66                              @ Abbrev [66] 0x2aea:0x5 DW_TAG_formal_parameter
	.long	9737                            @ DW_AT_type
	.byte	66                              @ Abbrev [66] 0x2aef:0x5 DW_TAG_formal_parameter
	.long	10116                           @ DW_AT_type
	.byte	0                               @ End Of Children Mark
	.byte	63                              @ Abbrev [63] 0x2af5:0x8 DW_TAG_imported_declaration
	.byte	13                              @ DW_AT_decl_file
	.short	964                             @ DW_AT_decl_line
	.long	10974                           @ DW_AT_import
	.byte	68                              @ Abbrev [68] 0x2afd:0x1c DW_TAG_subprogram
	.long	.Linfo_string481                @ DW_AT_name
	.byte	13                              @ DW_AT_decl_file
	.short	553                             @ DW_AT_decl_line
	.long	1658                            @ DW_AT_type
                                        @ DW_AT_declaration
                                        @ DW_AT_external
	.byte	66                              @ Abbrev [66] 0x2b09:0x5 DW_TAG_formal_parameter
	.long	9737                            @ DW_AT_type
	.byte	66                              @ Abbrev [66] 0x2b0e:0x5 DW_TAG_formal_parameter
	.long	9737                            @ DW_AT_type
	.byte	66                              @ Abbrev [66] 0x2b13:0x5 DW_TAG_formal_parameter
	.long	10116                           @ DW_AT_type
	.byte	0                               @ End Of Children Mark
	.byte	63                              @ Abbrev [63] 0x2b19:0x8 DW_TAG_imported_declaration
	.byte	13                              @ DW_AT_decl_file
	.short	965                             @ DW_AT_decl_line
	.long	11005                           @ DW_AT_import
	.byte	68                              @ Abbrev [68] 0x2b21:0x1d DW_TAG_subprogram
	.long	.Linfo_string482                @ DW_AT_name
	.byte	13                              @ DW_AT_decl_file
	.short	461                             @ DW_AT_decl_line
	.long	1658                            @ DW_AT_type
                                        @ DW_AT_declaration
                                        @ DW_AT_external
	.byte	66                              @ Abbrev [66] 0x2b2d:0x5 DW_TAG_formal_parameter
	.long	9810                            @ DW_AT_type
	.byte	66                              @ Abbrev [66] 0x2b32:0x5 DW_TAG_formal_parameter
	.long	9491                            @ DW_AT_type
	.byte	66                              @ Abbrev [66] 0x2b37:0x5 DW_TAG_formal_parameter
	.long	9737                            @ DW_AT_type
	.byte	71                              @ Abbrev [71] 0x2b3c:0x1 DW_TAG_unspecified_parameters
	.byte	0                               @ End Of Children Mark
	.byte	63                              @ Abbrev [63] 0x2b3e:0x8 DW_TAG_imported_declaration
	.byte	13                              @ DW_AT_decl_file
	.short	966                             @ DW_AT_decl_line
	.long	11041                           @ DW_AT_import
	.byte	68                              @ Abbrev [68] 0x2b46:0x21 DW_TAG_subprogram
	.long	.Linfo_string483                @ DW_AT_name
	.byte	13                              @ DW_AT_decl_file
	.short	623                             @ DW_AT_decl_line
	.long	1658                            @ DW_AT_type
                                        @ DW_AT_declaration
                                        @ DW_AT_external
	.byte	66                              @ Abbrev [66] 0x2b52:0x5 DW_TAG_formal_parameter
	.long	9810                            @ DW_AT_type
	.byte	66                              @ Abbrev [66] 0x2b57:0x5 DW_TAG_formal_parameter
	.long	9491                            @ DW_AT_type
	.byte	66                              @ Abbrev [66] 0x2b5c:0x5 DW_TAG_formal_parameter
	.long	9737                            @ DW_AT_type
	.byte	66                              @ Abbrev [66] 0x2b61:0x5 DW_TAG_formal_parameter
	.long	10116                           @ DW_AT_type
	.byte	0                               @ End Of Children Mark
	.byte	63                              @ Abbrev [63] 0x2b67:0x8 DW_TAG_imported_declaration
	.byte	13                              @ DW_AT_decl_file
	.short	967                             @ DW_AT_decl_line
	.long	11078                           @ DW_AT_import
	.byte	68                              @ Abbrev [68] 0x2b6f:0x18 DW_TAG_subprogram
	.long	.Linfo_string484                @ DW_AT_name
	.byte	13                              @ DW_AT_decl_file
	.short	636                             @ DW_AT_decl_line
	.long	1658                            @ DW_AT_type
                                        @ DW_AT_declaration
                                        @ DW_AT_external
	.byte	66                              @ Abbrev [66] 0x2b7b:0x5 DW_TAG_formal_parameter
	.long	11143                           @ DW_AT_type
	.byte	66                              @ Abbrev [66] 0x2b80:0x5 DW_TAG_formal_parameter
	.long	9737                            @ DW_AT_type
	.byte	71                              @ Abbrev [71] 0x2b85:0x1 DW_TAG_unspecified_parameters
	.byte	0                               @ End Of Children Mark
	.byte	31                              @ Abbrev [31] 0x2b87:0x5 DW_TAG_pointer_type
	.long	8795                            @ DW_AT_type
	.byte	63                              @ Abbrev [63] 0x2b8c:0x8 DW_TAG_imported_declaration
	.byte	13                              @ DW_AT_decl_file
	.short	972                             @ DW_AT_decl_line
	.long	11119                           @ DW_AT_import
	.byte	68                              @ Abbrev [68] 0x2b94:0x1c DW_TAG_subprogram
	.long	.Linfo_string485                @ DW_AT_name
	.byte	13                              @ DW_AT_decl_file
	.short	637                             @ DW_AT_decl_line
	.long	1658                            @ DW_AT_type
                                        @ DW_AT_declaration
                                        @ DW_AT_external
	.byte	66                              @ Abbrev [66] 0x2ba0:0x5 DW_TAG_formal_parameter
	.long	11143                           @ DW_AT_type
	.byte	66                              @ Abbrev [66] 0x2ba5:0x5 DW_TAG_formal_parameter
	.long	9737                            @ DW_AT_type
	.byte	66                              @ Abbrev [66] 0x2baa:0x5 DW_TAG_formal_parameter
	.long	10116                           @ DW_AT_type
	.byte	0                               @ End Of Children Mark
	.byte	63                              @ Abbrev [63] 0x2bb0:0x8 DW_TAG_imported_declaration
	.byte	13                              @ DW_AT_decl_file
	.short	973                             @ DW_AT_decl_line
	.long	11156                           @ DW_AT_import
	.byte	68                              @ Abbrev [68] 0x2bb8:0x21 DW_TAG_subprogram
	.long	.Linfo_string486                @ DW_AT_name
	.byte	13                              @ DW_AT_decl_file
	.short	594                             @ DW_AT_decl_line
	.long	1658                            @ DW_AT_type
                                        @ DW_AT_declaration
                                        @ DW_AT_external
	.byte	66                              @ Abbrev [66] 0x2bc4:0x5 DW_TAG_formal_parameter
	.long	9810                            @ DW_AT_type
	.byte	66                              @ Abbrev [66] 0x2bc9:0x5 DW_TAG_formal_parameter
	.long	9491                            @ DW_AT_type
	.byte	66                              @ Abbrev [66] 0x2bce:0x5 DW_TAG_formal_parameter
	.long	9737                            @ DW_AT_type
	.byte	66                              @ Abbrev [66] 0x2bd3:0x5 DW_TAG_formal_parameter
	.long	10116                           @ DW_AT_type
	.byte	0                               @ End Of Children Mark
	.byte	63                              @ Abbrev [63] 0x2bd9:0x8 DW_TAG_imported_declaration
	.byte	13                              @ DW_AT_decl_file
	.short	974                             @ DW_AT_decl_line
	.long	11192                           @ DW_AT_import
	.byte	68                              @ Abbrev [68] 0x2be1:0x1d DW_TAG_subprogram
	.long	.Linfo_string487                @ DW_AT_name
	.byte	13                              @ DW_AT_decl_file
	.short	435                             @ DW_AT_decl_line
	.long	1658                            @ DW_AT_type
                                        @ DW_AT_declaration
                                        @ DW_AT_external
	.byte	66                              @ Abbrev [66] 0x2bed:0x5 DW_TAG_formal_parameter
	.long	9810                            @ DW_AT_type
	.byte	66                              @ Abbrev [66] 0x2bf2:0x5 DW_TAG_formal_parameter
	.long	9491                            @ DW_AT_type
	.byte	66                              @ Abbrev [66] 0x2bf7:0x5 DW_TAG_formal_parameter
	.long	9737                            @ DW_AT_type
	.byte	71                              @ Abbrev [71] 0x2bfc:0x1 DW_TAG_unspecified_parameters
	.byte	0                               @ End Of Children Mark
	.byte	63                              @ Abbrev [63] 0x2bfe:0x8 DW_TAG_imported_declaration
	.byte	13                              @ DW_AT_decl_file
	.short	975                             @ DW_AT_decl_line
	.long	11233                           @ DW_AT_import
	.byte	68                              @ Abbrev [68] 0x2c06:0x1c DW_TAG_subprogram
	.long	.Linfo_string488                @ DW_AT_name
	.byte	13                              @ DW_AT_decl_file
	.short	558                             @ DW_AT_decl_line
	.long	1658                            @ DW_AT_type
                                        @ DW_AT_declaration
                                        @ DW_AT_external
	.byte	66                              @ Abbrev [66] 0x2c12:0x5 DW_TAG_formal_parameter
	.long	9737                            @ DW_AT_type
	.byte	66                              @ Abbrev [66] 0x2c17:0x5 DW_TAG_formal_parameter
	.long	9737                            @ DW_AT_type
	.byte	66                              @ Abbrev [66] 0x2c1c:0x5 DW_TAG_formal_parameter
	.long	10116                           @ DW_AT_type
	.byte	0                               @ End Of Children Mark
	.byte	63                              @ Abbrev [63] 0x2c22:0x8 DW_TAG_imported_declaration
	.byte	13                              @ DW_AT_decl_file
	.short	976                             @ DW_AT_decl_line
	.long	11270                           @ DW_AT_import
	.byte	68                              @ Abbrev [68] 0x2c2a:0x18 DW_TAG_subprogram
	.long	.Linfo_string489                @ DW_AT_name
	.byte	13                              @ DW_AT_decl_file
	.short	469                             @ DW_AT_decl_line
	.long	1658                            @ DW_AT_type
                                        @ DW_AT_declaration
                                        @ DW_AT_external
	.byte	66                              @ Abbrev [66] 0x2c36:0x5 DW_TAG_formal_parameter
	.long	9778                            @ DW_AT_type
	.byte	66                              @ Abbrev [66] 0x2c3b:0x5 DW_TAG_formal_parameter
	.long	9737                            @ DW_AT_type
	.byte	71                              @ Abbrev [71] 0x2c40:0x1 DW_TAG_unspecified_parameters
	.byte	0                               @ End Of Children Mark
	.byte	63                              @ Abbrev [63] 0x2c42:0x8 DW_TAG_imported_declaration
	.byte	13                              @ DW_AT_decl_file
	.short	977                             @ DW_AT_decl_line
	.long	11306                           @ DW_AT_import
	.byte	68                              @ Abbrev [68] 0x2c4a:0x18 DW_TAG_subprogram
	.long	.Linfo_string490                @ DW_AT_name
	.byte	13                              @ DW_AT_decl_file
	.short	504                             @ DW_AT_decl_line
	.long	1658                            @ DW_AT_type
                                        @ DW_AT_declaration
                                        @ DW_AT_external
	.byte	66                              @ Abbrev [66] 0x2c56:0x5 DW_TAG_formal_parameter
	.long	9778                            @ DW_AT_type
	.byte	66                              @ Abbrev [66] 0x2c5b:0x5 DW_TAG_formal_parameter
	.long	9737                            @ DW_AT_type
	.byte	71                              @ Abbrev [71] 0x2c60:0x1 DW_TAG_unspecified_parameters
	.byte	0                               @ End Of Children Mark
	.byte	63                              @ Abbrev [63] 0x2c62:0x8 DW_TAG_imported_declaration
	.byte	13                              @ DW_AT_decl_file
	.short	978                             @ DW_AT_decl_line
	.long	11338                           @ DW_AT_import
	.byte	68                              @ Abbrev [68] 0x2c6a:0x13 DW_TAG_subprogram
	.long	.Linfo_string491                @ DW_AT_name
	.byte	13                              @ DW_AT_decl_file
	.short	512                             @ DW_AT_decl_line
	.long	1658                            @ DW_AT_type
                                        @ DW_AT_declaration
                                        @ DW_AT_external
	.byte	66                              @ Abbrev [66] 0x2c76:0x5 DW_TAG_formal_parameter
	.long	9737                            @ DW_AT_type
	.byte	71                              @ Abbrev [71] 0x2c7b:0x1 DW_TAG_unspecified_parameters
	.byte	0                               @ End Of Children Mark
	.byte	63                              @ Abbrev [63] 0x2c7d:0x8 DW_TAG_imported_declaration
	.byte	13                              @ DW_AT_decl_file
	.short	979                             @ DW_AT_decl_line
	.long	11370                           @ DW_AT_import
	.byte	68                              @ Abbrev [68] 0x2c85:0x13 DW_TAG_subprogram
	.long	.Linfo_string492                @ DW_AT_name
	.byte	13                              @ DW_AT_decl_file
	.short	522                             @ DW_AT_decl_line
	.long	1658                            @ DW_AT_type
                                        @ DW_AT_declaration
                                        @ DW_AT_external
	.byte	66                              @ Abbrev [66] 0x2c91:0x5 DW_TAG_formal_parameter
	.long	9737                            @ DW_AT_type
	.byte	71                              @ Abbrev [71] 0x2c96:0x1 DW_TAG_unspecified_parameters
	.byte	0                               @ End Of Children Mark
	.byte	63                              @ Abbrev [63] 0x2c98:0x8 DW_TAG_imported_declaration
	.byte	13                              @ DW_AT_decl_file
	.short	980                             @ DW_AT_decl_line
	.long	11397                           @ DW_AT_import
	.byte	68                              @ Abbrev [68] 0x2ca0:0x18 DW_TAG_subprogram
	.long	.Linfo_string493                @ DW_AT_name
	.byte	13                              @ DW_AT_decl_file
	.short	529                             @ DW_AT_decl_line
	.long	1658                            @ DW_AT_type
                                        @ DW_AT_declaration
                                        @ DW_AT_external
	.byte	66                              @ Abbrev [66] 0x2cac:0x5 DW_TAG_formal_parameter
	.long	9737                            @ DW_AT_type
	.byte	66                              @ Abbrev [66] 0x2cb1:0x5 DW_TAG_formal_parameter
	.long	9737                            @ DW_AT_type
	.byte	71                              @ Abbrev [71] 0x2cb6:0x1 DW_TAG_unspecified_parameters
	.byte	0                               @ End Of Children Mark
	.byte	63                              @ Abbrev [63] 0x2cb8:0x8 DW_TAG_imported_declaration
	.byte	13                              @ DW_AT_decl_file
	.short	981                             @ DW_AT_decl_line
	.long	11424                           @ DW_AT_import
	.byte	68                              @ Abbrev [68] 0x2cc0:0x18 DW_TAG_subprogram
	.long	.Linfo_string494                @ DW_AT_name
	.byte	13                              @ DW_AT_decl_file
	.short	542                             @ DW_AT_decl_line
	.long	1658                            @ DW_AT_type
                                        @ DW_AT_declaration
                                        @ DW_AT_external
	.byte	66                              @ Abbrev [66] 0x2ccc:0x5 DW_TAG_formal_parameter
	.long	9737                            @ DW_AT_type
	.byte	66                              @ Abbrev [66] 0x2cd1:0x5 DW_TAG_formal_parameter
	.long	9737                            @ DW_AT_type
	.byte	71                              @ Abbrev [71] 0x2cd6:0x1 DW_TAG_unspecified_parameters
	.byte	0                               @ End Of Children Mark
	.byte	63                              @ Abbrev [63] 0x2cd8:0x8 DW_TAG_imported_declaration
	.byte	13                              @ DW_AT_decl_file
	.short	982                             @ DW_AT_decl_line
	.long	11456                           @ DW_AT_import
	.byte	68                              @ Abbrev [68] 0x2ce0:0x1c DW_TAG_subprogram
	.long	.Linfo_string495                @ DW_AT_name
	.byte	13                              @ DW_AT_decl_file
	.short	555                             @ DW_AT_decl_line
	.long	1658                            @ DW_AT_type
                                        @ DW_AT_declaration
                                        @ DW_AT_external
	.byte	66                              @ Abbrev [66] 0x2cec:0x5 DW_TAG_formal_parameter
	.long	9778                            @ DW_AT_type
	.byte	66                              @ Abbrev [66] 0x2cf1:0x5 DW_TAG_formal_parameter
	.long	9737                            @ DW_AT_type
	.byte	66                              @ Abbrev [66] 0x2cf6:0x5 DW_TAG_formal_parameter
	.long	10116                           @ DW_AT_type
	.byte	0                               @ End Of Children Mark
	.byte	63                              @ Abbrev [63] 0x2cfc:0x8 DW_TAG_imported_declaration
	.byte	13                              @ DW_AT_decl_file
	.short	983                             @ DW_AT_decl_line
	.long	11488                           @ DW_AT_import
	.byte	68                              @ Abbrev [68] 0x2d04:0x17 DW_TAG_subprogram
	.long	.Linfo_string496                @ DW_AT_name
	.byte	13                              @ DW_AT_decl_file
	.short	556                             @ DW_AT_decl_line
	.long	1658                            @ DW_AT_type
                                        @ DW_AT_declaration
                                        @ DW_AT_external
	.byte	66                              @ Abbrev [66] 0x2d10:0x5 DW_TAG_formal_parameter
	.long	9737                            @ DW_AT_type
	.byte	66                              @ Abbrev [66] 0x2d15:0x5 DW_TAG_formal_parameter
	.long	10116                           @ DW_AT_type
	.byte	0                               @ End Of Children Mark
	.byte	63                              @ Abbrev [63] 0x2d1b:0x8 DW_TAG_imported_declaration
	.byte	13                              @ DW_AT_decl_file
	.short	984                             @ DW_AT_decl_line
	.long	11524                           @ DW_AT_import
	.byte	68                              @ Abbrev [68] 0x2d23:0x1c DW_TAG_subprogram
	.long	.Linfo_string497                @ DW_AT_name
	.byte	13                              @ DW_AT_decl_file
	.short	557                             @ DW_AT_decl_line
	.long	1658                            @ DW_AT_type
                                        @ DW_AT_declaration
                                        @ DW_AT_external
	.byte	66                              @ Abbrev [66] 0x2d2f:0x5 DW_TAG_formal_parameter
	.long	9737                            @ DW_AT_type
	.byte	66                              @ Abbrev [66] 0x2d34:0x5 DW_TAG_formal_parameter
	.long	9737                            @ DW_AT_type
	.byte	66                              @ Abbrev [66] 0x2d39:0x5 DW_TAG_formal_parameter
	.long	10116                           @ DW_AT_type
	.byte	0                               @ End Of Children Mark
	.byte	63                              @ Abbrev [63] 0x2d3f:0x8 DW_TAG_imported_declaration
	.byte	13                              @ DW_AT_decl_file
	.short	985                             @ DW_AT_decl_line
	.long	11555                           @ DW_AT_import
	.byte	68                              @ Abbrev [68] 0x2d47:0x17 DW_TAG_subprogram
	.long	.Linfo_string498                @ DW_AT_name
	.byte	13                              @ DW_AT_decl_file
	.short	560                             @ DW_AT_decl_line
	.long	1658                            @ DW_AT_type
                                        @ DW_AT_declaration
                                        @ DW_AT_external
	.byte	66                              @ Abbrev [66] 0x2d53:0x5 DW_TAG_formal_parameter
	.long	9737                            @ DW_AT_type
	.byte	66                              @ Abbrev [66] 0x2d58:0x5 DW_TAG_formal_parameter
	.long	10116                           @ DW_AT_type
	.byte	0                               @ End Of Children Mark
	.byte	63                              @ Abbrev [63] 0x2d5e:0x8 DW_TAG_imported_declaration
	.byte	13                              @ DW_AT_decl_file
	.short	986                             @ DW_AT_decl_line
	.long	11591                           @ DW_AT_import
	.byte	68                              @ Abbrev [68] 0x2d66:0x17 DW_TAG_subprogram
	.long	.Linfo_string499                @ DW_AT_name
	.byte	13                              @ DW_AT_decl_file
	.short	568                             @ DW_AT_decl_line
	.long	1658                            @ DW_AT_type
                                        @ DW_AT_declaration
                                        @ DW_AT_external
	.byte	66                              @ Abbrev [66] 0x2d72:0x5 DW_TAG_formal_parameter
	.long	9737                            @ DW_AT_type
	.byte	66                              @ Abbrev [66] 0x2d77:0x5 DW_TAG_formal_parameter
	.long	10116                           @ DW_AT_type
	.byte	0                               @ End Of Children Mark
	.byte	63                              @ Abbrev [63] 0x2d7d:0x8 DW_TAG_imported_declaration
	.byte	13                              @ DW_AT_decl_file
	.short	987                             @ DW_AT_decl_line
	.long	11622                           @ DW_AT_import
	.byte	68                              @ Abbrev [68] 0x2d85:0x1c DW_TAG_subprogram
	.long	.Linfo_string500                @ DW_AT_name
	.byte	13                              @ DW_AT_decl_file
	.short	574                             @ DW_AT_decl_line
	.long	1658                            @ DW_AT_type
                                        @ DW_AT_declaration
                                        @ DW_AT_external
	.byte	66                              @ Abbrev [66] 0x2d91:0x5 DW_TAG_formal_parameter
	.long	9778                            @ DW_AT_type
	.byte	66                              @ Abbrev [66] 0x2d96:0x5 DW_TAG_formal_parameter
	.long	9737                            @ DW_AT_type
	.byte	66                              @ Abbrev [66] 0x2d9b:0x5 DW_TAG_formal_parameter
	.long	10116                           @ DW_AT_type
	.byte	0                               @ End Of Children Mark
	.byte	63                              @ Abbrev [63] 0x2da1:0x8 DW_TAG_imported_declaration
	.byte	13                              @ DW_AT_decl_file
	.short	988                             @ DW_AT_decl_line
	.long	11653                           @ DW_AT_import
	.byte	68                              @ Abbrev [68] 0x2da9:0x1c DW_TAG_subprogram
	.long	.Linfo_string501                @ DW_AT_name
	.byte	13                              @ DW_AT_decl_file
	.short	616                             @ DW_AT_decl_line
	.long	1658                            @ DW_AT_type
                                        @ DW_AT_declaration
                                        @ DW_AT_external
	.byte	66                              @ Abbrev [66] 0x2db5:0x5 DW_TAG_formal_parameter
	.long	9778                            @ DW_AT_type
	.byte	66                              @ Abbrev [66] 0x2dba:0x5 DW_TAG_formal_parameter
	.long	9737                            @ DW_AT_type
	.byte	66                              @ Abbrev [66] 0x2dbf:0x5 DW_TAG_formal_parameter
	.long	10116                           @ DW_AT_type
	.byte	0                               @ End Of Children Mark
	.byte	63                              @ Abbrev [63] 0x2dc5:0x8 DW_TAG_imported_declaration
	.byte	13                              @ DW_AT_decl_file
	.short	989                             @ DW_AT_decl_line
	.long	11689                           @ DW_AT_import
	.byte	68                              @ Abbrev [68] 0x2dcd:0x1c DW_TAG_subprogram
	.long	.Linfo_string502                @ DW_AT_name
	.byte	13                              @ DW_AT_decl_file
	.short	584                             @ DW_AT_decl_line
	.long	1658                            @ DW_AT_type
                                        @ DW_AT_declaration
                                        @ DW_AT_external
	.byte	66                              @ Abbrev [66] 0x2dd9:0x5 DW_TAG_formal_parameter
	.long	9810                            @ DW_AT_type
	.byte	66                              @ Abbrev [66] 0x2dde:0x5 DW_TAG_formal_parameter
	.long	9737                            @ DW_AT_type
	.byte	66                              @ Abbrev [66] 0x2de3:0x5 DW_TAG_formal_parameter
	.long	10116                           @ DW_AT_type
	.byte	0                               @ End Of Children Mark
	.byte	63                              @ Abbrev [63] 0x2de9:0x8 DW_TAG_imported_declaration
	.byte	13                              @ DW_AT_decl_file
	.short	990                             @ DW_AT_decl_line
	.long	11725                           @ DW_AT_import
	.byte	68                              @ Abbrev [68] 0x2df1:0x1c DW_TAG_subprogram
	.long	.Linfo_string503                @ DW_AT_name
	.byte	13                              @ DW_AT_decl_file
	.short	609                             @ DW_AT_decl_line
	.long	1658                            @ DW_AT_type
                                        @ DW_AT_declaration
                                        @ DW_AT_external
	.byte	66                              @ Abbrev [66] 0x2dfd:0x5 DW_TAG_formal_parameter
	.long	9810                            @ DW_AT_type
	.byte	66                              @ Abbrev [66] 0x2e02:0x5 DW_TAG_formal_parameter
	.long	9737                            @ DW_AT_type
	.byte	66                              @ Abbrev [66] 0x2e07:0x5 DW_TAG_formal_parameter
	.long	10116                           @ DW_AT_type
	.byte	0                               @ End Of Children Mark
	.byte	63                              @ Abbrev [63] 0x2e0d:0x8 DW_TAG_imported_declaration
	.byte	13                              @ DW_AT_decl_file
	.short	991                             @ DW_AT_decl_line
	.long	11761                           @ DW_AT_import
	.byte	68                              @ Abbrev [68] 0x2e15:0x12 DW_TAG_subprogram
	.long	.Linfo_string504                @ DW_AT_name
	.byte	13                              @ DW_AT_decl_file
	.short	649                             @ DW_AT_decl_line
	.long	1658                            @ DW_AT_type
                                        @ DW_AT_declaration
                                        @ DW_AT_external
	.byte	66                              @ Abbrev [66] 0x2e21:0x5 DW_TAG_formal_parameter
	.long	9624                            @ DW_AT_type
	.byte	0                               @ End Of Children Mark
	.byte	63                              @ Abbrev [63] 0x2e27:0x8 DW_TAG_imported_declaration
	.byte	13                              @ DW_AT_decl_file
	.short	992                             @ DW_AT_decl_line
	.long	11797                           @ DW_AT_import
	.byte	68                              @ Abbrev [68] 0x2e2f:0x1c DW_TAG_subprogram
	.long	.Linfo_string505                @ DW_AT_name
	.byte	13                              @ DW_AT_decl_file
	.short	659                             @ DW_AT_decl_line
	.long	8795                            @ DW_AT_type
                                        @ DW_AT_declaration
                                        @ DW_AT_external
	.byte	66                              @ Abbrev [66] 0x2e3b:0x5 DW_TAG_formal_parameter
	.long	9810                            @ DW_AT_type
	.byte	66                              @ Abbrev [66] 0x2e40:0x5 DW_TAG_formal_parameter
	.long	1658                            @ DW_AT_type
	.byte	66                              @ Abbrev [66] 0x2e45:0x5 DW_TAG_formal_parameter
	.long	9778                            @ DW_AT_type
	.byte	0                               @ End Of Children Mark
	.byte	63                              @ Abbrev [63] 0x2e4b:0x8 DW_TAG_imported_declaration
	.byte	13                              @ DW_AT_decl_file
	.short	993                             @ DW_AT_decl_line
	.long	11823                           @ DW_AT_import
	.byte	68                              @ Abbrev [68] 0x2e53:0x17 DW_TAG_subprogram
	.long	.Linfo_string506                @ DW_AT_name
	.byte	13                              @ DW_AT_decl_file
	.short	673                             @ DW_AT_decl_line
	.long	1658                            @ DW_AT_type
                                        @ DW_AT_declaration
                                        @ DW_AT_external
	.byte	66                              @ Abbrev [66] 0x2e5f:0x5 DW_TAG_formal_parameter
	.long	1658                            @ DW_AT_type
	.byte	66                              @ Abbrev [66] 0x2e64:0x5 DW_TAG_formal_parameter
	.long	9624                            @ DW_AT_type
	.byte	0                               @ End Of Children Mark
	.byte	63                              @ Abbrev [63] 0x2e6a:0x8 DW_TAG_imported_declaration
	.byte	13                              @ DW_AT_decl_file
	.short	994                             @ DW_AT_decl_line
	.long	11859                           @ DW_AT_import
	.byte	68                              @ Abbrev [68] 0x2e72:0x17 DW_TAG_subprogram
	.long	.Linfo_string507                @ DW_AT_name
	.byte	13                              @ DW_AT_decl_file
	.short	683                             @ DW_AT_decl_line
	.long	1658                            @ DW_AT_type
                                        @ DW_AT_declaration
                                        @ DW_AT_external
	.byte	66                              @ Abbrev [66] 0x2e7e:0x5 DW_TAG_formal_parameter
	.long	9737                            @ DW_AT_type
	.byte	66                              @ Abbrev [66] 0x2e83:0x5 DW_TAG_formal_parameter
	.long	9778                            @ DW_AT_type
	.byte	0                               @ End Of Children Mark
	.byte	63                              @ Abbrev [63] 0x2e89:0x8 DW_TAG_imported_declaration
	.byte	13                              @ DW_AT_decl_file
	.short	995                             @ DW_AT_decl_line
	.long	11890                           @ DW_AT_import
	.byte	68                              @ Abbrev [68] 0x2e91:0x12 DW_TAG_subprogram
	.long	.Linfo_string508                @ DW_AT_name
	.byte	13                              @ DW_AT_decl_file
	.short	690                             @ DW_AT_decl_line
	.long	1658                            @ DW_AT_type
                                        @ DW_AT_declaration
                                        @ DW_AT_external
	.byte	66                              @ Abbrev [66] 0x2e9d:0x5 DW_TAG_formal_parameter
	.long	9624                            @ DW_AT_type
	.byte	0                               @ End Of Children Mark
	.byte	63                              @ Abbrev [63] 0x2ea3:0x8 DW_TAG_imported_declaration
	.byte	13                              @ DW_AT_decl_file
	.short	996                             @ DW_AT_decl_line
	.long	11921                           @ DW_AT_import
	.byte	76                              @ Abbrev [76] 0x2eab:0xc DW_TAG_subprogram
	.long	.Linfo_string509                @ DW_AT_name
	.byte	13                              @ DW_AT_decl_file
	.short	701                             @ DW_AT_decl_line
	.long	1658                            @ DW_AT_type
                                        @ DW_AT_declaration
                                        @ DW_AT_external
	.byte	63                              @ Abbrev [63] 0x2eb7:0x8 DW_TAG_imported_declaration
	.byte	13                              @ DW_AT_decl_file
	.short	997                             @ DW_AT_decl_line
	.long	11947                           @ DW_AT_import
	.byte	68                              @ Abbrev [68] 0x2ebf:0x12 DW_TAG_subprogram
	.long	.Linfo_string510                @ DW_AT_name
	.byte	13                              @ DW_AT_decl_file
	.short	713                             @ DW_AT_decl_line
	.long	8795                            @ DW_AT_type
                                        @ DW_AT_declaration
                                        @ DW_AT_external
	.byte	66                              @ Abbrev [66] 0x2ecb:0x5 DW_TAG_formal_parameter
	.long	8795                            @ DW_AT_type
	.byte	0                               @ End Of Children Mark
	.byte	63                              @ Abbrev [63] 0x2ed1:0x8 DW_TAG_imported_declaration
	.byte	13                              @ DW_AT_decl_file
	.short	998                             @ DW_AT_decl_line
	.long	11967                           @ DW_AT_import
	.byte	68                              @ Abbrev [68] 0x2ed9:0x17 DW_TAG_subprogram
	.long	.Linfo_string511                @ DW_AT_name
	.byte	13                              @ DW_AT_decl_file
	.short	725                             @ DW_AT_decl_line
	.long	1658                            @ DW_AT_type
                                        @ DW_AT_declaration
                                        @ DW_AT_external
	.byte	66                              @ Abbrev [66] 0x2ee5:0x5 DW_TAG_formal_parameter
	.long	1658                            @ DW_AT_type
	.byte	66                              @ Abbrev [66] 0x2eea:0x5 DW_TAG_formal_parameter
	.long	9624                            @ DW_AT_type
	.byte	0                               @ End Of Children Mark
	.byte	63                              @ Abbrev [63] 0x2ef0:0x8 DW_TAG_imported_declaration
	.byte	13                              @ DW_AT_decl_file
	.short	999                             @ DW_AT_decl_line
	.long	11993                           @ DW_AT_import
	.byte	68                              @ Abbrev [68] 0x2ef8:0x12 DW_TAG_subprogram
	.long	.Linfo_string512                @ DW_AT_name
	.byte	13                              @ DW_AT_decl_file
	.short	734                             @ DW_AT_decl_line
	.long	1658                            @ DW_AT_type
                                        @ DW_AT_declaration
                                        @ DW_AT_external
	.byte	66                              @ Abbrev [66] 0x2f04:0x5 DW_TAG_formal_parameter
	.long	1658                            @ DW_AT_type
	.byte	0                               @ End Of Children Mark
	.byte	63                              @ Abbrev [63] 0x2f0a:0x8 DW_TAG_imported_declaration
	.byte	13                              @ DW_AT_decl_file
	.short	1000                            @ DW_AT_decl_line
	.long	12024                           @ DW_AT_import
	.byte	68                              @ Abbrev [68] 0x2f12:0x12 DW_TAG_subprogram
	.long	.Linfo_string513                @ DW_AT_name
	.byte	13                              @ DW_AT_decl_file
	.short	744                             @ DW_AT_decl_line
	.long	1658                            @ DW_AT_type
                                        @ DW_AT_declaration
                                        @ DW_AT_external
	.byte	66                              @ Abbrev [66] 0x2f1e:0x5 DW_TAG_formal_parameter
	.long	8081                            @ DW_AT_type
	.byte	0                               @ End Of Children Mark
	.byte	63                              @ Abbrev [63] 0x2f24:0x8 DW_TAG_imported_declaration
	.byte	13                              @ DW_AT_decl_file
	.short	1001                            @ DW_AT_decl_line
	.long	12050                           @ DW_AT_import
	.byte	68                              @ Abbrev [68] 0x2f2c:0x17 DW_TAG_subprogram
	.long	.Linfo_string514                @ DW_AT_name
	.byte	13                              @ DW_AT_decl_file
	.short	752                             @ DW_AT_decl_line
	.long	1658                            @ DW_AT_type
                                        @ DW_AT_declaration
                                        @ DW_AT_external
	.byte	66                              @ Abbrev [66] 0x2f38:0x5 DW_TAG_formal_parameter
	.long	1658                            @ DW_AT_type
	.byte	66                              @ Abbrev [66] 0x2f3d:0x5 DW_TAG_formal_parameter
	.long	9624                            @ DW_AT_type
	.byte	0                               @ End Of Children Mark
	.byte	63                              @ Abbrev [63] 0x2f43:0x8 DW_TAG_imported_declaration
	.byte	13                              @ DW_AT_decl_file
	.short	1002                            @ DW_AT_decl_line
	.long	12076                           @ DW_AT_import
	.byte	68                              @ Abbrev [68] 0x2f4b:0x21 DW_TAG_subprogram
	.long	.Linfo_string515                @ DW_AT_name
	.byte	13                              @ DW_AT_decl_file
	.short	778                             @ DW_AT_decl_line
	.long	9491                            @ DW_AT_type
                                        @ DW_AT_declaration
                                        @ DW_AT_external
	.byte	66                              @ Abbrev [66] 0x2f57:0x5 DW_TAG_formal_parameter
	.long	12140                           @ DW_AT_type
	.byte	66                              @ Abbrev [66] 0x2f5c:0x5 DW_TAG_formal_parameter
	.long	9491                            @ DW_AT_type
	.byte	66                              @ Abbrev [66] 0x2f61:0x5 DW_TAG_formal_parameter
	.long	9491                            @ DW_AT_type
	.byte	66                              @ Abbrev [66] 0x2f66:0x5 DW_TAG_formal_parameter
	.long	9778                            @ DW_AT_type
	.byte	0                               @ End Of Children Mark
	.byte	69                              @ Abbrev [69] 0x2f6c:0x5 DW_TAG_restrict_type
	.long	12145                           @ DW_AT_type
	.byte	77                              @ Abbrev [77] 0x2f71:0x1 DW_TAG_pointer_type
	.byte	63                              @ Abbrev [63] 0x2f72:0x8 DW_TAG_imported_declaration
	.byte	13                              @ DW_AT_decl_file
	.short	1003                            @ DW_AT_decl_line
	.long	12107                           @ DW_AT_import
	.byte	68                              @ Abbrev [68] 0x2f7a:0x1c DW_TAG_subprogram
	.long	.Linfo_string516                @ DW_AT_name
	.byte	13                              @ DW_AT_decl_file
	.short	794                             @ DW_AT_decl_line
	.long	9491                            @ DW_AT_type
                                        @ DW_AT_declaration
                                        @ DW_AT_external
	.byte	66                              @ Abbrev [66] 0x2f86:0x5 DW_TAG_formal_parameter
	.long	12140                           @ DW_AT_type
	.byte	66                              @ Abbrev [66] 0x2f8b:0x5 DW_TAG_formal_parameter
	.long	9491                            @ DW_AT_type
	.byte	66                              @ Abbrev [66] 0x2f90:0x5 DW_TAG_formal_parameter
	.long	9778                            @ DW_AT_type
	.byte	0                               @ End Of Children Mark
	.byte	63                              @ Abbrev [63] 0x2f96:0x8 DW_TAG_imported_declaration
	.byte	13                              @ DW_AT_decl_file
	.short	1004                            @ DW_AT_decl_line
	.long	12154                           @ DW_AT_import
	.byte	68                              @ Abbrev [68] 0x2f9e:0x21 DW_TAG_subprogram
	.long	.Linfo_string517                @ DW_AT_name
	.byte	13                              @ DW_AT_decl_file
	.short	810                             @ DW_AT_decl_line
	.long	9491                            @ DW_AT_type
                                        @ DW_AT_declaration
                                        @ DW_AT_external
	.byte	66                              @ Abbrev [66] 0x2faa:0x5 DW_TAG_formal_parameter
	.long	12223                           @ DW_AT_type
	.byte	66                              @ Abbrev [66] 0x2faf:0x5 DW_TAG_formal_parameter
	.long	9491                            @ DW_AT_type
	.byte	66                              @ Abbrev [66] 0x2fb4:0x5 DW_TAG_formal_parameter
	.long	9491                            @ DW_AT_type
	.byte	66                              @ Abbrev [66] 0x2fb9:0x5 DW_TAG_formal_parameter
	.long	9778                            @ DW_AT_type
	.byte	0                               @ End Of Children Mark
	.byte	69                              @ Abbrev [69] 0x2fbf:0x5 DW_TAG_restrict_type
	.long	12228                           @ DW_AT_type
	.byte	31                              @ Abbrev [31] 0x2fc4:0x5 DW_TAG_pointer_type
	.long	12233                           @ DW_AT_type
	.byte	78                              @ Abbrev [78] 0x2fc9:0x1 DW_TAG_const_type
	.byte	63                              @ Abbrev [63] 0x2fca:0x8 DW_TAG_imported_declaration
	.byte	13                              @ DW_AT_decl_file
	.short	1005                            @ DW_AT_decl_line
	.long	12190                           @ DW_AT_import
	.byte	68                              @ Abbrev [68] 0x2fd2:0x17 DW_TAG_subprogram
	.long	.Linfo_string518                @ DW_AT_name
	.byte	13                              @ DW_AT_decl_file
	.short	822                             @ DW_AT_decl_line
	.long	1658                            @ DW_AT_type
                                        @ DW_AT_declaration
                                        @ DW_AT_external
	.byte	66                              @ Abbrev [66] 0x2fde:0x5 DW_TAG_formal_parameter
	.long	9778                            @ DW_AT_type
	.byte	66                              @ Abbrev [66] 0x2fe3:0x5 DW_TAG_formal_parameter
	.long	12265                           @ DW_AT_type
	.byte	0                               @ End Of Children Mark
	.byte	69                              @ Abbrev [69] 0x2fe9:0x5 DW_TAG_restrict_type
	.long	12270                           @ DW_AT_type
	.byte	31                              @ Abbrev [31] 0x2fee:0x5 DW_TAG_pointer_type
	.long	9510                            @ DW_AT_type
	.byte	63                              @ Abbrev [63] 0x2ff3:0x8 DW_TAG_imported_declaration
	.byte	13                              @ DW_AT_decl_file
	.short	1006                            @ DW_AT_decl_line
	.long	12242                           @ DW_AT_import
	.byte	68                              @ Abbrev [68] 0x2ffb:0x1c DW_TAG_subprogram
	.long	.Linfo_string519                @ DW_AT_name
	.byte	13                              @ DW_AT_decl_file
	.short	833                             @ DW_AT_decl_line
	.long	1658                            @ DW_AT_type
                                        @ DW_AT_declaration
                                        @ DW_AT_external
	.byte	66                              @ Abbrev [66] 0x3007:0x5 DW_TAG_formal_parameter
	.long	9624                            @ DW_AT_type
	.byte	66                              @ Abbrev [66] 0x300c:0x5 DW_TAG_formal_parameter
	.long	12311                           @ DW_AT_type
	.byte	66                              @ Abbrev [66] 0x3011:0x5 DW_TAG_formal_parameter
	.long	1658                            @ DW_AT_type
	.byte	0                               @ End Of Children Mark
	.byte	6                               @ Abbrev [6] 0x3017:0x7 DW_TAG_base_type
	.long	.Linfo_string520                @ DW_AT_name
	.byte	5                               @ DW_AT_encoding
	.byte	4                               @ DW_AT_byte_size
	.byte	63                              @ Abbrev [63] 0x301e:0x8 DW_TAG_imported_declaration
	.byte	13                              @ DW_AT_decl_file
	.short	1007                            @ DW_AT_decl_line
	.long	12283                           @ DW_AT_import
	.byte	68                              @ Abbrev [68] 0x3026:0x17 DW_TAG_subprogram
	.long	.Linfo_string521                @ DW_AT_name
	.byte	13                              @ DW_AT_decl_file
	.short	850                             @ DW_AT_decl_line
	.long	1658                            @ DW_AT_type
                                        @ DW_AT_declaration
                                        @ DW_AT_external
	.byte	66                              @ Abbrev [66] 0x3032:0x5 DW_TAG_formal_parameter
	.long	9778                            @ DW_AT_type
	.byte	66                              @ Abbrev [66] 0x3037:0x5 DW_TAG_formal_parameter
	.long	12349                           @ DW_AT_type
	.byte	0                               @ End Of Children Mark
	.byte	69                              @ Abbrev [69] 0x303d:0x5 DW_TAG_restrict_type
	.long	12354                           @ DW_AT_type
	.byte	31                              @ Abbrev [31] 0x3042:0x5 DW_TAG_pointer_type
	.long	12359                           @ DW_AT_type
	.byte	5                               @ Abbrev [5] 0x3047:0x5 DW_TAG_const_type
	.long	9510                            @ DW_AT_type
	.byte	63                              @ Abbrev [63] 0x304c:0x8 DW_TAG_imported_declaration
	.byte	13                              @ DW_AT_decl_file
	.short	1008                            @ DW_AT_decl_line
	.long	12326                           @ DW_AT_import
	.byte	68                              @ Abbrev [68] 0x3054:0x12 DW_TAG_subprogram
	.long	.Linfo_string522                @ DW_AT_name
	.byte	13                              @ DW_AT_decl_file
	.short	863                             @ DW_AT_decl_line
	.long	12311                           @ DW_AT_type
                                        @ DW_AT_declaration
                                        @ DW_AT_external
	.byte	66                              @ Abbrev [66] 0x3060:0x5 DW_TAG_formal_parameter
	.long	9624                            @ DW_AT_type
	.byte	0                               @ End Of Children Mark
	.byte	63                              @ Abbrev [63] 0x3066:0x8 DW_TAG_imported_declaration
	.byte	13                              @ DW_AT_decl_file
	.short	1009                            @ DW_AT_decl_line
	.long	12372                           @ DW_AT_import
	.byte	70                              @ Abbrev [70] 0x306e:0xe DW_TAG_subprogram
	.long	.Linfo_string523                @ DW_AT_name
	.byte	13                              @ DW_AT_decl_file
	.short	877                             @ DW_AT_decl_line
                                        @ DW_AT_declaration
                                        @ DW_AT_external
	.byte	66                              @ Abbrev [66] 0x3076:0x5 DW_TAG_formal_parameter
	.long	9624                            @ DW_AT_type
	.byte	0                               @ End Of Children Mark
	.byte	63                              @ Abbrev [63] 0x307c:0x8 DW_TAG_imported_declaration
	.byte	13                              @ DW_AT_decl_file
	.short	1010                            @ DW_AT_decl_line
	.long	12398                           @ DW_AT_import
	.byte	70                              @ Abbrev [70] 0x3084:0xe DW_TAG_subprogram
	.long	.Linfo_string524                @ DW_AT_name
	.byte	13                              @ DW_AT_decl_file
	.short	886                             @ DW_AT_decl_line
                                        @ DW_AT_declaration
                                        @ DW_AT_external
	.byte	66                              @ Abbrev [66] 0x308c:0x5 DW_TAG_formal_parameter
	.long	9624                            @ DW_AT_type
	.byte	0                               @ End Of Children Mark
	.byte	63                              @ Abbrev [63] 0x3092:0x8 DW_TAG_imported_declaration
	.byte	13                              @ DW_AT_decl_file
	.short	1011                            @ DW_AT_decl_line
	.long	12420                           @ DW_AT_import
	.byte	68                              @ Abbrev [68] 0x309a:0x12 DW_TAG_subprogram
	.long	.Linfo_string525                @ DW_AT_name
	.byte	13                              @ DW_AT_decl_file
	.short	894                             @ DW_AT_decl_line
	.long	1658                            @ DW_AT_type
                                        @ DW_AT_declaration
                                        @ DW_AT_external
	.byte	66                              @ Abbrev [66] 0x30a6:0x5 DW_TAG_formal_parameter
	.long	9624                            @ DW_AT_type
	.byte	0                               @ End Of Children Mark
	.byte	63                              @ Abbrev [63] 0x30ac:0x8 DW_TAG_imported_declaration
	.byte	13                              @ DW_AT_decl_file
	.short	1012                            @ DW_AT_decl_line
	.long	12442                           @ DW_AT_import
	.byte	68                              @ Abbrev [68] 0x30b4:0x12 DW_TAG_subprogram
	.long	.Linfo_string526                @ DW_AT_name
	.byte	13                              @ DW_AT_decl_file
	.short	899                             @ DW_AT_decl_line
	.long	1658                            @ DW_AT_type
                                        @ DW_AT_declaration
                                        @ DW_AT_external
	.byte	66                              @ Abbrev [66] 0x30c0:0x5 DW_TAG_formal_parameter
	.long	9624                            @ DW_AT_type
	.byte	0                               @ End Of Children Mark
	.byte	63                              @ Abbrev [63] 0x30c6:0x8 DW_TAG_imported_declaration
	.byte	13                              @ DW_AT_decl_file
	.short	1013                            @ DW_AT_decl_line
	.long	12468                           @ DW_AT_import
	.byte	70                              @ Abbrev [70] 0x30ce:0xe DW_TAG_subprogram
	.long	.Linfo_string527                @ DW_AT_name
	.byte	13                              @ DW_AT_decl_file
	.short	904                             @ DW_AT_decl_line
                                        @ DW_AT_declaration
                                        @ DW_AT_external
	.byte	66                              @ Abbrev [66] 0x30d6:0x5 DW_TAG_formal_parameter
	.long	8081                            @ DW_AT_type
	.byte	0                               @ End Of Children Mark
	.byte	63                              @ Abbrev [63] 0x30dc:0x8 DW_TAG_imported_declaration
	.byte	13                              @ DW_AT_decl_file
	.short	1014                            @ DW_AT_decl_line
	.long	12494                           @ DW_AT_import
	.byte	68                              @ Abbrev [68] 0x30e4:0x12 DW_TAG_subprogram
	.long	.Linfo_string528                @ DW_AT_name
	.byte	13                              @ DW_AT_decl_file
	.short	917                             @ DW_AT_decl_line
	.long	1658                            @ DW_AT_type
                                        @ DW_AT_declaration
                                        @ DW_AT_external
	.byte	66                              @ Abbrev [66] 0x30f0:0x5 DW_TAG_formal_parameter
	.long	9624                            @ DW_AT_type
	.byte	0                               @ End Of Children Mark
	.byte	63                              @ Abbrev [63] 0x30f6:0x8 DW_TAG_imported_declaration
	.byte	13                              @ DW_AT_decl_file
	.short	1015                            @ DW_AT_decl_line
	.long	12516                           @ DW_AT_import
	.byte	79                              @ Abbrev [79] 0x30fe:0x8 DW_TAG_subprogram
	.long	.Linfo_string529                @ DW_AT_name
	.byte	13                              @ DW_AT_decl_file
	.short	921                             @ DW_AT_decl_line
                                        @ DW_AT_declaration
                                        @ DW_AT_external
	.byte	63                              @ Abbrev [63] 0x3106:0x8 DW_TAG_imported_declaration
	.byte	13                              @ DW_AT_decl_file
	.short	1016                            @ DW_AT_decl_line
	.long	12542                           @ DW_AT_import
	.byte	79                              @ Abbrev [79] 0x310e:0x8 DW_TAG_subprogram
	.long	.Linfo_string530                @ DW_AT_name
	.byte	13                              @ DW_AT_decl_file
	.short	922                             @ DW_AT_decl_line
                                        @ DW_AT_declaration
                                        @ DW_AT_external
	.byte	63                              @ Abbrev [63] 0x3116:0x8 DW_TAG_imported_declaration
	.byte	13                              @ DW_AT_decl_file
	.short	1017                            @ DW_AT_decl_line
	.long	12558                           @ DW_AT_import
	.byte	26                              @ Abbrev [26] 0x311e:0xb DW_TAG_typedef
	.long	1238                            @ DW_AT_type
	.long	.Linfo_string453                @ DW_AT_name
	.byte	15                              @ DW_AT_decl_file
	.byte	44                              @ DW_AT_decl_line
	.byte	63                              @ Abbrev [63] 0x3129:0x8 DW_TAG_imported_declaration
	.byte	15                              @ DW_AT_decl_file
	.short	464                             @ DW_AT_decl_line
	.long	12574                           @ DW_AT_import
	.byte	65                              @ Abbrev [65] 0x3131:0x1b DW_TAG_subprogram
	.long	.Linfo_string532                @ DW_AT_name
	.byte	15                              @ DW_AT_decl_file
	.byte	58                              @ DW_AT_decl_line
	.long	12145                           @ DW_AT_type
                                        @ DW_AT_declaration
                                        @ DW_AT_external
	.byte	66                              @ Abbrev [66] 0x313c:0x5 DW_TAG_formal_parameter
	.long	12140                           @ DW_AT_type
	.byte	66                              @ Abbrev [66] 0x3141:0x5 DW_TAG_formal_parameter
	.long	12223                           @ DW_AT_type
	.byte	66                              @ Abbrev [66] 0x3146:0x5 DW_TAG_formal_parameter
	.long	12574                           @ DW_AT_type
	.byte	0                               @ End Of Children Mark
	.byte	63                              @ Abbrev [63] 0x314c:0x8 DW_TAG_imported_declaration
	.byte	15                              @ DW_AT_decl_file
	.short	465                             @ DW_AT_decl_line
	.long	12593                           @ DW_AT_import
	.byte	65                              @ Abbrev [65] 0x3154:0x1b DW_TAG_subprogram
	.long	.Linfo_string533                @ DW_AT_name
	.byte	15                              @ DW_AT_decl_file
	.byte	66                              @ DW_AT_decl_line
	.long	12145                           @ DW_AT_type
                                        @ DW_AT_declaration
                                        @ DW_AT_external
	.byte	66                              @ Abbrev [66] 0x315f:0x5 DW_TAG_formal_parameter
	.long	12145                           @ DW_AT_type
	.byte	66                              @ Abbrev [66] 0x3164:0x5 DW_TAG_formal_parameter
	.long	12228                           @ DW_AT_type
	.byte	66                              @ Abbrev [66] 0x3169:0x5 DW_TAG_formal_parameter
	.long	12574                           @ DW_AT_type
	.byte	0                               @ End Of Children Mark
	.byte	63                              @ Abbrev [63] 0x316f:0x8 DW_TAG_imported_declaration
	.byte	15                              @ DW_AT_decl_file
	.short	466                             @ DW_AT_decl_line
	.long	12628                           @ DW_AT_import
	.byte	65                              @ Abbrev [65] 0x3177:0x16 DW_TAG_subprogram
	.long	.Linfo_string534                @ DW_AT_name
	.byte	15                              @ DW_AT_decl_file
	.byte	77                              @ DW_AT_decl_line
	.long	8795                            @ DW_AT_type
                                        @ DW_AT_declaration
                                        @ DW_AT_external
	.byte	66                              @ Abbrev [66] 0x3182:0x5 DW_TAG_formal_parameter
	.long	9810                            @ DW_AT_type
	.byte	66                              @ Abbrev [66] 0x3187:0x5 DW_TAG_formal_parameter
	.long	9737                            @ DW_AT_type
	.byte	0                               @ End Of Children Mark
	.byte	63                              @ Abbrev [63] 0x318d:0x8 DW_TAG_imported_declaration
	.byte	15                              @ DW_AT_decl_file
	.short	467                             @ DW_AT_decl_line
	.long	12663                           @ DW_AT_import
	.byte	65                              @ Abbrev [65] 0x3195:0x1b DW_TAG_subprogram
	.long	.Linfo_string535                @ DW_AT_name
	.byte	15                              @ DW_AT_decl_file
	.byte	84                              @ DW_AT_decl_line
	.long	8795                            @ DW_AT_type
                                        @ DW_AT_declaration
                                        @ DW_AT_external
	.byte	66                              @ Abbrev [66] 0x31a0:0x5 DW_TAG_formal_parameter
	.long	9810                            @ DW_AT_type
	.byte	66                              @ Abbrev [66] 0x31a5:0x5 DW_TAG_formal_parameter
	.long	9737                            @ DW_AT_type
	.byte	66                              @ Abbrev [66] 0x31aa:0x5 DW_TAG_formal_parameter
	.long	12574                           @ DW_AT_type
	.byte	0                               @ End Of Children Mark
	.byte	63                              @ Abbrev [63] 0x31b0:0x8 DW_TAG_imported_declaration
	.byte	15                              @ DW_AT_decl_file
	.short	468                             @ DW_AT_decl_line
	.long	12693                           @ DW_AT_import
	.byte	65                              @ Abbrev [65] 0x31b8:0x16 DW_TAG_subprogram
	.long	.Linfo_string536                @ DW_AT_name
	.byte	15                              @ DW_AT_decl_file
	.byte	93                              @ DW_AT_decl_line
	.long	8795                            @ DW_AT_type
                                        @ DW_AT_declaration
                                        @ DW_AT_external
	.byte	66                              @ Abbrev [66] 0x31c3:0x5 DW_TAG_formal_parameter
	.long	9810                            @ DW_AT_type
	.byte	66                              @ Abbrev [66] 0x31c8:0x5 DW_TAG_formal_parameter
	.long	9737                            @ DW_AT_type
	.byte	0                               @ End Of Children Mark
	.byte	63                              @ Abbrev [63] 0x31ce:0x8 DW_TAG_imported_declaration
	.byte	15                              @ DW_AT_decl_file
	.short	469                             @ DW_AT_decl_line
	.long	12728                           @ DW_AT_import
	.byte	65                              @ Abbrev [65] 0x31d6:0x1b DW_TAG_subprogram
	.long	.Linfo_string537                @ DW_AT_name
	.byte	15                              @ DW_AT_decl_file
	.byte	100                             @ DW_AT_decl_line
	.long	8795                            @ DW_AT_type
                                        @ DW_AT_declaration
                                        @ DW_AT_external
	.byte	66                              @ Abbrev [66] 0x31e1:0x5 DW_TAG_formal_parameter
	.long	9810                            @ DW_AT_type
	.byte	66                              @ Abbrev [66] 0x31e6:0x5 DW_TAG_formal_parameter
	.long	9737                            @ DW_AT_type
	.byte	66                              @ Abbrev [66] 0x31eb:0x5 DW_TAG_formal_parameter
	.long	12574                           @ DW_AT_type
	.byte	0                               @ End Of Children Mark
	.byte	63                              @ Abbrev [63] 0x31f1:0x8 DW_TAG_imported_declaration
	.byte	15                              @ DW_AT_decl_file
	.short	470                             @ DW_AT_decl_line
	.long	12758                           @ DW_AT_import
	.byte	65                              @ Abbrev [65] 0x31f9:0x1b DW_TAG_subprogram
	.long	.Linfo_string538                @ DW_AT_name
	.byte	15                              @ DW_AT_decl_file
	.byte	117                             @ DW_AT_decl_line
	.long	1658                            @ DW_AT_type
                                        @ DW_AT_declaration
                                        @ DW_AT_external
	.byte	66                              @ Abbrev [66] 0x3204:0x5 DW_TAG_formal_parameter
	.long	12228                           @ DW_AT_type
	.byte	66                              @ Abbrev [66] 0x3209:0x5 DW_TAG_formal_parameter
	.long	12228                           @ DW_AT_type
	.byte	66                              @ Abbrev [66] 0x320e:0x5 DW_TAG_formal_parameter
	.long	12574                           @ DW_AT_type
	.byte	0                               @ End Of Children Mark
	.byte	63                              @ Abbrev [63] 0x3214:0x8 DW_TAG_imported_declaration
	.byte	15                              @ DW_AT_decl_file
	.short	471                             @ DW_AT_decl_line
	.long	12793                           @ DW_AT_import
	.byte	65                              @ Abbrev [65] 0x321c:0x16 DW_TAG_subprogram
	.long	.Linfo_string539                @ DW_AT_name
	.byte	15                              @ DW_AT_decl_file
	.byte	125                             @ DW_AT_decl_line
	.long	1658                            @ DW_AT_type
                                        @ DW_AT_declaration
                                        @ DW_AT_external
	.byte	66                              @ Abbrev [66] 0x3227:0x5 DW_TAG_formal_parameter
	.long	8081                            @ DW_AT_type
	.byte	66                              @ Abbrev [66] 0x322c:0x5 DW_TAG_formal_parameter
	.long	8081                            @ DW_AT_type
	.byte	0                               @ End Of Children Mark
	.byte	63                              @ Abbrev [63] 0x3232:0x8 DW_TAG_imported_declaration
	.byte	15                              @ DW_AT_decl_file
	.short	472                             @ DW_AT_decl_line
	.long	12828                           @ DW_AT_import
	.byte	65                              @ Abbrev [65] 0x323a:0x1b DW_TAG_subprogram
	.long	.Linfo_string540                @ DW_AT_name
	.byte	15                              @ DW_AT_decl_file
	.byte	132                             @ DW_AT_decl_line
	.long	1658                            @ DW_AT_type
                                        @ DW_AT_declaration
                                        @ DW_AT_external
	.byte	66                              @ Abbrev [66] 0x3245:0x5 DW_TAG_formal_parameter
	.long	8081                            @ DW_AT_type
	.byte	66                              @ Abbrev [66] 0x324a:0x5 DW_TAG_formal_parameter
	.long	8081                            @ DW_AT_type
	.byte	66                              @ Abbrev [66] 0x324f:0x5 DW_TAG_formal_parameter
	.long	12574                           @ DW_AT_type
	.byte	0                               @ End Of Children Mark
	.byte	63                              @ Abbrev [63] 0x3255:0x8 DW_TAG_imported_declaration
	.byte	15                              @ DW_AT_decl_file
	.short	473                             @ DW_AT_decl_line
	.long	12858                           @ DW_AT_import
	.byte	65                              @ Abbrev [65] 0x325d:0x16 DW_TAG_subprogram
	.long	.Linfo_string541                @ DW_AT_name
	.byte	15                              @ DW_AT_decl_file
	.byte	141                             @ DW_AT_decl_line
	.long	1658                            @ DW_AT_type
                                        @ DW_AT_declaration
                                        @ DW_AT_external
	.byte	66                              @ Abbrev [66] 0x3268:0x5 DW_TAG_formal_parameter
	.long	8081                            @ DW_AT_type
	.byte	66                              @ Abbrev [66] 0x326d:0x5 DW_TAG_formal_parameter
	.long	8081                            @ DW_AT_type
	.byte	0                               @ End Of Children Mark
	.byte	63                              @ Abbrev [63] 0x3273:0x8 DW_TAG_imported_declaration
	.byte	15                              @ DW_AT_decl_file
	.short	474                             @ DW_AT_decl_line
	.long	12893                           @ DW_AT_import
	.byte	65                              @ Abbrev [65] 0x327b:0x1b DW_TAG_subprogram
	.long	.Linfo_string542                @ DW_AT_name
	.byte	15                              @ DW_AT_decl_file
	.byte	149                             @ DW_AT_decl_line
	.long	1658                            @ DW_AT_type
                                        @ DW_AT_declaration
                                        @ DW_AT_external
	.byte	66                              @ Abbrev [66] 0x3286:0x5 DW_TAG_formal_parameter
	.long	8081                            @ DW_AT_type
	.byte	66                              @ Abbrev [66] 0x328b:0x5 DW_TAG_formal_parameter
	.long	8081                            @ DW_AT_type
	.byte	66                              @ Abbrev [66] 0x3290:0x5 DW_TAG_formal_parameter
	.long	12574                           @ DW_AT_type
	.byte	0                               @ End Of Children Mark
	.byte	63                              @ Abbrev [63] 0x3296:0x8 DW_TAG_imported_declaration
	.byte	15                              @ DW_AT_decl_file
	.short	475                             @ DW_AT_decl_line
	.long	12923                           @ DW_AT_import
	.byte	65                              @ Abbrev [65] 0x329e:0x16 DW_TAG_subprogram
	.long	.Linfo_string543                @ DW_AT_name
	.byte	15                              @ DW_AT_decl_file
	.byte	158                             @ DW_AT_decl_line
	.long	1658                            @ DW_AT_type
                                        @ DW_AT_declaration
                                        @ DW_AT_external
	.byte	66                              @ Abbrev [66] 0x32a9:0x5 DW_TAG_formal_parameter
	.long	8081                            @ DW_AT_type
	.byte	66                              @ Abbrev [66] 0x32ae:0x5 DW_TAG_formal_parameter
	.long	8081                            @ DW_AT_type
	.byte	0                               @ End Of Children Mark
	.byte	63                              @ Abbrev [63] 0x32b4:0x8 DW_TAG_imported_declaration
	.byte	15                              @ DW_AT_decl_file
	.short	476                             @ DW_AT_decl_line
	.long	12958                           @ DW_AT_import
	.byte	65                              @ Abbrev [65] 0x32bc:0x1b DW_TAG_subprogram
	.long	.Linfo_string544                @ DW_AT_name
	.byte	15                              @ DW_AT_decl_file
	.byte	169                             @ DW_AT_decl_line
	.long	12574                           @ DW_AT_type
                                        @ DW_AT_declaration
                                        @ DW_AT_external
	.byte	66                              @ Abbrev [66] 0x32c7:0x5 DW_TAG_formal_parameter
	.long	9810                            @ DW_AT_type
	.byte	66                              @ Abbrev [66] 0x32cc:0x5 DW_TAG_formal_parameter
	.long	9737                            @ DW_AT_type
	.byte	66                              @ Abbrev [66] 0x32d1:0x5 DW_TAG_formal_parameter
	.long	12574                           @ DW_AT_type
	.byte	0                               @ End Of Children Mark
	.byte	63                              @ Abbrev [63] 0x32d7:0x8 DW_TAG_imported_declaration
	.byte	15                              @ DW_AT_decl_file
	.short	477                             @ DW_AT_decl_line
	.long	12988                           @ DW_AT_import
	.byte	80                              @ Abbrev [80] 0x32df:0x1f DW_TAG_subprogram
	.long	.Linfo_string545                @ DW_AT_linkage_name
	.long	.Linfo_string546                @ DW_AT_name
	.byte	15                              @ DW_AT_decl_file
	.byte	190                             @ DW_AT_decl_line
	.long	12145                           @ DW_AT_type
                                        @ DW_AT_declaration
                                        @ DW_AT_external
	.byte	66                              @ Abbrev [66] 0x32ee:0x5 DW_TAG_formal_parameter
	.long	12145                           @ DW_AT_type
	.byte	66                              @ Abbrev [66] 0x32f3:0x5 DW_TAG_formal_parameter
	.long	1658                            @ DW_AT_type
	.byte	66                              @ Abbrev [66] 0x32f8:0x5 DW_TAG_formal_parameter
	.long	12574                           @ DW_AT_type
	.byte	0                               @ End Of Children Mark
	.byte	63                              @ Abbrev [63] 0x32fe:0x8 DW_TAG_imported_declaration
	.byte	15                              @ DW_AT_decl_file
	.short	478                             @ DW_AT_decl_line
	.long	13023                           @ DW_AT_import
	.byte	80                              @ Abbrev [80] 0x3306:0x1a DW_TAG_subprogram
	.long	.Linfo_string547                @ DW_AT_linkage_name
	.long	.Linfo_string548                @ DW_AT_name
	.byte	15                              @ DW_AT_decl_file
	.byte	206                             @ DW_AT_decl_line
	.long	8795                            @ DW_AT_type
                                        @ DW_AT_declaration
                                        @ DW_AT_external
	.byte	66                              @ Abbrev [66] 0x3315:0x5 DW_TAG_formal_parameter
	.long	8795                            @ DW_AT_type
	.byte	66                              @ Abbrev [66] 0x331a:0x5 DW_TAG_formal_parameter
	.long	1658                            @ DW_AT_type
	.byte	0                               @ End Of Children Mark
	.byte	63                              @ Abbrev [63] 0x3320:0x8 DW_TAG_imported_declaration
	.byte	15                              @ DW_AT_decl_file
	.short	479                             @ DW_AT_decl_line
	.long	13062                           @ DW_AT_import
	.byte	65                              @ Abbrev [65] 0x3328:0x16 DW_TAG_subprogram
	.long	.Linfo_string549                @ DW_AT_name
	.byte	15                              @ DW_AT_decl_file
	.byte	218                             @ DW_AT_decl_line
	.long	12574                           @ DW_AT_type
                                        @ DW_AT_declaration
                                        @ DW_AT_external
	.byte	66                              @ Abbrev [66] 0x3333:0x5 DW_TAG_formal_parameter
	.long	8081                            @ DW_AT_type
	.byte	66                              @ Abbrev [66] 0x3338:0x5 DW_TAG_formal_parameter
	.long	8081                            @ DW_AT_type
	.byte	0                               @ End Of Children Mark
	.byte	63                              @ Abbrev [63] 0x333e:0x8 DW_TAG_imported_declaration
	.byte	15                              @ DW_AT_decl_file
	.short	480                             @ DW_AT_decl_line
	.long	13096                           @ DW_AT_import
	.byte	80                              @ Abbrev [80] 0x3346:0x1a DW_TAG_subprogram
	.long	.Linfo_string550                @ DW_AT_linkage_name
	.long	.Linfo_string551                @ DW_AT_name
	.byte	15                              @ DW_AT_decl_file
	.byte	229                             @ DW_AT_decl_line
	.long	8795                            @ DW_AT_type
                                        @ DW_AT_declaration
                                        @ DW_AT_external
	.byte	66                              @ Abbrev [66] 0x3355:0x5 DW_TAG_formal_parameter
	.long	8795                            @ DW_AT_type
	.byte	66                              @ Abbrev [66] 0x335a:0x5 DW_TAG_formal_parameter
	.long	8081                            @ DW_AT_type
	.byte	0                               @ End Of Children Mark
	.byte	63                              @ Abbrev [63] 0x3360:0x8 DW_TAG_imported_declaration
	.byte	15                              @ DW_AT_decl_file
	.short	481                             @ DW_AT_decl_line
	.long	13126                           @ DW_AT_import
	.byte	80                              @ Abbrev [80] 0x3368:0x1a DW_TAG_subprogram
	.long	.Linfo_string552                @ DW_AT_linkage_name
	.long	.Linfo_string553                @ DW_AT_name
	.byte	15                              @ DW_AT_decl_file
	.byte	244                             @ DW_AT_decl_line
	.long	8795                            @ DW_AT_type
                                        @ DW_AT_declaration
                                        @ DW_AT_external
	.byte	66                              @ Abbrev [66] 0x3377:0x5 DW_TAG_formal_parameter
	.long	8795                            @ DW_AT_type
	.byte	66                              @ Abbrev [66] 0x337c:0x5 DW_TAG_formal_parameter
	.long	1658                            @ DW_AT_type
	.byte	0                               @ End Of Children Mark
	.byte	63                              @ Abbrev [63] 0x3382:0x8 DW_TAG_imported_declaration
	.byte	15                              @ DW_AT_decl_file
	.short	482                             @ DW_AT_decl_line
	.long	13160                           @ DW_AT_import
	.byte	68                              @ Abbrev [68] 0x338a:0x17 DW_TAG_subprogram
	.long	.Linfo_string554                @ DW_AT_name
	.byte	15                              @ DW_AT_decl_file
	.short	257                             @ DW_AT_decl_line
	.long	12574                           @ DW_AT_type
                                        @ DW_AT_declaration
                                        @ DW_AT_external
	.byte	66                              @ Abbrev [66] 0x3396:0x5 DW_TAG_formal_parameter
	.long	8081                            @ DW_AT_type
	.byte	66                              @ Abbrev [66] 0x339b:0x5 DW_TAG_formal_parameter
	.long	8081                            @ DW_AT_type
	.byte	0                               @ End Of Children Mark
	.byte	63                              @ Abbrev [63] 0x33a1:0x8 DW_TAG_imported_declaration
	.byte	15                              @ DW_AT_decl_file
	.short	483                             @ DW_AT_decl_line
	.long	13194                           @ DW_AT_import
	.byte	81                              @ Abbrev [81] 0x33a9:0x1b DW_TAG_subprogram
	.long	.Linfo_string555                @ DW_AT_linkage_name
	.long	.Linfo_string556                @ DW_AT_name
	.byte	15                              @ DW_AT_decl_file
	.short	267                             @ DW_AT_decl_line
	.long	8795                            @ DW_AT_type
                                        @ DW_AT_declaration
                                        @ DW_AT_external
	.byte	66                              @ Abbrev [66] 0x33b9:0x5 DW_TAG_formal_parameter
	.long	8795                            @ DW_AT_type
	.byte	66                              @ Abbrev [66] 0x33be:0x5 DW_TAG_formal_parameter
	.long	8081                            @ DW_AT_type
	.byte	0                               @ End Of Children Mark
	.byte	63                              @ Abbrev [63] 0x33c4:0x8 DW_TAG_imported_declaration
	.byte	15                              @ DW_AT_decl_file
	.short	484                             @ DW_AT_decl_line
	.long	13225                           @ DW_AT_import
	.byte	68                              @ Abbrev [68] 0x33cc:0x17 DW_TAG_subprogram
	.long	.Linfo_string557                @ DW_AT_name
	.byte	15                              @ DW_AT_decl_file
	.short	280                             @ DW_AT_decl_line
	.long	8795                            @ DW_AT_type
                                        @ DW_AT_declaration
                                        @ DW_AT_external
	.byte	66                              @ Abbrev [66] 0x33d8:0x5 DW_TAG_formal_parameter
	.long	9810                            @ DW_AT_type
	.byte	66                              @ Abbrev [66] 0x33dd:0x5 DW_TAG_formal_parameter
	.long	9737                            @ DW_AT_type
	.byte	0                               @ End Of Children Mark
	.byte	63                              @ Abbrev [63] 0x33e3:0x8 DW_TAG_imported_declaration
	.byte	15                              @ DW_AT_decl_file
	.short	485                             @ DW_AT_decl_line
	.long	13260                           @ DW_AT_import
	.byte	68                              @ Abbrev [68] 0x33eb:0x1c DW_TAG_subprogram
	.long	.Linfo_string558                @ DW_AT_name
	.byte	15                              @ DW_AT_decl_file
	.short	281                             @ DW_AT_decl_line
	.long	8795                            @ DW_AT_type
                                        @ DW_AT_declaration
                                        @ DW_AT_external
	.byte	66                              @ Abbrev [66] 0x33f7:0x5 DW_TAG_formal_parameter
	.long	8795                            @ DW_AT_type
	.byte	66                              @ Abbrev [66] 0x33fc:0x5 DW_TAG_formal_parameter
	.long	8081                            @ DW_AT_type
	.byte	66                              @ Abbrev [66] 0x3401:0x5 DW_TAG_formal_parameter
	.long	11143                           @ DW_AT_type
	.byte	0                               @ End Of Children Mark
	.byte	63                              @ Abbrev [63] 0x3407:0x8 DW_TAG_imported_declaration
	.byte	15                              @ DW_AT_decl_file
	.short	489                             @ DW_AT_decl_line
	.long	13291                           @ DW_AT_import
	.byte	68                              @ Abbrev [68] 0x340f:0x1c DW_TAG_subprogram
	.long	.Linfo_string559                @ DW_AT_name
	.byte	15                              @ DW_AT_decl_file
	.short	321                             @ DW_AT_decl_line
	.long	12145                           @ DW_AT_type
                                        @ DW_AT_declaration
                                        @ DW_AT_external
	.byte	66                              @ Abbrev [66] 0x341b:0x5 DW_TAG_formal_parameter
	.long	12145                           @ DW_AT_type
	.byte	66                              @ Abbrev [66] 0x3420:0x5 DW_TAG_formal_parameter
	.long	1658                            @ DW_AT_type
	.byte	66                              @ Abbrev [66] 0x3425:0x5 DW_TAG_formal_parameter
	.long	12574                           @ DW_AT_type
	.byte	0                               @ End Of Children Mark
	.byte	63                              @ Abbrev [63] 0x342b:0x8 DW_TAG_imported_declaration
	.byte	15                              @ DW_AT_decl_file
	.short	490                             @ DW_AT_decl_line
	.long	13327                           @ DW_AT_import
	.byte	68                              @ Abbrev [68] 0x3433:0x12 DW_TAG_subprogram
	.long	.Linfo_string560                @ DW_AT_name
	.byte	15                              @ DW_AT_decl_file
	.short	327                             @ DW_AT_decl_line
	.long	8795                            @ DW_AT_type
                                        @ DW_AT_declaration
                                        @ DW_AT_external
	.byte	66                              @ Abbrev [66] 0x343f:0x5 DW_TAG_formal_parameter
	.long	1658                            @ DW_AT_type
	.byte	0                               @ End Of Children Mark
	.byte	63                              @ Abbrev [63] 0x3445:0x8 DW_TAG_imported_declaration
	.byte	15                              @ DW_AT_decl_file
	.short	491                             @ DW_AT_decl_line
	.long	13363                           @ DW_AT_import
	.byte	68                              @ Abbrev [68] 0x344d:0x12 DW_TAG_subprogram
	.long	.Linfo_string561                @ DW_AT_name
	.byte	15                              @ DW_AT_decl_file
	.short	335                             @ DW_AT_decl_line
	.long	12574                           @ DW_AT_type
                                        @ DW_AT_declaration
                                        @ DW_AT_external
	.byte	66                              @ Abbrev [66] 0x3459:0x5 DW_TAG_formal_parameter
	.long	8081                            @ DW_AT_type
	.byte	0                               @ End Of Children Mark
	.byte	63                              @ Abbrev [63] 0x345f:0x8 DW_TAG_imported_declaration
	.byte	15                              @ DW_AT_decl_file
	.short	492                             @ DW_AT_decl_line
	.long	13389                           @ DW_AT_import
	.byte	68                              @ Abbrev [68] 0x3467:0x17 DW_TAG_subprogram
	.long	.Linfo_string562                @ DW_AT_name
	.byte	15                              @ DW_AT_decl_file
	.short	341                             @ DW_AT_decl_line
	.long	12574                           @ DW_AT_type
                                        @ DW_AT_declaration
                                        @ DW_AT_external
	.byte	66                              @ Abbrev [66] 0x3473:0x5 DW_TAG_formal_parameter
	.long	8081                            @ DW_AT_type
	.byte	66                              @ Abbrev [66] 0x3478:0x5 DW_TAG_formal_parameter
	.long	12574                           @ DW_AT_type
	.byte	0                               @ End Of Children Mark
	.byte	63                              @ Abbrev [63] 0x347e:0x8 DW_TAG_imported_declaration
	.byte	15                              @ DW_AT_decl_file
	.short	493                             @ DW_AT_decl_line
	.long	13415                           @ DW_AT_import
	.byte	68                              @ Abbrev [68] 0x3486:0x1c DW_TAG_subprogram
	.long	.Linfo_string563                @ DW_AT_name
	.byte	15                              @ DW_AT_decl_file
	.short	349                             @ DW_AT_decl_line
	.long	12574                           @ DW_AT_type
                                        @ DW_AT_declaration
                                        @ DW_AT_external
	.byte	66                              @ Abbrev [66] 0x3492:0x5 DW_TAG_formal_parameter
	.long	8795                            @ DW_AT_type
	.byte	66                              @ Abbrev [66] 0x3497:0x5 DW_TAG_formal_parameter
	.long	8081                            @ DW_AT_type
	.byte	66                              @ Abbrev [66] 0x349c:0x5 DW_TAG_formal_parameter
	.long	12574                           @ DW_AT_type
	.byte	0                               @ End Of Children Mark
	.byte	63                              @ Abbrev [63] 0x34a2:0x8 DW_TAG_imported_declaration
	.byte	15                              @ DW_AT_decl_file
	.short	494                             @ DW_AT_decl_line
	.long	13446                           @ DW_AT_import
	.byte	68                              @ Abbrev [68] 0x34aa:0x1c DW_TAG_subprogram
	.long	.Linfo_string564                @ DW_AT_name
	.byte	15                              @ DW_AT_decl_file
	.short	369                             @ DW_AT_decl_line
	.long	12574                           @ DW_AT_type
                                        @ DW_AT_declaration
                                        @ DW_AT_external
	.byte	66                              @ Abbrev [66] 0x34b6:0x5 DW_TAG_formal_parameter
	.long	8795                            @ DW_AT_type
	.byte	66                              @ Abbrev [66] 0x34bb:0x5 DW_TAG_formal_parameter
	.long	8081                            @ DW_AT_type
	.byte	66                              @ Abbrev [66] 0x34c0:0x5 DW_TAG_formal_parameter
	.long	12574                           @ DW_AT_type
	.byte	0                               @ End Of Children Mark
	.byte	63                              @ Abbrev [63] 0x34c6:0x8 DW_TAG_imported_declaration
	.byte	15                              @ DW_AT_decl_file
	.short	495                             @ DW_AT_decl_line
	.long	13482                           @ DW_AT_import
	.byte	70                              @ Abbrev [70] 0x34ce:0x22 DW_TAG_subprogram
	.long	.Linfo_string565                @ DW_AT_name
	.byte	15                              @ DW_AT_decl_file
	.short	395                             @ DW_AT_decl_line
                                        @ DW_AT_declaration
                                        @ DW_AT_external
	.byte	66                              @ Abbrev [66] 0x34d6:0x5 DW_TAG_formal_parameter
	.long	12145                           @ DW_AT_type
	.byte	66                              @ Abbrev [66] 0x34db:0x5 DW_TAG_formal_parameter
	.long	12228                           @ DW_AT_type
	.byte	66                              @ Abbrev [66] 0x34e0:0x5 DW_TAG_formal_parameter
	.long	1658                            @ DW_AT_type
	.byte	66                              @ Abbrev [66] 0x34e5:0x5 DW_TAG_formal_parameter
	.long	1658                            @ DW_AT_type
	.byte	66                              @ Abbrev [66] 0x34ea:0x5 DW_TAG_formal_parameter
	.long	12574                           @ DW_AT_type
	.byte	0                               @ End Of Children Mark
	.byte	63                              @ Abbrev [63] 0x34f0:0x8 DW_TAG_imported_declaration
	.byte	15                              @ DW_AT_decl_file
	.short	496                             @ DW_AT_decl_line
	.long	13518                           @ DW_AT_import
	.byte	70                              @ Abbrev [70] 0x34f8:0x22 DW_TAG_subprogram
	.long	.Linfo_string566                @ DW_AT_name
	.byte	15                              @ DW_AT_decl_file
	.short	396                             @ DW_AT_decl_line
                                        @ DW_AT_declaration
                                        @ DW_AT_external
	.byte	66                              @ Abbrev [66] 0x3500:0x5 DW_TAG_formal_parameter
	.long	12145                           @ DW_AT_type
	.byte	66                              @ Abbrev [66] 0x3505:0x5 DW_TAG_formal_parameter
	.long	12228                           @ DW_AT_type
	.byte	66                              @ Abbrev [66] 0x350a:0x5 DW_TAG_formal_parameter
	.long	1658                            @ DW_AT_type
	.byte	66                              @ Abbrev [66] 0x350f:0x5 DW_TAG_formal_parameter
	.long	1658                            @ DW_AT_type
	.byte	66                              @ Abbrev [66] 0x3514:0x5 DW_TAG_formal_parameter
	.long	12574                           @ DW_AT_type
	.byte	0                               @ End Of Children Mark
	.byte	63                              @ Abbrev [63] 0x351a:0x8 DW_TAG_imported_declaration
	.byte	15                              @ DW_AT_decl_file
	.short	497                             @ DW_AT_decl_line
	.long	13560                           @ DW_AT_import
	.byte	70                              @ Abbrev [70] 0x3522:0x22 DW_TAG_subprogram
	.long	.Linfo_string567                @ DW_AT_name
	.byte	15                              @ DW_AT_decl_file
	.short	397                             @ DW_AT_decl_line
                                        @ DW_AT_declaration
                                        @ DW_AT_external
	.byte	66                              @ Abbrev [66] 0x352a:0x5 DW_TAG_formal_parameter
	.long	12145                           @ DW_AT_type
	.byte	66                              @ Abbrev [66] 0x352f:0x5 DW_TAG_formal_parameter
	.long	12228                           @ DW_AT_type
	.byte	66                              @ Abbrev [66] 0x3534:0x5 DW_TAG_formal_parameter
	.long	1658                            @ DW_AT_type
	.byte	66                              @ Abbrev [66] 0x3539:0x5 DW_TAG_formal_parameter
	.long	1658                            @ DW_AT_type
	.byte	66                              @ Abbrev [66] 0x353e:0x5 DW_TAG_formal_parameter
	.long	12574                           @ DW_AT_type
	.byte	0                               @ End Of Children Mark
	.byte	63                              @ Abbrev [63] 0x3544:0x8 DW_TAG_imported_declaration
	.byte	15                              @ DW_AT_decl_file
	.short	498                             @ DW_AT_decl_line
	.long	13602                           @ DW_AT_import
	.byte	70                              @ Abbrev [70] 0x354c:0x22 DW_TAG_subprogram
	.long	.Linfo_string568                @ DW_AT_name
	.byte	15                              @ DW_AT_decl_file
	.short	398                             @ DW_AT_decl_line
                                        @ DW_AT_declaration
                                        @ DW_AT_external
	.byte	66                              @ Abbrev [66] 0x3554:0x5 DW_TAG_formal_parameter
	.long	12145                           @ DW_AT_type
	.byte	66                              @ Abbrev [66] 0x3559:0x5 DW_TAG_formal_parameter
	.long	12228                           @ DW_AT_type
	.byte	66                              @ Abbrev [66] 0x355e:0x5 DW_TAG_formal_parameter
	.long	1658                            @ DW_AT_type
	.byte	66                              @ Abbrev [66] 0x3563:0x5 DW_TAG_formal_parameter
	.long	1658                            @ DW_AT_type
	.byte	66                              @ Abbrev [66] 0x3568:0x5 DW_TAG_formal_parameter
	.long	12574                           @ DW_AT_type
	.byte	0                               @ End Of Children Mark
	.byte	63                              @ Abbrev [63] 0x356e:0x8 DW_TAG_imported_declaration
	.byte	15                              @ DW_AT_decl_file
	.short	499                             @ DW_AT_decl_line
	.long	13644                           @ DW_AT_import
	.byte	70                              @ Abbrev [70] 0x3576:0x22 DW_TAG_subprogram
	.long	.Linfo_string569                @ DW_AT_name
	.byte	15                              @ DW_AT_decl_file
	.short	399                             @ DW_AT_decl_line
                                        @ DW_AT_declaration
                                        @ DW_AT_external
	.byte	66                              @ Abbrev [66] 0x357e:0x5 DW_TAG_formal_parameter
	.long	12145                           @ DW_AT_type
	.byte	66                              @ Abbrev [66] 0x3583:0x5 DW_TAG_formal_parameter
	.long	12228                           @ DW_AT_type
	.byte	66                              @ Abbrev [66] 0x3588:0x5 DW_TAG_formal_parameter
	.long	1658                            @ DW_AT_type
	.byte	66                              @ Abbrev [66] 0x358d:0x5 DW_TAG_formal_parameter
	.long	1658                            @ DW_AT_type
	.byte	66                              @ Abbrev [66] 0x3592:0x5 DW_TAG_formal_parameter
	.long	12574                           @ DW_AT_type
	.byte	0                               @ End Of Children Mark
	.byte	63                              @ Abbrev [63] 0x3598:0x8 DW_TAG_imported_declaration
	.byte	15                              @ DW_AT_decl_file
	.short	500                             @ DW_AT_decl_line
	.long	13686                           @ DW_AT_import
	.byte	70                              @ Abbrev [70] 0x35a0:0x22 DW_TAG_subprogram
	.long	.Linfo_string570                @ DW_AT_name
	.byte	15                              @ DW_AT_decl_file
	.short	400                             @ DW_AT_decl_line
                                        @ DW_AT_declaration
                                        @ DW_AT_external
	.byte	66                              @ Abbrev [66] 0x35a8:0x5 DW_TAG_formal_parameter
	.long	12145                           @ DW_AT_type
	.byte	66                              @ Abbrev [66] 0x35ad:0x5 DW_TAG_formal_parameter
	.long	12228                           @ DW_AT_type
	.byte	66                              @ Abbrev [66] 0x35b2:0x5 DW_TAG_formal_parameter
	.long	1658                            @ DW_AT_type
	.byte	66                              @ Abbrev [66] 0x35b7:0x5 DW_TAG_formal_parameter
	.long	1658                            @ DW_AT_type
	.byte	66                              @ Abbrev [66] 0x35bc:0x5 DW_TAG_formal_parameter
	.long	12574                           @ DW_AT_type
	.byte	0                               @ End Of Children Mark
	.byte	63                              @ Abbrev [63] 0x35c2:0x8 DW_TAG_imported_declaration
	.byte	15                              @ DW_AT_decl_file
	.short	501                             @ DW_AT_decl_line
	.long	13728                           @ DW_AT_import
	.byte	70                              @ Abbrev [70] 0x35ca:0x22 DW_TAG_subprogram
	.long	.Linfo_string571                @ DW_AT_name
	.byte	15                              @ DW_AT_decl_file
	.short	401                             @ DW_AT_decl_line
                                        @ DW_AT_declaration
                                        @ DW_AT_external
	.byte	66                              @ Abbrev [66] 0x35d2:0x5 DW_TAG_formal_parameter
	.long	12145                           @ DW_AT_type
	.byte	66                              @ Abbrev [66] 0x35d7:0x5 DW_TAG_formal_parameter
	.long	12228                           @ DW_AT_type
	.byte	66                              @ Abbrev [66] 0x35dc:0x5 DW_TAG_formal_parameter
	.long	1658                            @ DW_AT_type
	.byte	66                              @ Abbrev [66] 0x35e1:0x5 DW_TAG_formal_parameter
	.long	1658                            @ DW_AT_type
	.byte	66                              @ Abbrev [66] 0x35e6:0x5 DW_TAG_formal_parameter
	.long	12574                           @ DW_AT_type
	.byte	0                               @ End Of Children Mark
	.byte	63                              @ Abbrev [63] 0x35ec:0x8 DW_TAG_imported_declaration
	.byte	15                              @ DW_AT_decl_file
	.short	502                             @ DW_AT_decl_line
	.long	13770                           @ DW_AT_import
	.byte	70                              @ Abbrev [70] 0x35f4:0x22 DW_TAG_subprogram
	.long	.Linfo_string572                @ DW_AT_name
	.byte	15                              @ DW_AT_decl_file
	.short	402                             @ DW_AT_decl_line
                                        @ DW_AT_declaration
                                        @ DW_AT_external
	.byte	66                              @ Abbrev [66] 0x35fc:0x5 DW_TAG_formal_parameter
	.long	12145                           @ DW_AT_type
	.byte	66                              @ Abbrev [66] 0x3601:0x5 DW_TAG_formal_parameter
	.long	12228                           @ DW_AT_type
	.byte	66                              @ Abbrev [66] 0x3606:0x5 DW_TAG_formal_parameter
	.long	1658                            @ DW_AT_type
	.byte	66                              @ Abbrev [66] 0x360b:0x5 DW_TAG_formal_parameter
	.long	1658                            @ DW_AT_type
	.byte	66                              @ Abbrev [66] 0x3610:0x5 DW_TAG_formal_parameter
	.long	12574                           @ DW_AT_type
	.byte	0                               @ End Of Children Mark
	.byte	63                              @ Abbrev [63] 0x3616:0x8 DW_TAG_imported_declaration
	.byte	15                              @ DW_AT_decl_file
	.short	503                             @ DW_AT_decl_line
	.long	13812                           @ DW_AT_import
	.byte	70                              @ Abbrev [70] 0x361e:0x22 DW_TAG_subprogram
	.long	.Linfo_string573                @ DW_AT_name
	.byte	15                              @ DW_AT_decl_file
	.short	403                             @ DW_AT_decl_line
                                        @ DW_AT_declaration
                                        @ DW_AT_external
	.byte	66                              @ Abbrev [66] 0x3626:0x5 DW_TAG_formal_parameter
	.long	12145                           @ DW_AT_type
	.byte	66                              @ Abbrev [66] 0x362b:0x5 DW_TAG_formal_parameter
	.long	12228                           @ DW_AT_type
	.byte	66                              @ Abbrev [66] 0x3630:0x5 DW_TAG_formal_parameter
	.long	1658                            @ DW_AT_type
	.byte	66                              @ Abbrev [66] 0x3635:0x5 DW_TAG_formal_parameter
	.long	1658                            @ DW_AT_type
	.byte	66                              @ Abbrev [66] 0x363a:0x5 DW_TAG_formal_parameter
	.long	12574                           @ DW_AT_type
	.byte	0                               @ End Of Children Mark
	.byte	63                              @ Abbrev [63] 0x3640:0x8 DW_TAG_imported_declaration
	.byte	15                              @ DW_AT_decl_file
	.short	504                             @ DW_AT_decl_line
	.long	13854                           @ DW_AT_import
	.byte	70                              @ Abbrev [70] 0x3648:0x22 DW_TAG_subprogram
	.long	.Linfo_string574                @ DW_AT_name
	.byte	15                              @ DW_AT_decl_file
	.short	404                             @ DW_AT_decl_line
                                        @ DW_AT_declaration
                                        @ DW_AT_external
	.byte	66                              @ Abbrev [66] 0x3650:0x5 DW_TAG_formal_parameter
	.long	12145                           @ DW_AT_type
	.byte	66                              @ Abbrev [66] 0x3655:0x5 DW_TAG_formal_parameter
	.long	12228                           @ DW_AT_type
	.byte	66                              @ Abbrev [66] 0x365a:0x5 DW_TAG_formal_parameter
	.long	1658                            @ DW_AT_type
	.byte	66                              @ Abbrev [66] 0x365f:0x5 DW_TAG_formal_parameter
	.long	1658                            @ DW_AT_type
	.byte	66                              @ Abbrev [66] 0x3664:0x5 DW_TAG_formal_parameter
	.long	12574                           @ DW_AT_type
	.byte	0                               @ End Of Children Mark
	.byte	63                              @ Abbrev [63] 0x366a:0x8 DW_TAG_imported_declaration
	.byte	15                              @ DW_AT_decl_file
	.short	505                             @ DW_AT_decl_line
	.long	13896                           @ DW_AT_import
	.byte	70                              @ Abbrev [70] 0x3672:0x22 DW_TAG_subprogram
	.long	.Linfo_string575                @ DW_AT_name
	.byte	15                              @ DW_AT_decl_file
	.short	405                             @ DW_AT_decl_line
                                        @ DW_AT_declaration
                                        @ DW_AT_external
	.byte	66                              @ Abbrev [66] 0x367a:0x5 DW_TAG_formal_parameter
	.long	12145                           @ DW_AT_type
	.byte	66                              @ Abbrev [66] 0x367f:0x5 DW_TAG_formal_parameter
	.long	12228                           @ DW_AT_type
	.byte	66                              @ Abbrev [66] 0x3684:0x5 DW_TAG_formal_parameter
	.long	1658                            @ DW_AT_type
	.byte	66                              @ Abbrev [66] 0x3689:0x5 DW_TAG_formal_parameter
	.long	1658                            @ DW_AT_type
	.byte	66                              @ Abbrev [66] 0x368e:0x5 DW_TAG_formal_parameter
	.long	12574                           @ DW_AT_type
	.byte	0                               @ End Of Children Mark
	.byte	63                              @ Abbrev [63] 0x3694:0x8 DW_TAG_imported_declaration
	.byte	15                              @ DW_AT_decl_file
	.short	506                             @ DW_AT_decl_line
	.long	13938                           @ DW_AT_import
	.byte	70                              @ Abbrev [70] 0x369c:0x22 DW_TAG_subprogram
	.long	.Linfo_string576                @ DW_AT_name
	.byte	15                              @ DW_AT_decl_file
	.short	406                             @ DW_AT_decl_line
                                        @ DW_AT_declaration
                                        @ DW_AT_external
	.byte	66                              @ Abbrev [66] 0x36a4:0x5 DW_TAG_formal_parameter
	.long	12145                           @ DW_AT_type
	.byte	66                              @ Abbrev [66] 0x36a9:0x5 DW_TAG_formal_parameter
	.long	12228                           @ DW_AT_type
	.byte	66                              @ Abbrev [66] 0x36ae:0x5 DW_TAG_formal_parameter
	.long	1658                            @ DW_AT_type
	.byte	66                              @ Abbrev [66] 0x36b3:0x5 DW_TAG_formal_parameter
	.long	1658                            @ DW_AT_type
	.byte	66                              @ Abbrev [66] 0x36b8:0x5 DW_TAG_formal_parameter
	.long	12574                           @ DW_AT_type
	.byte	0                               @ End Of Children Mark
	.byte	63                              @ Abbrev [63] 0x36be:0x8 DW_TAG_imported_declaration
	.byte	15                              @ DW_AT_decl_file
	.short	507                             @ DW_AT_decl_line
	.long	13980                           @ DW_AT_import
	.byte	80                              @ Abbrev [80] 0x36c6:0x1f DW_TAG_subprogram
	.long	.Linfo_string577                @ DW_AT_linkage_name
	.long	.Linfo_string546                @ DW_AT_name
	.byte	17                              @ DW_AT_decl_file
	.byte	97                              @ DW_AT_decl_line
	.long	12145                           @ DW_AT_type
                                        @ DW_AT_declaration
                                        @ DW_AT_external
	.byte	66                              @ Abbrev [66] 0x36d5:0x5 DW_TAG_formal_parameter
	.long	12145                           @ DW_AT_type
	.byte	66                              @ Abbrev [66] 0x36da:0x5 DW_TAG_formal_parameter
	.long	1658                            @ DW_AT_type
	.byte	66                              @ Abbrev [66] 0x36df:0x5 DW_TAG_formal_parameter
	.long	12574                           @ DW_AT_type
	.byte	0                               @ End Of Children Mark
	.byte	80                              @ Abbrev [80] 0x36e5:0x1a DW_TAG_subprogram
	.long	.Linfo_string578                @ DW_AT_linkage_name
	.long	.Linfo_string548                @ DW_AT_name
	.byte	17                              @ DW_AT_decl_file
	.byte	76                              @ DW_AT_decl_line
	.long	8795                            @ DW_AT_type
                                        @ DW_AT_declaration
                                        @ DW_AT_external
	.byte	66                              @ Abbrev [66] 0x36f4:0x5 DW_TAG_formal_parameter
	.long	8795                            @ DW_AT_type
	.byte	66                              @ Abbrev [66] 0x36f9:0x5 DW_TAG_formal_parameter
	.long	1658                            @ DW_AT_type
	.byte	0                               @ End Of Children Mark
	.byte	80                              @ Abbrev [80] 0x36ff:0x1a DW_TAG_subprogram
	.long	.Linfo_string579                @ DW_AT_linkage_name
	.long	.Linfo_string551                @ DW_AT_name
	.byte	17                              @ DW_AT_decl_file
	.byte	83                              @ DW_AT_decl_line
	.long	8795                            @ DW_AT_type
                                        @ DW_AT_declaration
                                        @ DW_AT_external
	.byte	66                              @ Abbrev [66] 0x370e:0x5 DW_TAG_formal_parameter
	.long	8795                            @ DW_AT_type
	.byte	66                              @ Abbrev [66] 0x3713:0x5 DW_TAG_formal_parameter
	.long	8081                            @ DW_AT_type
	.byte	0                               @ End Of Children Mark
	.byte	80                              @ Abbrev [80] 0x3719:0x1a DW_TAG_subprogram
	.long	.Linfo_string580                @ DW_AT_linkage_name
	.long	.Linfo_string553                @ DW_AT_name
	.byte	17                              @ DW_AT_decl_file
	.byte	90                              @ DW_AT_decl_line
	.long	8795                            @ DW_AT_type
                                        @ DW_AT_declaration
                                        @ DW_AT_external
	.byte	66                              @ Abbrev [66] 0x3728:0x5 DW_TAG_formal_parameter
	.long	8795                            @ DW_AT_type
	.byte	66                              @ Abbrev [66] 0x372d:0x5 DW_TAG_formal_parameter
	.long	1658                            @ DW_AT_type
	.byte	0                               @ End Of Children Mark
	.byte	80                              @ Abbrev [80] 0x3733:0x1a DW_TAG_subprogram
	.long	.Linfo_string581                @ DW_AT_linkage_name
	.long	.Linfo_string556                @ DW_AT_name
	.byte	17                              @ DW_AT_decl_file
	.byte	104                             @ DW_AT_decl_line
	.long	8795                            @ DW_AT_type
                                        @ DW_AT_declaration
                                        @ DW_AT_external
	.byte	66                              @ Abbrev [66] 0x3742:0x5 DW_TAG_formal_parameter
	.long	8795                            @ DW_AT_type
	.byte	66                              @ Abbrev [66] 0x3747:0x5 DW_TAG_formal_parameter
	.long	8081                            @ DW_AT_type
	.byte	0                               @ End Of Children Mark
	.byte	65                              @ Abbrev [65] 0x374d:0x11 DW_TAG_subprogram
	.long	.Linfo_string582                @ DW_AT_name
	.byte	18                              @ DW_AT_decl_file
	.byte	177                             @ DW_AT_decl_line
	.long	9064                            @ DW_AT_type
                                        @ DW_AT_declaration
                                        @ DW_AT_external
	.byte	66                              @ Abbrev [66] 0x3758:0x5 DW_TAG_formal_parameter
	.long	8081                            @ DW_AT_type
	.byte	0                               @ End Of Children Mark
	.byte	63                              @ Abbrev [63] 0x375e:0x8 DW_TAG_imported_declaration
	.byte	18                              @ DW_AT_decl_file
	.short	820                             @ DW_AT_decl_line
	.long	14157                           @ DW_AT_import
	.byte	26                              @ Abbrev [26] 0x3766:0xb DW_TAG_typedef
	.long	14193                           @ DW_AT_type
	.long	.Linfo_string585                @ DW_AT_name
	.byte	18                              @ DW_AT_decl_file
	.byte	101                             @ DW_AT_decl_line
	.byte	82                              @ Abbrev [82] 0x3771:0x22 DW_TAG_structure_type
	.byte	5                               @ DW_AT_calling_convention
	.long	.Linfo_string585                @ DW_AT_name
	.byte	16                              @ DW_AT_byte_size
	.byte	18                              @ DW_AT_decl_file
	.byte	101                             @ DW_AT_decl_line
	.byte	29                              @ Abbrev [29] 0x377a:0xc DW_TAG_member
	.long	.Linfo_string583                @ DW_AT_name
	.long	9064                            @ DW_AT_type
	.byte	18                              @ DW_AT_decl_file
	.byte	101                             @ DW_AT_decl_line
	.byte	0                               @ DW_AT_data_member_location
	.byte	29                              @ Abbrev [29] 0x3786:0xc DW_TAG_member
	.long	.Linfo_string584                @ DW_AT_name
	.long	9064                            @ DW_AT_type
	.byte	18                              @ DW_AT_decl_file
	.byte	101                             @ DW_AT_decl_line
	.byte	8                               @ DW_AT_data_member_location
	.byte	0                               @ End Of Children Mark
	.byte	63                              @ Abbrev [63] 0x3793:0x8 DW_TAG_imported_declaration
	.byte	18                              @ DW_AT_decl_file
	.short	821                             @ DW_AT_decl_line
	.long	14182                           @ DW_AT_import
	.byte	26                              @ Abbrev [26] 0x379b:0xb DW_TAG_typedef
	.long	14246                           @ DW_AT_type
	.long	.Linfo_string586                @ DW_AT_name
	.byte	18                              @ DW_AT_decl_file
	.byte	96                              @ DW_AT_decl_line
	.byte	64                              @ Abbrev [64] 0x37a6:0x5 DW_TAG_structure_type
	.long	.Linfo_string586                @ DW_AT_name
                                        @ DW_AT_declaration
	.byte	63                              @ Abbrev [63] 0x37ab:0x8 DW_TAG_imported_declaration
	.byte	18                              @ DW_AT_decl_file
	.short	823                             @ DW_AT_decl_line
	.long	14235                           @ DW_AT_import
	.byte	26                              @ Abbrev [26] 0x37b3:0xb DW_TAG_typedef
	.long	14270                           @ DW_AT_type
	.long	.Linfo_string587                @ DW_AT_name
	.byte	18                              @ DW_AT_decl_file
	.byte	98                              @ DW_AT_decl_line
	.byte	82                              @ Abbrev [82] 0x37be:0x22 DW_TAG_structure_type
	.byte	5                               @ DW_AT_calling_convention
	.long	.Linfo_string587                @ DW_AT_name
	.byte	8                               @ DW_AT_byte_size
	.byte	18                              @ DW_AT_decl_file
	.byte	98                              @ DW_AT_decl_line
	.byte	29                              @ Abbrev [29] 0x37c7:0xc DW_TAG_member
	.long	.Linfo_string583                @ DW_AT_name
	.long	12311                           @ DW_AT_type
	.byte	18                              @ DW_AT_decl_file
	.byte	98                              @ DW_AT_decl_line
	.byte	0                               @ DW_AT_data_member_location
	.byte	29                              @ Abbrev [29] 0x37d3:0xc DW_TAG_member
	.long	.Linfo_string584                @ DW_AT_name
	.long	12311                           @ DW_AT_type
	.byte	18                              @ DW_AT_decl_file
	.byte	98                              @ DW_AT_decl_line
	.byte	4                               @ DW_AT_data_member_location
	.byte	0                               @ End Of Children Mark
	.byte	63                              @ Abbrev [63] 0x37e0:0x8 DW_TAG_imported_declaration
	.byte	18                              @ DW_AT_decl_file
	.short	824                             @ DW_AT_decl_line
	.long	14259                           @ DW_AT_import
	.byte	65                              @ Abbrev [65] 0x37e8:0x11 DW_TAG_subprogram
	.long	.Linfo_string588                @ DW_AT_name
	.byte	18                              @ DW_AT_decl_file
	.byte	158                             @ DW_AT_decl_line
	.long	14329                           @ DW_AT_type
                                        @ DW_AT_declaration
                                        @ DW_AT_external
	.byte	66                              @ Abbrev [66] 0x37f3:0x5 DW_TAG_formal_parameter
	.long	8081                            @ DW_AT_type
	.byte	0                               @ End Of Children Mark
	.byte	6                               @ Abbrev [6] 0x37f9:0x7 DW_TAG_base_type
	.long	.Linfo_string589                @ DW_AT_name
	.byte	4                               @ DW_AT_encoding
	.byte	8                               @ DW_AT_byte_size
	.byte	63                              @ Abbrev [63] 0x3800:0x8 DW_TAG_imported_declaration
	.byte	18                              @ DW_AT_decl_file
	.short	825                             @ DW_AT_decl_line
	.long	14312                           @ DW_AT_import
	.byte	65                              @ Abbrev [65] 0x3808:0x11 DW_TAG_subprogram
	.long	.Linfo_string590                @ DW_AT_name
	.byte	18                              @ DW_AT_decl_file
	.byte	164                             @ DW_AT_decl_line
	.long	1658                            @ DW_AT_type
                                        @ DW_AT_declaration
                                        @ DW_AT_external
	.byte	66                              @ Abbrev [66] 0x3813:0x5 DW_TAG_formal_parameter
	.long	8081                            @ DW_AT_type
	.byte	0                               @ End Of Children Mark
	.byte	63                              @ Abbrev [63] 0x3819:0x8 DW_TAG_imported_declaration
	.byte	18                              @ DW_AT_decl_file
	.short	826                             @ DW_AT_decl_line
	.long	14344                           @ DW_AT_import
	.byte	65                              @ Abbrev [65] 0x3821:0x11 DW_TAG_subprogram
	.long	.Linfo_string591                @ DW_AT_name
	.byte	18                              @ DW_AT_decl_file
	.byte	170                             @ DW_AT_decl_line
	.long	12311                           @ DW_AT_type
                                        @ DW_AT_declaration
                                        @ DW_AT_external
	.byte	66                              @ Abbrev [66] 0x382c:0x5 DW_TAG_formal_parameter
	.long	8081                            @ DW_AT_type
	.byte	0                               @ End Of Children Mark
	.byte	63                              @ Abbrev [63] 0x3832:0x8 DW_TAG_imported_declaration
	.byte	18                              @ DW_AT_decl_file
	.short	827                             @ DW_AT_decl_line
	.long	14369                           @ DW_AT_import
	.byte	65                              @ Abbrev [65] 0x383a:0x16 DW_TAG_subprogram
	.long	.Linfo_string592                @ DW_AT_name
	.byte	18                              @ DW_AT_decl_file
	.byte	185                             @ DW_AT_decl_line
	.long	14329                           @ DW_AT_type
                                        @ DW_AT_declaration
                                        @ DW_AT_external
	.byte	66                              @ Abbrev [66] 0x3845:0x5 DW_TAG_formal_parameter
	.long	9737                            @ DW_AT_type
	.byte	66                              @ Abbrev [66] 0x384a:0x5 DW_TAG_formal_parameter
	.long	14416                           @ DW_AT_type
	.byte	0                               @ End Of Children Mark
	.byte	69                              @ Abbrev [69] 0x3850:0x5 DW_TAG_restrict_type
	.long	11143                           @ DW_AT_type
	.byte	63                              @ Abbrev [63] 0x3855:0x8 DW_TAG_imported_declaration
	.byte	18                              @ DW_AT_decl_file
	.short	828                             @ DW_AT_decl_line
	.long	14394                           @ DW_AT_import
	.byte	65                              @ Abbrev [65] 0x385d:0x16 DW_TAG_subprogram
	.long	.Linfo_string593                @ DW_AT_name
	.byte	18                              @ DW_AT_decl_file
	.byte	206                             @ DW_AT_decl_line
	.long	14451                           @ DW_AT_type
                                        @ DW_AT_declaration
                                        @ DW_AT_external
	.byte	66                              @ Abbrev [66] 0x3868:0x5 DW_TAG_formal_parameter
	.long	9737                            @ DW_AT_type
	.byte	66                              @ Abbrev [66] 0x386d:0x5 DW_TAG_formal_parameter
	.long	14416                           @ DW_AT_type
	.byte	0                               @ End Of Children Mark
	.byte	6                               @ Abbrev [6] 0x3873:0x7 DW_TAG_base_type
	.long	.Linfo_string594                @ DW_AT_name
	.byte	4                               @ DW_AT_encoding
	.byte	4                               @ DW_AT_byte_size
	.byte	63                              @ Abbrev [63] 0x387a:0x8 DW_TAG_imported_declaration
	.byte	18                              @ DW_AT_decl_file
	.short	830                             @ DW_AT_decl_line
	.long	14429                           @ DW_AT_import
	.byte	65                              @ Abbrev [65] 0x3882:0x16 DW_TAG_subprogram
	.long	.Linfo_string595                @ DW_AT_name
	.byte	18                              @ DW_AT_decl_file
	.byte	207                             @ DW_AT_decl_line
	.long	14488                           @ DW_AT_type
                                        @ DW_AT_declaration
                                        @ DW_AT_external
	.byte	66                              @ Abbrev [66] 0x388d:0x5 DW_TAG_formal_parameter
	.long	9737                            @ DW_AT_type
	.byte	66                              @ Abbrev [66] 0x3892:0x5 DW_TAG_formal_parameter
	.long	14416                           @ DW_AT_type
	.byte	0                               @ End Of Children Mark
	.byte	6                               @ Abbrev [6] 0x3898:0x7 DW_TAG_base_type
	.long	.Linfo_string596                @ DW_AT_name
	.byte	4                               @ DW_AT_encoding
	.byte	8                               @ DW_AT_byte_size
	.byte	63                              @ Abbrev [63] 0x389f:0x8 DW_TAG_imported_declaration
	.byte	18                              @ DW_AT_decl_file
	.short	831                             @ DW_AT_decl_line
	.long	14466                           @ DW_AT_import
	.byte	65                              @ Abbrev [65] 0x38a7:0x1b DW_TAG_subprogram
	.long	.Linfo_string597                @ DW_AT_name
	.byte	18                              @ DW_AT_decl_file
	.byte	212                             @ DW_AT_decl_line
	.long	12311                           @ DW_AT_type
                                        @ DW_AT_declaration
                                        @ DW_AT_external
	.byte	66                              @ Abbrev [66] 0x38b2:0x5 DW_TAG_formal_parameter
	.long	9737                            @ DW_AT_type
	.byte	66                              @ Abbrev [66] 0x38b7:0x5 DW_TAG_formal_parameter
	.long	14416                           @ DW_AT_type
	.byte	66                              @ Abbrev [66] 0x38bc:0x5 DW_TAG_formal_parameter
	.long	1658                            @ DW_AT_type
	.byte	0                               @ End Of Children Mark
	.byte	63                              @ Abbrev [63] 0x38c2:0x8 DW_TAG_imported_declaration
	.byte	18                              @ DW_AT_decl_file
	.short	833                             @ DW_AT_decl_line
	.long	14503                           @ DW_AT_import
	.byte	65                              @ Abbrev [65] 0x38ca:0x1b DW_TAG_subprogram
	.long	.Linfo_string598                @ DW_AT_name
	.byte	18                              @ DW_AT_decl_file
	.byte	243                             @ DW_AT_decl_line
	.long	2313                            @ DW_AT_type
                                        @ DW_AT_declaration
                                        @ DW_AT_external
	.byte	66                              @ Abbrev [66] 0x38d5:0x5 DW_TAG_formal_parameter
	.long	9737                            @ DW_AT_type
	.byte	66                              @ Abbrev [66] 0x38da:0x5 DW_TAG_formal_parameter
	.long	14416                           @ DW_AT_type
	.byte	66                              @ Abbrev [66] 0x38df:0x5 DW_TAG_formal_parameter
	.long	1658                            @ DW_AT_type
	.byte	0                               @ End Of Children Mark
	.byte	63                              @ Abbrev [63] 0x38e5:0x8 DW_TAG_imported_declaration
	.byte	18                              @ DW_AT_decl_file
	.short	834                             @ DW_AT_decl_line
	.long	14538                           @ DW_AT_import
	.byte	68                              @ Abbrev [68] 0x38ed:0x1c DW_TAG_subprogram
	.long	.Linfo_string599                @ DW_AT_name
	.byte	18                              @ DW_AT_decl_file
	.short	275                             @ DW_AT_decl_line
	.long	9064                            @ DW_AT_type
                                        @ DW_AT_declaration
                                        @ DW_AT_external
	.byte	66                              @ Abbrev [66] 0x38f9:0x5 DW_TAG_formal_parameter
	.long	9737                            @ DW_AT_type
	.byte	66                              @ Abbrev [66] 0x38fe:0x5 DW_TAG_formal_parameter
	.long	14416                           @ DW_AT_type
	.byte	66                              @ Abbrev [66] 0x3903:0x5 DW_TAG_formal_parameter
	.long	1658                            @ DW_AT_type
	.byte	0                               @ End Of Children Mark
	.byte	63                              @ Abbrev [63] 0x3909:0x8 DW_TAG_imported_declaration
	.byte	18                              @ DW_AT_decl_file
	.short	835                             @ DW_AT_decl_line
	.long	14573                           @ DW_AT_import
	.byte	68                              @ Abbrev [68] 0x3911:0x1c DW_TAG_subprogram
	.long	.Linfo_string600                @ DW_AT_name
	.byte	18                              @ DW_AT_decl_file
	.short	284                             @ DW_AT_decl_line
	.long	5098                            @ DW_AT_type
                                        @ DW_AT_declaration
                                        @ DW_AT_external
	.byte	66                              @ Abbrev [66] 0x391d:0x5 DW_TAG_formal_parameter
	.long	9737                            @ DW_AT_type
	.byte	66                              @ Abbrev [66] 0x3922:0x5 DW_TAG_formal_parameter
	.long	14416                           @ DW_AT_type
	.byte	66                              @ Abbrev [66] 0x3927:0x5 DW_TAG_formal_parameter
	.long	1658                            @ DW_AT_type
	.byte	0                               @ End Of Children Mark
	.byte	63                              @ Abbrev [63] 0x392d:0x8 DW_TAG_imported_declaration
	.byte	18                              @ DW_AT_decl_file
	.short	836                             @ DW_AT_decl_line
	.long	14609                           @ DW_AT_import
	.byte	76                              @ Abbrev [76] 0x3935:0xc DW_TAG_subprogram
	.long	.Linfo_string601                @ DW_AT_name
	.byte	18                              @ DW_AT_decl_file
	.short	293                             @ DW_AT_decl_line
	.long	1658                            @ DW_AT_type
                                        @ DW_AT_declaration
                                        @ DW_AT_external
	.byte	63                              @ Abbrev [63] 0x3941:0x8 DW_TAG_imported_declaration
	.byte	18                              @ DW_AT_decl_file
	.short	837                             @ DW_AT_decl_line
	.long	14645                           @ DW_AT_import
	.byte	70                              @ Abbrev [70] 0x3949:0xe DW_TAG_subprogram
	.long	.Linfo_string602                @ DW_AT_name
	.byte	18                              @ DW_AT_decl_file
	.short	303                             @ DW_AT_decl_line
                                        @ DW_AT_declaration
                                        @ DW_AT_external
	.byte	66                              @ Abbrev [66] 0x3951:0x5 DW_TAG_formal_parameter
	.long	1238                            @ DW_AT_type
	.byte	0                               @ End Of Children Mark
	.byte	63                              @ Abbrev [63] 0x3957:0x8 DW_TAG_imported_declaration
	.byte	18                              @ DW_AT_decl_file
	.short	838                             @ DW_AT_decl_line
	.long	14665                           @ DW_AT_import
	.byte	64                              @ Abbrev [64] 0x395f:0x5 DW_TAG_structure_type
	.long	.Linfo_string603                @ DW_AT_name
                                        @ DW_AT_declaration
	.byte	63                              @ Abbrev [63] 0x3964:0x8 DW_TAG_imported_declaration
	.byte	18                              @ DW_AT_decl_file
	.short	839                             @ DW_AT_decl_line
	.long	14687                           @ DW_AT_import
	.byte	68                              @ Abbrev [68] 0x396c:0x12 DW_TAG_subprogram
	.long	.Linfo_string604                @ DW_AT_name
	.byte	18                              @ DW_AT_decl_file
	.short	314                             @ DW_AT_decl_line
	.long	1658                            @ DW_AT_type
                                        @ DW_AT_declaration
                                        @ DW_AT_external
	.byte	66                              @ Abbrev [66] 0x3978:0x5 DW_TAG_formal_parameter
	.long	14718                           @ DW_AT_type
	.byte	0                               @ End Of Children Mark
	.byte	31                              @ Abbrev [31] 0x397e:0x5 DW_TAG_pointer_type
	.long	14687                           @ DW_AT_type
	.byte	63                              @ Abbrev [63] 0x3983:0x8 DW_TAG_imported_declaration
	.byte	18                              @ DW_AT_decl_file
	.short	840                             @ DW_AT_decl_line
	.long	14700                           @ DW_AT_import
	.byte	70                              @ Abbrev [70] 0x398b:0x13 DW_TAG_subprogram
	.long	.Linfo_string605                @ DW_AT_name
	.byte	18                              @ DW_AT_decl_file
	.short	315                             @ DW_AT_decl_line
                                        @ DW_AT_declaration
                                        @ DW_AT_external
	.byte	66                              @ Abbrev [66] 0x3993:0x5 DW_TAG_formal_parameter
	.long	14718                           @ DW_AT_type
	.byte	66                              @ Abbrev [66] 0x3998:0x5 DW_TAG_formal_parameter
	.long	1238                            @ DW_AT_type
	.byte	0                               @ End Of Children Mark
	.byte	63                              @ Abbrev [63] 0x399e:0x8 DW_TAG_imported_declaration
	.byte	18                              @ DW_AT_decl_file
	.short	841                             @ DW_AT_decl_line
	.long	14731                           @ DW_AT_import
	.byte	64                              @ Abbrev [64] 0x39a6:0x5 DW_TAG_structure_type
	.long	.Linfo_string606                @ DW_AT_name
                                        @ DW_AT_declaration
	.byte	63                              @ Abbrev [63] 0x39ab:0x8 DW_TAG_imported_declaration
	.byte	18                              @ DW_AT_decl_file
	.short	842                             @ DW_AT_decl_line
	.long	14758                           @ DW_AT_import
	.byte	68                              @ Abbrev [68] 0x39b3:0x12 DW_TAG_subprogram
	.long	.Linfo_string607                @ DW_AT_name
	.byte	18                              @ DW_AT_decl_file
	.short	317                             @ DW_AT_decl_line
	.long	1658                            @ DW_AT_type
                                        @ DW_AT_declaration
                                        @ DW_AT_external
	.byte	66                              @ Abbrev [66] 0x39bf:0x5 DW_TAG_formal_parameter
	.long	14789                           @ DW_AT_type
	.byte	0                               @ End Of Children Mark
	.byte	31                              @ Abbrev [31] 0x39c5:0x5 DW_TAG_pointer_type
	.long	14758                           @ DW_AT_type
	.byte	63                              @ Abbrev [63] 0x39ca:0x8 DW_TAG_imported_declaration
	.byte	18                              @ DW_AT_decl_file
	.short	843                             @ DW_AT_decl_line
	.long	14771                           @ DW_AT_import
	.byte	70                              @ Abbrev [70] 0x39d2:0x13 DW_TAG_subprogram
	.long	.Linfo_string608                @ DW_AT_name
	.byte	18                              @ DW_AT_decl_file
	.short	318                             @ DW_AT_decl_line
                                        @ DW_AT_declaration
                                        @ DW_AT_external
	.byte	66                              @ Abbrev [66] 0x39da:0x5 DW_TAG_formal_parameter
	.long	14789                           @ DW_AT_type
	.byte	66                              @ Abbrev [66] 0x39df:0x5 DW_TAG_formal_parameter
	.long	1238                            @ DW_AT_type
	.byte	0                               @ End Of Children Mark
	.byte	63                              @ Abbrev [63] 0x39e5:0x8 DW_TAG_imported_declaration
	.byte	18                              @ DW_AT_decl_file
	.short	844                             @ DW_AT_decl_line
	.long	14802                           @ DW_AT_import
	.byte	68                              @ Abbrev [68] 0x39ed:0x17 DW_TAG_subprogram
	.long	.Linfo_string609                @ DW_AT_name
	.byte	18                              @ DW_AT_decl_file
	.short	324                             @ DW_AT_decl_line
	.long	12145                           @ DW_AT_type
                                        @ DW_AT_declaration
                                        @ DW_AT_external
	.byte	66                              @ Abbrev [66] 0x39f9:0x5 DW_TAG_formal_parameter
	.long	14852                           @ DW_AT_type
	.byte	66                              @ Abbrev [66] 0x39fe:0x5 DW_TAG_formal_parameter
	.long	14852                           @ DW_AT_type
	.byte	0                               @ End Of Children Mark
	.byte	26                              @ Abbrev [26] 0x3a04:0xb DW_TAG_typedef
	.long	1238                            @ DW_AT_type
	.long	.Linfo_string453                @ DW_AT_name
	.byte	18                              @ DW_AT_decl_file
	.byte	64                              @ DW_AT_decl_line
	.byte	63                              @ Abbrev [63] 0x3a0f:0x8 DW_TAG_imported_declaration
	.byte	18                              @ DW_AT_decl_file
	.short	845                             @ DW_AT_decl_line
	.long	14829                           @ DW_AT_import
	.byte	70                              @ Abbrev [70] 0x3a17:0xe DW_TAG_subprogram
	.long	.Linfo_string610                @ DW_AT_name
	.byte	18                              @ DW_AT_decl_file
	.short	330                             @ DW_AT_decl_line
                                        @ DW_AT_declaration
                                        @ DW_AT_external
	.byte	66                              @ Abbrev [66] 0x3a1f:0x5 DW_TAG_formal_parameter
	.long	12145                           @ DW_AT_type
	.byte	0                               @ End Of Children Mark
	.byte	63                              @ Abbrev [63] 0x3a25:0x8 DW_TAG_imported_declaration
	.byte	18                              @ DW_AT_decl_file
	.short	846                             @ DW_AT_decl_line
	.long	14871                           @ DW_AT_import
	.byte	68                              @ Abbrev [68] 0x3a2d:0x12 DW_TAG_subprogram
	.long	.Linfo_string611                @ DW_AT_name
	.byte	18                              @ DW_AT_decl_file
	.short	338                             @ DW_AT_decl_line
	.long	12145                           @ DW_AT_type
                                        @ DW_AT_declaration
                                        @ DW_AT_external
	.byte	66                              @ Abbrev [66] 0x3a39:0x5 DW_TAG_formal_parameter
	.long	14852                           @ DW_AT_type
	.byte	0                               @ End Of Children Mark
	.byte	63                              @ Abbrev [63] 0x3a3f:0x8 DW_TAG_imported_declaration
	.byte	18                              @ DW_AT_decl_file
	.short	847                             @ DW_AT_decl_line
	.long	14893                           @ DW_AT_import
	.byte	68                              @ Abbrev [68] 0x3a47:0x17 DW_TAG_subprogram
	.long	.Linfo_string612                @ DW_AT_name
	.byte	18                              @ DW_AT_decl_file
	.short	344                             @ DW_AT_decl_line
	.long	12145                           @ DW_AT_type
                                        @ DW_AT_declaration
                                        @ DW_AT_external
	.byte	66                              @ Abbrev [66] 0x3a53:0x5 DW_TAG_formal_parameter
	.long	12145                           @ DW_AT_type
	.byte	66                              @ Abbrev [66] 0x3a58:0x5 DW_TAG_formal_parameter
	.long	14852                           @ DW_AT_type
	.byte	0                               @ End Of Children Mark
	.byte	63                              @ Abbrev [63] 0x3a5e:0x8 DW_TAG_imported_declaration
	.byte	18                              @ DW_AT_decl_file
	.short	848                             @ DW_AT_decl_line
	.long	14919                           @ DW_AT_import
	.byte	39                              @ Abbrev [39] 0x3a66:0xc DW_TAG_typedef
	.long	14962                           @ DW_AT_type
	.long	.Linfo_string613                @ DW_AT_name
	.byte	18                              @ DW_AT_decl_file
	.short	374                             @ DW_AT_decl_line
	.byte	31                              @ Abbrev [31] 0x3a72:0x5 DW_TAG_pointer_type
	.long	14967                           @ DW_AT_type
	.byte	83                              @ Abbrev [83] 0x3a77:0x11 DW_TAG_subroutine_type
	.long	1658                            @ DW_AT_type
	.byte	66                              @ Abbrev [66] 0x3a7c:0x5 DW_TAG_formal_parameter
	.long	12145                           @ DW_AT_type
	.byte	66                              @ Abbrev [66] 0x3a81:0x5 DW_TAG_formal_parameter
	.long	8081                            @ DW_AT_type
	.byte	71                              @ Abbrev [71] 0x3a86:0x1 DW_TAG_unspecified_parameters
	.byte	0                               @ End Of Children Mark
	.byte	63                              @ Abbrev [63] 0x3a88:0x8 DW_TAG_imported_declaration
	.byte	18                              @ DW_AT_decl_file
	.short	852                             @ DW_AT_decl_line
	.long	14950                           @ DW_AT_import
	.byte	70                              @ Abbrev [70] 0x3a90:0x13 DW_TAG_subprogram
	.long	.Linfo_string614                @ DW_AT_name
	.byte	18                              @ DW_AT_decl_file
	.short	375                             @ DW_AT_decl_line
                                        @ DW_AT_declaration
                                        @ DW_AT_external
	.byte	66                              @ Abbrev [66] 0x3a98:0x5 DW_TAG_formal_parameter
	.long	14962                           @ DW_AT_type
	.byte	66                              @ Abbrev [66] 0x3a9d:0x5 DW_TAG_formal_parameter
	.long	12145                           @ DW_AT_type
	.byte	0                               @ End Of Children Mark
	.byte	63                              @ Abbrev [63] 0x3aa3:0x8 DW_TAG_imported_declaration
	.byte	18                              @ DW_AT_decl_file
	.short	853                             @ DW_AT_decl_line
	.long	14992                           @ DW_AT_import
	.byte	68                              @ Abbrev [68] 0x3aab:0x1c DW_TAG_subprogram
	.long	.Linfo_string615                @ DW_AT_name
	.byte	18                              @ DW_AT_decl_file
	.short	390                             @ DW_AT_decl_line
	.long	1658                            @ DW_AT_type
                                        @ DW_AT_declaration
                                        @ DW_AT_external
	.byte	66                              @ Abbrev [66] 0x3ab7:0x5 DW_TAG_formal_parameter
	.long	14962                           @ DW_AT_type
	.byte	66                              @ Abbrev [66] 0x3abc:0x5 DW_TAG_formal_parameter
	.long	12145                           @ DW_AT_type
	.byte	66                              @ Abbrev [66] 0x3ac1:0x5 DW_TAG_formal_parameter
	.long	1658                            @ DW_AT_type
	.byte	0                               @ End Of Children Mark
	.byte	63                              @ Abbrev [63] 0x3ac7:0x8 DW_TAG_imported_declaration
	.byte	18                              @ DW_AT_decl_file
	.short	854                             @ DW_AT_decl_line
	.long	15019                           @ DW_AT_import
	.byte	84                              @ Abbrev [84] 0x3acf:0x8 DW_TAG_subprogram
	.long	.Linfo_string616                @ DW_AT_name
	.byte	18                              @ DW_AT_decl_file
	.short	411                             @ DW_AT_decl_line
                                        @ DW_AT_declaration
                                        @ DW_AT_external
                                        @ DW_AT_noreturn
	.byte	63                              @ Abbrev [63] 0x3ad7:0x8 DW_TAG_imported_declaration
	.byte	18                              @ DW_AT_decl_file
	.short	855                             @ DW_AT_decl_line
	.long	15055                           @ DW_AT_import
	.byte	68                              @ Abbrev [68] 0x3adf:0x12 DW_TAG_subprogram
	.long	.Linfo_string617                @ DW_AT_name
	.byte	18                              @ DW_AT_decl_file
	.short	422                             @ DW_AT_decl_line
	.long	1658                            @ DW_AT_type
                                        @ DW_AT_declaration
                                        @ DW_AT_external
	.byte	66                              @ Abbrev [66] 0x3aeb:0x5 DW_TAG_formal_parameter
	.long	15089                           @ DW_AT_type
	.byte	0                               @ End Of Children Mark
	.byte	31                              @ Abbrev [31] 0x3af1:0x5 DW_TAG_pointer_type
	.long	15094                           @ DW_AT_type
	.byte	85                              @ Abbrev [85] 0x3af6:0x1 DW_TAG_subroutine_type
	.byte	63                              @ Abbrev [63] 0x3af7:0x8 DW_TAG_imported_declaration
	.byte	18                              @ DW_AT_decl_file
	.short	856                             @ DW_AT_decl_line
	.long	15071                           @ DW_AT_import
	.byte	86                              @ Abbrev [86] 0x3aff:0xe DW_TAG_subprogram
	.long	.Linfo_string618                @ DW_AT_name
	.byte	18                              @ DW_AT_decl_file
	.short	444                             @ DW_AT_decl_line
                                        @ DW_AT_declaration
                                        @ DW_AT_external
                                        @ DW_AT_noreturn
	.byte	66                              @ Abbrev [66] 0x3b07:0x5 DW_TAG_formal_parameter
	.long	1658                            @ DW_AT_type
	.byte	0                               @ End Of Children Mark
	.byte	63                              @ Abbrev [63] 0x3b0d:0x8 DW_TAG_imported_declaration
	.byte	18                              @ DW_AT_decl_file
	.short	857                             @ DW_AT_decl_line
	.long	15103                           @ DW_AT_import
	.byte	86                              @ Abbrev [86] 0x3b15:0xe DW_TAG_subprogram
	.long	.Linfo_string619                @ DW_AT_name
	.byte	18                              @ DW_AT_decl_file
	.short	460                             @ DW_AT_decl_line
                                        @ DW_AT_declaration
                                        @ DW_AT_external
                                        @ DW_AT_noreturn
	.byte	66                              @ Abbrev [66] 0x3b1d:0x5 DW_TAG_formal_parameter
	.long	1658                            @ DW_AT_type
	.byte	0                               @ End Of Children Mark
	.byte	63                              @ Abbrev [63] 0x3b23:0x8 DW_TAG_imported_declaration
	.byte	18                              @ DW_AT_decl_file
	.short	858                             @ DW_AT_decl_line
	.long	15125                           @ DW_AT_import
	.byte	68                              @ Abbrev [68] 0x3b2b:0x12 DW_TAG_subprogram
	.long	.Linfo_string620                @ DW_AT_name
	.byte	18                              @ DW_AT_decl_file
	.short	471                             @ DW_AT_decl_line
	.long	8795                            @ DW_AT_type
                                        @ DW_AT_declaration
                                        @ DW_AT_external
	.byte	66                              @ Abbrev [66] 0x3b37:0x5 DW_TAG_formal_parameter
	.long	8081                            @ DW_AT_type
	.byte	0                               @ End Of Children Mark
	.byte	63                              @ Abbrev [63] 0x3b3d:0x8 DW_TAG_imported_declaration
	.byte	18                              @ DW_AT_decl_file
	.short	859                             @ DW_AT_decl_line
	.long	15147                           @ DW_AT_import
	.byte	68                              @ Abbrev [68] 0x3b45:0x12 DW_TAG_subprogram
	.long	.Linfo_string621                @ DW_AT_name
	.byte	18                              @ DW_AT_decl_file
	.short	484                             @ DW_AT_decl_line
	.long	1658                            @ DW_AT_type
                                        @ DW_AT_declaration
                                        @ DW_AT_external
	.byte	66                              @ Abbrev [66] 0x3b51:0x5 DW_TAG_formal_parameter
	.long	8081                            @ DW_AT_type
	.byte	0                               @ End Of Children Mark
	.byte	63                              @ Abbrev [63] 0x3b57:0x8 DW_TAG_imported_declaration
	.byte	18                              @ DW_AT_decl_file
	.short	860                             @ DW_AT_decl_line
	.long	15173                           @ DW_AT_import
	.byte	68                              @ Abbrev [68] 0x3b5f:0x26 DW_TAG_subprogram
	.long	.Linfo_string622                @ DW_AT_name
	.byte	18                              @ DW_AT_decl_file
	.short	497                             @ DW_AT_decl_line
	.long	12145                           @ DW_AT_type
                                        @ DW_AT_declaration
                                        @ DW_AT_external
	.byte	66                              @ Abbrev [66] 0x3b6b:0x5 DW_TAG_formal_parameter
	.long	12228                           @ DW_AT_type
	.byte	66                              @ Abbrev [66] 0x3b70:0x5 DW_TAG_formal_parameter
	.long	12228                           @ DW_AT_type
	.byte	66                              @ Abbrev [66] 0x3b75:0x5 DW_TAG_formal_parameter
	.long	14852                           @ DW_AT_type
	.byte	66                              @ Abbrev [66] 0x3b7a:0x5 DW_TAG_formal_parameter
	.long	14852                           @ DW_AT_type
	.byte	66                              @ Abbrev [66] 0x3b7f:0x5 DW_TAG_formal_parameter
	.long	15237                           @ DW_AT_type
	.byte	0                               @ End Of Children Mark
	.byte	31                              @ Abbrev [31] 0x3b85:0x5 DW_TAG_pointer_type
	.long	15242                           @ DW_AT_type
	.byte	83                              @ Abbrev [83] 0x3b8a:0x10 DW_TAG_subroutine_type
	.long	1658                            @ DW_AT_type
	.byte	66                              @ Abbrev [66] 0x3b8f:0x5 DW_TAG_formal_parameter
	.long	12228                           @ DW_AT_type
	.byte	66                              @ Abbrev [66] 0x3b94:0x5 DW_TAG_formal_parameter
	.long	12228                           @ DW_AT_type
	.byte	0                               @ End Of Children Mark
	.byte	63                              @ Abbrev [63] 0x3b9a:0x8 DW_TAG_imported_declaration
	.byte	18                              @ DW_AT_decl_file
	.short	861                             @ DW_AT_decl_line
	.long	15199                           @ DW_AT_import
	.byte	70                              @ Abbrev [70] 0x3ba2:0x1d DW_TAG_subprogram
	.long	.Linfo_string623                @ DW_AT_name
	.byte	18                              @ DW_AT_decl_file
	.short	532                             @ DW_AT_decl_line
                                        @ DW_AT_declaration
                                        @ DW_AT_external
	.byte	66                              @ Abbrev [66] 0x3baa:0x5 DW_TAG_formal_parameter
	.long	12145                           @ DW_AT_type
	.byte	66                              @ Abbrev [66] 0x3baf:0x5 DW_TAG_formal_parameter
	.long	14852                           @ DW_AT_type
	.byte	66                              @ Abbrev [66] 0x3bb4:0x5 DW_TAG_formal_parameter
	.long	14852                           @ DW_AT_type
	.byte	66                              @ Abbrev [66] 0x3bb9:0x5 DW_TAG_formal_parameter
	.long	15237                           @ DW_AT_type
	.byte	0                               @ End Of Children Mark
	.byte	63                              @ Abbrev [63] 0x3bbf:0x8 DW_TAG_imported_declaration
	.byte	18                              @ DW_AT_decl_file
	.short	862                             @ DW_AT_decl_line
	.long	15266                           @ DW_AT_import
	.byte	81                              @ Abbrev [81] 0x3bc7:0x16 DW_TAG_subprogram
	.long	.Linfo_string624                @ DW_AT_linkage_name
	.long	.Linfo_string625                @ DW_AT_name
	.byte	18                              @ DW_AT_decl_file
	.short	617                             @ DW_AT_decl_line
	.long	9064                            @ DW_AT_type
                                        @ DW_AT_declaration
                                        @ DW_AT_external
	.byte	66                              @ Abbrev [66] 0x3bd7:0x5 DW_TAG_formal_parameter
	.long	9064                            @ DW_AT_type
	.byte	0                               @ End Of Children Mark
	.byte	63                              @ Abbrev [63] 0x3bdd:0x8 DW_TAG_imported_declaration
	.byte	18                              @ DW_AT_decl_file
	.short	863                             @ DW_AT_decl_line
	.long	15303                           @ DW_AT_import
	.byte	81                              @ Abbrev [81] 0x3be5:0x1b DW_TAG_subprogram
	.long	.Linfo_string626                @ DW_AT_linkage_name
	.long	.Linfo_string627                @ DW_AT_name
	.byte	18                              @ DW_AT_decl_file
	.short	635                             @ DW_AT_decl_line
	.long	14182                           @ DW_AT_type
                                        @ DW_AT_declaration
                                        @ DW_AT_external
	.byte	66                              @ Abbrev [66] 0x3bf5:0x5 DW_TAG_formal_parameter
	.long	9064                            @ DW_AT_type
	.byte	66                              @ Abbrev [66] 0x3bfa:0x5 DW_TAG_formal_parameter
	.long	9064                            @ DW_AT_type
	.byte	0                               @ End Of Children Mark
	.byte	63                              @ Abbrev [63] 0x3c00:0x8 DW_TAG_imported_declaration
	.byte	18                              @ DW_AT_decl_file
	.short	864                             @ DW_AT_decl_line
	.long	15333                           @ DW_AT_import
	.byte	68                              @ Abbrev [68] 0x3c08:0x12 DW_TAG_subprogram
	.long	.Linfo_string628                @ DW_AT_name
	.byte	18                              @ DW_AT_decl_file
	.short	579                             @ DW_AT_decl_line
	.long	12311                           @ DW_AT_type
                                        @ DW_AT_declaration
                                        @ DW_AT_external
	.byte	66                              @ Abbrev [66] 0x3c14:0x5 DW_TAG_formal_parameter
	.long	12311                           @ DW_AT_type
	.byte	0                               @ End Of Children Mark
	.byte	63                              @ Abbrev [63] 0x3c1a:0x8 DW_TAG_imported_declaration
	.byte	18                              @ DW_AT_decl_file
	.short	865                             @ DW_AT_decl_line
	.long	15368                           @ DW_AT_import
	.byte	68                              @ Abbrev [68] 0x3c22:0x17 DW_TAG_subprogram
	.long	.Linfo_string629                @ DW_AT_name
	.byte	18                              @ DW_AT_decl_file
	.short	589                             @ DW_AT_decl_line
	.long	14259                           @ DW_AT_type
                                        @ DW_AT_declaration
                                        @ DW_AT_external
	.byte	66                              @ Abbrev [66] 0x3c2e:0x5 DW_TAG_formal_parameter
	.long	12311                           @ DW_AT_type
	.byte	66                              @ Abbrev [66] 0x3c33:0x5 DW_TAG_formal_parameter
	.long	12311                           @ DW_AT_type
	.byte	0                               @ End Of Children Mark
	.byte	63                              @ Abbrev [63] 0x3c39:0x8 DW_TAG_imported_declaration
	.byte	18                              @ DW_AT_decl_file
	.short	866                             @ DW_AT_decl_line
	.long	15394                           @ DW_AT_import
	.byte	68                              @ Abbrev [68] 0x3c41:0x12 DW_TAG_subprogram
	.long	.Linfo_string630                @ DW_AT_name
	.byte	18                              @ DW_AT_decl_file
	.short	610                             @ DW_AT_decl_line
	.long	9064                            @ DW_AT_type
                                        @ DW_AT_declaration
                                        @ DW_AT_external
	.byte	66                              @ Abbrev [66] 0x3c4d:0x5 DW_TAG_formal_parameter
	.long	9064                            @ DW_AT_type
	.byte	0                               @ End Of Children Mark
	.byte	63                              @ Abbrev [63] 0x3c53:0x8 DW_TAG_imported_declaration
	.byte	18                              @ DW_AT_decl_file
	.short	868                             @ DW_AT_decl_line
	.long	15425                           @ DW_AT_import
	.byte	68                              @ Abbrev [68] 0x3c5b:0x17 DW_TAG_subprogram
	.long	.Linfo_string631                @ DW_AT_name
	.byte	18                              @ DW_AT_decl_file
	.short	620                             @ DW_AT_decl_line
	.long	14182                           @ DW_AT_type
                                        @ DW_AT_declaration
                                        @ DW_AT_external
	.byte	66                              @ Abbrev [66] 0x3c67:0x5 DW_TAG_formal_parameter
	.long	9064                            @ DW_AT_type
	.byte	66                              @ Abbrev [66] 0x3c6c:0x5 DW_TAG_formal_parameter
	.long	9064                            @ DW_AT_type
	.byte	0                               @ End Of Children Mark
	.byte	63                              @ Abbrev [63] 0x3c72:0x8 DW_TAG_imported_declaration
	.byte	18                              @ DW_AT_decl_file
	.short	869                             @ DW_AT_decl_line
	.long	15451                           @ DW_AT_import
	.byte	39                              @ Abbrev [39] 0x3c7a:0xc DW_TAG_typedef
	.long	15494                           @ DW_AT_type
	.long	.Linfo_string632                @ DW_AT_name
	.byte	18                              @ DW_AT_decl_file
	.short	644                             @ DW_AT_decl_line
	.byte	64                              @ Abbrev [64] 0x3c86:0x5 DW_TAG_structure_type
	.long	.Linfo_string632                @ DW_AT_name
                                        @ DW_AT_declaration
	.byte	63                              @ Abbrev [63] 0x3c8b:0x8 DW_TAG_imported_declaration
	.byte	18                              @ DW_AT_decl_file
	.short	871                             @ DW_AT_decl_line
	.long	15482                           @ DW_AT_import
	.byte	39                              @ Abbrev [39] 0x3c93:0xc DW_TAG_typedef
	.long	15519                           @ DW_AT_type
	.long	.Linfo_string633                @ DW_AT_name
	.byte	18                              @ DW_AT_decl_file
	.short	645                             @ DW_AT_decl_line
	.byte	64                              @ Abbrev [64] 0x3c9f:0x5 DW_TAG_structure_type
	.long	.Linfo_string633                @ DW_AT_name
                                        @ DW_AT_declaration
	.byte	63                              @ Abbrev [63] 0x3ca4:0x8 DW_TAG_imported_declaration
	.byte	18                              @ DW_AT_decl_file
	.short	872                             @ DW_AT_decl_line
	.long	15507                           @ DW_AT_import
	.byte	39                              @ Abbrev [39] 0x3cac:0xc DW_TAG_typedef
	.long	15544                           @ DW_AT_type
	.long	.Linfo_string634                @ DW_AT_name
	.byte	18                              @ DW_AT_decl_file
	.short	647                             @ DW_AT_decl_line
	.byte	64                              @ Abbrev [64] 0x3cb8:0x5 DW_TAG_structure_type
	.long	.Linfo_string634                @ DW_AT_name
                                        @ DW_AT_declaration
	.byte	63                              @ Abbrev [63] 0x3cbd:0x8 DW_TAG_imported_declaration
	.byte	18                              @ DW_AT_decl_file
	.short	873                             @ DW_AT_decl_line
	.long	15532                           @ DW_AT_import
	.byte	68                              @ Abbrev [68] 0x3cc5:0x17 DW_TAG_subprogram
	.long	.Linfo_string635                @ DW_AT_name
	.byte	18                              @ DW_AT_decl_file
	.short	649                             @ DW_AT_decl_line
	.long	15482                           @ DW_AT_type
                                        @ DW_AT_declaration
                                        @ DW_AT_external
	.byte	66                              @ Abbrev [66] 0x3cd1:0x5 DW_TAG_formal_parameter
	.long	1658                            @ DW_AT_type
	.byte	66                              @ Abbrev [66] 0x3cd6:0x5 DW_TAG_formal_parameter
	.long	1549                            @ DW_AT_type
	.byte	0                               @ End Of Children Mark
	.byte	63                              @ Abbrev [63] 0x3cdc:0x8 DW_TAG_imported_declaration
	.byte	18                              @ DW_AT_decl_file
	.short	874                             @ DW_AT_decl_line
	.long	15557                           @ DW_AT_import
	.byte	68                              @ Abbrev [68] 0x3ce4:0x17 DW_TAG_subprogram
	.long	.Linfo_string636                @ DW_AT_name
	.byte	18                              @ DW_AT_decl_file
	.short	655                             @ DW_AT_decl_line
	.long	15507                           @ DW_AT_type
                                        @ DW_AT_declaration
                                        @ DW_AT_external
	.byte	66                              @ Abbrev [66] 0x3cf0:0x5 DW_TAG_formal_parameter
	.long	1238                            @ DW_AT_type
	.byte	66                              @ Abbrev [66] 0x3cf5:0x5 DW_TAG_formal_parameter
	.long	1198                            @ DW_AT_type
	.byte	0                               @ End Of Children Mark
	.byte	63                              @ Abbrev [63] 0x3cfb:0x8 DW_TAG_imported_declaration
	.byte	18                              @ DW_AT_decl_file
	.short	875                             @ DW_AT_decl_line
	.long	15588                           @ DW_AT_import
	.byte	68                              @ Abbrev [68] 0x3d03:0x1c DW_TAG_subprogram
	.long	.Linfo_string637                @ DW_AT_name
	.byte	18                              @ DW_AT_decl_file
	.short	661                             @ DW_AT_decl_line
	.long	15532                           @ DW_AT_type
                                        @ DW_AT_declaration
                                        @ DW_AT_external
	.byte	66                              @ Abbrev [66] 0x3d0f:0x5 DW_TAG_formal_parameter
	.long	1658                            @ DW_AT_type
	.byte	66                              @ Abbrev [66] 0x3d14:0x5 DW_TAG_formal_parameter
	.long	1238                            @ DW_AT_type
	.byte	66                              @ Abbrev [66] 0x3d19:0x5 DW_TAG_formal_parameter
	.long	1658                            @ DW_AT_type
	.byte	0                               @ End Of Children Mark
	.byte	63                              @ Abbrev [63] 0x3d1f:0x8 DW_TAG_imported_declaration
	.byte	18                              @ DW_AT_decl_file
	.short	876                             @ DW_AT_decl_line
	.long	15619                           @ DW_AT_import
	.byte	68                              @ Abbrev [68] 0x3d27:0x17 DW_TAG_subprogram
	.long	.Linfo_string638                @ DW_AT_name
	.byte	18                              @ DW_AT_decl_file
	.short	671                             @ DW_AT_decl_line
	.long	1238                            @ DW_AT_type
                                        @ DW_AT_declaration
                                        @ DW_AT_external
	.byte	66                              @ Abbrev [66] 0x3d33:0x5 DW_TAG_formal_parameter
	.long	1238                            @ DW_AT_type
	.byte	66                              @ Abbrev [66] 0x3d38:0x5 DW_TAG_formal_parameter
	.long	1238                            @ DW_AT_type
	.byte	0                               @ End Of Children Mark
	.byte	63                              @ Abbrev [63] 0x3d3e:0x8 DW_TAG_imported_declaration
	.byte	18                              @ DW_AT_decl_file
	.short	877                             @ DW_AT_decl_line
	.long	15655                           @ DW_AT_import
	.byte	68                              @ Abbrev [68] 0x3d46:0x17 DW_TAG_subprogram
	.long	.Linfo_string639                @ DW_AT_name
	.byte	18                              @ DW_AT_decl_file
	.short	705                             @ DW_AT_decl_line
	.long	1658                            @ DW_AT_type
                                        @ DW_AT_declaration
                                        @ DW_AT_external
	.byte	66                              @ Abbrev [66] 0x3d52:0x5 DW_TAG_formal_parameter
	.long	8081                            @ DW_AT_type
	.byte	66                              @ Abbrev [66] 0x3d57:0x5 DW_TAG_formal_parameter
	.long	14852                           @ DW_AT_type
	.byte	0                               @ End Of Children Mark
	.byte	63                              @ Abbrev [63] 0x3d5d:0x8 DW_TAG_imported_declaration
	.byte	18                              @ DW_AT_decl_file
	.short	878                             @ DW_AT_decl_line
	.long	15686                           @ DW_AT_import
	.byte	68                              @ Abbrev [68] 0x3d65:0x1c DW_TAG_subprogram
	.long	.Linfo_string640                @ DW_AT_name
	.byte	18                              @ DW_AT_decl_file
	.short	720                             @ DW_AT_decl_line
	.long	1658                            @ DW_AT_type
                                        @ DW_AT_declaration
                                        @ DW_AT_external
	.byte	66                              @ Abbrev [66] 0x3d71:0x5 DW_TAG_formal_parameter
	.long	15745                           @ DW_AT_type
	.byte	66                              @ Abbrev [66] 0x3d76:0x5 DW_TAG_formal_parameter
	.long	9737                            @ DW_AT_type
	.byte	66                              @ Abbrev [66] 0x3d7b:0x5 DW_TAG_formal_parameter
	.long	14852                           @ DW_AT_type
	.byte	0                               @ End Of Children Mark
	.byte	69                              @ Abbrev [69] 0x3d81:0x5 DW_TAG_restrict_type
	.long	15750                           @ DW_AT_type
	.byte	31                              @ Abbrev [31] 0x3d86:0x5 DW_TAG_pointer_type
	.long	15755                           @ DW_AT_type
	.byte	6                               @ Abbrev [6] 0x3d8b:0x7 DW_TAG_base_type
	.long	.Linfo_string641                @ DW_AT_name
	.byte	7                               @ DW_AT_encoding
	.byte	2                               @ DW_AT_byte_size
	.byte	63                              @ Abbrev [63] 0x3d92:0x8 DW_TAG_imported_declaration
	.byte	18                              @ DW_AT_decl_file
	.short	879                             @ DW_AT_decl_line
	.long	15717                           @ DW_AT_import
	.byte	68                              @ Abbrev [68] 0x3d9a:0x17 DW_TAG_subprogram
	.long	.Linfo_string642                @ DW_AT_name
	.byte	18                              @ DW_AT_decl_file
	.short	739                             @ DW_AT_decl_line
	.long	1658                            @ DW_AT_type
                                        @ DW_AT_declaration
                                        @ DW_AT_external
	.byte	66                              @ Abbrev [66] 0x3da6:0x5 DW_TAG_formal_parameter
	.long	8795                            @ DW_AT_type
	.byte	66                              @ Abbrev [66] 0x3dab:0x5 DW_TAG_formal_parameter
	.long	15755                           @ DW_AT_type
	.byte	0                               @ End Of Children Mark
	.byte	63                              @ Abbrev [63] 0x3db1:0x8 DW_TAG_imported_declaration
	.byte	18                              @ DW_AT_decl_file
	.short	880                             @ DW_AT_decl_line
	.long	15770                           @ DW_AT_import
	.byte	68                              @ Abbrev [68] 0x3db9:0x1c DW_TAG_subprogram
	.long	.Linfo_string643                @ DW_AT_name
	.byte	18                              @ DW_AT_decl_file
	.short	761                             @ DW_AT_decl_line
	.long	14852                           @ DW_AT_type
                                        @ DW_AT_declaration
                                        @ DW_AT_external
	.byte	66                              @ Abbrev [66] 0x3dc5:0x5 DW_TAG_formal_parameter
	.long	15745                           @ DW_AT_type
	.byte	66                              @ Abbrev [66] 0x3dca:0x5 DW_TAG_formal_parameter
	.long	9737                            @ DW_AT_type
	.byte	66                              @ Abbrev [66] 0x3dcf:0x5 DW_TAG_formal_parameter
	.long	14852                           @ DW_AT_type
	.byte	0                               @ End Of Children Mark
	.byte	63                              @ Abbrev [63] 0x3dd5:0x8 DW_TAG_imported_declaration
	.byte	18                              @ DW_AT_decl_file
	.short	881                             @ DW_AT_decl_line
	.long	15801                           @ DW_AT_import
	.byte	68                              @ Abbrev [68] 0x3ddd:0x1c DW_TAG_subprogram
	.long	.Linfo_string644                @ DW_AT_name
	.byte	18                              @ DW_AT_decl_file
	.short	779                             @ DW_AT_decl_line
	.long	14852                           @ DW_AT_type
                                        @ DW_AT_declaration
                                        @ DW_AT_external
	.byte	66                              @ Abbrev [66] 0x3de9:0x5 DW_TAG_formal_parameter
	.long	9810                            @ DW_AT_type
	.byte	66                              @ Abbrev [66] 0x3dee:0x5 DW_TAG_formal_parameter
	.long	15865                           @ DW_AT_type
	.byte	66                              @ Abbrev [66] 0x3df3:0x5 DW_TAG_formal_parameter
	.long	14852                           @ DW_AT_type
	.byte	0                               @ End Of Children Mark
	.byte	69                              @ Abbrev [69] 0x3df9:0x5 DW_TAG_restrict_type
	.long	15870                           @ DW_AT_type
	.byte	31                              @ Abbrev [31] 0x3dfe:0x5 DW_TAG_pointer_type
	.long	15875                           @ DW_AT_type
	.byte	5                               @ Abbrev [5] 0x3e03:0x5 DW_TAG_const_type
	.long	15755                           @ DW_AT_type
	.byte	63                              @ Abbrev [63] 0x3e08:0x8 DW_TAG_imported_declaration
	.byte	18                              @ DW_AT_decl_file
	.short	882                             @ DW_AT_decl_line
	.long	15837                           @ DW_AT_import
	.byte	79                              @ Abbrev [79] 0x3e10:0x8 DW_TAG_subprogram
	.long	.Linfo_string645                @ DW_AT_name
	.byte	18                              @ DW_AT_decl_file
	.short	798                             @ DW_AT_decl_line
                                        @ DW_AT_declaration
                                        @ DW_AT_external
	.byte	63                              @ Abbrev [63] 0x3e18:0x8 DW_TAG_imported_declaration
	.byte	18                              @ DW_AT_decl_file
	.short	883                             @ DW_AT_decl_line
	.long	15888                           @ DW_AT_import
	.byte	79                              @ Abbrev [79] 0x3e20:0x8 DW_TAG_subprogram
	.long	.Linfo_string646                @ DW_AT_name
	.byte	18                              @ DW_AT_decl_file
	.short	799                             @ DW_AT_decl_line
                                        @ DW_AT_declaration
                                        @ DW_AT_external
	.byte	63                              @ Abbrev [63] 0x3e28:0x8 DW_TAG_imported_declaration
	.byte	18                              @ DW_AT_decl_file
	.short	884                             @ DW_AT_decl_line
	.long	15904                           @ DW_AT_import
	.byte	79                              @ Abbrev [79] 0x3e30:0x8 DW_TAG_subprogram
	.long	.Linfo_string647                @ DW_AT_name
	.byte	18                              @ DW_AT_decl_file
	.short	800                             @ DW_AT_decl_line
                                        @ DW_AT_declaration
                                        @ DW_AT_external
	.byte	63                              @ Abbrev [63] 0x3e38:0x8 DW_TAG_imported_declaration
	.byte	18                              @ DW_AT_decl_file
	.short	885                             @ DW_AT_decl_line
	.long	15920                           @ DW_AT_import
	.byte	79                              @ Abbrev [79] 0x3e40:0x8 DW_TAG_subprogram
	.long	.Linfo_string648                @ DW_AT_name
	.byte	18                              @ DW_AT_decl_file
	.short	801                             @ DW_AT_decl_line
                                        @ DW_AT_declaration
                                        @ DW_AT_external
	.byte	63                              @ Abbrev [63] 0x3e48:0x8 DW_TAG_imported_declaration
	.byte	18                              @ DW_AT_decl_file
	.short	886                             @ DW_AT_decl_line
	.long	15936                           @ DW_AT_import
	.byte	79                              @ Abbrev [79] 0x3e50:0x8 DW_TAG_subprogram
	.long	.Linfo_string649                @ DW_AT_name
	.byte	18                              @ DW_AT_decl_file
	.short	802                             @ DW_AT_decl_line
                                        @ DW_AT_declaration
                                        @ DW_AT_external
	.byte	63                              @ Abbrev [63] 0x3e58:0x8 DW_TAG_imported_declaration
	.byte	18                              @ DW_AT_decl_file
	.short	887                             @ DW_AT_decl_line
	.long	15952                           @ DW_AT_import
	.byte	76                              @ Abbrev [76] 0x3e60:0xc DW_TAG_subprogram
	.long	.Linfo_string650                @ DW_AT_name
	.byte	18                              @ DW_AT_decl_file
	.short	804                             @ DW_AT_decl_line
	.long	8081                            @ DW_AT_type
                                        @ DW_AT_declaration
                                        @ DW_AT_external
	.byte	63                              @ Abbrev [63] 0x3e6c:0x8 DW_TAG_imported_declaration
	.byte	18                              @ DW_AT_decl_file
	.short	888                             @ DW_AT_decl_line
	.long	15968                           @ DW_AT_import
	.byte	76                              @ Abbrev [76] 0x3e74:0xc DW_TAG_subprogram
	.long	.Linfo_string651                @ DW_AT_name
	.byte	18                              @ DW_AT_decl_file
	.short	805                             @ DW_AT_decl_line
	.long	1658                            @ DW_AT_type
                                        @ DW_AT_declaration
                                        @ DW_AT_external
	.byte	63                              @ Abbrev [63] 0x3e80:0x8 DW_TAG_imported_declaration
	.byte	18                              @ DW_AT_decl_file
	.short	889                             @ DW_AT_decl_line
	.long	15988                           @ DW_AT_import
	.byte	63                              @ Abbrev [63] 0x3e88:0x8 DW_TAG_imported_declaration
	.byte	18                              @ DW_AT_decl_file
	.short	890                             @ DW_AT_decl_line
	.long	14852                           @ DW_AT_import
	.byte	67                              @ Abbrev [67] 0x3e90:0xb DW_TAG_subprogram
	.long	.Linfo_string652                @ DW_AT_name
	.byte	18                              @ DW_AT_decl_file
	.byte	139                             @ DW_AT_decl_line
	.long	1658                            @ DW_AT_type
                                        @ DW_AT_declaration
                                        @ DW_AT_external
	.byte	63                              @ Abbrev [63] 0x3e9b:0x8 DW_TAG_imported_declaration
	.byte	18                              @ DW_AT_decl_file
	.short	891                             @ DW_AT_decl_line
	.long	16016                           @ DW_AT_import
	.byte	80                              @ Abbrev [80] 0x3ea3:0x15 DW_TAG_subprogram
	.long	.Linfo_string653                @ DW_AT_linkage_name
	.long	.Linfo_string625                @ DW_AT_name
	.byte	20                              @ DW_AT_decl_file
	.byte	126                             @ DW_AT_decl_line
	.long	14488                           @ DW_AT_type
                                        @ DW_AT_declaration
                                        @ DW_AT_external
	.byte	66                              @ Abbrev [66] 0x3eb2:0x5 DW_TAG_formal_parameter
	.long	14488                           @ DW_AT_type
	.byte	0                               @ End Of Children Mark
	.byte	26                              @ Abbrev [26] 0x3eb8:0xb DW_TAG_typedef
	.long	1238                            @ DW_AT_type
	.long	.Linfo_string453                @ DW_AT_name
	.byte	21                              @ DW_AT_decl_file
	.byte	46                              @ DW_AT_decl_line
	.byte	75                              @ Abbrev [75] 0x3ec3:0x7 DW_TAG_imported_declaration
	.byte	21                              @ DW_AT_decl_file
	.byte	107                             @ DW_AT_decl_line
	.long	16056                           @ DW_AT_import
	.byte	26                              @ Abbrev [26] 0x3eca:0xb DW_TAG_typedef
	.long	1658                            @ DW_AT_type
	.long	.Linfo_string654                @ DW_AT_name
	.byte	21                              @ DW_AT_decl_file
	.byte	38                              @ DW_AT_decl_line
	.byte	75                              @ Abbrev [75] 0x3ed5:0x7 DW_TAG_imported_declaration
	.byte	21                              @ DW_AT_decl_file
	.byte	108                             @ DW_AT_decl_line
	.long	16074                           @ DW_AT_import
	.byte	26                              @ Abbrev [26] 0x3edc:0xb DW_TAG_typedef
	.long	14488                           @ DW_AT_type
	.long	.Linfo_string655                @ DW_AT_name
	.byte	21                              @ DW_AT_decl_file
	.byte	95                              @ DW_AT_decl_line
	.byte	75                              @ Abbrev [75] 0x3ee7:0x7 DW_TAG_imported_declaration
	.byte	21                              @ DW_AT_decl_file
	.byte	110                             @ DW_AT_decl_line
	.long	16092                           @ DW_AT_import
	.byte	0                               @ End Of Children Mark
.Ldebug_info_end0:
	.section	.debug_ranges,"",%progbits
.Ldebug_ranges0:
	.long	.Ltmp775
	.long	.Ltmp776
	.long	.Ltmp777
	.long	.Ltmp778
	.long	.Ltmp780
	.long	.Ltmp782
	.long	0
	.long	0
.Ldebug_ranges1:
	.long	.Ltmp823
	.long	.Ltmp831
	.long	.Ltmp832
	.long	.Ltmp833
	.long	.Ltmp834
	.long	.Ltmp835
	.long	0
	.long	0
.Ldebug_ranges2:
	.long	.Ltmp831
	.long	.Ltmp832
	.long	.Ltmp833
	.long	.Ltmp834
	.long	.Ltmp835
	.long	.Ltmp836
	.long	.Ltmp839
	.long	.Ltmp844
	.long	0
	.long	0
.Ldebug_ranges3:
	.long	.Ltmp852
	.long	.Ltmp853
	.long	.Ltmp854
	.long	.Ltmp855
	.long	.Ltmp856
	.long	.Ltmp857
	.long	.Ltmp858
	.long	.Ltmp859
	.long	.Ltmp860
	.long	.Ltmp861
	.long	.Ltmp862
	.long	.Ltmp866
	.long	0
	.long	0
.Ldebug_ranges4:
	.long	.Ltmp867
	.long	.Ltmp868
	.long	.Ltmp869
	.long	.Ltmp870
	.long	.Ltmp871
	.long	.Ltmp872
	.long	0
	.long	0
.Ldebug_ranges5:
	.long	.Ltmp889
	.long	.Ltmp890
	.long	.Ltmp891
	.long	.Ltmp900
	.long	.Ltmp901
	.long	.Ltmp925
	.long	0
	.long	0
.Ldebug_ranges6:
	.long	.Ltmp925
	.long	.Ltmp947
	.long	.Ltmp948
	.long	.Ltmp958
	.long	0
	.long	0
.Ldebug_ranges7:
	.long	.Ltmp941
	.long	.Ltmp947
	.long	.Ltmp948
	.long	.Ltmp958
	.long	0
	.long	0
.Ldebug_ranges8:
	.long	.Ltmp996
	.long	.Ltmp1012
	.long	.Ltmp1014
	.long	.Ltmp1051
	.long	0
	.long	0
.Ldebug_ranges9:
	.long	.Ltmp1014
	.long	.Ltmp1016
	.long	.Ltmp1019
	.long	.Ltmp1020
	.long	0
	.long	0
.Ldebug_ranges10:
	.long	.Ltmp1030
	.long	.Ltmp1032
	.long	.Ltmp1035
	.long	.Ltmp1049
	.long	0
	.long	0
.Ldebug_ranges11:
	.long	.Ltmp1022
	.long	.Ltmp1023
	.long	.Ltmp1024
	.long	.Ltmp1025
	.long	.Ltmp1026
	.long	.Ltmp1027
	.long	0
	.long	0
.Ldebug_ranges12:
	.long	.Lfunc_begin0
	.long	.Lfunc_end0
	.long	.Lfunc_begin1
	.long	.Lfunc_end1
	.long	.Lfunc_begin2
	.long	.Lfunc_end2
	.long	.Lfunc_begin3
	.long	.Lfunc_end3
	.long	.Lfunc_begin4
	.long	.Lfunc_end4
	.long	.Lfunc_begin5
	.long	.Lfunc_end5
	.long	.Lfunc_begin6
	.long	.Lfunc_end6
	.long	0
	.long	0
	.section	.debug_str,"MS",%progbits,1
.Linfo_string0:
	.asciz	"Component: Arm Compiler for Embedded 6.24 Tool: armclang [5f371800]" @ string offset=0
.Linfo_string1:
	.asciz	"..\\VoicePlayer.cpp"           @ string offset=68
.Linfo_string2:
	.asciz	"C:\\Users\\antia\\TING\\114\\chip\\ML_M55M1_SampleCode\\M55M1BSP-3.01.003\\SampleCode\\NuEdgeWise\\ObjectTracker_YOLOv8n_o\\KEIL" @ string offset=87
.Linfo_string3:
	.asciz	"char"                          @ string offset=205
.Linfo_string4:
	.asciz	"__ARRAY_SIZE_TYPE__"           @ string offset=210
.Linfo_string5:
	.asciz	"dbg_tick"                      @ string offset=230
.Linfo_string6:
	.asciz	"unsigned char"                 @ string offset=239
.Linfo_string7:
	.asciz	"uint8_t"                       @ string offset=253
.Linfo_string8:
	.asciz	"s_initialised"                 @ string offset=261
.Linfo_string9:
	.asciz	"bool"                          @ string offset=275
.Linfo_string10:
	.asciz	"_ZL13s_initialised"            @ string offset=280
.Linfo_string11:
	.asciz	"s_q_tail"                      @ string offset=299
.Linfo_string12:
	.asciz	"_ZL8s_q_tail"                  @ string offset=308
.Linfo_string13:
	.asciz	"s_q_head"                      @ string offset=321
.Linfo_string14:
	.asciz	"_ZL8s_q_head"                  @ string offset=330
.Linfo_string15:
	.asciz	"s_file_open"                   @ string offset=343
.Linfo_string16:
	.asciz	"_ZL11s_file_open"              @ string offset=355
.Linfo_string17:
	.asciz	"s_fil"                         @ string offset=372
.Linfo_string18:
	.asciz	"obj"                           @ string offset=378
.Linfo_string19:
	.asciz	"fs"                            @ string offset=382
.Linfo_string20:
	.asciz	"FATFS"                         @ string offset=385
.Linfo_string21:
	.asciz	"id"                            @ string offset=391
.Linfo_string22:
	.asciz	"unsigned short"                @ string offset=394
.Linfo_string23:
	.asciz	"uint16_t"                      @ string offset=409
.Linfo_string24:
	.asciz	"WORD"                          @ string offset=418
.Linfo_string25:
	.asciz	"attr"                          @ string offset=423
.Linfo_string26:
	.asciz	"BYTE"                          @ string offset=428
.Linfo_string27:
	.asciz	"stat"                          @ string offset=433
.Linfo_string28:
	.asciz	"sclust"                        @ string offset=438
.Linfo_string29:
	.asciz	"unsigned int"                  @ string offset=445
.Linfo_string30:
	.asciz	"uint32_t"                      @ string offset=458
.Linfo_string31:
	.asciz	"DWORD"                         @ string offset=467
.Linfo_string32:
	.asciz	"objsize"                       @ string offset=473
.Linfo_string33:
	.asciz	"FSIZE_t"                       @ string offset=481
.Linfo_string34:
	.asciz	"FFOBJID"                       @ string offset=489
.Linfo_string35:
	.asciz	"flag"                          @ string offset=497
.Linfo_string36:
	.asciz	"err"                           @ string offset=502
.Linfo_string37:
	.asciz	"fptr"                          @ string offset=506
.Linfo_string38:
	.asciz	"clust"                         @ string offset=511
.Linfo_string39:
	.asciz	"sect"                          @ string offset=517
.Linfo_string40:
	.asciz	"LBA_t"                         @ string offset=522
.Linfo_string41:
	.asciz	"dir_sect"                      @ string offset=528
.Linfo_string42:
	.asciz	"dir_ptr"                       @ string offset=537
.Linfo_string43:
	.asciz	"buf"                           @ string offset=545
.Linfo_string44:
	.asciz	"FIL"                           @ string offset=549
.Linfo_string45:
	.asciz	"_ZL5s_fil"                     @ string offset=553
.Linfo_string46:
	.asciz	"s_playing"                     @ string offset=563
.Linfo_string47:
	.asciz	"_ZL9s_playing"                 @ string offset=573
.Linfo_string48:
	.asciz	"s_queue"                       @ string offset=587
.Linfo_string49:
	.asciz	"_ZL7s_queue"                   @ string offset=595
.Linfo_string50:
	.asciz	"s_buf_full"                    @ string offset=607
.Linfo_string51:
	.asciz	"_ZL10s_buf_full"               @ string offset=618
.Linfo_string52:
	.asciz	"s_playing_idx"                 @ string offset=634
.Linfo_string53:
	.asciz	"_ZL13s_playing_idx"            @ string offset=648
.Linfo_string54:
	.asciz	"s_desc"                        @ string offset=667
.Linfo_string55:
	.asciz	"ctl"                           @ string offset=674
.Linfo_string56:
	.asciz	"endsrc"                        @ string offset=678
.Linfo_string57:
	.asciz	"enddest"                       @ string offset=685
.Linfo_string58:
	.asciz	"offset"                        @ string offset=693
.Linfo_string59:
	.asciz	"vp_dma_desc_t"                 @ string offset=700
.Linfo_string60:
	.asciz	"_ZL6s_desc"                    @ string offset=714
.Linfo_string61:
	.asciz	"mono"                          @ string offset=725
.Linfo_string62:
	.asciz	"short"                         @ string offset=730
.Linfo_string63:
	.asciz	"int16_t"                       @ string offset=736
.Linfo_string64:
	.asciz	"s_pcm"                         @ string offset=744
.Linfo_string65:
	.asciz	"int"                           @ string offset=750
.Linfo_string66:
	.asciz	"int32_t"                       @ string offset=754
.Linfo_string67:
	.asciz	"_ZL5s_pcm"                     @ string offset=762
.Linfo_string68:
	.asciz	"FR_OK"                         @ string offset=772
.Linfo_string69:
	.asciz	"FR_DISK_ERR"                   @ string offset=778
.Linfo_string70:
	.asciz	"FR_INT_ERR"                    @ string offset=790
.Linfo_string71:
	.asciz	"FR_NOT_READY"                  @ string offset=801
.Linfo_string72:
	.asciz	"FR_NO_FILE"                    @ string offset=814
.Linfo_string73:
	.asciz	"FR_NO_PATH"                    @ string offset=825
.Linfo_string74:
	.asciz	"FR_INVALID_NAME"               @ string offset=836
.Linfo_string75:
	.asciz	"FR_DENIED"                     @ string offset=852
.Linfo_string76:
	.asciz	"FR_EXIST"                      @ string offset=862
.Linfo_string77:
	.asciz	"FR_INVALID_OBJECT"             @ string offset=871
.Linfo_string78:
	.asciz	"FR_WRITE_PROTECTED"            @ string offset=889
.Linfo_string79:
	.asciz	"FR_INVALID_DRIVE"              @ string offset=908
.Linfo_string80:
	.asciz	"FR_NOT_ENABLED"                @ string offset=925
.Linfo_string81:
	.asciz	"FR_NO_FILESYSTEM"              @ string offset=940
.Linfo_string82:
	.asciz	"FR_MKFS_ABORTED"               @ string offset=957
.Linfo_string83:
	.asciz	"FR_TIMEOUT"                    @ string offset=973
.Linfo_string84:
	.asciz	"FR_LOCKED"                     @ string offset=984
.Linfo_string85:
	.asciz	"FR_NOT_ENOUGH_CORE"            @ string offset=994
.Linfo_string86:
	.asciz	"FR_TOO_MANY_OPEN_FILES"        @ string offset=1013
.Linfo_string87:
	.asciz	"FR_INVALID_PARAMETER"          @ string offset=1036
.Linfo_string88:
	.asciz	"CTL0"                          @ string offset=1057
.Linfo_string89:
	.asciz	"ADDR0"                         @ string offset=1062
.Linfo_string90:
	.asciz	"DAT"                           @ string offset=1068
.Linfo_string91:
	.asciz	"STATUS0"                       @ string offset=1072
.Linfo_string92:
	.asciz	"CLKDIV"                        @ string offset=1080
.Linfo_string93:
	.asciz	"TOCTL"                         @ string offset=1087
.Linfo_string94:
	.asciz	"ADDR1"                         @ string offset=1093
.Linfo_string95:
	.asciz	"ADDR2"                         @ string offset=1099
.Linfo_string96:
	.asciz	"ADDR3"                         @ string offset=1105
.Linfo_string97:
	.asciz	"ADDRMSK0"                      @ string offset=1111
.Linfo_string98:
	.asciz	"ADDRMSK1"                      @ string offset=1120
.Linfo_string99:
	.asciz	"ADDRMSK2"                      @ string offset=1129
.Linfo_string100:
	.asciz	"ADDRMSK3"                      @ string offset=1138
.Linfo_string101:
	.asciz	"RESERVE0"                      @ string offset=1147
.Linfo_string102:
	.asciz	"WKCTL"                         @ string offset=1156
.Linfo_string103:
	.asciz	"WKSTS"                         @ string offset=1162
.Linfo_string104:
	.asciz	"CTL1"                          @ string offset=1168
.Linfo_string105:
	.asciz	"STATUS1"                       @ string offset=1173
.Linfo_string106:
	.asciz	"TMCTL"                         @ string offset=1181
.Linfo_string107:
	.asciz	"BUSCTL"                        @ string offset=1187
.Linfo_string108:
	.asciz	"BUSTCTL"                       @ string offset=1194
.Linfo_string109:
	.asciz	"BUSSTS"                        @ string offset=1202
.Linfo_string110:
	.asciz	"PKTSIZE"                       @ string offset=1209
.Linfo_string111:
	.asciz	"PKTCRC"                        @ string offset=1217
.Linfo_string112:
	.asciz	"BUSTOUT"                       @ string offset=1224
.Linfo_string113:
	.asciz	"CLKTOUT"                       @ string offset=1232
.Linfo_string114:
	.asciz	"I2C_T"                         @ string offset=1240
.Linfo_string115:
	.asciz	"IEN"                           @ string offset=1246
.Linfo_string116:
	.asciz	"TXFIFO"                        @ string offset=1250
.Linfo_string117:
	.asciz	"RXFIFO"                        @ string offset=1257
.Linfo_string118:
	.asciz	"I2S_T"                         @ string offset=1264
.Linfo_string119:
	.asciz	"unsigned long"                 @ string offset=1270
.Linfo_string120:
	.asciz	"DSCT"                          @ string offset=1284
.Linfo_string121:
	.asciz	"CTL"                           @ string offset=1289
.Linfo_string122:
	.asciz	"SA"                            @ string offset=1293
.Linfo_string123:
	.asciz	"DA"                            @ string offset=1296
.Linfo_string124:
	.asciz	"NEXT"                          @ string offset=1299
.Linfo_string125:
	.asciz	"DSCT_T"                        @ string offset=1304
.Linfo_string126:
	.asciz	"CURSCAT"                       @ string offset=1311
.Linfo_string127:
	.asciz	"RESERVE1"                      @ string offset=1319
.Linfo_string128:
	.asciz	"CHCTL"                         @ string offset=1328
.Linfo_string129:
	.asciz	"PAUSE"                         @ string offset=1334
.Linfo_string130:
	.asciz	"SWREQ"                         @ string offset=1340
.Linfo_string131:
	.asciz	"TRGSTS"                        @ string offset=1346
.Linfo_string132:
	.asciz	"PRISET"                        @ string offset=1353
.Linfo_string133:
	.asciz	"PRICLR"                        @ string offset=1360
.Linfo_string134:
	.asciz	"INTEN"                         @ string offset=1367
.Linfo_string135:
	.asciz	"INTSTS"                        @ string offset=1373
.Linfo_string136:
	.asciz	"ABTSTS"                        @ string offset=1380
.Linfo_string137:
	.asciz	"TDSTS"                         @ string offset=1387
.Linfo_string138:
	.asciz	"ALIGN"                         @ string offset=1393
.Linfo_string139:
	.asciz	"TACTSTS"                       @ string offset=1399
.Linfo_string140:
	.asciz	"TOUTPSC0_7"                    @ string offset=1407
.Linfo_string141:
	.asciz	"TOUTEN"                        @ string offset=1418
.Linfo_string142:
	.asciz	"TOUTIEN"                       @ string offset=1425
.Linfo_string143:
	.asciz	"RESERVE2"                      @ string offset=1433
.Linfo_string144:
	.asciz	"TOC0_1"                        @ string offset=1442
.Linfo_string145:
	.asciz	"TOC2_3"                        @ string offset=1449
.Linfo_string146:
	.asciz	"TOC4_5"                        @ string offset=1456
.Linfo_string147:
	.asciz	"TOC6_7"                        @ string offset=1463
.Linfo_string148:
	.asciz	"TOC8_9"                        @ string offset=1470
.Linfo_string149:
	.asciz	"TOC10_11"                      @ string offset=1477
.Linfo_string150:
	.asciz	"TOC12_13"                      @ string offset=1486
.Linfo_string151:
	.asciz	"TOC14_15"                      @ string offset=1495
.Linfo_string152:
	.asciz	"CHRST"                         @ string offset=1504
.Linfo_string153:
	.asciz	"RESERVE3"                      @ string offset=1510
.Linfo_string154:
	.asciz	"TOUTPSC8_15"                   @ string offset=1519
.Linfo_string155:
	.asciz	"RESERVE4"                      @ string offset=1531
.Linfo_string156:
	.asciz	"REQSEL0_3"                     @ string offset=1540
.Linfo_string157:
	.asciz	"REQSEL4_7"                     @ string offset=1550
.Linfo_string158:
	.asciz	"REQSEL8_11"                    @ string offset=1560
.Linfo_string159:
	.asciz	"REQSEL12_15"                   @ string offset=1571
.Linfo_string160:
	.asciz	"PDMA_T"                        @ string offset=1583
.Linfo_string161:
	.asciz	"PDID"                          @ string offset=1590
.Linfo_string162:
	.asciz	"RSTCTL"                        @ string offset=1595
.Linfo_string163:
	.asciz	"RSTSTS"                        @ string offset=1602
.Linfo_string164:
	.asciz	"VTORSET"                       @ string offset=1609
.Linfo_string165:
	.asciz	"SRAMICTL"                      @ string offset=1617
.Linfo_string166:
	.asciz	"SRAMSTS"                       @ string offset=1626
.Linfo_string167:
	.asciz	"SRAMEADR"                      @ string offset=1634
.Linfo_string168:
	.asciz	"BODCTL"                        @ string offset=1643
.Linfo_string169:
	.asciz	"BODSTS"                        @ string offset=1650
.Linfo_string170:
	.asciz	"PORCTL"                        @ string offset=1657
.Linfo_string171:
	.asciz	"VREFCTL"                       @ string offset=1664
.Linfo_string172:
	.asciz	"IVSCTL"                        @ string offset=1672
.Linfo_string173:
	.asciz	"USBPHY"                        @ string offset=1679
.Linfo_string174:
	.asciz	"UTCPDCTL"                      @ string offset=1686
.Linfo_string175:
	.asciz	"DBUSCTL"                       @ string offset=1695
.Linfo_string176:
	.asciz	"GPA_MFOS"                      @ string offset=1703
.Linfo_string177:
	.asciz	"GPB_MFOS"                      @ string offset=1712
.Linfo_string178:
	.asciz	"GPC_MFOS"                      @ string offset=1721
.Linfo_string179:
	.asciz	"GPD_MFOS"                      @ string offset=1730
.Linfo_string180:
	.asciz	"GPE_MFOS"                      @ string offset=1739
.Linfo_string181:
	.asciz	"GPF_MFOS"                      @ string offset=1748
.Linfo_string182:
	.asciz	"GPG_MFOS"                      @ string offset=1757
.Linfo_string183:
	.asciz	"GPH_MFOS"                      @ string offset=1766
.Linfo_string184:
	.asciz	"GPI_MFOS"                      @ string offset=1775
.Linfo_string185:
	.asciz	"GPJ_MFOS"                      @ string offset=1784
.Linfo_string186:
	.asciz	"REGLCTL"                       @ string offset=1793
.Linfo_string187:
	.asciz	"TCTL48M"                       @ string offset=1801
.Linfo_string188:
	.asciz	"TIEN48M"                       @ string offset=1809
.Linfo_string189:
	.asciz	"TISTS48M"                      @ string offset=1817
.Linfo_string190:
	.asciz	"RESERVE5"                      @ string offset=1826
.Linfo_string191:
	.asciz	"TCTL12M"                       @ string offset=1835
.Linfo_string192:
	.asciz	"TIEN12M"                       @ string offset=1843
.Linfo_string193:
	.asciz	"TISTS12M"                      @ string offset=1851
.Linfo_string194:
	.asciz	"RESERVE6"                      @ string offset=1860
.Linfo_string195:
	.asciz	"TCTLMIRC"                      @ string offset=1869
.Linfo_string196:
	.asciz	"TIENMIRC"                      @ string offset=1878
.Linfo_string197:
	.asciz	"TISTSMIRC"                     @ string offset=1887
.Linfo_string198:
	.asciz	"RESERVE7"                      @ string offset=1897
.Linfo_string199:
	.asciz	"ACMPRST"                       @ string offset=1906
.Linfo_string200:
	.asciz	"AWFRST"                        @ string offset=1914
.Linfo_string201:
	.asciz	"BPWMRST"                       @ string offset=1921
.Linfo_string202:
	.asciz	"CANFDRST"                      @ string offset=1929
.Linfo_string203:
	.asciz	"CCAPRST"                       @ string offset=1938
.Linfo_string204:
	.asciz	"CRCRST"                        @ string offset=1946
.Linfo_string205:
	.asciz	"CRYPTORST"                     @ string offset=1953
.Linfo_string206:
	.asciz	"DACRST"                        @ string offset=1963
.Linfo_string207:
	.asciz	"DMICRST"                       @ string offset=1970
.Linfo_string208:
	.asciz	"EADCRST"                       @ string offset=1978
.Linfo_string209:
	.asciz	"EBIRST"                        @ string offset=1986
.Linfo_string210:
	.asciz	"ECAPRST"                       @ string offset=1993
.Linfo_string211:
	.asciz	"EMACRST"                       @ string offset=2001
.Linfo_string212:
	.asciz	"EPWMRST"                       @ string offset=2009
.Linfo_string213:
	.asciz	"EQEIRST"                       @ string offset=2017
.Linfo_string214:
	.asciz	"FMCRST"                        @ string offset=2025
.Linfo_string215:
	.asciz	"GDMARST"                       @ string offset=2032
.Linfo_string216:
	.asciz	"GPIORST"                       @ string offset=2040
.Linfo_string217:
	.asciz	"HSOTGRST"                      @ string offset=2048
.Linfo_string218:
	.asciz	"HSUSBDRST"                     @ string offset=2057
.Linfo_string219:
	.asciz	"HSUSBHRST"                     @ string offset=2067
.Linfo_string220:
	.asciz	"I2CRST"                        @ string offset=2077
.Linfo_string221:
	.asciz	"I2SRST"                        @ string offset=2084
.Linfo_string222:
	.asciz	"I3CRST"                        @ string offset=2091
.Linfo_string223:
	.asciz	"KDFRST"                        @ string offset=2098
.Linfo_string224:
	.asciz	"KPIRST"                        @ string offset=2105
.Linfo_string225:
	.asciz	"KSRST"                         @ string offset=2112
.Linfo_string226:
	.asciz	"LPADCRST"                      @ string offset=2118
.Linfo_string227:
	.asciz	"LPPDMARST"                     @ string offset=2127
.Linfo_string228:
	.asciz	"LPGPIORST"                     @ string offset=2137
.Linfo_string229:
	.asciz	"LPI2CRST"                      @ string offset=2147
.Linfo_string230:
	.asciz	"LPSPIRST"                      @ string offset=2156
.Linfo_string231:
	.asciz	"LPTMRRST"                      @ string offset=2165
.Linfo_string232:
	.asciz	"LPUARTRST"                     @ string offset=2174
.Linfo_string233:
	.asciz	"OTFCRST"                       @ string offset=2184
.Linfo_string234:
	.asciz	"OTGRST"                        @ string offset=2192
.Linfo_string235:
	.asciz	"PDMARST"                       @ string offset=2199
.Linfo_string236:
	.asciz	"PSIORST"                       @ string offset=2207
.Linfo_string237:
	.asciz	"QSPIRST"                       @ string offset=2215
.Linfo_string238:
	.asciz	"RTCRST"                        @ string offset=2223
.Linfo_string239:
	.asciz	"SCRST"                         @ string offset=2230
.Linfo_string240:
	.asciz	"SCURST"                        @ string offset=2236
.Linfo_string241:
	.asciz	"SDHRST"                        @ string offset=2243
.Linfo_string242:
	.asciz	"SPIRST"                        @ string offset=2250
.Linfo_string243:
	.asciz	"SPIMRST"                       @ string offset=2257
.Linfo_string244:
	.asciz	"RESERVE8"                      @ string offset=2265
.Linfo_string245:
	.asciz	"TMRRST"                        @ string offset=2274
.Linfo_string246:
	.asciz	"TRNGRST"                       @ string offset=2281
.Linfo_string247:
	.asciz	"TTMRRST"                       @ string offset=2289
.Linfo_string248:
	.asciz	"UARTRST"                       @ string offset=2297
.Linfo_string249:
	.asciz	"USBDRST"                       @ string offset=2305
.Linfo_string250:
	.asciz	"USBHRST"                       @ string offset=2313
.Linfo_string251:
	.asciz	"USCIRST"                       @ string offset=2321
.Linfo_string252:
	.asciz	"UTCPDRST"                      @ string offset=2329
.Linfo_string253:
	.asciz	"WWDTRST"                       @ string offset=2338
.Linfo_string254:
	.asciz	"RESERVE9"                      @ string offset=2346
.Linfo_string255:
	.asciz	"GPA_MFP0"                      @ string offset=2355
.Linfo_string256:
	.asciz	"GPA_MFP1"                      @ string offset=2364
.Linfo_string257:
	.asciz	"GPA_MFP2"                      @ string offset=2373
.Linfo_string258:
	.asciz	"GPA_MFP3"                      @ string offset=2382
.Linfo_string259:
	.asciz	"GPB_MFP0"                      @ string offset=2391
.Linfo_string260:
	.asciz	"GPB_MFP1"                      @ string offset=2400
.Linfo_string261:
	.asciz	"GPB_MFP2"                      @ string offset=2409
.Linfo_string262:
	.asciz	"GPB_MFP3"                      @ string offset=2418
.Linfo_string263:
	.asciz	"GPC_MFP0"                      @ string offset=2427
.Linfo_string264:
	.asciz	"GPC_MFP1"                      @ string offset=2436
.Linfo_string265:
	.asciz	"GPC_MFP2"                      @ string offset=2445
.Linfo_string266:
	.asciz	"GPC_MFP3"                      @ string offset=2454
.Linfo_string267:
	.asciz	"GPD_MFP0"                      @ string offset=2463
.Linfo_string268:
	.asciz	"GPD_MFP1"                      @ string offset=2472
.Linfo_string269:
	.asciz	"GPD_MFP2"                      @ string offset=2481
.Linfo_string270:
	.asciz	"GPD_MFP3"                      @ string offset=2490
.Linfo_string271:
	.asciz	"GPE_MFP0"                      @ string offset=2499
.Linfo_string272:
	.asciz	"GPE_MFP1"                      @ string offset=2508
.Linfo_string273:
	.asciz	"GPE_MFP2"                      @ string offset=2517
.Linfo_string274:
	.asciz	"GPE_MFP3"                      @ string offset=2526
.Linfo_string275:
	.asciz	"GPF_MFP0"                      @ string offset=2535
.Linfo_string276:
	.asciz	"GPF_MFP1"                      @ string offset=2544
.Linfo_string277:
	.asciz	"GPF_MFP2"                      @ string offset=2553
.Linfo_string278:
	.asciz	"RESERVE10"                     @ string offset=2562
.Linfo_string279:
	.asciz	"GPG_MFP0"                      @ string offset=2572
.Linfo_string280:
	.asciz	"GPG_MFP1"                      @ string offset=2581
.Linfo_string281:
	.asciz	"GPG_MFP2"                      @ string offset=2590
.Linfo_string282:
	.asciz	"GPG_MFP3"                      @ string offset=2599
.Linfo_string283:
	.asciz	"GPH_MFP0"                      @ string offset=2608
.Linfo_string284:
	.asciz	"GPH_MFP1"                      @ string offset=2617
.Linfo_string285:
	.asciz	"GPH_MFP2"                      @ string offset=2626
.Linfo_string286:
	.asciz	"GPH_MFP3"                      @ string offset=2635
.Linfo_string287:
	.asciz	"RESERVE11"                     @ string offset=2644
.Linfo_string288:
	.asciz	"GPI_MFP1"                      @ string offset=2654
.Linfo_string289:
	.asciz	"GPI_MFP2"                      @ string offset=2663
.Linfo_string290:
	.asciz	"GPI_MFP3"                      @ string offset=2672
.Linfo_string291:
	.asciz	"GPJ_MFP0"                      @ string offset=2681
.Linfo_string292:
	.asciz	"GPJ_MFP1"                      @ string offset=2690
.Linfo_string293:
	.asciz	"GPJ_MFP2"                      @ string offset=2699
.Linfo_string294:
	.asciz	"GPJ_MFP3"                      @ string offset=2708
.Linfo_string295:
	.asciz	"RESERVE12"                     @ string offset=2717
.Linfo_string296:
	.asciz	"NMIEN"                         @ string offset=2727
.Linfo_string297:
	.asciz	"NMISTS"                        @ string offset=2733
.Linfo_string298:
	.asciz	"RESERVE13"                     @ string offset=2740
.Linfo_string299:
	.asciz	"SRAMBCTL"                      @ string offset=2750
.Linfo_string300:
	.asciz	"SRAMBFF"                       @ string offset=2759
.Linfo_string301:
	.asciz	"SRAMBRF"                       @ string offset=2767
.Linfo_string302:
	.asciz	"SYS_T"                         @ string offset=2775
.Linfo_string303:
	.asciz	"unsigned long long"            @ string offset=2781
.Linfo_string304:
	.asciz	"uint64_t"                      @ string offset=2800
.Linfo_string305:
	.asciz	"MODE"                          @ string offset=2809
.Linfo_string306:
	.asciz	"DINOFF"                        @ string offset=2814
.Linfo_string307:
	.asciz	"DOUT"                          @ string offset=2821
.Linfo_string308:
	.asciz	"DATMSK"                        @ string offset=2826
.Linfo_string309:
	.asciz	"PIN"                           @ string offset=2833
.Linfo_string310:
	.asciz	"DBEN"                          @ string offset=2837
.Linfo_string311:
	.asciz	"INTTYPE"                       @ string offset=2842
.Linfo_string312:
	.asciz	"INTSRC"                        @ string offset=2850
.Linfo_string313:
	.asciz	"SMTEN"                         @ string offset=2857
.Linfo_string314:
	.asciz	"SLEWCTL"                       @ string offset=2863
.Linfo_string315:
	.asciz	"PUSEL"                         @ string offset=2871
.Linfo_string316:
	.asciz	"DBCTL"                         @ string offset=2877
.Linfo_string317:
	.asciz	"GPIO_T"                        @ string offset=2883
.Linfo_string318:
	.asciz	"CPUID"                         @ string offset=2890
.Linfo_string319:
	.asciz	"ICSR"                          @ string offset=2896
.Linfo_string320:
	.asciz	"VTOR"                          @ string offset=2901
.Linfo_string321:
	.asciz	"AIRCR"                         @ string offset=2906
.Linfo_string322:
	.asciz	"SCR"                           @ string offset=2912
.Linfo_string323:
	.asciz	"CCR"                           @ string offset=2916
.Linfo_string324:
	.asciz	"SHPR"                          @ string offset=2920
.Linfo_string325:
	.asciz	"SHCSR"                         @ string offset=2925
.Linfo_string326:
	.asciz	"CFSR"                          @ string offset=2931
.Linfo_string327:
	.asciz	"HFSR"                          @ string offset=2936
.Linfo_string328:
	.asciz	"DFSR"                          @ string offset=2941
.Linfo_string329:
	.asciz	"MMFAR"                         @ string offset=2946
.Linfo_string330:
	.asciz	"BFAR"                          @ string offset=2952
.Linfo_string331:
	.asciz	"AFSR"                          @ string offset=2957
.Linfo_string332:
	.asciz	"ID_PFR"                        @ string offset=2962
.Linfo_string333:
	.asciz	"ID_DFR"                        @ string offset=2969
.Linfo_string334:
	.asciz	"ID_AFR"                        @ string offset=2976
.Linfo_string335:
	.asciz	"ID_MMFR"                       @ string offset=2983
.Linfo_string336:
	.asciz	"ID_ISAR"                       @ string offset=2991
.Linfo_string337:
	.asciz	"CLIDR"                         @ string offset=2999
.Linfo_string338:
	.asciz	"CTR"                           @ string offset=3005
.Linfo_string339:
	.asciz	"CCSIDR"                        @ string offset=3009
.Linfo_string340:
	.asciz	"CSSELR"                        @ string offset=3016
.Linfo_string341:
	.asciz	"CPACR"                         @ string offset=3023
.Linfo_string342:
	.asciz	"NSACR"                         @ string offset=3029
.Linfo_string343:
	.asciz	"RESERVED7"                     @ string offset=3035
.Linfo_string344:
	.asciz	"SFSR"                          @ string offset=3045
.Linfo_string345:
	.asciz	"SFAR"                          @ string offset=3050
.Linfo_string346:
	.asciz	"RESERVED3"                     @ string offset=3055
.Linfo_string347:
	.asciz	"STIR"                          @ string offset=3065
.Linfo_string348:
	.asciz	"RFSR"                          @ string offset=3070
.Linfo_string349:
	.asciz	"RESERVED4"                     @ string offset=3075
.Linfo_string350:
	.asciz	"MVFR0"                         @ string offset=3085
.Linfo_string351:
	.asciz	"MVFR1"                         @ string offset=3091
.Linfo_string352:
	.asciz	"MVFR2"                         @ string offset=3097
.Linfo_string353:
	.asciz	"RESERVED5"                     @ string offset=3103
.Linfo_string354:
	.asciz	"ICIALLU"                       @ string offset=3113
.Linfo_string355:
	.asciz	"RESERVED6"                     @ string offset=3121
.Linfo_string356:
	.asciz	"ICIMVAU"                       @ string offset=3131
.Linfo_string357:
	.asciz	"DCIMVAC"                       @ string offset=3139
.Linfo_string358:
	.asciz	"DCISW"                         @ string offset=3147
.Linfo_string359:
	.asciz	"DCCMVAU"                       @ string offset=3153
.Linfo_string360:
	.asciz	"DCCMVAC"                       @ string offset=3161
.Linfo_string361:
	.asciz	"DCCSW"                         @ string offset=3169
.Linfo_string362:
	.asciz	"DCCIMVAC"                      @ string offset=3175
.Linfo_string363:
	.asciz	"DCCISW"                        @ string offset=3184
.Linfo_string364:
	.asciz	"BPIALL"                        @ string offset=3191
.Linfo_string365:
	.asciz	"SCB_Type"                      @ string offset=3198
.Linfo_string366:
	.asciz	"_ZL13SYS_UnlockRegv"           @ string offset=3207
.Linfo_string367:
	.asciz	"SYS_UnlockReg"                 @ string offset=3227
.Linfo_string368:
	.asciz	"u32TimeOutCount"               @ string offset=3241
.Linfo_string369:
	.asciz	"_ZL11vp_clk_initv"             @ string offset=3257
.Linfo_string370:
	.asciz	"vp_clk_init"                   @ string offset=3275
.Linfo_string371:
	.asciz	"_ZL11vp_mfp_initv"             @ string offset=3287
.Linfo_string372:
	.asciz	"vp_mfp_init"                   @ string offset=3305
.Linfo_string373:
	.asciz	"current_pc"                    @ string offset=3317
.Linfo_string374:
	.asciz	"_ZL16I2C_WriteNAU8822ht"       @ string offset=3328
.Linfo_string375:
	.asciz	"I2C_WriteNAU8822"              @ string offset=3352
.Linfo_string376:
	.asciz	"addr"                          @ string offset=3369
.Linfo_string377:
	.asciz	"data"                          @ string offset=3374
.Linfo_string378:
	.asciz	"_ZL13NAU8822_Setupv"           @ string offset=3379
.Linfo_string379:
	.asciz	"NAU8822_Setup"                 @ string offset=3399
.Linfo_string380:
	.asciz	"_ZL8I2C_STOPP5I2C_T"           @ string offset=3413
.Linfo_string381:
	.asciz	"I2C_STOP"                      @ string offset=3433
.Linfo_string382:
	.asciz	"i2c"                           @ string offset=3442
.Linfo_string383:
	.asciz	"_ZL28NAU8822_ConfigSampleRate_16kv" @ string offset=3446
.Linfo_string384:
	.asciz	"NAU8822_ConfigSampleRate_16k"  @ string offset=3481
.Linfo_string385:
	.asciz	"_ZL12vp_pdma_initv"            @ string offset=3510
.Linfo_string386:
	.asciz	"vp_pdma_init"                  @ string offset=3529
.Linfo_string387:
	.asciz	"_ZL8stop_dmav"                 @ string offset=3542
.Linfo_string388:
	.asciz	"stop_dma"                      @ string offset=3556
.Linfo_string389:
	.asciz	"_ZL7q_emptyv"                  @ string offset=3565
.Linfo_string390:
	.asciz	"q_empty"                       @ string offset=3578
.Linfo_string391:
	.asciz	"_ZL6q_pushPKc"                 @ string offset=3586
.Linfo_string392:
	.asciz	"q_push"                        @ string offset=3600
.Linfo_string393:
	.asciz	"path"                          @ string offset=3607
.Linfo_string394:
	.asciz	"nxt"                           @ string offset=3612
.Linfo_string395:
	.asciz	"_ZL7q_countv"                  @ string offset=3616
.Linfo_string396:
	.asciz	"q_count"                       @ string offset=3629
.Linfo_string397:
	.asciz	"_ZL11fill_bufferPi"            @ string offset=3637
.Linfo_string398:
	.asciz	"fill_buffer"                   @ string offset=3656
.Linfo_string399:
	.asciz	"dst"                           @ string offset=3668
.Linfo_string400:
	.asciz	"written"                       @ string offset=3672
.Linfo_string401:
	.asciz	"got"                           @ string offset=3680
.Linfo_string402:
	.asciz	"UINT"                          @ string offset=3684
.Linfo_string403:
	.asciz	"need_bytes"                    @ string offset=3689
.Linfo_string404:
	.asciz	"got_samples"                   @ string offset=3700
.Linfo_string405:
	.asciz	"i"                             @ string offset=3712
.Linfo_string406:
	.asciz	"s"                             @ string offset=3714
.Linfo_string407:
	.asciz	"_ZL14open_next_filev"          @ string offset=3716
.Linfo_string408:
	.asciz	"open_next_file"                @ string offset=3737
.Linfo_string409:
	.asciz	"_ZL6q_peekPc"                  @ string offset=3752
.Linfo_string410:
	.asciz	"q_peek"                        @ string offset=3765
.Linfo_string411:
	.asciz	"out"                           @ string offset=3772
.Linfo_string412:
	.asciz	"_ZL5q_popv"                    @ string offset=3776
.Linfo_string413:
	.asciz	"q_pop"                         @ string offset=3787
.Linfo_string414:
	.asciz	"_ZL16wav_seek_to_dataP3FIL"    @ string offset=3793
.Linfo_string415:
	.asciz	"wav_seek_to_data"              @ string offset=3820
.Linfo_string416:
	.asciz	"fp"                            @ string offset=3837
.Linfo_string417:
	.asciz	"rd"                            @ string offset=3840
.Linfo_string418:
	.asciz	"riff"                          @ string offset=3843
.Linfo_string419:
	.asciz	"guard"                         @ string offset=3848
.Linfo_string420:
	.asciz	"sz"                            @ string offset=3854
.Linfo_string421:
	.asciz	"h"                             @ string offset=3857
.Linfo_string422:
	.asciz	"_ZL23SCB_CleanDCache_by_AddrPVvi" @ string offset=3859
.Linfo_string423:
	.asciz	"SCB_CleanDCache_by_Addr"       @ string offset=3892
.Linfo_string424:
	.asciz	"dsize"                         @ string offset=3916
.Linfo_string425:
	.asciz	"op_size"                       @ string offset=3922
.Linfo_string426:
	.asciz	"op_addr"                       @ string offset=3930
.Linfo_string427:
	.asciz	"_ZL19start_dma_if_neededv"     @ string offset=3938
.Linfo_string428:
	.asciz	"start_dma_if_needed"           @ string offset=3964
.Linfo_string429:
	.asciz	"signed char"                   @ string offset=3984
.Linfo_string430:
	.asciz	"int8_t"                        @ string offset=3996
.Linfo_string431:
	.asciz	"long long"                     @ string offset=4003
.Linfo_string432:
	.asciz	"int64_t"                       @ string offset=4013
.Linfo_string433:
	.asciz	"int_least8_t"                  @ string offset=4021
.Linfo_string434:
	.asciz	"int_least16_t"                 @ string offset=4034
.Linfo_string435:
	.asciz	"int_least32_t"                 @ string offset=4048
.Linfo_string436:
	.asciz	"int_least64_t"                 @ string offset=4062
.Linfo_string437:
	.asciz	"uint_least8_t"                 @ string offset=4076
.Linfo_string438:
	.asciz	"uint_least16_t"                @ string offset=4090
.Linfo_string439:
	.asciz	"uint_least32_t"                @ string offset=4105
.Linfo_string440:
	.asciz	"uint_least64_t"                @ string offset=4120
.Linfo_string441:
	.asciz	"int_fast8_t"                   @ string offset=4135
.Linfo_string442:
	.asciz	"int_fast16_t"                  @ string offset=4147
.Linfo_string443:
	.asciz	"int_fast32_t"                  @ string offset=4160
.Linfo_string444:
	.asciz	"int_fast64_t"                  @ string offset=4173
.Linfo_string445:
	.asciz	"uint_fast8_t"                  @ string offset=4186
.Linfo_string446:
	.asciz	"uint_fast16_t"                 @ string offset=4199
.Linfo_string447:
	.asciz	"uint_fast32_t"                 @ string offset=4213
.Linfo_string448:
	.asciz	"uint_fast64_t"                 @ string offset=4227
.Linfo_string449:
	.asciz	"intptr_t"                      @ string offset=4241
.Linfo_string450:
	.asciz	"uintptr_t"                     @ string offset=4250
.Linfo_string451:
	.asciz	"intmax_t"                      @ string offset=4260
.Linfo_string452:
	.asciz	"uintmax_t"                     @ string offset=4269
.Linfo_string453:
	.asciz	"size_t"                        @ string offset=4279
.Linfo_string454:
	.asciz	"__fpos_t_struct"               @ string offset=4286
.Linfo_string455:
	.asciz	"fpos_t"                        @ string offset=4302
.Linfo_string456:
	.asciz	"__FILE"                        @ string offset=4309
.Linfo_string457:
	.asciz	"FILE"                          @ string offset=4316
.Linfo_string458:
	.asciz	"remove"                        @ string offset=4321
.Linfo_string459:
	.asciz	"rename"                        @ string offset=4328
.Linfo_string460:
	.asciz	"tmpfile"                       @ string offset=4335
.Linfo_string461:
	.asciz	"tmpnam"                        @ string offset=4343
.Linfo_string462:
	.asciz	"fclose"                        @ string offset=4350
.Linfo_string463:
	.asciz	"fflush"                        @ string offset=4357
.Linfo_string464:
	.asciz	"fopen"                         @ string offset=4364
.Linfo_string465:
	.asciz	"freopen"                       @ string offset=4370
.Linfo_string466:
	.asciz	"setbuf"                        @ string offset=4378
.Linfo_string467:
	.asciz	"setvbuf"                       @ string offset=4385
.Linfo_string468:
	.asciz	"fprintf"                       @ string offset=4393
.Linfo_string469:
	.asciz	"_fprintf"                      @ string offset=4401
.Linfo_string470:
	.asciz	"printf"                        @ string offset=4410
.Linfo_string471:
	.asciz	"_printf"                       @ string offset=4417
.Linfo_string472:
	.asciz	"sprintf"                       @ string offset=4425
.Linfo_string473:
	.asciz	"_sprintf"                      @ string offset=4433
.Linfo_string474:
	.asciz	"snprintf"                      @ string offset=4442
.Linfo_string475:
	.asciz	"vsnprintf"                     @ string offset=4451
.Linfo_string476:
	.asciz	"std"                           @ string offset=4461
.Linfo_string477:
	.asciz	"__va_list"                     @ string offset=4465
.Linfo_string478:
	.asciz	"__builtin_va_list"             @ string offset=4475
.Linfo_string479:
	.asciz	"vfscanf"                       @ string offset=4493
.Linfo_string480:
	.asciz	"vscanf"                        @ string offset=4501
.Linfo_string481:
	.asciz	"vsscanf"                       @ string offset=4508
.Linfo_string482:
	.asciz	"_snprintf"                     @ string offset=4516
.Linfo_string483:
	.asciz	"_vsnprintf"                    @ string offset=4526
.Linfo_string484:
	.asciz	"__ARM_asprintf"                @ string offset=4537
.Linfo_string485:
	.asciz	"__ARM_vasprintf"               @ string offset=4552
.Linfo_string486:
	.asciz	"__ARM_vsnprintf"               @ string offset=4568
.Linfo_string487:
	.asciz	"__ARM_snprintf"                @ string offset=4584
.Linfo_string488:
	.asciz	"__ARM_vsscanf"                 @ string offset=4599
.Linfo_string489:
	.asciz	"fscanf"                        @ string offset=4613
.Linfo_string490:
	.asciz	"_fscanf"                       @ string offset=4620
.Linfo_string491:
	.asciz	"scanf"                         @ string offset=4628
.Linfo_string492:
	.asciz	"_scanf"                        @ string offset=4634
.Linfo_string493:
	.asciz	"sscanf"                        @ string offset=4641
.Linfo_string494:
	.asciz	"_sscanf"                       @ string offset=4648
.Linfo_string495:
	.asciz	"_vfscanf"                      @ string offset=4656
.Linfo_string496:
	.asciz	"_vscanf"                       @ string offset=4665
.Linfo_string497:
	.asciz	"_vsscanf"                      @ string offset=4673
.Linfo_string498:
	.asciz	"vprintf"                       @ string offset=4682
.Linfo_string499:
	.asciz	"_vprintf"                      @ string offset=4690
.Linfo_string500:
	.asciz	"vfprintf"                      @ string offset=4699
.Linfo_string501:
	.asciz	"_vfprintf"                     @ string offset=4708
.Linfo_string502:
	.asciz	"vsprintf"                      @ string offset=4718
.Linfo_string503:
	.asciz	"_vsprintf"                     @ string offset=4727
.Linfo_string504:
	.asciz	"fgetc"                         @ string offset=4737
.Linfo_string505:
	.asciz	"fgets"                         @ string offset=4743
.Linfo_string506:
	.asciz	"fputc"                         @ string offset=4749
.Linfo_string507:
	.asciz	"fputs"                         @ string offset=4755
.Linfo_string508:
	.asciz	"getc"                          @ string offset=4761
.Linfo_string509:
	.asciz	"getchar"                       @ string offset=4766
.Linfo_string510:
	.asciz	"gets"                          @ string offset=4774
.Linfo_string511:
	.asciz	"putc"                          @ string offset=4779
.Linfo_string512:
	.asciz	"putchar"                       @ string offset=4784
.Linfo_string513:
	.asciz	"puts"                          @ string offset=4792
.Linfo_string514:
	.asciz	"ungetc"                        @ string offset=4797
.Linfo_string515:
	.asciz	"fread"                         @ string offset=4804
.Linfo_string516:
	.asciz	"__fread_bytes_avail"           @ string offset=4810
.Linfo_string517:
	.asciz	"fwrite"                        @ string offset=4830
.Linfo_string518:
	.asciz	"fgetpos"                       @ string offset=4837
.Linfo_string519:
	.asciz	"fseek"                         @ string offset=4845
.Linfo_string520:
	.asciz	"long"                          @ string offset=4851
.Linfo_string521:
	.asciz	"fsetpos"                       @ string offset=4856
.Linfo_string522:
	.asciz	"ftell"                         @ string offset=4864
.Linfo_string523:
	.asciz	"rewind"                        @ string offset=4870
.Linfo_string524:
	.asciz	"clearerr"                      @ string offset=4877
.Linfo_string525:
	.asciz	"feof"                          @ string offset=4886
.Linfo_string526:
	.asciz	"ferror"                        @ string offset=4891
.Linfo_string527:
	.asciz	"perror"                        @ string offset=4898
.Linfo_string528:
	.asciz	"_fisatty"                      @ string offset=4905
.Linfo_string529:
	.asciz	"__use_no_semihosting_swi"      @ string offset=4914
.Linfo_string530:
	.asciz	"__use_no_semihosting"          @ string offset=4939
.Linfo_string531:
	.asciz	"__2"                           @ string offset=4960
.Linfo_string532:
	.asciz	"memcpy"                        @ string offset=4964
.Linfo_string533:
	.asciz	"memmove"                       @ string offset=4971
.Linfo_string534:
	.asciz	"strcpy"                        @ string offset=4979
.Linfo_string535:
	.asciz	"strncpy"                       @ string offset=4986
.Linfo_string536:
	.asciz	"strcat"                        @ string offset=4994
.Linfo_string537:
	.asciz	"strncat"                       @ string offset=5001
.Linfo_string538:
	.asciz	"memcmp"                        @ string offset=5009
.Linfo_string539:
	.asciz	"strcmp"                        @ string offset=5016
.Linfo_string540:
	.asciz	"strncmp"                       @ string offset=5023
.Linfo_string541:
	.asciz	"strcasecmp"                    @ string offset=5031
.Linfo_string542:
	.asciz	"strncasecmp"                   @ string offset=5042
.Linfo_string543:
	.asciz	"strcoll"                       @ string offset=5054
.Linfo_string544:
	.asciz	"strxfrm"                       @ string offset=5062
.Linfo_string545:
	.asciz	"_ZSt6memchrPvij"               @ string offset=5070
.Linfo_string546:
	.asciz	"memchr"                        @ string offset=5086
.Linfo_string547:
	.asciz	"_ZSt6strchrPci"                @ string offset=5093
.Linfo_string548:
	.asciz	"strchr"                        @ string offset=5108
.Linfo_string549:
	.asciz	"strcspn"                       @ string offset=5115
.Linfo_string550:
	.asciz	"_ZSt7strpbrkPcPKc"             @ string offset=5123
.Linfo_string551:
	.asciz	"strpbrk"                       @ string offset=5141
.Linfo_string552:
	.asciz	"_ZSt7strrchrPci"               @ string offset=5149
.Linfo_string553:
	.asciz	"strrchr"                       @ string offset=5165
.Linfo_string554:
	.asciz	"strspn"                        @ string offset=5173
.Linfo_string555:
	.asciz	"_ZSt6strstrPcPKc"              @ string offset=5180
.Linfo_string556:
	.asciz	"strstr"                        @ string offset=5197
.Linfo_string557:
	.asciz	"strtok"                        @ string offset=5204
.Linfo_string558:
	.asciz	"_strtok_r"                     @ string offset=5211
.Linfo_string559:
	.asciz	"memset"                        @ string offset=5221
.Linfo_string560:
	.asciz	"strerror"                      @ string offset=5228
.Linfo_string561:
	.asciz	"strlen"                        @ string offset=5237
.Linfo_string562:
	.asciz	"strnlen"                       @ string offset=5244
.Linfo_string563:
	.asciz	"strlcpy"                       @ string offset=5252
.Linfo_string564:
	.asciz	"strlcat"                       @ string offset=5260
.Linfo_string565:
	.asciz	"_membitcpybl"                  @ string offset=5268
.Linfo_string566:
	.asciz	"_membitcpybb"                  @ string offset=5281
.Linfo_string567:
	.asciz	"_membitcpyhl"                  @ string offset=5294
.Linfo_string568:
	.asciz	"_membitcpyhb"                  @ string offset=5307
.Linfo_string569:
	.asciz	"_membitcpywl"                  @ string offset=5320
.Linfo_string570:
	.asciz	"_membitcpywb"                  @ string offset=5333
.Linfo_string571:
	.asciz	"_membitmovebl"                 @ string offset=5346
.Linfo_string572:
	.asciz	"_membitmovebb"                 @ string offset=5360
.Linfo_string573:
	.asciz	"_membitmovehl"                 @ string offset=5374
.Linfo_string574:
	.asciz	"_membitmovehb"                 @ string offset=5388
.Linfo_string575:
	.asciz	"_membitmovewl"                 @ string offset=5402
.Linfo_string576:
	.asciz	"_membitmovewb"                 @ string offset=5416
.Linfo_string577:
	.asciz	"_Z6memchrB8nn200000Ua9enable_ifILb1EEPvij" @ string offset=5430
.Linfo_string578:
	.asciz	"_Z6strchrB8nn200000Ua9enable_ifILb1EEPci" @ string offset=5472
.Linfo_string579:
	.asciz	"_Z7strpbrkB8nn200000Ua9enable_ifILb1EEPcPKc" @ string offset=5513
.Linfo_string580:
	.asciz	"_Z7strrchrB8nn200000Ua9enable_ifILb1EEPci" @ string offset=5557
.Linfo_string581:
	.asciz	"_Z6strstrB8nn200000Ua9enable_ifILb1EEPcPKc" @ string offset=5599
.Linfo_string582:
	.asciz	"atoll"                         @ string offset=5642
.Linfo_string583:
	.asciz	"quot"                          @ string offset=5648
.Linfo_string584:
	.asciz	"rem"                           @ string offset=5653
.Linfo_string585:
	.asciz	"lldiv_t"                       @ string offset=5657
.Linfo_string586:
	.asciz	"div_t"                         @ string offset=5665
.Linfo_string587:
	.asciz	"ldiv_t"                        @ string offset=5671
.Linfo_string588:
	.asciz	"atof"                          @ string offset=5678
.Linfo_string589:
	.asciz	"double"                        @ string offset=5683
.Linfo_string590:
	.asciz	"atoi"                          @ string offset=5690
.Linfo_string591:
	.asciz	"atol"                          @ string offset=5695
.Linfo_string592:
	.asciz	"strtod"                        @ string offset=5700
.Linfo_string593:
	.asciz	"strtof"                        @ string offset=5707
.Linfo_string594:
	.asciz	"float"                         @ string offset=5714
.Linfo_string595:
	.asciz	"strtold"                       @ string offset=5720
.Linfo_string596:
	.asciz	"long double"                   @ string offset=5728
.Linfo_string597:
	.asciz	"strtol"                        @ string offset=5740
.Linfo_string598:
	.asciz	"strtoul"                       @ string offset=5747
.Linfo_string599:
	.asciz	"strtoll"                       @ string offset=5755
.Linfo_string600:
	.asciz	"strtoull"                      @ string offset=5763
.Linfo_string601:
	.asciz	"rand"                          @ string offset=5772
.Linfo_string602:
	.asciz	"srand"                         @ string offset=5777
.Linfo_string603:
	.asciz	"_rand_state"                   @ string offset=5783
.Linfo_string604:
	.asciz	"_rand_r"                       @ string offset=5795
.Linfo_string605:
	.asciz	"_srand_r"                      @ string offset=5803
.Linfo_string606:
	.asciz	"_ANSI_rand_state"              @ string offset=5812
.Linfo_string607:
	.asciz	"_ANSI_rand_r"                  @ string offset=5829
.Linfo_string608:
	.asciz	"_ANSI_srand_r"                 @ string offset=5842
.Linfo_string609:
	.asciz	"calloc"                        @ string offset=5856
.Linfo_string610:
	.asciz	"free"                          @ string offset=5863
.Linfo_string611:
	.asciz	"malloc"                        @ string offset=5868
.Linfo_string612:
	.asciz	"realloc"                       @ string offset=5875
.Linfo_string613:
	.asciz	"__heapprt"                     @ string offset=5883
.Linfo_string614:
	.asciz	"__heapstats"                   @ string offset=5893
.Linfo_string615:
	.asciz	"__heapvalid"                   @ string offset=5905
.Linfo_string616:
	.asciz	"abort"                         @ string offset=5917
.Linfo_string617:
	.asciz	"atexit"                        @ string offset=5923
.Linfo_string618:
	.asciz	"exit"                          @ string offset=5930
.Linfo_string619:
	.asciz	"_Exit"                         @ string offset=5935
.Linfo_string620:
	.asciz	"getenv"                        @ string offset=5941
.Linfo_string621:
	.asciz	"system"                        @ string offset=5948
.Linfo_string622:
	.asciz	"bsearch"                       @ string offset=5955
.Linfo_string623:
	.asciz	"qsort"                         @ string offset=5963
.Linfo_string624:
	.asciz	"_ZSt3absx"                     @ string offset=5969
.Linfo_string625:
	.asciz	"abs"                           @ string offset=5979
.Linfo_string626:
	.asciz	"_ZSt3divxx"                    @ string offset=5983
.Linfo_string627:
	.asciz	"div"                           @ string offset=5994
.Linfo_string628:
	.asciz	"labs"                          @ string offset=5998
.Linfo_string629:
	.asciz	"ldiv"                          @ string offset=6003
.Linfo_string630:
	.asciz	"llabs"                         @ string offset=6008
.Linfo_string631:
	.asciz	"lldiv"                         @ string offset=6014
.Linfo_string632:
	.asciz	"__sdiv32by16"                  @ string offset=6020
.Linfo_string633:
	.asciz	"__udiv32by16"                  @ string offset=6033
.Linfo_string634:
	.asciz	"__sdiv64by32"                  @ string offset=6046
.Linfo_string635:
	.asciz	"__rt_sdiv32by16"               @ string offset=6059
.Linfo_string636:
	.asciz	"__rt_udiv32by16"               @ string offset=6075
.Linfo_string637:
	.asciz	"__rt_sdiv64by32"               @ string offset=6091
.Linfo_string638:
	.asciz	"__fp_status"                   @ string offset=6107
.Linfo_string639:
	.asciz	"mblen"                         @ string offset=6119
.Linfo_string640:
	.asciz	"mbtowc"                        @ string offset=6125
.Linfo_string641:
	.asciz	"wchar_t"                       @ string offset=6132
.Linfo_string642:
	.asciz	"wctomb"                        @ string offset=6140
.Linfo_string643:
	.asciz	"mbstowcs"                      @ string offset=6147
.Linfo_string644:
	.asciz	"wcstombs"                      @ string offset=6156
.Linfo_string645:
	.asciz	"__use_realtime_heap"           @ string offset=6165
.Linfo_string646:
	.asciz	"__use_realtime_division"       @ string offset=6185
.Linfo_string647:
	.asciz	"__use_two_region_memory"       @ string offset=6209
.Linfo_string648:
	.asciz	"__use_no_heap"                 @ string offset=6233
.Linfo_string649:
	.asciz	"__use_no_heap_region"          @ string offset=6247
.Linfo_string650:
	.asciz	"__C_library_version_string"    @ string offset=6268
.Linfo_string651:
	.asciz	"__C_library_version_number"    @ string offset=6295
.Linfo_string652:
	.asciz	"__aeabi_MB_CUR_MAX"            @ string offset=6322
.Linfo_string653:
	.asciz	"_Z3absB8nn200000e"             @ string offset=6341
.Linfo_string654:
	.asciz	"ptrdiff_t"                     @ string offset=6359
.Linfo_string655:
	.asciz	"max_align_t"                   @ string offset=6369
.Linfo_string656:
	.asciz	"VoicePlay_Init"                @ string offset=6381
.Linfo_string657:
	.asciz	"VoicePlay_StopAll"             @ string offset=6396
.Linfo_string658:
	.asciz	"VoicePlay_IsBusy"              @ string offset=6414
.Linfo_string659:
	.asciz	"VoicePlay_Speak"               @ string offset=6431
.Linfo_string660:
	.asciz	"VoicePlay_TestFile"            @ string offset=6447
.Linfo_string661:
	.asciz	"VoicePlay_SetVolume"           @ string offset=6466
.Linfo_string662:
	.asciz	"VoicePlay_Pump"                @ string offset=6486
.Linfo_string663:
	.asciz	"dir"                           @ string offset=6501
.Linfo_string664:
	.asciz	"class_id"                      @ string offset=6505
.Linfo_string665:
	.asciz	"severity"                      @ string offset=6514
.Linfo_string666:
	.asciz	"pushed"                        @ string offset=6523
.Linfo_string667:
	.asciz	"db"                            @ string offset=6530
.Linfo_string668:
	.asciz	"v"                             @ string offset=6533
.Linfo_string669:
	.asciz	"cur"                           @ string offset=6535
.Linfo_string670:
	.asciz	"current_idx"                   @ string offset=6539
.Linfo_string671:
	.asciz	"w"                             @ string offset=6551
	.ident	"Component: Arm Compiler for Embedded 6.24 Tool: armclang [5f371800]"
	.section	".note.GNU-stack","",%progbits
	.eabi_attribute	30, 1	@ Tag_ABI_optimization_goals
	.ARM_attribute	16, 1	@ Tag_AV_eba
	.section	.debug_line,"",%progbits
.Lline_table_start0:
